f_emit_Hz,f_obs_Hz,N0,N_seg,E_gamma_J,m_bound_kg,alpha_local,alpha_fs,z_gr,f_emit_check_Hz,rel_error_f_emit
138392455537000,134920458147000,1.000000028,0.025733633430478742,9.169981186189178e-20,9.109373510919918e-31,1.0919517146901267e-06,0.0072973525692838015,0.025733661430478925,134920458147000.02,0.025088053944325936
