time,h_obs,h_sst,residual
1126257415.0,1.6445852638117047e-19,1.6445852638117047e-19,0.0
