{
  "best_by_med_seg": {
    "A": 10.0,
    "B": 0.01,
    "Alpha": 499.99999999999994,
    "N": 67,
    "med_seg": 0.00013127890123455202,
    "med_sr": 0.013392538194732637,
    "med_grsr": 0.22470474793479994,
    "pairs_sr": 30,
    "seg_better_sr": 0,
    "share_sr": 0.0,
    "p_two_sr": 1.862645149230957e-09,
    "pairs_grsr": 67,
    "seg_better_grsr": 66,
    "share_grsr": 0.9850746268656716,
    "p_two_grsr": 9.215718466126788e-19
  },
  "best_by_p_two_vs_sr": {
    "A": 10.0,
    "B": 0.01,
    "Alpha": 499.99999999999994,
    "N": 67,
    "med_seg": 0.00013127890123455202,
    "med_sr": 0.013392538194732637,
    "med_grsr": 0.22470474793479994,
    "pairs_sr": 30,
    "seg_better_sr": 0,
    "share_sr": 0.0,
    "p_two_sr": 1.862645149230957e-09,
    "pairs_grsr": 67,
    "seg_better_grsr": 66,
    "share_grsr": 0.9850746268656716,
    "p_two_grsr": 9.215718466126788e-19
  },
  "best_by_p_two_vs_grsr": {
    "A": 10.0,
    "B": 0.01,
    "Alpha": 499.99999999999994,
    "N": 67,
    "med_seg": 0.00013127890123455202,
    "med_sr": 0.013392538194732637,
    "med_grsr": 0.22470474793479994,
    "pairs_sr": 30,
    "seg_better_sr": 0,
    "share_sr": 0.0,
    "p_two_sr": 1.862645149230957e-09,
    "pairs_grsr": 67,
    "seg_better_grsr": 66,
    "share_grsr": 0.9850746268656716,
    "p_two_grsr": 9.215718466126788e-19
  },
  "grid_sizes": {
    "A": 7,
    "B": 6,
    "Alpha": 9
  },
  "random_added": 0,
  "ci95_median_seg": [
    8.896789012343201e-05,
    0.0002900107392876563
  ],
  "ci95_median_sr": [
    0.0009828652146344843,
    0.04030241797254982
  ],
  "ci95_median_grsr": [
    0.22466932022391795,
    0.22481987139158893
  ]
}