case,E_emit_J,alpha_mbound_kg,m_bound_kg,alpha_local,f_emit_check_Hz,rel_error_f_emit,z_gr,N_seg,delta_Nseg_zgr,pass_recon,pass_zmatch
S2_SgrA*,9.170100455451879e-20,1.097142961389312e-36,1.503480818519628e-34,0.006786327208232782,138394255536999.97,2.25804169968928e-16,0.025747002624429208,0.025746999824429295,-2.7999999124839192e-09,True,True
