{
  "seg": 0.00927508456008531,
  "gr": 0.22407774320119264,
  "sr": 0.0016263251341396036,
  "grsr": 0.22542015776898125
}
