{
  "N_pairs": 67,
  "N_Seg_better": 66,
  "share_Seg_better": 0.9850746268656716,
  "binom_two_sided_p": 9.215718466126788e-19
}
