bin,lo_log10M,hi_log10M,N,med_seg,med_grsr,med_gr,med_sr
0,30.362977032407738,32.80009087426172,14,0.00026665750982409294,0.22505464928378613,0.22468837139158893,0.0002471522321251983
1,32.80009087426172,35.237204716115706,0,nan,nan,nan,nan
2,35.237204716115706,37.674318557969684,11,0.025819385849551253,0.25429886944954677,0.22129487139158893,0.02390502916160837
3,37.674318557969684,40.11143239982367,4,5.178526821786388,5.563015883282505,0.146,4.311060892025271
