{
  "seg": [
    8.896789012343201e-05,
    0.0002900107392876563
  ],
  "gr": [
    0.22436597015702114,
    0.22465474793479995
  ],
  "sr": [
    0.0009828652146344843,
    0.04030241797254982
  ],
  "grsr": [
    0.22466932022391795,
    0.22481987139158893
  ]
}
