{
  "seg": 0.00013127890123455202,
  "gr": 0.22451074793479994,
  "sr": 0.013392538194732637,
  "grsr": 0.22470474793479994
}
