Objekt,M_true_kg,M_rec_kg,RelErr_%
Elektron,9.109384e-31,9.109384e-31,0.000e+3
Mond,7.342000e+22,7.342000e+22,0.000e+3
Erde,5.972190e+24,5.972190e+24,0.000e+3
Sonne,1.988470e+30,1.988470e+30,0.000e+3
Sagittarius A*,8.544456e+36,8.544456e+36,0.000e+3
