Objekt,M_true_kg,M_rec_kg,Δ %,RelErr %
Elektron,9.10938356E-31,9.10938356E-31,0E-198,0
Mond,7.342E+22,7.342E+22,5.5462885687332284488944152421870576870391528297223257318725499634638507345521020272536592183071758165708399986576631073279710835769186577453373244279634189321209195390334391822113824103667266627641244,0
Erde,5.97219E+24,5.97219E+24,1.6042571520104469723186562793381647628882913661947155395285255245321298654042690503949670259480903125021635952014036002012648899938110029352906745485779396235802220214945986185466598057881323835496197,0
Sonne,1.98847E+30,1.98847E+30,1.7658746019296545754555290138594166861456061415414474379189899876941282386106120706701922564544290605137171272711975406058931281701464908483103089197087104007307388867043104976003141416659671713802803,0
Sagittarius A*,8.54445559E+36,8.54445559E+36,1.9600000000000000000000000000000000000000000000000000000000000000000000000000000000000000000000000000000000000000000000000000000000000000000000000000000000000000000000000000000000000000000000000000000,0
