{
  "delta_v_kms": 1.8678165819385342,
  "velocity_ratio": 1.1867816581938535,
  "mae_kms": 1.2153083013816062,
  "v0_kms": 10.0,
  "num_rings": 10
}