ring,T,q_k,v_pred,n,v_obs,residual
1,48,1.000000,1.300000,9000.000000,1.300000,0.000000
2,42,0.875000,1.389758,7000.000000,1.300000,0.089758
3,36,0.857143,1.501111,5500.000000,1.300000,0.201111
