source,n_points,jacobian_mean,jacobian_std,inv_jacobian,reconstruction_error,is_stable
M87*,10,1.0,0.0,1.0,0.0,True
Cyg_X-1,10,0.08126515878314652,1.9073194993842656e-17,12.305396494313978,2.3470322681259835e-16,True
S2,10,1.0031950930210192,0.0,0.9968150830847892,0.0,True
M87,278,0.9958175662218681,0.0,1.0042,0.0,True
Sgr A*,6,1.0,0.0,1.0,0.0,True
