source,n_points,jacobian_mean,jacobian_std,inv_jacobian,reconstruction_error,is_stable
S2_star_synthetic,10,1.027941782220252,0.10699453542077365,0.9728177386078223,0.10408618199143156,False
PSR_B1937+21_synthetic,12,179453.83097904647,85588.86595029183,5.572463928712465e-06,0.4769408682074078,False
NGC_4151_synthetic,8,19.82319002667756,34.96709928587787,0.050445967508469865,1.763949154440835,False
