source,n_points,jacobian_mean,jacobian_std,inv_jacobian,reconstruction_error,is_stable
PSR_B1937+21_synthetic,12,179453.83097904647,85588.86595029183,5.572463928712465e-06,0.4769408682074078,False
NGC_4151_synthetic,8,19.82319002667756,34.96709928587787,0.050445967508469865,1.763949154440835,False
Cyg_X-1,10,0.08126515878314652,1.9073194993842656e-17,12.305396494313978,2.3470322681259835e-16,True
S2,10,1.0031950930210192,0.0,0.9968150830847892,0.0,True
