case,category,M_solar,a_m,e,P_year,T0_year,f_true_deg,z,f_emit_Hz,f_obs_Hz,lambda_emit_nm,lambda_obs_nm,v_los_mps,v_tot_mps,z_geom_hint,N0,source,r_emit_m,n_round,z_obs,z_source,r_eff_m,r_note,v_tot_original,v_tot_corrected,v_correction_method,v_los_mps_eff,z_gr,z_sr,z_grsr,z_seg,dz_seg,dz_gr,dz_sr,dz_grsr,strong,rs_m,deltaM_percent,log10M_norm,sanity_flags
S1_SgrA*,S-star orbital,4297000.0,145112000000000.0,0.884,16.05,2001.8,0.0,0.000234123456789,456805024067434.56,456698100329476.5,656.281,656.4346507763449,740406.6377690635,2411559.5955599174,0.0001456,1.0000000028,S1 orbital parameters from GRAVITY collaboration,38071497974.22413,2.0,0.00023412345678885949,freq,38071497974.22413,r_emit_m,2411559.5955599174,2411559.5955599174,original,740406.6377690635,0.22474487139158894,0.002502165929046951,0.2278093862805599,0.0026481302444061328,-0.0024140067876172733,-0.22451074793480008,-0.0022680424722580916,-0.22757526282377105,True,12690499324.741377,,,
S8_SgrA*,S-star orbital,4297000.0,145112000000000.0,0.884,16.05,2020.12,0.0,0.0001987654321098,456805024067434.56,456714245063163.9,656.281,656.4114459765505,576544.0149960216,1650244.425212328,0.0001234,1.0000000028,S8 orbital parameters from VLT observations,38071497974.22413,2.0,0.00019876543210983755,freq,38071497974.22413,r_emit_m,1650244.425212328,1650244.425212328,original,576544.0149960216,0.22474487139158894,0.0019383237450394386,0.22711882345742263,0.0020619629341895873,-0.0018631975020797498,-0.2245461059594791,-0.001739558312929601,-0.2269200580253128,True,12690499324.741377,,,
S12_SgrA*,S-star orbital,4297000.0,145112000000000.0,0.884,16.05,2002.33,0.0,0.0003456789012345,456805024067434.56,456647170775189.1,656.281,656.507862494981,687429.5250689999,1279252.2799805307,0.0002145,1.0000000028,S12 orbital parameters from Keck observations,38071497974.22413,2.0,0.0003456789012346029,freq,38071497974.22413,r_emit_m,1279252.2799805307,1279252.2799805307,original,687429.5250689999,0.22474487139158894,0.0023021432594947377,0.22756440954186385,0.0025171370692238515,-0.0021714581679892486,-0.22439919249035434,-0.001956464358260135,-0.22721873064062925,True,12690499324.741377,,,
S13_SgrA*,S-star orbital,4297000.0,145112000000000.0,0.884,16.05,2004.86,0.0,9.87654321098e-05,456805024067434.56,456759911977357.7,656.281,656.3458178765504,707395.8607588904,807835.9621717719,6.13e-05,1.0000000028,S13 orbital parameters from combined data,38071497974.22413,2.0,9.876543210984856e-05,freq,38071497974.22413,r_emit_m,807835.9621717719,807835.9621717719,original,707395.8607588904,0.22474487139158894,0.0023632577602370475,0.2276392592132157,0.0024247026279378137,-0.002325937195827965,-0.2246461059594791,-0.002264492328127199,-0.22754049378110586,True,12690499324.741377,,,
S14_SgrA*,S-star orbital,4297000.0,145112000000000.0,0.884,16.05,2016.05,0.0,0.0004567890123456,456805024067434.56,456596455823338.5,656.281,656.5807819498111,1317846.1828622392,1547495.8821069591,0.0002834,1.0000000028,S14 highly eccentric orbit,38071497974.22413,2.0,0.000456789012345693,freq,38071497974.22413,r_emit_m,1547495.8821069591,1547495.8821069591,original,1317846.1828622392,0.22474487139158894,0.004409243084976033,0.23014506924663225,0.004693892664466404,-0.004237103652120711,-0.22428808237924325,-0.00395245407263034,-0.22968828023428656,True,12690499324.741377,,,
S17_SgrA*,S-star orbital,4297000.0,145112000000000.0,0.884,16.05,2008.67,0.0,5.67890123456e-05,456805024067434.56,456779084034392.2,656.281,656.318269549811,644386.2147067375,1114238.1961445846,3.52e-05,1.0000000028,S17 low eccentricity orbit,38071497974.22413,2.0,5.678901234551503e-05,freq,38071497974.22413,r_emit_m,1114238.1961445846,1114238.1961445846,original,644386.2147067375,0.22474487139158894,0.002156362888490193,0.22738586578012643,0.002191638792463868,-0.002134849780118353,-0.22468808237924343,-0.002099573876144678,-0.2273290767677809,True,12690499324.741377,,,
S19_SgrA*,S-star orbital,4297000.0,145112000000000.0,0.884,16.05,2012.45,0.0,0.0002345678901234,456805024067434.56,456697897405216.5,656.281,656.4349424494981,234686.65017825275,1374091.8763108307,0.0001456,1.0000000028,S19 intermediate orbit,38071497974.22413,2.0,0.00023456789012321622,freq,38071497974.22413,r_emit_m,1374091.8763108307,1374091.8763108307,original,234686.65017825275,0.22474487139158894,0.0007933429211295362,0.2257165140654971,0.0009390584318589301,-0.0007044905417357139,-0.22451030350146572,-0.00055877503100632,-0.22548194617537387,True,12690499324.741377,,,
S21_SgrA*,S-stars,4297000.0,123400000000000.0,0.8765,28.9,2018.91,0.0,0.0003789012345678,456805024067434.56,456632005636755.6,656.281,656.5296656811233,175065.92016082324,1285530.666684324,0.0002349,1.0000000028,S21 shorter period orbit,38071497974.22413,2.0,0.0003789012345678522,freq,38071497974.22413,r_emit_m,1285530.666684324,1285530.666684324,original,175065.92016082324,0.22474487139158894,0.0005931563149594865,0.22547133654626905,0.0008281956473779051,-0.0004492944128100529,-0.2243659701570211,-0.00021425508039163432,-0.2250924353117012,True,12690499324.741377,,,
S23_SgrA*,S-stars,4297000.0,567800000000000.0,0.3456,134.7,2001.23,0.0,4.56789012345e-05,456805024067434.56,456784158668965.25,656.281,656.3109781949811,272911.5148316311,664112.2751324235,2.83e-05,1.0000000028,S23 long period orbit,38071497974.22413,2.0,4.567890123441387e-05,freq,38071497974.22413,r_emit_m,664112.2751324235,664112.2751324235,original,272911.5148316311,0.22474487139158894,0.0009127907121704304,0.22586280713497353,0.0009411165441477465,-0.0008954376429133326,-0.22469919249035453,-0.0008671118109360165,-0.22581712823373912,True,12690499324.741377,,,
S24_SgrA*,S-stars,4297000.0,345600000000000.0,0.6789,67.3,2009.78,0.0,0.0001234567890123,456805024067434.56,456748635347528.8,656.281,656.3620223449497,623034.139155285,816569.1990415838,7.66e-05,1.0000000028,S24 moderate eccentricity,38071497974.22413,2.0,0.0001234567890122662,freq,38071497974.22413,r_emit_m,816569.1990415838,816569.1990415838,original,623034.139155285,0.22474487139158894,0.002081935412135749,0.22729471111017063,0.0021586948883884904,-0.0020352380993762242,-0.22462141460257667,-0.001958478623123483,-0.22717125432115837,True,12690499324.741377,,,
S27_SgrA*,S-stars,4297000.0,234500000000000.0,0.789,45.6,2015.34,0.0,0.0002678901234567,456805024067434.56,456682683287028.25,656.281,656.4568111981122,343550.4302124868,1057899.8028433905,0.0001662,1.0000000028,S27 orbital parameters,38071497974.22413,2.0,0.0002678901234567377,freq,38071497974.22413,r_emit_m,1057899.8028433905,1057899.8028433905,original,343550.4302124868,0.22474487139158894,0.0011521941998327012,0.22615601532868124,0.0013185856945088226,-0.0010506955710520849,-0.2244769812681322,-0.0008843040763759635,-0.2258881252052245,True,12690499324.741377,,,
S31_SgrA*,S-star orbital,4297000.0,145112000000000.0,0.884,16.05,2006.89,0.0,7.89012345678e-05,456805024067434.56,456768984430650.7,656.281,656.3327813811234,183369.8057130129,861945.7560251208,4.89e-05,1.0000000028,S31 medium period orbit,38071497974.22413,2.0,7.890123456788523e-05,freq,38071497974.22413,r_emit_m,861945.7560251208,861945.7560251208,original,183369.8057130129,0.22474487139158894,0.0006157916065434588,0.22549905900354905,0.0006647217187529808,-0.0005858204841850956,-0.22466597015702106,-0.0005368903719755735,-0.22542015776898117,True,12690499324.741377,,,
S33_SgrA*,S-star orbital,4297000.0,145112000000000.0,0.884,16.05,2013.67,0.0,0.0003456789012345,456805024067434.56,456647170775189.1,656.281,656.507862494981,256835.6301168606,1608837.3944875486,0.0002144,1.0000000028,S33 high eccentricity,38071497974.22413,2.0,0.0003456789012346029,freq,38071497974.22413,r_emit_m,1608837.3944875486,1608837.3944875486,original,256835.6301168606,0.22474487139158894,0.0008711237754628343,0.22581177576793432,0.001085710544400209,-0.0007400316431656062,-0.22439919249035434,-0.0005254448742282314,-0.22546609686669972,True,12690499324.741377,,,
S35_SgrA*,S-star orbital,4297000.0,145112000000000.0,0.884,16.05,2003.45,0.0,3.45678901234e-05,456805024067434.56,456789233827390.06,656.281,656.303686249498,653561.1628391751,910511.2467686718,2.14e-05,1.0000000028,S35 very long period,38071497974.22413,2.0,3.456789012346029e-05,freq,38071497974.22413,r_emit_m,910511.2467686718,910511.2467686718,original,653561.1628391751,0.22474487139158894,0.002184667571411003,0.22742053179537014,0.0022061143232969815,-0.0021715464331735213,-0.22471030350146548,-0.002150099681287543,-0.22738596390524668,True,12690499324.741377,,,
S39_SgrA*,S-star orbital,4297000.0,145112000000000.0,0.884,16.05,2011.12,0.0,0.0001567890123456,456805024067434.56,456733413286660.1,656.281,656.383897649811,87746.8396518232,840344.5483565853,9.73e-05,1.0000000028,S39 orbital data,38071497974.22413,2.0,0.00015678901234550402,freq,38071497974.22413,r_emit_m,840344.5483565853,840344.5483565853,original,87746.8396518232,0.22474487139158894,0.0002966217750890454,0.2251081573893723,0.00039395063638769656,-0.00023716162404219254,-0.22458808237924344,-0.0001398327627435414,-0.22495136837702678,True,12690499324.741377,,,
S41_SgrA*,S-star orbital,4297000.0,145112000000000.0,0.884,16.05,2017.56,0.0,0.0003012345678901,456805024067434.56,456667460042439.2,656.281,656.4786945234495,1152408.4515295164,1731679.806719088,0.0001869,1.0000000028,S41 close orbit,38071497974.22413,2.0,0.0003012345678901074,freq,38071497974.22413,r_emit_m,1731679.806719088,1731679.806719088,original,1152408.4515295164,0.22474487139158894,0.0038607679734832256,0.2294733271667455,0.004048389551017495,-0.0037471549831273876,-0.22444363682369883,-0.0035595334055931183,-0.2291720925988554,True,12690499324.741377,,,
S43_SgrA*,S-star orbital,4297000.0,145112000000000.0,0.884,16.05,2007.23,0.0,9.0123456789e-05,456805024067434.56,456763858929531.6,656.281,656.3401463123449,760463.8442466172,1060594.9519842318,5.59e-05,1.0000000028,S43 medium distance,38071497974.22413,2.0,9.012345678893752e-05,freq,38071497974.22413,r_emit_m,1060594.9519842318,1060594.9519842318,original,760463.8442466172,0.22474487139158894,0.0025429081611343385,0.22785928512035802,0.0025989503097005873,-0.0025088268529116498,-0.2246547479348,-0.002452784704345401,-0.2277691616635691,True,12690499324.741377,,,
S45_SgrA*,S-star orbital,4297000.0,145112000000000.0,0.884,16.05,2004.78,0.0,6.78901234567e-05,456805024067434.56,456774013623257.8,656.281,656.3255549981124,221558.0585753809,572838.0666259885,4.21e-05,1.0000000028,S45 low eccentricity,38071497974.22413,2.0,6.789012345675971e-05,freq,38071497974.22413,r_emit_m,572838.0666259885,572838.0666259885,original,221558.0585753809,0.22474487139158894,0.0007408650317182186,0.22565224203957923,0.0007829962221359565,-0.0007151060986791968,-0.22467698126813218,-0.0006729749082614589,-0.22558435191612247,True,12690499324.741377,,,
S47_SgrA*,S-star orbital,4297000.0,145112000000000.0,0.884,16.05,2014.34,0.0,0.0001890123456789,456805024067434.56,456718698594897.7,656.281,656.4050452112346,643599.0673218633,814184.8445059626,0.0001173,1.0000000028,S47 elliptical orbit,38071497974.22413,2.0,0.00018901234567891834,freq,38071497974.22413,r_emit_m,814184.8445059626,814184.8445059626,original,643599.0673218633,0.22474487139158894,0.0021505112049229336,0.22737869896068852,0.0022680634598872818,-0.0020790511142083634,-0.22455585904591002,-0.0019614988592440152,-0.2271896866150096,True,12690499324.741377,,,
S49_SgrA*,S-star orbital,4297000.0,145112000000000.0,0.884,16.05,2008.91,0.0,5.67890123456e-05,456805024067434.56,456779084034392.2,656.281,656.318269549811,343554.4853259151,941971.8517012532,3.52e-05,1.0000000028,S49 nearly circular,38071497974.22413,2.0,5.678901234551503e-05,freq,38071497974.22413,r_emit_m,941971.8517012532,941971.8517012532,original,343554.4853259151,0.22474487139158894,0.0011509164369938318,0.22615445039519733,0.0011861569492523927,-0.0011293679369068776,-0.22468808237924343,-0.0010941274246483168,-0.2260976613828518,True,12690499324.741377,,,
S51_SgrA*,S-star orbital,4297000.0,145112000000000.0,0.884,16.05,2016.78,0.0,0.0002789012345678,456805024067434.56,456677656105347.25,656.281,656.4640375811233,321250.78283406654,921054.4981786528,0.0001731,1.0000000028,S51 eccentric orbit,38071497974.22413,2.0,0.0002789012345678632,freq,38071497974.22413,r_emit_m,921054.4981786528,921054.4981786528,original,321250.78283406654,0.22474487139158894,0.0010763018933395152,0.22606306661552567,0.0012495882011973602,-0.000970686966629497,-0.22446597015702108,-0.000797400658771652,-0.2257841653809578,True,12690499324.741377,,,
S53_SgrA*,S-star orbital,4297000.0,145112000000000.0,0.884,16.05,2002.56,0.0,4.0123456789e-05,456805024067434.56,456786696206167.5,656.281,656.307332262345,437184.6565690957,639453.393344406,2.49e-05,1.0000000028,S53 distant orbit,38071497974.22413,2.0,4.0123456789054046e-05,freq,38071497974.22413,r_emit_m,639453.393344406,639453.393344406,original,437184.6565690957,0.22474487139158894,0.0014605691857607628,0.22653369601116213,0.0014855055539335638,-0.0014453820971445097,-0.2247047479347999,-0.0014204457289717087,-0.22649357255437308,True,12690499324.741377,,,
PSR_J1745-2900,S-star orbital,4297000.0,145112000000000.0,0.884,16.05,2023.5,180.0,0.00234,456805024067434.56,455738595753371.7,656.281,657.81669754,3000000.0,15000000.0,0.001451,1.0000000028,magnetar near Sgr A* with strong relativistic effects,38071497974.22413,2.0,0.0023400000000000087,freq,38071497974.22413,r_emit_m,15000000.0,15000000.0,original,3000000.0,0.22474487139158894,0.0112735588764179,0.23855210480781297,0.012740916810347613,-0.010400916810347605,-0.22240487139158893,-0.00893355887641789,-0.23621210480781296,True,12690499324.741377,,,
PSR_J1745-29AB,S-star orbital,4297000.0,145112000000000.0,0.884,16.05,2022.8,90.0,0.00087,456805024067434.56,456407949151672.6,656.281,656.8519644699999,12000000.0,18000000.0,0.000539,1.0000000028,pulsar in close orbit to central BH,38071497974.22413,2.0,0.0008699999999999264,freq,38071497974.22413,r_emit_m,18000000.0,18000000.0,original,12000000.0,0.22474487139158894,0.04190741797254982,0.276070766626733,0.042469006070837034,-0.04159900607083711,-0.22387487139158901,-0.041037417972549894,-0.2752007666267331,True,12690499324.741377,,,
G2_SgrA*,S-star orbital,4297000.0,145112000000000.0,0.884,16.05,2014.2,45.0,0.01234,456805024067434.56,451236762419181.9,656.281,664.37950754,8000000.0,25000000.0,0.007654,1.0000000028,gas cloud G2 pericenter passage,38071497974.22413,2.0,0.012340000000000018,freq,38071497974.22413,r_emit_m,25000000.0,25000000.0,original,8000000.0,0.22474487139158894,0.030273671170412797,0.26182239489574743,0.03815938584955125,-0.025819385849551235,-0.21240487139158892,-0.01793367117041278,-0.24948239489574742,True,12690499324.741377,,,
G1_SgrA*,S-star orbital,4297000.0,145112000000000.0,0.884,16.05,2011.3,120.0,0.00876,456805024067434.56,452838161770326.4,656.281,662.0300215600001,6500000.0,19000000.0,0.005432,1.0000000028,gas cloud G1 dynamics,38071497974.22413,2.0,0.008760000000000323,freq,38071497974.22413,r_emit_m,19000000.0,19000000.0,original,6500000.0,0.22474487139158894,0.02373974559608727,0.2538200030585378,0.029300699894165394,-0.02054069989416507,-0.21598487139158862,-0.014979745596086946,-0.24506000305853748,True,12690499324.741377,,,
X3_SgrA*,S-star orbital,4297000.0,145112000000000.0,0.884,16.05,2009.7,60.0,0.00567,456805024067434.56,454229542561113.0,656.281,660.00211327,4200000.0,16000000.0,0.003516,1.0000000028,extended gas structure X3,38071497974.22413,2.0,0.005670000000000064,freq,38071497974.22413,r_emit_m,16000000.0,16000000.0,original,4200000.0,0.22474487139158894,0.015456929012477971,0.24367566592708512,0.019027275574885927,-0.013357275574885863,-0.21907487139158888,-0.009786929012477907,-0.23800566592708505,True,12690499324.741377,,,
X1_SgrA*,S-star orbital,4297000.0,145112000000000.0,0.884,16.05,2006.1,30.0,0.00234,456805024067434.56,455738595753371.7,656.281,657.81669754,2800000.0,12000000.0,0.001451,1.0000000028,distant gas cloud X1,38071497974.22413,2.0,0.0023400000000000087,freq,38071497974.22413,r_emit_m,12000000.0,12000000.0,original,2800000.0,0.22474487139158894,0.010149357841856776,0.23717524535632095,0.01161508456008531,-0.0092750845600853,-0.22240487139158893,-0.007809357841856768,-0.23483524535632094,True,12690499324.741377,,,
IRS16C,S-star orbital,4297000.0,145112000000000.0,0.884,16.05,2019.3,275.0,0.00345,456805024067434.56,455234465162623.6,656.281,658.5451694499999,18000000.0,22000000.0,0.002139,1.0000000028,Wolf-Rayet star IRS16C,38071497974.22413,2.0,0.003449999999999731,freq,38071497974.22413,r_emit_m,22000000.0,22000000.0,original,18000000.0,0.22474487139158894,0.06290739909776688,0.30179038580916284,0.06518095802443691,-0.06173095802443718,-0.2212948713915892,-0.05945739909776715,-0.2983403858091631,True,12690499324.741377,,,
IRS16NW,S-star orbital,4297000.0,145112000000000.0,0.884,16.05,2017.8,315.0,0.00456,456805024067434.56,454731448661538.0,656.281,659.2736413599998,15000000.0,20000000.0,0.002827,1.0000000028,massive star IRS16NW,38071497974.22413,2.0,0.0045599999999998975,freq,38071497974.22413,r_emit_m,20000000.0,20000000.0,original,15000000.0,0.22474487139158894,0.05237908506014022,0.2888958871871794,0.05535416073360522,-0.05079416073360532,-0.22018487139158904,-0.04781908506014032,-0.2843358871871795,True,12690499324.741377,,,
IRS16SW,S-star orbital,4297000.0,145112000000000.0,0.884,16.05,2015.6,225.0,0.00234,456805024067434.56,455738595753371.7,656.281,657.81669754,12000000.0,18000000.0,0.001451,1.0000000028,O-type star IRS16SW,38071497974.22413,2.0,0.0023400000000000087,freq,38071497974.22413,r_emit_m,18000000.0,18000000.0,original,12000000.0,0.22474487139158894,0.04190741797254982,0.276070766626733,0.04341922563602818,-0.04107922563602817,-0.22240487139158893,-0.03956741797254981,-0.273730766626733,True,12690499324.741377,,,
IRS13E,S-star orbital,4297000.0,145112000000000.0,0.884,16.05,2012.4,180.0,0.00567,456805024067434.56,454229542561113.0,656.281,660.00211327,9500000.0,16000000.0,0.003516,1.0000000028,massive star cluster IRS13E,38071497974.22413,2.0,0.005670000000000064,freq,38071497974.22413,r_emit_m,16000000.0,16000000.0,original,9500000.0,0.22474487139158894,0.03316105811875403,0.26535870725245125,0.03679365239909971,-0.031123652399099644,-0.21907487139158888,-0.027491058118753964,-0.2596887072524512,True,12690499324.741377,,,
IRS7,S-star orbital,4297000.0,145112000000000.0,0.884,16.05,2008.9,135.0,0.00123,456805024067434.56,456243844139143.4,656.281,657.08822563,7200000.0,14000000.0,0.000763,1.0000000028,infrared source IRS7,38071497974.22413,2.0,0.0012300000000000644,freq,38071497974.22413,r_emit_m,14000000.0,14000000.0,original,7200000.0,0.22474487139158894,0.02513502916160837,0.2555288694495468,0.025917207188858704,-0.02468720718885864,-0.22351487139158888,-0.023905029161608304,-0.2542988694495467,True,12690499324.741377,,,
GRS_1915+105,S-star orbital,10.1,145112000000000.0,0.884,16.05,2023.1,0.0,0.3,500000000000000.0,384600000000000.0,599.8,779.9,89000000.0,95000000.0,0.186,1.0000000028,stellar mass black hole with accretion disk,89486.18327662641,2.0,0.3000520020800832,freq,89486.18327662641,r_emit_m,95000000.0,95000000.0,original,89000000.0,0.22474487139158894,0.3673397161881129,0.6746423048514221,0.6216649033991017,-0.32161290131901854,0.07530713068849426,-0.0672877141080297,-0.37459030277133887,True,29828.72775887547,,,r_eff suspiciously small (8.949e+04 m)
Cyg_X-1,S-star orbital,14.8,145112000000000.0,0.884,16.05,2021.3,0.0,0.156,420000000000000.0,363200000000000.0,713.9,825.2,45000000.0,52000000.0,0.097,1.0000000028,first confirmed black hole,131128.2685637694,2.0,0.15638766519823788,freq,131128.2685637694,r_emit_m,52000000.0,52000000.0,original,45000000.0,0.22474487139158894,0.167805330793378,0.43026358967294764,0.28108244788033554,-0.12469478268209766,-0.06835720619335106,-0.011417665595140125,-0.27387592447470976,True,43709.4228545898,,,r_eff suspiciously small (1.311e+05 m)
A0620-00,S-star orbital,6.6,145112000000000.0,0.884,16.05,2020.8,0.0,0.057,380000000000000.0,359600000000000.0,789.5,833.5,78000000.0,82000000.0,0.035,1.0000000028,quiescent X-ray binary,58476.1197649242,2.0,0.05672969966629582,freq,58476.1197649242,r_emit_m,82000000.0,82000000.0,original,78000000.0,0.22474487139158894,0.3101414682007104,0.6045890439762667,0.3559964195877352,-0.2992667199214394,-0.16801517172529312,-0.2534117685344146,-0.5478593443099709,True,19492.039921641397,,,r_eff suspiciously small (5.848e+04 m)
V404_Cyg,S-star orbital,9.0,145112000000000.0,0.884,16.05,2019.5,0.0,0.124,450000000000000.0,400500000000000.0,666.7,748.6,34000000.0,38000000.0,0.077,1.0000000028,recurrent X-ray transient,79740.16331580572,2.0,0.12359550561797761,freq,79740.16331580572,r_emit_m,38000000.0,38000000.0,original,34000000.0,0.22474487139158894,0.12246544427204431,0.3747337961864676,0.20889528348099162,-0.08529977786301401,-0.10114936577361133,0.0011300613459332975,-0.25113829056849,True,26580.054438601906,,,r_eff suspiciously small (7.974e+04 m)
M87*_jet,S-star orbital,6500000000.0,145112000000000.0,0.884,16.05,2021.872700594237,0.0,0.00345,1800000000000000.0,1794000000000000.0,166.5,167.1,292500000.0,296700000.0,0.00214,1.0000000028,M87 central engine relativistic jet,57590117950304.125,2.0,0.0033444816053511683,freq,57590117950304.125,r_emit_m,296700000.0,296700000.0,original,292500000.0,0.22474487139158894,12.79055736389226,15.889914405058555,12.82006915665099,-12.816724675045638,-0.22140038978623777,-12.787212882286909,-15.886569923453203,True,19196705983434.707,,,
3C273_jet,S-star orbital,1200000000.0,145112000000000.0,0.884,16.05,2024.7535715320496,0.0,0.158,2100000000000000.0,1814000000000000.0,142.9,165.3,275400000.0,284250000.0,0.098,1.0000000028,bright quasar 3C 273 jet,10632021775440.764,2.0,0.1576626240352812,freq,10632021775440.764,r_emit_m,284250000.0,284250000.0,original,275400000.0,0.22474487139158894,5.037138254802269,6.393954115451046,5.628777803772891,-5.47111517973761,-0.06708224735630774,-4.879475630766987,-6.2362914914157646,True,3544007258480.2544,,,
3C279_jet,S-star orbital,840000000.0,145112000000000.0,0.884,16.05,2023.659969709057,0.0,0.536,1900000000000000.0,1237000000000000.0,157.9,242.4,287100000.0,293340000.0,0.332,1.0000000028,blazar 3C 279 superluminal jet,7442415242808.535,2.0,0.5359741309620047,freq,7442415242808.535,r_emit_m,293340000.0,293340000.0,original,287100000.0,0.22474487139158894,8.486807539908025,10.61891888038141,11.63642764315749,-11.100453512195484,0.3112292595704158,-7.9508334089460195,-10.082944749419404,True,2480805080936.178,,,
PKS_1510-089,S-star orbital,320000000.0,145112000000000.0,0.884,16.05,2022.9932924209847,0.0,0.361,2200000000000000.0,1616000000000000.0,136.4,185.5,266700000.0,278490000.0,0.224,1.0000000028,gamma-ray loud blazar,2835205806784.203,2.0,0.3613861386138615,freq,2835205806784.203,r_emit_m,278490000.0,278490000.0,original,266700000.0,0.22474487139158894,4.103983529248272,5.251077651113963,5.247275839799885,-4.885889701186024,0.13664126722227254,-3.742597390634411,-4.889691512500102,True,945068602261.4011,,,
BL_Lac,S-star orbital,180000000.0,145112000000000.0,0.884,16.05,2020.780093202212,0.0,0.069,2500000000000000.0,2339000000000000.0,119.9,128.2,233700000.0,254550000.0,0.043,1.0000000028,prototype BL Lac object,1594803266316.1145,2.0,0.06883283454467715,freq,1594803266316.1145,r_emit_m,254550000.0,254550000.0,original,233700000.0,0.22474487139158894,2.3687293210676015,3.125833959084014,2.513584681873508,-2.444751847328831,-0.1559120368469118,-2.2998964865229246,-3.0570011245393367,True,531601088772.0381,,,
PSR_B1913+16,S-star orbital,1.4,145112000000000.0,0.884,16.05,1974.5,0.0,2.3e-05,1420000000.0,1419968000.0,211.1,211.2,127000.0,245000.0,1.4e-05,1.0000000028,Hulse-Taylor binary pulsar,12404.025404680888,2.0,2.2535719114813446e-05,freq,12404.025404680888,r_emit_m,245000.0,245000.0,original,127000.0,0.22474487139158894,0.0004239604766302918,0.2252641148110146,0.00043796641207682896,-0.0004154306929620155,-0.22472233567247413,-0.00040142475751547835,-0.2252415790918998,True,4134.67513489363,,,r_eff suspiciously small (1.240e+04 m)
PSR_J0737-3039A,S-star orbital,1.34,145112000000000.0,0.884,16.05,2003.1,0.0,1.8e-05,1380000000.0,1379975000.0,217.4,217.4,89000.0,156000.0,1.1e-05,1.0000000028,double pulsar system A,11872.424315908853,2.0,1.8116270222190423e-05,freq,11872.424315908853,r_emit_m,156000.0,156000.0,original,89000.0,0.22474487139158894,0.0002970074722055127,0.22510862976993762,0.0003080107392876563,-0.0002898944690654659,-0.22472675512136675,-0.0002788912019833223,-0.22509051349971543,True,3957.4747719696174,,,r_eff suspiciously small (1.187e+04 m)
PSR_J0737-3039B,S-star orbital,1.25,145112000000000.0,0.884,16.05,2003.1,180.0,1.6e-05,1350000000.0,1349978000.0,222.2,222.2,134000.0,189000.0,1e-05,1.0000000028,double pulsar system B,11075.022682750794,2.0,1.6296561869966197e-05,freq,11075.022682750794,r_emit_m,189000.0,189000.0,original,134000.0,0.22474487139158894,0.00044717470131327985,0.22529254631363838,0.0004571791730603181,-0.0004408826111903519,-0.22472857482971897,-0.00043087813944331366,-0.2252762497517684,True,3691.674227583598,,,r_eff suspiciously small (1.108e+04 m)
PSR_J1141-6545,S-star orbital,1.3,145112000000000.0,0.884,16.05,1999.7,0.0,3.4e-05,1410000000.0,1409952000.0,212.8,212.9,67000.0,123000.0,2.1e-05,1.0000000028,NS-WD binary system,11518.023590060824,2.0,3.404371212645252e-05,freq,11518.023590060824,r_emit_m,123000.0,123000.0,original,67000.0,0.22474487139158894,0.00022357212901713552,0.22501869020998888,0.0002445768240317836,-0.00021053311190533108,-0.2247108276794625,-0.000189528416890683,-0.22498464649786243,True,3839.3411966869417,,,r_eff suspiciously small (1.152e+04 m)
PSR_B1534+12,S-star orbital,1.33,145112000000000.0,0.884,16.05,1990.3,0.0,4.5e-05,1370000000.0,1369939000.0,218.8,219.0,78000.0,145000.0,2.8e-05,1.0000000028,another relativistic binary,11783.824134446844,2.0,4.452753005801391e-05,freq,11783.824134446844,r_emit_m,145000.0,145000.0,original,78000.0,0.22474487139158894,0.0002602969920448839,0.22506366879763462,0.0002883042803605296,-0.00024377675030251567,-0.22470034386153093,-0.00021576946198686997,-0.2250191412675766,True,3927.9413781489484,,,r_eff suspiciously small (1.178e+04 m)
Vega,S-star orbital,2.1,145112000000000.0,0.884,16.05,2020.290418060841,0.0,-1.7e-05,545000000000000.0,545009300000000.0,550.0,549.9,0.0,-12000.0,-0.0,1.0000000028,nearby A-type star with blueshift,18606.038107021333,2.0,-1.7063929000804556e-05,freq,18606.038107021333,r_emit_m,-12000.0,-12000.0,original,0.0,0.22474487139158894,8.011080687708727e-10,0.22474487237274188,8.011080687708727e-10,-1.7064730108873327e-05,-0.22476193532058975,-1.7064730108873327e-05,-0.22476193630174268,True,6202.012702340445,,,r_eff suspiciously small (1.861e+04 m)
Sirius_A,S-star orbital,2.02,145112000000000.0,0.884,16.05,2023.005575058716,0.0,3.2e-05,732000000000000.0,731976600000000.0,410.0,410.1,0.0,5600.0,0.0,1.0000000028,bright binary star system,17897.236655325283,2.0,3.1968235050028326e-05,freq,17897.236655325283,r_emit_m,5600.0,5600.0,original,0.0,0.22474487139158894,1.7446355471406605e-10,0.22474487160526224,1.7446355471406605e-10,3.196806058647361e-05,-0.2247129031565389,3.196806058647361e-05,-0.2247129033702122,True,5965.745551775094,,,r_eff suspiciously small (1.790e+04 m)
Proxima_Cen,S-star orbital,0.123,145112000000000.0,0.884,16.05,2020.102922471479,0.0,-7.5e-05,468000000000000.0,468035100000000.0,641.0,640.9,0.0,-22000.0,-0.0,1.0000000028,closest star to Sun,1089.7822319826782,2.0,-7.499437542179965e-05,freq,1089.7822319826782,r_emit_m,-22000.0,-22000.0,original,0.0,0.22474487139158894,2.6926132434823558e-09,0.22474487468935322,2.6926132434823558e-09,-7.499706803504314e-05,-0.22481986576701074,-7.499706803504314e-05,-0.22481986906477502,True,363.26074399422606,,,r_eff suspiciously small (1.090e+03 m)
Alpha_Cen_A,S-star orbital,1.1,145112000000000.0,0.884,16.05,2024.162213204002,0.0,-2.3e-05,523000000000000.0,523012000000000.0,573.5,573.4,0.0,-22000.0,-0.0,1.0000000028,Sun-like star in Alpha Centauri,9746.0199608207,2.0,-2.2944024228865878e-05,freq,9746.0199608207,r_emit_m,-22000.0,-22000.0,original,0.0,0.22474487139158894,2.6926132434823558e-09,0.22474487468935322,2.6926132434823558e-09,-2.294671684210936e-05,-0.2247678154158178,-2.294671684210936e-05,-0.2247678187135821,True,3248.6733202735663,,,r_eff suspiciously small (9.746e+03 m)
Betelgeuse,S-star orbital,11.6,145112000000000.0,0.884,16.05,2020.9091248360355,0.0,6.8e-05,421000000000000.0,420971300000000.0,712.1,712.3,0.0,21000.0,0.0,1.0000000028,red supergiant variable star,102776.21049592736,2.0,6.81756689826507e-05,freq,102776.21049592736,r_emit_m,21000.0,21000.0,original,0.0,0.22474487139158894,2.4533934883663733e-09,0.22474487439637003,2.4533934883663733e-09,6.817321558916234e-05,-0.2246766957226063,6.817321558916234e-05,-0.22467669872738738,True,34258.73683197579,,,r_eff suspiciously small (1.028e+05 m)
Rigel,S-star orbital,18.7,145112000000000.0,0.884,16.05,2021.5212112147976,0.0,0.000123,689000000000000.0,688915100000000.0,435.1,435.2,0.0,18000.0,0.0,1.0000000028,blue supergiant in Orion,165682.33933395188,2.0,0.00012323724650542545,freq,165682.33933395188,r_emit_m,18000.0,18000.0,original,0.0,0.22474487139158894,1.802493265756766e-09,0.22474487359918327,1.802493265756766e-09,0.0001232354440121597,-0.22462163414508352,0.0001232354440121597,-0.22462163635267784,True,55227.446444650624,,,r_eff suspiciously small (1.657e+05 m)
Spica,S-star orbital,10.25,145112000000000.0,0.884,16.05,2022.159725093211,0.0,3.4e-05,812000000000000.0,811972400000000.0,369.2,369.2,0.0,1000.0,0.0,1.0000000028,hot binary star system,90815.18599855652,2.0,3.399130315262511e-05,freq,90815.18599855652,r_emit_m,1000.0,1000.0,original,0.0,0.22474487139158894,5.5633275763966594e-12,0.2247448713984026,5.5633275763966594e-12,3.399129758929753e-05,-0.22471088008843632,3.399129758929753e-05,-0.22471088009524998,True,30271.728666185503,,,r_eff suspiciously small (9.082e+04 m)
Antares,S-star orbital,12.4,145112000000000.0,0.884,16.05,2023.059264473612,0.0,8.9e-05,398000000000000.0,397964500000000.0,753.3,753.4,0.0,-3200.0,0.0,1.0000000028,red supergiant in Scorpius,109864.2250128879,2.0,8.920393653211178e-05,freq,109864.2250128879,r_emit_m,-3200.0,-3200.0,original,0.0,0.22474487139158894,5.696776383956603e-11,0.22474487146136002,5.696776383956603e-11,8.920387956434794e-05,-0.22465566745505683,8.920387956434794e-05,-0.2246556675248279,True,36621.4083376293,,,r_eff suspiciously small (1.099e+05 m)
Polaris,S-star orbital,5.4,145112000000000.0,0.884,16.05,2021.460723242676,0.0,-5.6e-05,489000000000000.0,489027400000000.0,613.1,613.0,0.0,-17000.0,-0.0,1.0000000028,current North Star,47844.09798948344,2.0,-5.60295803466726e-05,freq,47844.09798948344,r_emit_m,-17000.0,-17000.0,original,0.0,0.22474487139158894,1.607779465118142e-09,0.2247448733607087,1.607779465118142e-09,-5.603118812613772e-05,-0.2248009009719356,-5.603118812613772e-05,-0.22480090294105537,True,15948.032663161146,,,r_eff suspiciously small (4.784e+04 m)
Aldebaran,S-star orbital,1.16,145112000000000.0,0.884,16.05,2022.2803499210847,0.0,0.000189,432000000000000.0,431918300000000.0,694.0,694.1,0.0,54000.0,0.0,1.0000000028,red giant in Taurus,10277.621049592735,2.0,0.00018915614365022648,freq,10277.621049592735,r_emit_m,54000.0,54000.0,original,0.0,0.22474487139158916,1.622243828158787e-08,0.22474489125993724,1.622243828158787e-08,0.0001891399212119449,-0.22455571524793894,0.0001891399212119449,-0.22455573511628701,True,3425.8736831975793,,,r_eff suspiciously small (1.028e+04 m)
EHT_M87,S-star orbital,6500000000.0,145112000000000.0,0.884,16.05,2023.925879806965,0.0,0.00428,230000000000000.0,229100000000000.0,1303.5,1309.1,0.0,140015014.24503672,0.00265,1.0000000028,Event Horizon Telescope M87* shadow,57590117950304.125,2.0,0.003928415539065977,freq,57590117950304.125,r_emit_m,140015014.24503672,140015014.24503672,original,0.0,0.22474487139158894,0.13091943293103303,0.3850877754393667,0.13391636942830032,-0.12998795388923434,-0.22081645585252296,-0.12699101739196705,-0.3811593599003007,True,19196705983434.707,,,
M87_central,S-star orbital,6500000000.0,145112000000000.0,0.884,16.05,2028.071282732744,262.70344320977443,0.00428,456805024067434.56,454858230839441.75,656.281,659.08988268,1613071.7110972465,2766937.8505519493,,1.0,SMBH literature: M87* - EHT target,1795321431606523.8,17.0,0.0042800000000000615,freq,1795321431606523.8,r_emit_m,2766937.8505519493,2766937.8505519493,original,1613071.7110972465,0.00538957475670232,0.005423451903893817,0.010842256760071445,0.010842256760071445,-0.006562256760071383,-0.0011095747567022585,-0.0011434519038937552,-0.006562256760071383,True,19196705983434.707,,,
NGC_227_central,S-star orbital,100000000000.0,145112000000000.0,0.884,16.05,2028.617069003108,207.8467722924344,0.017,456805024067434.56,449169148542216.94,656.281,667.4377769999999,8211782.884170739,13805589.65995673,,1.0,SMBH literature: Object 227 - requested target,8.813304706814706e+16,34.0,0.016999999999999904,freq,8.813304706814706e+16,r_emit_m,13805589.65995673,13805589.65995673,original,8211782.884170739,0.0016797232998639888,0.02848266271709199,0.030210229009164147,0.030210229009164147,-0.013210229009164243,0.015320276700135915,-0.011482662717092085,-0.013210229009164243,True,295333938206687.8,,,
TON_618_central,S-star orbital,66000000000.0,145112000000000.0,0.884,16.05,2021.010014294097,100.07049711963316,2.219,456805024067434.56,141908985420141.22,656.281,2112.568539,1688036.241644389,5897426.073414115,,1.0,SMBH literature: Most massive known BH,3.512944778800721e+16,25.0,2.219,freq,3.512944778800721e+16,r_emit_m,5897426.073414115,5897426.073414115,original,1688036.241644389,0.002785915190486987,0.005825316585480023,0.008627460613931826,0.008627460613931826,2.210372539386068,2.216214084809513,2.21317468341452,2.210372539386068,True,194920399216414.0,,,
NGC_1277_central,S-star orbital,17000000000.0,145112000000000.0,0.884,16.05,2026.480353852466,219.28716204011576,0.0169,456805024067434.56,449213318976727.9,656.281,667.3721489,3117288.318093664,3670318.428155578,,1.0,SMBH literature: Overmassive BH,7243740515456438.0,22.0,0.016899999999999915,freq,7243740515456438.0,r_emit_m,3670318.428155578,3670318.428155578,original,3117288.318093664,0.0034836473966850523,0.010473886229441787,0.013994020952623254,0.013994020952623254,0.002905979047376661,0.013416352603314863,0.006426113770558128,0.002905979047376661,True,50206769495136.93,,,
NGC_4258_central,S-star orbital,39000000.0,145112000000000.0,0.884,16.05,2025.5694974377463,246.4611303563549,0.0015,456805024067434.56,456120842803229.7,656.281,657.2654215,274806.48234464915,449030.340867464,,1.0,SMBH literature: Maser disk BH,25426607077967.336,28.0,0.0015000000000000568,freq,25426607077967.336,r_emit_m,449030.340867464,449030.340867464,original,274806.48234464915,0.002272679081305906,0.0009177784948901646,0.0031925433921826674,0.0031925433921826674,-0.0016925433921826105,-0.0007726790813058493,0.0005822215051098922,-0.0016925433921826105,True,115180235900.60825,,,
3C_273_central,S-star orbital,880000000.0,145112000000000.0,0.884,16.05,2022.1098284358632,339.4474971606196,0.158,456805024067434.56,394477568279304.5,656.281,759.9733979999999,241022.8068117596,767117.779034893,,1.0,SMBH literature: First quasar,167488886951258.44,13.0,0.15799999999999992,freq,167488886951258.44,r_emit_m,767117.779034893,767117.779034893,original,241022.8068117596,0.007850016659656456,0.0008072419970288625,0.00866359551981044,0.00866359551981044,0.14933640448018948,0.15014998334034346,0.15719275800297106,0.14933640448018948,True,2598938656218.853,,,
3C_279_central,S-star orbital,300000000.0,145112000000000.0,0.884,16.05,2022.6488016649805,88.78590276983404,0.536,456805024067434.56,297399104210569.4,656.281,1008.0476159999998,299272.42272109,640728.5114255309,,1.0,SMBH literature: Variable blazar,202038852748603.5,29.0,0.536,freq,202038852748603.5,r_emit_m,640728.5114255309,640728.5114255309,original,299272.42272109,0.002199890103411928,0.0010005515347639715,0.0032026427415952075,0.0032026427415952075,0.5327973572584048,0.5338001098965881,0.5349994484652361,0.5327973572584048,True,886001814620.0636,,,
Phoenix_A_central,S-star orbital,20000000000.0,145112000000000.0,0.884,16.05,2029.9753760649512,183.4294657235272,0.596,456805024067434.56,286218686759044.2,656.281,1047.424476,1276385.6377908976,4633708.554614963,,1.0,SMBH literature: Phoenix cluster BCG,2.681752050444326e+16,44.0,0.5960000000000001,freq,2.681752050444326e+16,r_emit_m,4633708.554614963,4633708.554614963,original,1276385.6377908976,0.0011030948964505516,0.004377544232900599,0.005485467976053426,0.005485467976053426,0.5905145320239467,0.5948969051035495,0.5916224557670995,0.5905145320239467,True,59066787641337.57,,,
Cygnus_X1,S-star orbital,21.2,145112000000000.0,0.884,16.05,2020.63527706152,137.38294314235324,1e-05,456805024067434.56,456800456062873.9,656.281,656.2875628099999,487913.5263585231,1114650.0931261224,,1.0,Stellar BH: First confirmed BH,1295176.3601934568,7.0,1.0000000000065512e-05,freq,1295176.3601934568,r_emit_m,1114650.0931261224,1114650.0931261224,original,487913.5263585231,0.025083963066189652,0.0016344276922397594,0.02675938868229588,0.02675938868229588,-0.026749388682295816,-0.025073963066189586,-0.0016244276922396939,-0.026749388682295816,True,62610.79489981782,,,
LMC_X1,S-star orbital,10.9,145112000000000.0,0.884,16.05,2026.8171036902656,193.30931894716625,3e-05,456805024067434.56,456791320327824.8,656.281,656.3006884299999,130370.7705192686,192691.5676272499,,1.0,Stellar BH: LMC X-ray binary,853699.5731584722,8.0,2.9999999999752447e-05,freq,853699.5731584722,r_emit_m,192691.5676272499,192691.5676272499,original,130370.7705192686,0.019404596886829273,0.00043507673468456964,0.019848116110165126,0.019848116110165126,-0.019818116110165374,-0.01937459688682952,-0.0004050767346848172,-0.019818116110165374,True,32191.39926452897,,,r_eff suspiciously small (8.537e+05 m)
GW150914_remnant,S-star orbital,62.0,145112000000000.0,0.884,16.05,2020.1947674238584,334.47550185526217,0.09,456805024067434.56,419087178043517.94,656.281,715.34629,183899.59245028457,511792.03080515086,,1.0,Stellar BH: LIGO detection,3343322.507543331,6.0,0.09000000000000008,freq,3343322.507543331,r_emit_m,511792.03080515086,511792.03080515086,original,183899.59245028457,0.028562742668325924,0.0006148810968595875,0.029195186455726718,0.029195186455726718,0.06080481354427336,0.061437257331674155,0.08938511890314049,0.06080481354427336,True,183107.04168814648,,,
GW190521_remnant,S-star orbital,142.0,145112000000000.0,0.884,16.05,2020.856534520679,174.95656679398095,0.82,456805024067434.56,250991771465623.4,656.281,1194.43142,1171214.5041285465,1365752.9621219186,,1.0,Stellar BH: Intermediate mass BH,2704178.9590087137,3.0,0.8199999999999998,freq,2704178.9590087137,r_emit_m,1365752.9621219186,1365752.9621219186,original,1171214.5041285465,0.08791049541106433,0.003917168792041181,0.09217202445222261,0.09217202445222261,0.7278279755477772,0.7320895045889355,0.8160828312079587,0.7278279755477772,True,419374.19225349673,,,
Vela_Pulsar,S-star orbital,1.4,145112000000000.0,0.884,16.05,2028.0749699776663,68.54756917027598,1e-05,456805024067434.56,456800456062873.9,656.281,656.2875628099999,426831.6250343089,586552.4823295154,,1.0,Pulsar: Vela SNR pulsar,12855.21546662642,2.0,1.0000000000065512e-05,freq,12855.21546662642,r_emit_m,586552.4823295154,586552.4823295154,original,426831.6250343089,0.21413780651003478,0.0014256737804896336,0.21586877094667734,0.21586877094667734,-0.21585877094667727,-0.2141278065100347,-0.001415673780489568,-0.21585877094667727,True,4134.67513489363,,,r_eff suspiciously small (1.286e+04 m)
Crab_Pulsar,S-star orbital,1.4,145112000000000.0,0.884,16.05,2029.84165211366,35.430433614705194,1e-05,456805024067434.56,456800456062873.9,656.281,656.2875628099999,550053.5776395138,861219.3193954481,,1.0,Pulsar: Crab nebula pulsar,12335.123340183374,2.0,1.0000000000065512e-05,freq,12335.123340183374,r_emit_m,861219.3193954481,861219.3193954481,original,550053.5776395138,0.22645877051233976,0.0018389150913109553,0.22871412405430558,0.22871412405430558,-0.2287041240543055,-0.2264487705123397,-0.0018289150913108898,-0.2287041240543055,True,4134.67513489363,,,r_eff suspiciously small (1.234e+04 m)
S4_SgrA*,S-star orbital,4297000.0,145112000000000.0,0.884,16.05,2022.2321073814885,265.1296370990445,0.0008,456805024067434.56,456439872169698.8,656.281,656.8060247999999,357548.26347406965,1117256.4330152075,,1.0,Additional S-star: Short period S-star,1269049932474.1377,17.0,0.0007999999999999119,freq,1269049932474.1377,r_emit_m,1117256.4330152075,1117256.4330152075,original,357548.26347406965,0.005037815259212097,0.0011996053781986316,0.006243464027690049,0.006243464027690049,-0.005443464027690137,-0.004237815259212185,-0.00039960537819871966,-0.005443464027690137,True,12690499324.741377,,,
S5_SgrA*,S-star orbital,4297000.0,145112000000000.0,0.884,16.05,2024.2192181968528,10.726998997705325,0.0012,456805024067434.56,456257515049375.25,656.281,657.0685372,415497.557525934,2450574.7269805945,,1.0,Additional S-star: Very close S-star,1269049932474.1377,17.0,0.0012000000000000899,freq,1269049932474.1377,r_emit_m,2450574.7269805945,2450574.7269805945,original,415497.557525934,0.005037815259212097,0.0014194077269904515,0.006464373700108661,0.006464373700108661,-0.005264373700108571,-0.0038378152592120074,-0.0002194077269903616,-0.005264373700108571,True,12690499324.741377,,,
S9_SgrA*,S-star orbital,4297000.0,145112000000000.0,0.884,16.05,2028.0943045667784,2.339553484101966,0.0006,456805024067434.56,456531105404192.06,656.281,656.6747686,620647.8267929187,1086164.155726025,,1.0,Additional S-star: Eccentric S-star,1269049932474.1377,17.0,0.0005999999999999339,freq,1269049932474.1377,r_emit_m,1086164.155726025,1086164.155726025,original,620647.8267929187,0.005037815259212097,0.002076835219032347,0.007125113190401766,0.007125113190401766,-0.006525113190401832,-0.004437815259212163,-0.001476835219032413,-0.006525113190401832,True,12690499324.741377,,,
HLX-1,S-star orbital,20000.0,145112000000000.0,0.884,16.05,2026.09131005667,61.60991335131492,0.126,456805024067434.56,405688298461309.6,656.281,738.9724059999998,4687737.711524331,7580082.686041875,,1.0,IMBH: Hyper-luminous X-ray source,10049624426.031685,24.0,0.1259999999999999,freq,10049624426.031685,r_emit_m,7580082.686041875,7580082.686041875,original,4687737.711524331,0.0029517741821285526,0.01596141519754979,0.018960303872968653,0.018960303872968653,0.10703969612703124,0.12304822581787134,0.1100385848024501,0.10703969612703124,True,59066787.641337566,,,
ESO_243-49_HLX-1,S-star orbital,20000.0,145112000000000.0,0.884,16.05,2025.5694974377463,246.4611303563549,0.0223,456805024067434.56,446840481333693.2,656.281,670.9160663,3606827.0788622,5893510.148862864,,1.0,IMBH: Off-center IMBH,13039285681.008892,28.0,0.022299999999999986,freq,13039285681.008892,r_emit_m,5893510.148862864,5893510.148862864,original,3606827.0788622,0.002272679081305906,0.012226692528799044,0.014527158958448805,0.014527158958448805,0.007772841041551182,0.02002732091869408,0.010073307471200943,0.007772841041551182,True,59066787.641337566,,,
M82_X-1,S-star orbital,400.0,145112000000000.0,0.884,16.05,2022.677408759757,75.95382369107753,0.000677,456805024067434.56,456495976291485.2,656.281,656.725302237,142983.8028982274,405786.1658816575,,1.0,IMBH: Ultraluminous X-ray source,180828992.0785916,22.0,0.0006770000000000387,freq,180828992.0785916,r_emit_m,405786.1658816575,405786.1658816575,original,142983.8028982274,0.003282536674856118,0.00047785912479603176,0.003761964389754624,0.003761964389754624,-0.0030849643897545853,-0.0026055366748560793,0.00019914087520400692,-0.0030849643897545853,True,1181335.7528267512,,,
NGC_1313_X-1,S-star orbital,5000.0,145112000000000.0,0.884,16.05,2029.1454758974053,165.18666693146358,0.00144,456805024067434.56,456148170701624.2,656.281,657.22604464,911812.1949202748,2189195.939258316,,1.0,IMBH: IMBH candidate,2829373646.078576,26.0,0.0014400000000001079,freq,2829373646.078576,r_emit_m,2189195.939258316,2189195.939258316,original,911812.1949202748,0.0026197937457270726,0.0030682225760394477,0.005696054432081654,0.005696054432081654,-0.004256054432081546,-0.0011797937457269647,-0.0016282225760393398,-0.004256054432081546,True,14766696.910334392,,,
NGC_5408_X-1,S-star orbital,1000.0,145112000000000.0,0.884,16.05,2028.9782288360248,143.784181850543,0.00467,456805024067434.56,454681660711909.94,656.281,659.34583227,709793.0759216555,1250364.8002161966,,1.0,IMBH: Dwarf galaxy IMBH,893726747.4109904,34.0,0.004669999999999952,freq,893726747.4109904,r_emit_m,1250364.8002161966,1250364.8002161966,original,709793.0759216555,0.0016563670807792086,0.002376333210904358,0.004036636371786972,0.004036636371786972,0.0006333636282129795,0.0030136329192207434,0.002293666789095594,0.0006333636282129795,True,2953339.3820668785,,,
IC_10_X-1,S-star orbital,23.0,145112000000000.0,0.884,16.05,2021.0964913035064,225.8805750131124,0.000348,456805024067434.56,456646111220729.75,656.281,656.509385788,24062.17906134664,174752.24976391683,,1.0,IMBH: Wolf-Rayet IMBH,18971062.40676932,32.0,0.00034800000000001496,freq,18971062.40676932,r_emit_m,174752.24976391683,174752.24976391683,original,24062.17906134664,0.001795096176572919,8.043269602753256e-05,0.0018756732570255341,0.0018756732570255341,-0.0015276732570255191,-0.001447096176572904,0.0002675673039724824,-0.0015276732570255191,True,67926.80578753821,,,
M33_X-7,S-star orbital,16.0,145112000000000.0,0.884,16.05,2025.2911434509915,349.58821594090256,5.4e-05,456805024067434.56,456780357928106.4,656.281,656.3164391739999,100141.1233092254,111652.85609817224,,1.0,IMBH: Eclipsing IMBH,3713527.415956323,15.0,5.400000000022054e-05,freq,3713527.415956323,r_emit_m,111652.85609817224,111652.85609817224,original,100141.1233092254,0.006423707705609516,0.0003341042085438506,0.006759958101932195,0.006759958101932195,-0.006705958101931975,-0.0063697077056092954,-0.00028010420854363005,-0.006705958101931975,True,47253.430113070055,,,
NGC_300_X-1,S-star orbital,20.0,145112000000000.0,0.884,16.05,2022.668251899525,230.7462474887309,0.00048,456805024067434.56,456585862853265.0,656.281,656.59601488,77570.59202551705,146476.71591567757,,1.0,IMBH: Spiral galaxy IMBH,22110164.575749066,39.0,0.00048000000000003595,freq,22110164.575749066,r_emit_m,146476.71591567757,146476.71591567757,original,77570.59202551705,0.0013384205752819955,0.00025886703625332963,0.0015976340845029746,0.0015976340845029746,-0.0011176340845029387,-0.0008584205752819596,0.00022113296374670632,-0.0011176340845029387,True,59066.78764133757,,,
PSR_J1614-2230,S-star orbital,1.97,145112000000000.0,0.884,16.05,2025.005861130503,64.31467699084729,1e-05,456805024067434.56,456800456062873.9,656.281,656.2875628099999,332870.7954041243,1071318.8063630983,,1.0,Precision pulsar: Massive neutron star,14769.0796376054,2.0,1.0000000000065512e-05,freq,14769.0796376054,r_emit_m,1071318.8063630983,1071318.8063630983,original,332870.7954041243,0.2845201223398339,0.0011167296834602158,0.28595458408945285,0.28595458408945285,-0.2859445840894528,-0.28451012233983386,-0.0011067296834601503,-0.2859445840894528,True,5818.07858267175,,,r_eff suspiciously small (1.477e+04 m)
PSR_J0952-0607,S-star orbital,2.35,145112000000000.0,0.884,16.05,2027.625108000752,194.17645084306525,1e-05,456805024067434.56,456800456062873.9,656.281,656.2875628099999,104035.6220123237,468056.6868544456,,1.0,Precision pulsar: Most massive NS known,13194.747474330026,1.0,1.0000000000065512e-05,freq,13194.747474330026,r_emit_m,468056.6868544456,468056.6868544456,original,104035.6220123237,0.4524718275846684,0.0003482446869531586,0.45297764318157396,0.45297764318157396,-0.4529676431815739,-0.45246182758466835,-0.00033824468695309307,-0.4529676431815739,True,6940.3475478571645,,,r_eff suspiciously small (1.319e+04 m)
PSR_J1738+0333,S-star orbital,1.46,145112000000000.0,0.884,16.05,2028.787218778232,299.3995905700246,1e-05,456805024067434.56,456800456062873.9,656.281,656.2875628099999,211448.7607267108,250745.9423910645,,1.0,Precision pulsar: White dwarf binary,11620.780285023366,2.0,1.0000000000065512e-05,freq,11620.780285023366,r_emit_m,250745.9423910645,250745.9423910645,original,211448.7607267108,0.2609314959883007,0.000705667173586555,0.261821293953161,0.261821293953161,-0.26181129395316094,-0.2609214959883006,-0.0006956671735864894,-0.26181129395316094,True,4311.875497817642,,,r_eff suspiciously small (1.162e+04 m)
PSR_J0030+0451,S-star orbital,1.44,145112000000000.0,0.884,16.05,2020.692125184684,273.81677949260336,1e-05,456805024067434.56,456800456062873.9,656.281,656.2875628099999,188971.0657263589,386608.05092720926,,1.0,Precision pulsar: NICER target,14734.74722648997,2.0,1.0000000000065512e-05,freq,14734.74722648997,r_emit_m,386608.05092720926,386608.05092720926,original,188971.0657263589,0.18563371631874248,0.0006311716663218725,0.18638205472711888,0.18638205472711888,-0.18637205472711882,-0.18562371631874242,-0.000621171666321807,-0.18637205472711882,True,4252.808710176305,,,r_eff suspiciously small (1.473e+04 m)
PSR_J0740+6620,S-star orbital,2.08,145112000000000.0,0.884,16.05,2024.2313794020088,76.24735395914954,1e-05,456805024067434.56,456800456062873.9,656.281,656.2875628099999,298497.1527121309,374081.69322743575,,1.0,Precision pulsar: Heavy neutron star,12749.01796747472,2.0,1.0000000000065512e-05,freq,12749.01796747472,r_emit_m,374081.69322743575,374081.69322743575,original,298497.1527121309,0.3892062018353435,0.0009964586078721194,0.3905904883132716,0.3905904883132716,-0.3905804883132715,-0.3891962018353434,-0.0009864586078720539,-0.3905804883132715,True,6142.945914699108,,,r_eff suspiciously small (1.275e+04 m)
PSR_J1909-3744,S-star orbital,1.54,145112000000000.0,0.884,16.05,2024.3810008391447,186.32730277281263,1e-05,456805024067434.56,456800456062873.9,656.281,656.2875628099999,365407.608447921,589459.8589503859,,1.0,Precision pulsar: Precision timing,11558.581456504477,2.0,1.0000000000065512e-05,freq,11558.581456504477,r_emit_m,589459.8589503859,589459.8589503859,original,365407.608447921,0.28404329545538065,0.0012208039678343052,0.2856108606053436,0.2856108606053436,-0.2856008606053435,-0.2840332954553806,-0.0012108039678342397,-0.2856008606053435,True,4548.142648382993,,,r_eff suspiciously small (1.156e+04 m)
PSR_J1713+0747,S-star orbital,1.31,145112000000000.0,0.884,16.05,2020.7099308600905,227.1970646172356,1e-05,456805024067434.56,456800456062873.9,656.281,656.2875628099999,154961.2656886711,561100.3119630519,,1.0,Precision pulsar: Long-term timing,12941.543592286169,2.0,1.0000000000065512e-05,freq,12941.543592286169,r_emit_m,561100.3119630519,561100.3119630519,original,154961.2656886711,0.19433320388577835,0.0005186475516381073,0.1949526418778138,0.1949526418778138,-0.19494264187781374,-0.19432320388577828,-0.0005086475516380418,-0.19494264187781374,True,3868.8745905076107,,,r_eff suspiciously small (1.294e+04 m)
PSR_J2317+1439,S-star orbital,1.29,145112000000000.0,0.884,16.05,2022.1423680737043,47.632265541009,1e-05,456805024067434.56,456800456062873.9,656.281,656.2875628099999,294071.7832004269,462972.3136449845,,1.0,Precision pulsar: Globular cluster,10354.286749443268,2.0,1.0000000000065512e-05,freq,10354.286749443268,r_emit_m,462972.3136449845,462972.3136449845,original,294071.7832004269,0.2578317605544458,0.00098211150046712,0.25906709159213914,0.25906709159213914,-0.2590570915921391,-0.2578217605544457,-0.0009721115004670544,-0.2590570915921391,True,3809.8078028662735,,,r_eff suspiciously small (1.035e+04 m)
PSR_J0437-4715,S-star orbital,1.76,145112000000000.0,0.884,16.05,2020.969308142288,155.1784256662959,1e-05,456805024067434.56,456800456062873.9,656.281,656.2875628099999,113557.22051463772,450038.2492112735,,1.0,Precision pulsar: Nearby millisecond,13923.097121453768,2.0,1.0000000000065512e-05,freq,13923.097121453768,r_emit_m,450038.2492112735,450038.2492112735,original,113557.22051463772,0.2632221667113732,0.0003799132935449201,0.2637020816052076,0.2637020816052076,-0.2636920816052075,-0.26321216671137315,-0.0003699132935448546,-0.2636920816052075,True,5197.877312437706,,,r_eff suspiciously small (1.392e+04 m)
PSR_J1012+5307,S-star orbital,1.64,145112000000000.0,0.884,16.05,2024.026212821023,122.14893794218672,1e-05,456805024067434.56,456800456062873.9,656.281,656.2875628099999,119252.60130023502,667206.0335043918,,1.0,Precision pulsar: Helium white dwarf,13366.822736466507,2.0,1.0000000000065512e-05,freq,13366.822736466507,r_emit_m,667206.0335043918,667206.0335043918,original,119252.60130023502,0.2523018760161393,0.00040026141300808504,0.2528031241345461,0.2528031241345461,-0.252793124134546,-0.2522918760161392,-0.00039026141300801953,-0.252793124134546,True,4843.476586589681,,,r_eff suspiciously small (1.337e+04 m)
GW170817,S-star orbital,2.74,145112000000000.0,0.884,16.05,2022.498064478821,332.3756157393646,0.009,456805024067434.56,452730450017279.1,656.281,662.1875289999998,467760.82140147407,1448911.0685110984,,1.0,LIGO/Virgo: First NS merger,131216.95151720298,6.0,0.008999999999999897,freq,131216.95151720298,r_emit_m,1448911.0685110984,1448911.0685110984,original,467760.82140147407,0.032338680292310684,0.0015719797514464062,0.033961495794365026,0.033961495794365026,-0.02496149579436513,-0.023338680292310787,0.007428020248553491,-0.02496149579436513,True,8092.149906863247,,,r_eff suspiciously small (1.312e+05 m)
GW190425,S-star orbital,3.4,145112000000000.0,0.884,16.05,2029.689962572848,333.49211388292593,0.04,456805024067434.56,439235600064840.94,656.281,682.5322399999999,2311537.427423732,3006596.094782525,,1.0,LIGO/Virgo: Heavy NS merger,62906.15249313563,3.0,0.040000000000000036,freq,62906.15249313563,r_emit_m,3006596.094782525,3006596.094782525,original,2311537.427423732,0.09084556610227357,0.00776114015345275,0.09931177142656589,0.09931177142656589,-0.05931177142656585,-0.05084556610227353,0.032238859846547285,-0.05931177142656585,True,10041.353899027386,,,r_eff suspiciously small (6.291e+04 m)
GW200105,S-star orbital,8.9,145112000000000.0,0.884,16.05,2023.789731189769,354.7111837607013,0.28,456805024067434.56,356878925052683.25,656.281,840.03968,380549.5672465419,2590388.1230429686,,1.0,LIGO/Virgo: NS-BH merger,271880.8029310971,4.0,0.28,freq,271880.8029310971,r_emit_m,2590388.1230429686,2590388.1230429686,original,380549.5672465419,0.052152168059285575,0.0013067562245423492,0.053527074454062795,0.053527074454062795,0.22647292554593723,0.22784783194071445,0.2786932437754577,0.22647292554593723,True,26284.720500395222,,,r_eff suspiciously small (2.719e+05 m)
GW200115,S-star orbital,5.7,145112000000000.0,0.884,16.05,2025.557683234056,258.62697910667737,0.33,456805024067434.56,343462424110853.06,656.281,872.8537299999999,4145782.0584680536,4625243.331542482,,1.0,LIGO/Virgo: NS-BH merger,262193.2374768548,5.0,0.33000000000000007,freq,262193.2374768548,r_emit_m,4625243.331542482,4625243.331542482,original,4145782.0584680536,0.03373582392569707,0.01394952170403152,0.048155944237783466,0.048155944237783466,0.2818440557622166,0.296264176074303,0.31605047829596855,0.2818440557622166,True,16834.03447778121,,,r_eff suspiciously small (2.622e+05 m)
GW190412,S-star orbital,30.1,145112000000000.0,0.884,16.05,2020.571652729075,210.30393400522965,0.26,456805024067434.56,362543669894789.3,656.281,826.91406,6957611.116093185,9962494.129091147,,1.0,LIGO/Virgo: Asymmetric mass ratio,1731640.8385449746,6.0,0.26,freq,1731640.8385449746,r_emit_m,9962494.129091147,9962494.129091147,original,6957611.116093185,0.026700539079582475,0.023773535269735913,0.051108840556847834,0.051108840556847834,0.20889115944315217,0.23329946092041753,0.2362264647302641,0.20889115944315217,True,88895.51540021304,,,
GW190814,S-star orbital,25.6,145112000000000.0,0.884,16.05,2025.9503510645,243.0765192974725,0.24,456805024067434.56,368391148441479.5,656.281,813.7884399999999,1053016.071144557,4234763.143788601,,1.0,LIGO/Virgo: Possible NS-BH,2194031.3913042136,8.0,0.24,freq,2194031.3913042136,r_emit_m,4234763.143788601,4234763.143788601,original,1053016.071144557,0.017688294861754272,0.0036126159299891825,0.021364811807535355,0.021364811807535355,0.21863518819246464,0.22231170513824572,0.2363873840700108,0.21863518819246464,True,75605.48818091209,,,
GW191204,S-star orbital,44.0,145112000000000.0,0.884,16.05,2024.1922491533587,210.1220241448409,0.29,456805024067434.56,354112421757701.2,656.281,846.60249,6498559.815057446,10912683.42385032,,1.0,LIGO/Virgo: Intermediate mass,1449607.895457496,4.0,0.29000000000000004,freq,1449607.895457496,r_emit_m,10912683.42385032,10912683.42385032,original,6498559.815057446,0.04807916577221172,0.02235440564606983,0.0715083525930782,0.0715083525930782,0.21849164740692184,0.24192083422778832,0.2676455943539302,0.21849164740692184,True,129946.93281094264,,,
GW200129,S-star orbital,34.0,145112000000000.0,0.884,16.05,2026.7169022296,107.9989487275544,0.31,456805024067434.56,348706125242316.44,656.281,859.72811,2294841.5415478675,5508121.898106479,,1.0,LIGO/Virgo: Spinning black holes,2299951.5277784285,7.0,0.31000000000000005,freq,2299951.5277784285,r_emit_m,5508121.898106479,5508121.898106479,original,2294841.5415478675,0.022571320200961198,0.007824888225461235,0.030572826484096094,0.030572826484096094,0.27942717351590396,0.28742867979903886,0.3021751117745388,0.27942717351590396,True,100413.53899027385,,,
EMRI_SgrA_1,S-star orbital,4297000.0,145112000000000.0,0.884,16.05,2029.960964478551,26.37385959586788,0.0001,456805024067434.56,456759348132621.3,656.281,656.3466280999999,2523604.668301082,2807862.714020869,,1.0,EMRI: Stellar object around Sgr A*,1048798721707.591,15.0,9.999999999998899e-05,freq,1048798721707.591,r_emit_m,2807862.714020869,2807862.714020869,original,2523604.668301082,0.006105480181034295,0.008462072387491304,0.014619217583777822,0.014619217583777822,-0.014519217583777833,-0.006005480181034306,-0.008362072387491315,-0.014519217583777833,True,12690499324.741377,,,
EMRI_SgrA_2,S-star orbital,4297000.0,145112000000000.0,0.884,16.05,2023.695270887389,56.78885964860351,0.0002,456805024067434.56,456713681331168.3,656.281,656.4122562,3339961.8355674814,4157200.042222311,,1.0,EMRI: Compact object inspiral,5964112344044.043,45.0,0.00019999999999997797,freq,5964112344044.043,r_emit_m,4157200.042222311,4157200.042222311,original,3339961.8355674814,0.0010656059778952898,0.011238144480024914,0.012315725891858476,0.012315725891858476,-0.012115725891858498,-0.0008656059778953118,-0.011038144480024936,-0.012115725891858498,True,12690499324.741377,,,
EMRI_M87_1,S-star orbital,6500000000.0,145112000000000.0,0.884,16.05,2020.0782310715213,294.1574886415662,0.004,456805024067434.56,454985083732504.56,656.281,658.906124,62366019.978752986,100076887.0644797,,1.0,EMRI: Object around M87*,6243824500532131.0,36.0,0.0040000000000000036,freq,6243824500532131.0,r_emit_m,100076887.0644797,100076887.0644797,original,62366019.978752986,0.001540809247590813,0.28154434189919475,0.2835189572723906,0.2835189572723906,-0.2795189572723906,0.0024591907524091905,-0.27754434189919475,-0.2795189572723906,True,19196705983434.707,,,
EMRI_NGC1277_1,S-star orbital,17000000000.0,145112000000000.0,0.884,16.05,2021.0703597770944,199.1605107185337,0.017,456805024067434.56,449169148542216.94,656.281,667.4377769999999,26957843.45066268,140155099.86637214,,1.0,EMRI: Object around NGC 1277,2.3723627500413104e+16,45.0,0.016999999999999904,freq,2.3723627500413104e+16,r_emit_m,140155099.86637214,140155099.86637214,original,26957843.45066268,0.00105984214389232,0.23295797853702993,0.23426471936433169,0.23426471936433169,-0.21726471936433178,0.015940157856107584,-0.21595797853703003,-0.21726471936433178,True,50206769495136.93,,,
XTE_J1550-564,S-star orbital,9.1,145112000000000.0,0.884,16.05,2022.639839016304,175.87146677377555,1e-05,456805024067434.56,456800456062873.9,656.281,656.2875628099999,216232.65837847008,356002.7785886816,,1.0,Stellar BH: Transient black hole,616529.597716199,7.0,1.0000000000065512e-05,freq,616529.597716199,r_emit_m,356002.7785886816,356002.7785886816,original,216232.65837847008,0.022535191801741128,0.0007219800948354838,0.02327344185649083,0.02327344185649083,-0.023263441856490763,-0.022525191801741062,-0.0007119800948354182,-0.023263441856490763,True,26875.38837680859,,,r_eff suspiciously small (6.165e+05 m)
GRO_J1655-40,S-star orbital,7.0,145112000000000.0,0.884,16.05,2020.0354568908776,277.60292028706573,1e-05,456805024067434.56,456800456062873.9,656.281,656.2875628099999,72890.1226441535,226828.82518878,,1.0,Stellar BH: Superluminal jets,151069.9008024184,3.0,1.0000000000065512e-05,freq,151069.9008024184,r_emit_m,226828.82518878,226828.82518878,original,72890.1226441535,0.0763560664655416,0.00024342158435164407,0.07661807476456706,0.07661807476456706,-0.07660807476456699,-0.07634606646554154,-0.00023342158435157856,-0.07660807476456699,True,20673.37567446815,,,r_eff suspiciously small (1.511e+05 m)
4U_1543-47,S-star orbital,9.4,145112000000000.0,0.884,16.05,2020.096696996084,27.087789626556138,1e-05,456805024067434.56,456800456062873.9,656.281,656.2875628099999,147649.01496757352,333934.57013575296,,1.0,Stellar BH: X-ray binary,653246.9626719933,7.0,1.0000000000065512e-05,freq,653246.9626719933,r_emit_m,333934.57013575296,333934.57013575296,original,147649.01496757352,0.021950948856386487,0.0004931247777766323,0.02245489819093982,0.02245489819093982,-0.022444898190939755,-0.021940948856386422,-0.0004831247777765668,-0.022444898190939755,True,27761.390191428658,,,r_eff suspiciously small (6.532e+05 m)
XTE_J1859+226,S-star orbital,7.8,145112000000000.0,0.884,16.05,2021.480937855675,45.88038694156995,1e-05,456805024067434.56,456800456062873.9,656.281,656.2875628099999,176595.74919366094,312002.4052639583,,1.0,Stellar BH: Fast X-ray transient,429386.326979474,6.0,1.0000000000065512e-05,freq,429386.326979474,r_emit_m,312002.4052639583,312002.4052639583,original,176595.74919366094,0.027954338771615905,0.0005896018897915134,0.028560422592375012,0.028560422592375012,-0.028550422592374947,-0.02794433877161584,-0.0005796018897914479,-0.028550422592374947,True,23036.04718012165,,,r_eff suspiciously small (4.294e+05 m)
GS_2000+25,S-star orbital,7.5,145112000000000.0,0.884,16.05,2022.1007653833976,89.8307061202528,1e-05,456805024067434.56,456800456062873.9,656.281,656.2875628099999,391361.6838226835,477771.5930714453,,1.0,Stellar BH: Soft X-ray transient,551603.8560714532,7.0,1.0000000000065512e-05,freq,551603.8560714532,r_emit_m,477771.5930714453,477771.5930714453,original,391361.6838226835,0.0207035083620013,0.0013067136189899298,0.022037275537328815,0.022037275537328815,-0.02202727553732875,-0.020693508362001234,-0.0012967136189898643,-0.02202727553732875,True,22150.045365501588,,,r_eff suspiciously small (5.516e+05 m)
Nova_Sco_1994,S-star orbital,6.9,145112000000000.0,0.884,16.05,2021.545533383322,334.7571656497228,1e-05,456805024067434.56,456800456062873.9,656.281,656.2875628099999,289307.0855639829,484983.9398065288,,1.0,Stellar BH: X-ray nova,552313.5548474505,8.0,1.0000000000065512e-05,freq,552313.5548474505,r_emit_m,484983.9398065288,484983.9398065288,original,289307.0855639829,0.018974599006365445,0.0009663343565211591,0.019959269169807614,0.019959269169807614,-0.01994926916980755,-0.01896459900636538,-0.0009563343565210936,-0.01994926916980755,True,20378.04173626146,,,r_eff suspiciously small (5.523e+05 m)
SAX_J1819.3-2525,S-star orbital,7.1,145112000000000.0,0.884,16.05,2027.3656447175508,119.58676846071432,1e-05,456805024067434.56,456800456062873.9,656.281,656.2875628099999,36925.42938237118,308150.79652803903,,1.0,Stellar BH: Galactic plane BH,529864.4670033519,7.0,1.0000000000065512e-05,freq,529864.4670033519,r_emit_m,308150.79652803903,308150.79652803903,original,36925.42938237118,0.02039420409369197,0.00012369830897784873,0.020520425131229203,0.020520425131229203,-0.020510425131229137,-0.020384204093691904,-0.00011369830897778321,-0.020510425131229137,True,20968.709612674833,,,r_eff suspiciously small (5.299e+05 m)
XTE_J1752-223,S-star orbital,9.5,145112000000000.0,0.884,16.05,2027.8737450913547,38.91442550506456,1e-05,456805024067434.56,456800456062873.9,656.281,656.2875628099999,104057.49517650672,331980.53470241866,,1.0,Stellar BH: Outbursting BH,746353.7725098422,8.0,1.0000000000065512e-05,freq,746353.7725098422,r_emit_m,331980.53470241866,331980.53470241866,original,104057.49517650672,0.019342953899242232,0.00034771178744885667,0.01969739145976601,0.01969739145976601,-0.019687391459765946,-0.019332953899242167,-0.00033771178744879116,-0.019687391459765946,True,28056.724129635342,,,r_eff suspiciously small (7.464e+05 m)
M87* ALMA_Band3 2.30e+11 Hz | 2017-04-05,S-star orbital,6500000000.0,145112000000000.0,0.884,16.05,,,0.0,230000000000.0,230000000000.0,,,,,,,M87*,12000000000000.0,0.0,0.0,freq,12000000000000.0,r_emit_m,,371256503.26480126,vis_viva_orbital,,,707113.6025254686,707113.6025254686,707113.6025254686,-707113.6025254686,,-707113.6025254686,-707113.6025254686,True,19196705983434.707,,,r_eff <= r_s (1.200e+13 <= 1.920e+13)|v_tot > c (3.713e+08 m/s)
M87* ALMA_Band3 3.45e+11 Hz | 2017-04-05,S-star orbital,6500000000.0,145112000000000.0,0.884,16.05,,,0.0,345000000000.0,345000000000.0,,,,,,,M87*,12000000000000.0,0.0,0.0,freq,12000000000000.0,r_emit_m,,371256503.26480126,vis_viva_orbital,,,707113.6025254686,707113.6025254686,707113.6025254686,-707113.6025254686,,-707113.6025254686,-707113.6025254686,True,19196705983434.707,,,r_eff <= r_s (1.200e+13 <= 1.920e+13)|v_tot > c (3.713e+08 m/s)
M87* ALMA_Band6 2.28e+14 Hz | 2017-04-05,S-star orbital,6500000000.0,145112000000000.0,0.884,16.05,,,0.0,228000000000000.0,228000000000000.0,,,,,,,M87*,12000000000000.0,0.0,0.0,freq,12000000000000.0,r_emit_m,,371256503.26480126,vis_viva_orbital,,,707113.6025254686,707113.6025254686,707113.6025254686,-707113.6025254686,,-707113.6025254686,-707113.6025254686,True,19196705983434.707,,,r_eff <= r_s (1.200e+13 <= 1.920e+13)|v_tot > c (3.713e+08 m/s)
M87* ALMA_Band7 3.40e+14 Hz | 2017-04-05,S-star orbital,6500000000.0,145112000000000.0,0.884,16.05,,,0.0,340000000000000.0,340000000000000.0,,,,,,,M87*,12000000000000.0,0.0,0.0,freq,12000000000000.0,r_emit_m,,371256503.26480126,vis_viva_orbital,,,707113.6025254686,707113.6025254686,707113.6025254686,-707113.6025254686,,-707113.6025254686,-707113.6025254686,True,19196705983434.707,,,r_eff <= r_s (1.200e+13 <= 1.920e+13)|v_tot > c (3.713e+08 m/s)
M87* SMA 4.50e+14 Hz | 2017-04-05,S-star orbital,6500000000.0,145112000000000.0,0.884,16.05,,,0.0,450000000000000.0,450000000000000.0,,,,,,,M87*,12000000000000.0,0.0,0.0,freq,12000000000000.0,r_emit_m,,371256503.26480126,vis_viva_orbital,,,707113.6025254686,707113.6025254686,707113.6025254686,-707113.6025254686,,-707113.6025254686,-707113.6025254686,True,19196705983434.707,,,r_eff <= r_s (1.200e+13 <= 1.920e+13)|v_tot > c (3.713e+08 m/s)
M87* JCMT 8.60e+14 Hz | 2017-04-05,S-star orbital,6500000000.0,145112000000000.0,0.884,16.05,,,0.0,860000000000000.0,860000000000000.0,,,,,,,M87*,12000000000000.0,0.0,0.0,freq,12000000000000.0,r_emit_m,,371256503.26480126,vis_viva_orbital,,,707113.6025254686,707113.6025254686,707113.6025254686,-707113.6025254686,,-707113.6025254686,-707113.6025254686,True,19196705983434.707,,,r_eff <= r_s (1.200e+13 <= 1.920e+13)|v_tot > c (3.713e+08 m/s)
M87* Chandra 2.00e+17 Hz | 2017-04-11,S-star orbital,6500000000.0,145112000000000.0,0.884,16.05,,,0.0,2e+17,2e+17,,,,,,,M87*,12000000000000.0,0.0,0.0,freq,12000000000000.0,r_emit_m,,371256503.26480126,vis_viva_orbital,,,707113.6025254686,707113.6025254686,707113.6025254686,-707113.6025254686,,-707113.6025254686,-707113.6025254686,True,19196705983434.707,,,r_eff <= r_s (1.200e+13 <= 1.920e+13)|v_tot > c (3.713e+08 m/s)
M87* Chandra 5.00e+17 Hz | 2017-04-11,S-star orbital,6500000000.0,145112000000000.0,0.884,16.05,,,0.0,5e+17,5e+17,,,,,,,M87*,12000000000000.0,0.0,0.0,freq,12000000000000.0,r_emit_m,,371256503.26480126,vis_viva_orbital,,,707113.6025254686,707113.6025254686,707113.6025254686,-707113.6025254686,,-707113.6025254686,-707113.6025254686,True,19196705983434.707,,,r_eff <= r_s (1.200e+13 <= 1.920e+13)|v_tot > c (3.713e+08 m/s)
M87* Chandra 1.00e+18 Hz | 2017-04-11,S-star orbital,6500000000.0,145112000000000.0,0.884,16.05,,,0.0,1e+18,1e+18,,,,,,,M87*,12000000000000.0,0.0,0.0,freq,12000000000000.0,r_emit_m,,371256503.26480126,vis_viva_orbital,,,707113.6025254686,707113.6025254686,707113.6025254686,-707113.6025254686,,-707113.6025254686,-707113.6025254686,True,19196705983434.707,,,r_eff <= r_s (1.200e+13 <= 1.920e+13)|v_tot > c (3.713e+08 m/s)
M87* Chandra 2.00e+18 Hz | 2017-04-11,S-star orbital,6500000000.0,145112000000000.0,0.884,16.05,,,0.0,2e+18,2e+18,,,,,,,M87*,12000000000000.0,0.0,0.0,freq,12000000000000.0,r_emit_m,,371256503.26480126,vis_viva_orbital,,,707113.6025254686,707113.6025254686,707113.6025254686,-707113.6025254686,,-707113.6025254686,-707113.6025254686,True,19196705983434.707,,,r_eff <= r_s (1.200e+13 <= 1.920e+13)|v_tot > c (3.713e+08 m/s)
Cyg X-1 thermal 1.00e+17 Hz | T=3.0e+07 K,S-star orbital,14.8,145112000000000.0,0.884,16.05,,,11.30539649431398,1e+17,8126515878314651.0,,,,,,,Cyg_X-1,44000.0,0.0137692565985457,11.30539649431398,freq,44000.0,r_emit_m,,298800899.59781617,vis_viva_orbital,,11.30539649431398,11.305396354000827,150.4227811556658,150.4227811556658,-139.11738466135182,0.0,1.4031315309637193e-07,-139.11738466135182,True,43709.4228545898,,,r_eff suspiciously small (4.400e+04 m)
Cyg X-1 thermal 1.50e+17 Hz | T=3.0e+07 K,S-star orbital,14.8,145112000000000.0,0.884,16.05,,,11.305396494313982,1.5e+17,1.2189773817471976e+16,,,,,,,Cyg_X-1,44000.0,0.0137692565985457,11.30539649431398,freq,44000.0,r_emit_m,,298800899.59781617,vis_viva_orbital,,11.30539649431398,11.305396354000827,150.4227811556658,150.4227811556658,-139.11738466135182,0.0,1.4031315309637193e-07,-139.11738466135182,True,43709.4228545898,,,r_eff suspiciously small (4.400e+04 m)
Cyg X-1 thermal 2.00e+17 Hz | T=3.0e+07 K,S-star orbital,14.8,145112000000000.0,0.884,16.05,,,11.30539649431398,2e+17,1.6253031756629302e+16,,,,,,,Cyg_X-1,44000.0,0.0137692565985457,11.30539649431398,freq,44000.0,r_emit_m,,298800899.59781617,vis_viva_orbital,,11.30539649431398,11.305396354000827,150.4227811556658,150.4227811556658,-139.11738466135182,0.0,1.4031315309637193e-07,-139.11738466135182,True,43709.4228545898,,,r_eff suspiciously small (4.400e+04 m)
Cyg X-1 thermal 3.00e+17 Hz | T=3.0e+07 K,S-star orbital,14.8,145112000000000.0,0.884,16.05,,,11.305396494313982,3e+17,2.437954763494395e+16,,,,,,,Cyg_X-1,44000.0,0.0137692565985457,11.30539649431398,freq,44000.0,r_emit_m,,298800899.59781617,vis_viva_orbital,,11.30539649431398,11.305396354000827,150.4227811556658,150.4227811556658,-139.11738466135182,0.0,1.4031315309637193e-07,-139.11738466135182,True,43709.4228545898,,,r_eff suspiciously small (4.400e+04 m)
Cyg X-1 thermal 5.00e+17 Hz | T=3.0e+07 K,S-star orbital,14.8,145112000000000.0,0.884,16.05,,,11.30539649431398,5e+17,4.0632579391573256e+16,,,,,,,Cyg_X-1,44000.0,0.0137692565985457,11.30539649431398,freq,44000.0,r_emit_m,,298800899.59781617,vis_viva_orbital,,11.30539649431398,11.305396354000827,150.4227811556658,150.4227811556658,-139.11738466135182,0.0,1.4031315309637193e-07,-139.11738466135182,True,43709.4228545898,,,r_eff suspiciously small (4.400e+04 m)
Cyg X-1 thermal 7.00e+17 Hz | T=3.0e+07 K,S-star orbital,14.8,145112000000000.0,0.884,16.05,,,11.30539649431398,7e+17,5.688561114820256e+16,,,,,,,Cyg_X-1,44000.0,0.0137692565985457,11.30539649431398,freq,44000.0,r_emit_m,,298800899.59781617,vis_viva_orbital,,11.30539649431398,11.305396354000827,150.4227811556658,150.4227811556658,-139.11738466135182,0.0,1.4031315309637193e-07,-139.11738466135182,True,43709.4228545898,,,r_eff suspiciously small (4.400e+04 m)
Cyg X-1 thermal 1.00e+18 Hz | T=3.0e+07 K,S-star orbital,14.8,145112000000000.0,0.884,16.05,,,11.30539649431398,1e+18,8.126515878314651e+16,,,,,,,Cyg_X-1,44000.0,0.0137692565985457,11.30539649431398,freq,44000.0,r_emit_m,,298800899.59781617,vis_viva_orbital,,11.30539649431398,11.305396354000827,150.4227811556658,150.4227811556658,-139.11738466135182,0.0,1.4031315309637193e-07,-139.11738466135182,True,43709.4228545898,,,r_eff suspiciously small (4.400e+04 m)
Cyg X-1 thermal 1.50e+18 Hz | T=3.0e+07 K,S-star orbital,14.8,145112000000000.0,0.884,16.05,,,11.30539649431398,1.5e+18,1.2189773817471976e+17,,,,,,,Cyg_X-1,44000.0,0.0137692565985457,11.30539649431398,freq,44000.0,r_emit_m,,298800899.59781617,vis_viva_orbital,,11.30539649431398,11.305396354000827,150.4227811556658,150.4227811556658,-139.11738466135182,0.0,1.4031315309637193e-07,-139.11738466135182,True,43709.4228545898,,,r_eff suspiciously small (4.400e+04 m)
Cyg X-1 thermal 2.00e+18 Hz | T=3.0e+07 K,S-star orbital,14.8,145112000000000.0,0.884,16.05,,,11.30539649431398,2e+18,1.6253031756629302e+17,,,,,,,Cyg_X-1,44000.0,0.0137692565985457,11.30539649431398,freq,44000.0,r_emit_m,,298800899.59781617,vis_viva_orbital,,11.30539649431398,11.305396354000827,150.4227811556658,150.4227811556658,-139.11738466135182,0.0,1.4031315309637193e-07,-139.11738466135182,True,43709.4228545898,,,r_eff suspiciously small (4.400e+04 m)
Cyg X-1 thermal 3.00e+18 Hz | T=3.0e+07 K,S-star orbital,14.8,145112000000000.0,0.884,16.05,,,11.30539649431398,3e+18,2.4379547634943952e+17,,,,,,,Cyg_X-1,44000.0,0.0137692565985457,11.30539649431398,freq,44000.0,r_emit_m,,298800899.59781617,vis_viva_orbital,,11.30539649431398,11.305396354000827,150.4227811556658,150.4227811556658,-139.11738466135182,0.0,1.4031315309637193e-07,-139.11738466135182,True,43709.4228545898,,,r_eff suspiciously small (4.400e+04 m)
S2 Br-gamma 2002-05-15 | phase=0.12,S-star orbital,4150000.0,145112000000000.0,0.884,16.05,,,0.0006670310328247,456805000000000.0,456500500000000.0,,,,,,,S2,38071500000.0,2.3553475899885634,0.0006670310328247275,freq,38071500000.0,r_emit_m,,170087715.61881828,vis_viva_orbital,,0.21440274046764363,0.21436492529700368,0.47472809320846654,0.47472809320846654,-0.4740610621756418,-0.2137357094348189,-0.21369789426417896,-0.4740610621756418,True,12256358435.577545,,,
S2 H-alpha 2002-05-15 | phase=0.12,S-star orbital,4150000.0,145112000000000.0,0.884,16.05,,,0.000661595640625,690757500000000.0,690300800000000.0,,,,,,,S2,38071500000.0,2.3553475899885634,0.0006615956406250678,freq,38071500000.0,r_emit_m,,170087715.61881828,vis_viva_orbital,,0.21440274046764363,0.21436492529700368,0.47472809320846654,0.47472809320846654,-0.47406649756784147,-0.21374114482701856,-0.21370332965637862,-0.47406649756784147,True,12256358435.577545,,,
S2 Br-gamma 2004-03-20 | phase=0.24,S-star orbital,4150000.0,145112000000000.0,0.884,16.05,,,0.0017653508771929,456805000000000.0,456000000000000.0,,,,,,,S2,21000000000.0,1.119003215192037,0.0017653508771928728,freq,21000000000.0,r_emit_m,,229021402.20677394,vis_viva_orbital,,0.5497565280756764,0.5496779402049616,1.4016235042475071,1.4016235042475071,-1.3998581533703143,-0.5479911771984836,-0.5479125893277688,-1.3998581533703143,True,12256358435.577545,,,
S2 H-alpha 2004-03-20 | phase=0.24,S-star orbital,4150000.0,145112000000000.0,0.884,16.05,,,0.0018237853517041,690757500000000.0,689500000000000.0,,,,,,,S2,21000000000.0,1.119003215192037,0.0018237853517042435,freq,21000000000.0,r_emit_m,,229021402.20677394,vis_viva_orbital,,0.5497565280756764,0.5496779402049616,1.4016235042475071,1.4016235042475071,-1.399799718895803,-0.5479327427239722,-0.5478541548532574,-1.399799718895803,True,12256358435.577545,,,
S2 Br-gamma 2006-01-10 | phase=0.36,S-star orbital,4150000.0,145112000000000.0,0.884,16.05,,,0.0028649835345773,456805000000000.0,455500000000000.0,,,,,,,S2,15000000000.0,0.419784660910797,0.0028649835345773145,freq,15000000000.0,r_emit_m,,270984578.7829031,vis_viva_orbital,,1.3382015429788057,1.3379316641808856,4.466555424566754,4.466555424566754,-4.463690441032177,-1.3353365594442284,-1.3350666806463083,-4.463690441032177,True,12256358435.577545,,,
S2 H-alpha 2006-01-10 | phase=0.36,S-star orbital,4150000.0,145112000000000.0,0.884,16.05,,,0.0032788671023965,690757500000000.0,688500000000000.0,,,,,,,S2,15000000000.0,0.419784660910797,0.0032788671023964433,freq,15000000000.0,r_emit_m,,270984578.7829031,vis_viva_orbital,,1.3382015429788057,1.3379316641808856,4.466555424566754,4.466555424566754,-4.463276557464358,-1.3349226758764092,-1.3346527970784892,-4.463276557464358,True,12256358435.577545,,,
S2 Br-gamma 2008-11-05 | phase=0.48,S-star orbital,4150000.0,145112000000000.0,0.884,16.05,,,0.0039670329670329,456805000000000.0,455000000000000.0,,,,,,,S2,12000000000.0,0.0,0.003967032967032935,freq,12000000000.0,r_emit_m,,302971535.4597921,vis_viva_orbital,,,707113.6025254686,707113.6025254686,707113.6025254686,-707113.5985584356,,-707113.5985584356,-707113.5985584356,True,12256358435.577545,,,r_eff <= r_s (1.200e+10 <= 1.226e+10)|v_tot > c (3.030e+08 m/s)
S2 H-alpha 2008-11-05 | phase=0.48,S-star orbital,4150000.0,145112000000000.0,0.884,16.05,,,0.0047381818181818,690757500000000.0,687500000000000.0,,,,,,,S2,12000000000.0,0.0,0.0047381818181817525,freq,12000000000.0,r_emit_m,,302971535.4597921,vis_viva_orbital,,,707113.6025254686,707113.6025254686,707113.6025254686,-707113.5977872867,,-707113.5977872867,-707113.5977872867,True,12256358435.577545,,,r_eff <= r_s (1.200e+10 <= 1.226e+10)|v_tot > c (3.030e+08 m/s)
S2 Br-gamma 2010-09-15 | phase=0.60,S-star orbital,4150000.0,145112000000000.0,0.884,16.05,,,0.0044085312225153,456805000000000.0,454800000000000.0,,,,,,,S2,10000000000.0,0.0,0.004408531222515499,freq,10000000000.0,r_emit_m,,331889832.1123754,vis_viva_orbital,,,707113.6025254686,707113.6025254686,707113.6025254686,-707113.5981169373,,-707113.5981169373,-707113.5981169373,True,12256358435.577545,,,r_eff <= r_s (1.000e+10 <= 1.226e+10)|v_tot > c (3.319e+08 m/s)
S2 H-alpha 2010-09-15 | phase=0.60,S-star orbital,4150000.0,145112000000000.0,0.884,16.05,,,0.0054694323144104,690757500000000.0,687000000000000.0,,,,,,,S2,10000000000.0,0.0,0.005469432314410438,freq,10000000000.0,r_emit_m,,331889832.1123754,vis_viva_orbital,,,707113.6025254686,707113.6025254686,707113.6025254686,-707113.5970560362,,-707113.5970560362,-707113.5970560362,True,12256358435.577545,,,r_eff <= r_s (1.000e+10 <= 1.226e+10)|v_tot > c (3.319e+08 m/s)
NED 2002AJ....124..675C 1.40e+09 Hz,nan,6500000000.0,,,,,,0.0042,1405880000.0,1400000000.0,,,1284000.0,1284000.0,0.7998627493097795,,M87,12000000000000.0,0.85266467315053,0.0041999999999999815,freq,12000000000000.0,r_emit_m,1284000.0,1284000.0,original,1284000.0,,0.0042921742778738725,0.0042921742778738725,0.8075880739060703,-0.8033880739060704,,-9.217427787389099e-05,-9.217427787389099e-05,True,19196705983434.707,,,r_eff <= r_s (1.200e+13 <= 1.920e+13)
NED 1981A&AS...45..367K 1.40e+09 Hz,nan,6500000000.0,,,,,,0.0042,1405880000.0,1400000000.0,,,1284000.0,1284000.0,0.7998627493097795,,M87,12000000000000.0,0.85266467315053,0.0041999999999999815,freq,12000000000000.0,r_emit_m,1284000.0,1284000.0,original,1284000.0,,0.0042921742778738725,0.0042921742778738725,0.8075880739060703,-0.8033880739060704,,-9.217427787389099e-05,-9.217427787389099e-05,True,19196705983434.707,,,r_eff <= r_s (1.200e+13 <= 1.920e+13)
NED 1992ApJS...79..331W 1.40e+09 Hz,nan,6500000000.0,,,,,,0.0042,1405880000.0,1400000000.0,,,1284000.0,1284000.0,0.7998627493097795,,M87,12000000000000.0,0.85266467315053,0.0041999999999999815,freq,12000000000000.0,r_emit_m,1284000.0,1284000.0,original,1284000.0,,0.0042921742778738725,0.0042921742778738725,0.8075880739060703,-0.8033880739060704,,-9.217427787389099e-05,-9.217427787389099e-05,True,19196705983434.707,,,r_eff <= r_s (1.200e+13 <= 1.920e+13)
NED 2011ApJ...731L..41B 1.40e+09 Hz,nan,6500000000.0,,,,,,0.0042,1405880000.0,1400000000.0,,,1284000.0,1284000.0,0.7998627493097795,,M87,12000000000000.0,0.85266467315053,0.0041999999999999815,freq,12000000000000.0,r_emit_m,1284000.0,1284000.0,original,1284000.0,,0.0042921742778738725,0.0042921742778738725,0.8075880739060703,-0.8033880739060704,,-9.217427787389099e-05,-9.217427787389099e-05,True,19196705983434.707,,,r_eff <= r_s (1.200e+13 <= 1.920e+13)
NED 1981A&AS...45..367K 1.40e+09 Hz,nan,6500000000.0,,,,,,0.0042,1405880000.0,1400000000.0,,,1284000.0,1284000.0,0.7998627493097795,,M87,12000000000000.0,0.85266467315053,0.0041999999999999815,freq,12000000000000.0,r_emit_m,1284000.0,1284000.0,original,1284000.0,,0.0042921742778738725,0.0042921742778738725,0.8075880739060703,-0.8033880739060704,,-9.217427787389099e-05,-9.217427787389099e-05,True,19196705983434.707,,,r_eff <= r_s (1.200e+13 <= 1.920e+13)
NED 2014MNRAS.440..696A 1.40e+09 Hz,nan,6500000000.0,,,,,,0.0042,1405880000.0,1400000000.0,,,1284000.0,1284000.0,0.7998627493097795,,M87,12000000000000.0,0.85266467315053,0.0041999999999999815,freq,12000000000000.0,r_emit_m,1284000.0,1284000.0,original,1284000.0,,0.0042921742778738725,0.0042921742778738725,0.8075880739060703,-0.8033880739060704,,-9.217427787389099e-05,-9.217427787389099e-05,True,19196705983434.707,,,r_eff <= r_s (1.200e+13 <= 1.920e+13)
NED 2004ApJ...607..800B 1.40e+09 Hz,nan,6500000000.0,,,,,,0.0042,1405880000.0,1400000000.0,,,1284000.0,1284000.0,0.7998627493097795,,M87,12000000000000.0,0.85266467315053,0.0041999999999999815,freq,12000000000000.0,r_emit_m,1284000.0,1284000.0,original,1284000.0,,0.0042921742778738725,0.0042921742778738725,0.8075880739060703,-0.8033880739060704,,-9.217427787389099e-05,-9.217427787389099e-05,True,19196705983434.707,,,r_eff <= r_s (1.200e+13 <= 1.920e+13)
NED 2014MNRAS.440..696A 1.40e+09 Hz,nan,6500000000.0,,,,,,0.0042,1405880000.0,1400000000.0,,,1284000.0,1284000.0,0.7998627493097795,,M87,12000000000000.0,0.85266467315053,0.0041999999999999815,freq,12000000000000.0,r_emit_m,1284000.0,1284000.0,original,1284000.0,,0.0042921742778738725,0.0042921742778738725,0.8075880739060703,-0.8033880739060704,,-9.217427787389099e-05,-9.217427787389099e-05,True,19196705983434.707,,,r_eff <= r_s (1.200e+13 <= 1.920e+13)
NED 1964AJ.....69..277H 1.40e+09 Hz,nan,6500000000.0,,,,,,0.0042,1405880000.0,1400000000.0,,,1284000.0,1284000.0,0.7998627493097795,,M87,12000000000000.0,0.85266467315053,0.0041999999999999815,freq,12000000000000.0,r_emit_m,1284000.0,1284000.0,original,1284000.0,,0.0042921742778738725,0.0042921742778738725,0.8075880739060703,-0.8033880739060704,,-9.217427787389099e-05,-9.217427787389099e-05,True,19196705983434.707,,,r_eff <= r_s (1.200e+13 <= 1.920e+13)
NED 1980MNRAS.190..903L 1.40e+09 Hz,nan,6500000000.0,,,,,,0.0042,1405880000.0,1400000000.0,,,1284000.0,1284000.0,0.7998627493097795,,M87,12000000000000.0,0.85266467315053,0.0041999999999999815,freq,12000000000000.0,r_emit_m,1284000.0,1284000.0,original,1284000.0,,0.0042921742778738725,0.0042921742778738725,0.8075880739060703,-0.8033880739060704,,-9.217427787389099e-05,-9.217427787389099e-05,True,19196705983434.707,,,r_eff <= r_s (1.200e+13 <= 1.920e+13)
NED 1969ApJ...157....1K 1.40e+09 Hz,nan,6500000000.0,,,,,,0.0042,1405880000.0,1400000000.0,,,1284000.0,1284000.0,0.7998627493097795,,M87,12000000000000.0,0.85266467315053,0.0041999999999999815,freq,12000000000000.0,r_emit_m,1284000.0,1284000.0,original,1284000.0,,0.0042921742778738725,0.0042921742778738725,0.8075880739060703,-0.8033880739060704,,-9.217427787389099e-05,-9.217427787389099e-05,True,19196705983434.707,,,r_eff <= r_s (1.200e+13 <= 1.920e+13)
NED 1990PKS90.C...0000W 1.41e+09 Hz,nan,6500000000.0,,,,,,0.0042,1415922000.0,1410000000.0,,,1284000.0,1284000.0,0.7998627493097795,,M87,12000000000000.0,0.85266467315053,0.0041999999999999815,freq,12000000000000.0,r_emit_m,1284000.0,1284000.0,original,1284000.0,,0.0042921742778738725,0.0042921742778738725,0.8075880739060703,-0.8033880739060704,,-9.217427787389099e-05,-9.217427787389099e-05,True,19196705983434.707,,,r_eff <= r_s (1.200e+13 <= 1.920e+13)
NED 2010MNRAS.404..180D 1.47e+09 Hz,nan,6500000000.0,,,,,,0.0042,1476174000.0,1470000000.0,,,1284000.0,1284000.0,0.7998627493097795,,M87,12000000000000.0,0.85266467315053,0.0041999999999999815,freq,12000000000000.0,r_emit_m,1284000.0,1284000.0,original,1284000.0,,0.0042921742778738725,0.0042921742778738725,0.8075880739060703,-0.8033880739060704,,-9.217427787389099e-05,-9.217427787389099e-05,True,19196705983434.707,,,r_eff <= r_s (1.200e+13 <= 1.920e+13)
NED 1978ApJS...36...53D 2.38e+09 Hz,nan,6500000000.0,,,,,,0.0042,2389996000.0,2380000000.0,,,1284000.0,1284000.0,0.7998627493097795,,M87,12000000000000.0,0.85266467315053,0.0041999999999999815,freq,12000000000000.0,r_emit_m,1284000.0,1284000.0,original,1284000.0,,0.0042921742778738725,0.0042921742778738725,0.8075880739060703,-0.8033880739060704,,-9.217427787389099e-05,-9.217427787389099e-05,True,19196705983434.707,,,r_eff <= r_s (1.200e+13 <= 1.920e+13)
NED 1975AuJPA..38....1W 2.65e+09 Hz,nan,6500000000.0,,,,,,0.0042,2661130000.0,2650000000.0,,,1284000.0,1284000.0,0.7998627493097795,,M87,12000000000000.0,0.85266467315053,0.0041999999999999815,freq,12000000000000.0,r_emit_m,1284000.0,1284000.0,original,1284000.0,,0.0042921742778738725,0.0042921742778738725,0.8075880739060703,-0.8033880739060704,,-9.217427787389099e-05,-9.217427787389099e-05,True,19196705983434.707,,,r_eff <= r_s (1.200e+13 <= 1.920e+13)
NED 1981A&AS...45..367K 2.70e+09 Hz,nan,6500000000.0,,,,,,0.0042,2711340000.0,2700000000.0,,,1284000.0,1284000.0,0.7998627493097795,,M87,12000000000000.0,0.85266467315053,0.0041999999999999815,freq,12000000000000.0,r_emit_m,1284000.0,1284000.0,original,1284000.0,,0.0042921742778738725,0.0042921742778738725,0.8075880739060703,-0.8033880739060704,,-9.217427787389099e-05,-9.217427787389099e-05,True,19196705983434.707,,,r_eff <= r_s (1.200e+13 <= 1.920e+13)
NED 1981A&AS...45..367K 2.70e+09 Hz,nan,6500000000.0,,,,,,0.0042,2711340000.0,2700000000.0,,,1284000.0,1284000.0,0.7998627493097795,,M87,12000000000000.0,0.85266467315053,0.0041999999999999815,freq,12000000000000.0,r_emit_m,1284000.0,1284000.0,original,1284000.0,,0.0042921742778738725,0.0042921742778738725,0.8075880739060703,-0.8033880739060704,,-9.217427787389099e-05,-9.217427787389099e-05,True,19196705983434.707,,,r_eff <= r_s (1.200e+13 <= 1.920e+13)
NED 1980MNRAS.190..903L 2.70e+09 Hz,nan,6500000000.0,,,,,,0.0042,2711340000.0,2700000000.0,,,1284000.0,1284000.0,0.7998627493097795,,M87,12000000000000.0,0.85266467315053,0.0041999999999999815,freq,12000000000000.0,r_emit_m,1284000.0,1284000.0,original,1284000.0,,0.0042921742778738725,0.0042921742778738725,0.8075880739060703,-0.8033880739060704,,-9.217427787389099e-05,-9.217427787389099e-05,True,19196705983434.707,,,r_eff <= r_s (1.200e+13 <= 1.920e+13)
NED 1969ApJ...157....1K 2.70e+09 Hz,nan,6500000000.0,,,,,,0.0042,2711340000.0,2700000000.0,,,1284000.0,1284000.0,0.7998627493097795,,M87,12000000000000.0,0.85266467315053,0.0041999999999999815,freq,12000000000000.0,r_emit_m,1284000.0,1284000.0,original,1284000.0,,0.0042921742778738725,0.0042921742778738725,0.8075880739060703,-0.8033880739060704,,-9.217427787389099e-05,-9.217427787389099e-05,True,19196705983434.707,,,r_eff <= r_s (1.200e+13 <= 1.920e+13)
NED 1990PKS90.C...0000W 2.70e+09 Hz,nan,6500000000.0,,,,,,0.0042,2711340000.0,2700000000.0,,,1284000.0,1284000.0,0.7998627493097795,,M87,12000000000000.0,0.85266467315053,0.0041999999999999815,freq,12000000000000.0,r_emit_m,1284000.0,1284000.0,original,1284000.0,,0.0042921742778738725,0.0042921742778738725,0.8075880739060703,-0.8033880739060704,,-9.217427787389099e-05,-9.217427787389099e-05,True,19196705983434.707,,,r_eff <= r_s (1.200e+13 <= 1.920e+13)
NED 1986ApJS...61....1B 4.78e+09 Hz,nan,6500000000.0,,,,,,0.0042,4800076000.0,4780000000.0,,,1284000.0,1284000.0,0.7998627493097795,,M87,12000000000000.0,0.85266467315053,0.0041999999999999815,freq,12000000000000.0,r_emit_m,1284000.0,1284000.0,original,1284000.0,,0.0042921742778738725,0.0042921742778738725,0.8075880739060703,-0.8033880739060704,,-9.217427787389099e-05,-9.217427787389099e-05,True,19196705983434.707,,,r_eff <= r_s (1.200e+13 <= 1.920e+13)
NED 1991ApJS...75....1B 4.85e+09 Hz,nan,6500000000.0,,,,,,0.0042,4870370000.0,4850000000.0,,,1284000.0,1284000.0,0.7998627493097795,,M87,12000000000000.0,0.85266467315053,0.0041999999999999815,freq,12000000000000.0,r_emit_m,1284000.0,1284000.0,original,1284000.0,,0.0042921742778738725,0.0042921742778738725,0.8075880739060703,-0.8033880739060704,,-9.217427787389099e-05,-9.217427787389099e-05,True,19196705983434.707,,,r_eff <= r_s (1.200e+13 <= 1.920e+13)
NED 1991ApJS...75.1011G 4.85e+09 Hz,nan,6500000000.0,,,,,,0.0042,4870370000.0,4850000000.0,,,1284000.0,1284000.0,0.7998627493097795,,M87,12000000000000.0,0.85266467315053,0.0041999999999999815,freq,12000000000000.0,r_emit_m,1284000.0,1284000.0,original,1284000.0,,0.0042921742778738725,0.0042921742778738725,0.8075880739060703,-0.8033880739060704,,-9.217427787389099e-05,-9.217427787389099e-05,True,19196705983434.707,,,r_eff <= r_s (1.200e+13 <= 1.920e+13)
NED 1997A&AS..122..235L 4.89e+09 Hz,nan,6500000000.0,,,,,,0.0042,4910538000.0,4890000000.0,,,1284000.0,1284000.0,0.7998627493097795,,M87,12000000000000.0,0.85266467315053,0.0041999999999999815,freq,12000000000000.0,r_emit_m,1284000.0,1284000.0,original,1284000.0,,0.0042921742778738725,0.0042921742778738725,0.8075880739060703,-0.8033880739060704,,-9.217427787389099e-05,-9.217427787389099e-05,True,19196705983434.707,,,r_eff <= r_s (1.200e+13 <= 1.920e+13)
NED 1969ApJ...157....1K 5.00e+09 Hz,nan,6500000000.0,,,,,,0.0042,5021000000.0,5000000000.0,,,1284000.0,1284000.0,0.7998627493097795,,M87,12000000000000.0,0.85266467315053,0.0041999999999999815,freq,12000000000000.0,r_emit_m,1284000.0,1284000.0,original,1284000.0,,0.0042921742778738725,0.0042921742778738725,0.8075880739060703,-0.8033880739060704,,-9.217427787389099e-05,-9.217427787389099e-05,True,19196705983434.707,,,r_eff <= r_s (1.200e+13 <= 1.920e+13)
NED 1981A&AS...45..367K 5.00e+09 Hz,nan,6500000000.0,,,,,,0.0042,5021000000.0,5000000000.0,,,1284000.0,1284000.0,0.7998627493097795,,M87,12000000000000.0,0.85266467315053,0.0041999999999999815,freq,12000000000000.0,r_emit_m,1284000.0,1284000.0,original,1284000.0,,0.0042921742778738725,0.0042921742778738725,0.8075880739060703,-0.8033880739060704,,-9.217427787389099e-05,-9.217427787389099e-05,True,19196705983434.707,,,r_eff <= r_s (1.200e+13 <= 1.920e+13)
NED 1981A&AS...45..367K 5.00e+09 Hz,nan,6500000000.0,,,,,,0.0042,5021000000.0,5000000000.0,,,1284000.0,1284000.0,0.7998627493097795,,M87,12000000000000.0,0.85266467315053,0.0041999999999999815,freq,12000000000000.0,r_emit_m,1284000.0,1284000.0,original,1284000.0,,0.0042921742778738725,0.0042921742778738725,0.8075880739060703,-0.8033880739060704,,-9.217427787389099e-05,-9.217427787389099e-05,True,19196705983434.707,,,r_eff <= r_s (1.200e+13 <= 1.920e+13)
NED 1990PKS90.C...0000W 5.00e+09 Hz,nan,6500000000.0,,,,,,0.0042,5021000000.0,5000000000.0,,,1284000.0,1284000.0,0.7998627493097795,,M87,12000000000000.0,0.85266467315053,0.0041999999999999815,freq,12000000000000.0,r_emit_m,1284000.0,1284000.0,original,1284000.0,,0.0042921742778738725,0.0042921742778738725,0.8075880739060703,-0.8033880739060704,,-9.217427787389099e-05,-9.217427787389099e-05,True,19196705983434.707,,,r_eff <= r_s (1.200e+13 <= 1.920e+13)
NED 2001ApJ...559L..87N 5.00e+09 Hz,nan,6500000000.0,,,,,,0.0042,5021000000.0,5000000000.0,,,1284000.0,1284000.0,0.7998627493097795,,M87,12000000000000.0,0.85266467315053,0.0041999999999999815,freq,12000000000000.0,r_emit_m,1284000.0,1284000.0,original,1284000.0,,0.0042921742778738725,0.0042921742778738725,0.8075880739060703,-0.8033880739060704,,-9.217427787389099e-05,-9.217427787389099e-05,True,19196705983434.707,,,r_eff <= r_s (1.200e+13 <= 1.920e+13)
NED 2001ApJ...559L..87N 5.00e+09 Hz,nan,6500000000.0,,,,,,0.0042,5021000000.0,5000000000.0,,,1284000.0,1284000.0,0.7998627493097795,,M87,12000000000000.0,0.85266467315053,0.0041999999999999815,freq,12000000000000.0,r_emit_m,1284000.0,1284000.0,original,1284000.0,,0.0042921742778738725,0.0042921742778738725,0.8075880739060703,-0.8033880739060704,,-9.217427787389099e-05,-9.217427787389099e-05,True,19196705983434.707,,,r_eff <= r_s (1.200e+13 <= 1.920e+13)
NED 1980MNRAS.190..903L 5.00e+09 Hz,nan,6500000000.0,,,,,,0.0042,5021000000.0,5000000000.0,,,1284000.0,1284000.0,0.7998627493097795,,M87,12000000000000.0,0.85266467315053,0.0041999999999999815,freq,12000000000000.0,r_emit_m,1284000.0,1284000.0,original,1284000.0,,0.0042921742778738725,0.0042921742778738725,0.8075880739060703,-0.8033880739060704,,-9.217427787389099e-05,-9.217427787389099e-05,True,19196705983434.707,,,r_eff <= r_s (1.200e+13 <= 1.920e+13)
NED 1981A&AS...45..367K 5.01e+09 Hz,nan,6500000000.0,,,,,,0.0042,5031042000.0,5010000000.0,,,1284000.0,1284000.0,0.7998627493097795,,M87,12000000000000.0,0.85266467315053,0.0041999999999999815,freq,12000000000000.0,r_emit_m,1284000.0,1284000.0,original,1284000.0,,0.0042921742778738725,0.0042921742778738725,0.8075880739060703,-0.8033880739060704,,-9.217427787389099e-05,-9.217427787389099e-05,True,19196705983434.707,,,r_eff <= r_s (1.200e+13 <= 1.920e+13)
NED 1981A&AS...45..367K 5.01e+09 Hz,nan,6500000000.0,,,,,,0.0042,5031042000.0,5010000000.0,,,1284000.0,1284000.0,0.7998627493097795,,M87,12000000000000.0,0.85266467315053,0.0041999999999999815,freq,12000000000000.0,r_emit_m,1284000.0,1284000.0,original,1284000.0,,0.0042921742778738725,0.0042921742778738725,0.8075880739060703,-0.8033880739060704,,-9.217427787389099e-05,-9.217427787389099e-05,True,19196705983434.707,,,r_eff <= r_s (1.200e+13 <= 1.920e+13)
NED 1971AJ.....76....1S 8.00e+09 Hz,nan,6500000000.0,,,,,,0.0042,8033600000.0,8000000000.0,,,1284000.0,1284000.0,0.7998627493097795,,M87,12000000000000.0,0.85266467315053,0.0041999999999999815,freq,12000000000000.0,r_emit_m,1284000.0,1284000.0,original,1284000.0,,0.0042921742778738725,0.0042921742778738725,0.8075880739060703,-0.8033880739060704,,-9.217427787389099e-05,-9.217427787389099e-05,True,19196705983434.707,,,r_eff <= r_s (1.200e+13 <= 1.920e+13)
NED 2004ApJ...612..749Z 8.11e+09 Hz,nan,6500000000.0,,,,,,0.0042,8144062000.0,8110000000.0,,,1284000.0,1284000.0,0.7998627493097795,,M87,12000000000000.0,0.85266467315053,0.0041999999999999815,freq,12000000000000.0,r_emit_m,1284000.0,1284000.0,original,1284000.0,,0.0042921742778738725,0.0042921742778738725,0.8075880739060703,-0.8033880739060704,,-9.217427787389099e-05,-9.217427787389099e-05,True,19196705983434.707,,,r_eff <= r_s (1.200e+13 <= 1.920e+13)
NED 2001ApJ...559L..87N 8.40e+09 Hz,nan,6500000000.0,,,,,,0.0042,8435280000.0,8400000000.0,,,1284000.0,1284000.0,0.7998627493097795,,M87,12000000000000.0,0.85266467315053,0.0041999999999999815,freq,12000000000000.0,r_emit_m,1284000.0,1284000.0,original,1284000.0,,0.0042921742778738725,0.0042921742778738725,0.8075880739060703,-0.8033880739060704,,-9.217427787389099e-05,-9.217427787389099e-05,True,19196705983434.707,,,r_eff <= r_s (1.200e+13 <= 1.920e+13)
NED 2001ApJ...559L..87N 8.40e+09 Hz,nan,6500000000.0,,,,,,0.0042,8435280000.0,8400000000.0,,,1284000.0,1284000.0,0.7998627493097795,,M87,12000000000000.0,0.85266467315053,0.0041999999999999815,freq,12000000000000.0,r_emit_m,1284000.0,1284000.0,original,1284000.0,,0.0042921742778738725,0.0042921742778738725,0.8075880739060703,-0.8033880739060704,,-9.217427787389099e-05,-9.217427787389099e-05,True,19196705983434.707,,,r_eff <= r_s (1.200e+13 <= 1.920e+13)
NED 2001ApJ...559L..87N 8.40e+09 Hz,nan,6500000000.0,,,,,,0.0042,8435280000.0,8400000000.0,,,1284000.0,1284000.0,0.7998627493097795,,M87,12000000000000.0,0.85266467315053,0.0041999999999999815,freq,12000000000000.0,r_emit_m,1284000.0,1284000.0,original,1284000.0,,0.0042921742778738725,0.0042921742778738725,0.8075880739060703,-0.8033880739060704,,-9.217427787389099e-05,-9.217427787389099e-05,True,19196705983434.707,,,r_eff <= r_s (1.200e+13 <= 1.920e+13)
NED 2009AJ....138.1990C 8.40e+09 Hz,nan,6500000000.0,,,,,,0.0042,8435280000.0,8400000000.0,,,1284000.0,1284000.0,0.7998627493097795,,M87,12000000000000.0,0.85266467315053,0.0041999999999999815,freq,12000000000000.0,r_emit_m,1284000.0,1284000.0,original,1284000.0,,0.0042921742778738725,0.0042921742778738725,0.8075880739060703,-0.8033880739060704,,-9.217427787389099e-05,-9.217427787389099e-05,True,19196705983434.707,,,r_eff <= r_s (1.200e+13 <= 1.920e+13)
NED 1990PKS90.C...0000W 8.40e+09 Hz,nan,6500000000.0,,,,,,0.0042,8435280000.0,8400000000.0,,,1284000.0,1284000.0,0.7998627493097795,,M87,12000000000000.0,0.85266467315053,0.0041999999999999815,freq,12000000000000.0,r_emit_m,1284000.0,1284000.0,original,1284000.0,,0.0042921742778738725,0.0042921742778738725,0.8075880739060703,-0.8033880739060704,,-9.217427787389099e-05,-9.217427787389099e-05,True,19196705983434.707,,,r_eff <= r_s (1.200e+13 <= 1.920e+13)
NED 2001ApJ...559L..87N 8.40e+09 Hz,nan,6500000000.0,,,,,,0.0042,8435280000.0,8400000000.0,,,1284000.0,1284000.0,0.7998627493097795,,M87,12000000000000.0,0.85266467315053,0.0041999999999999815,freq,12000000000000.0,r_emit_m,1284000.0,1284000.0,original,1284000.0,,0.0042921742778738725,0.0042921742778738725,0.8075880739060703,-0.8033880739060704,,-9.217427787389099e-05,-9.217427787389099e-05,True,19196705983434.707,,,r_eff <= r_s (1.200e+13 <= 1.920e+13)
NED 1973AuJPh..26...93S 8.87e+09 Hz,nan,6500000000.0,,,,,,0.0042,8907254000.0,8870000000.0,,,1284000.0,1284000.0,0.7998627493097795,,M87,12000000000000.0,0.85266467315053,0.0041999999999999815,freq,12000000000000.0,r_emit_m,1284000.0,1284000.0,original,1284000.0,,0.0042921742778738725,0.0042921742778738725,0.8075880739060703,-0.8033880739060704,,-9.217427787389099e-05,-9.217427787389099e-05,True,19196705983434.707,,,r_eff <= r_s (1.200e+13 <= 1.920e+13)
NED 1980MNRAS.190..903L 1.07e+10 Hz,nan,6500000000.0,,,,,,0.0042,10744940000.0,10700000000.0,,,1284000.0,1284000.0,0.7998627493097795,,M87,12000000000000.0,0.85266467315053,0.0041999999999999815,freq,12000000000000.0,r_emit_m,1284000.0,1284000.0,original,1284000.0,,0.0042921742778738725,0.0042921742778738725,0.8075880739060703,-0.8033880739060704,,-9.217427787389099e-05,-9.217427787389099e-05,True,19196705983434.707,,,r_eff <= r_s (1.200e+13 <= 1.920e+13)
NED 1973AJ.....78..828K 1.07e+10 Hz,nan,6500000000.0,,,,,,0.0042,10744940000.0,10700000000.0,,,1284000.0,1284000.0,0.7998627493097795,,M87,12000000000000.0,0.85266467315053,0.0041999999999999815,freq,12000000000000.0,r_emit_m,1284000.0,1284000.0,original,1284000.0,,0.0042921742778738725,0.0042921742778738725,0.8075880739060703,-0.8033880739060704,,-9.217427787389099e-05,-9.217427787389099e-05,True,19196705983434.707,,,r_eff <= r_s (1.200e+13 <= 1.920e+13)
NED 1976AJ.....81.1084G 1.49e+10 Hz,nan,6500000000.0,,,,,,0.0042,14962580000.0,14900000000.0,,,1284000.0,1284000.0,0.7998627493097795,,M87,12000000000000.0,0.85266467315053,0.0041999999999999815,freq,12000000000000.0,r_emit_m,1284000.0,1284000.0,original,1284000.0,,0.0042921742778738725,0.0042921742778738725,0.8075880739060703,-0.8033880739060704,,-9.217427787389099e-05,-9.217427787389099e-05,True,19196705983434.707,,,r_eff <= r_s (1.200e+13 <= 1.920e+13)
NED 1980MNRAS.190..903L 1.49e+10 Hz,nan,6500000000.0,,,,,,0.0042,14962580000.0,14900000000.0,,,1284000.0,1284000.0,0.7998627493097795,,M87,12000000000000.0,0.85266467315053,0.0041999999999999815,freq,12000000000000.0,r_emit_m,1284000.0,1284000.0,original,1284000.0,,0.0042921742778738725,0.0042921742778738725,0.8075880739060703,-0.8033880739060704,,-9.217427787389099e-05,-9.217427787389099e-05,True,19196705983434.707,,,r_eff <= r_s (1.200e+13 <= 1.920e+13)
NED 2010A&A...515A..38C 1.50e+10 Hz,nan,6500000000.0,,,,,,0.0042,15063000000.0,15000000000.0,,,1284000.0,1284000.0,0.7998627493097795,,M87,12000000000000.0,0.85266467315053,0.0041999999999999815,freq,12000000000000.0,r_emit_m,1284000.0,1284000.0,original,1284000.0,,0.0042921742778738725,0.0042921742778738725,0.8075880739060703,-0.8033880739060704,,-9.217427787389099e-05,-9.217427787389099e-05,True,19196705983434.707,,,r_eff <= r_s (1.200e+13 <= 1.920e+13)
NED 2011ApJ...742...27L 1.50e+10 Hz,nan,6500000000.0,,,,,,0.0042,15063000000.0,15000000000.0,,,1284000.0,1284000.0,0.7998627493097795,,M87,12000000000000.0,0.85266467315053,0.0041999999999999815,freq,12000000000000.0,r_emit_m,1284000.0,1284000.0,original,1284000.0,,0.0042921742778738725,0.0042921742778738725,0.8075880739060703,-0.8033880739060704,,-9.217427787389099e-05,-9.217427787389099e-05,True,19196705983434.707,,,r_eff <= r_s (1.200e+13 <= 1.920e+13)
NED 2009MNRAS.396..984G 1.50e+10 Hz,nan,6500000000.0,,,,,,0.0042,15063000000.0,15000000000.0,,,1284000.0,1284000.0,0.7998627493097795,,M87,12000000000000.0,0.85266467315053,0.0041999999999999815,freq,12000000000000.0,r_emit_m,1284000.0,1284000.0,original,1284000.0,,0.0042921742778738725,0.0042921742778738725,0.8075880739060703,-0.8033880739060704,,-9.217427787389099e-05,-9.217427787389099e-05,True,19196705983434.707,,,r_eff <= r_s (1.200e+13 <= 1.920e+13)
NED 2001ApJ...559L..87N 1.50e+10 Hz,nan,6500000000.0,,,,,,0.0042,15063000000.0,15000000000.0,,,1284000.0,1284000.0,0.7998627493097795,,M87,12000000000000.0,0.85266467315053,0.0041999999999999815,freq,12000000000000.0,r_emit_m,1284000.0,1284000.0,original,1284000.0,,0.0042921742778738725,0.0042921742778738725,0.8075880739060703,-0.8033880739060704,,-9.217427787389099e-05,-9.217427787389099e-05,True,19196705983434.707,,,r_eff <= r_s (1.200e+13 <= 1.920e+13)
NED 2015ApJ...810L...9L 1.50e+10 Hz,nan,6500000000.0,,,,,,0.0042,15063000000.0,15000000000.0,,,1284000.0,1284000.0,0.7998627493097795,,M87,12000000000000.0,0.85266467315053,0.0041999999999999815,freq,12000000000000.0,r_emit_m,1284000.0,1284000.0,original,1284000.0,,0.0042921742778738725,0.0042921742778738725,0.8075880739060703,-0.8033880739060704,,-9.217427787389099e-05,-9.217427787389099e-05,True,19196705983434.707,,,r_eff <= r_s (1.200e+13 <= 1.920e+13)
NED 2004ApJ...609..539K 1.50e+10 Hz,nan,6500000000.0,,,,,,0.0042,15063000000.0,15000000000.0,,,1284000.0,1284000.0,0.7998627493097795,,M87,12000000000000.0,0.85266467315053,0.0041999999999999815,freq,12000000000000.0,r_emit_m,1284000.0,1284000.0,original,1284000.0,,0.0042921742778738725,0.0042921742778738725,0.8075880739060703,-0.8033880739060704,,-9.217427787389099e-05,-9.217427787389099e-05,True,19196705983434.707,,,r_eff <= r_s (1.200e+13 <= 1.920e+13)
NED 2011ApJ...742...27L 1.50e+10 Hz,nan,6500000000.0,,,,,,0.0042,15063000000.0,15000000000.0,,,1284000.0,1284000.0,0.7998627493097795,,M87,12000000000000.0,0.85266467315053,0.0041999999999999815,freq,12000000000000.0,r_emit_m,1284000.0,1284000.0,original,1284000.0,,0.0042921742778738725,0.0042921742778738725,0.8075880739060703,-0.8033880739060704,,-9.217427787389099e-05,-9.217427787389099e-05,True,19196705983434.707,,,r_eff <= r_s (1.200e+13 <= 1.920e+13)
NED 2001ApJ...559L..87N 1.50e+10 Hz,nan,6500000000.0,,,,,,0.0042,15063000000.0,15000000000.0,,,1284000.0,1284000.0,0.7998627493097795,,M87,12000000000000.0,0.85266467315053,0.0041999999999999815,freq,12000000000000.0,r_emit_m,1284000.0,1284000.0,original,1284000.0,,0.0042921742778738725,0.0042921742778738725,0.8075880739060703,-0.8033880739060704,,-9.217427787389099e-05,-9.217427787389099e-05,True,19196705983434.707,,,r_eff <= r_s (1.200e+13 <= 1.920e+13)
NED 2014MNRAS.438.3058R 1.50e+10 Hz,nan,6500000000.0,,,,,,0.0042,15063000000.0,15000000000.0,,,1284000.0,1284000.0,0.7998627493097795,,M87,12000000000000.0,0.85266467315053,0.0041999999999999815,freq,12000000000000.0,r_emit_m,1284000.0,1284000.0,original,1284000.0,,0.0042921742778738725,0.0042921742778738725,0.8075880739060703,-0.8033880739060704,,-9.217427787389099e-05,-9.217427787389099e-05,True,19196705983434.707,,,r_eff <= r_s (1.200e+13 <= 1.920e+13)
NED 2001ApJ...559L..87N 1.50e+10 Hz,nan,6500000000.0,,,,,,0.0042,15063000000.0,15000000000.0,,,1284000.0,1284000.0,0.7998627493097795,,M87,12000000000000.0,0.85266467315053,0.0041999999999999815,freq,12000000000000.0,r_emit_m,1284000.0,1284000.0,original,1284000.0,,0.0042921742778738725,0.0042921742778738725,0.8075880739060703,-0.8033880739060704,,-9.217427787389099e-05,-9.217427787389099e-05,True,19196705983434.707,,,r_eff <= r_s (1.200e+13 <= 1.920e+13)
NED 2008ApJ...674..111C 1.50e+10 Hz,nan,6500000000.0,,,,,,0.0042,15063000000.0,15000000000.0,,,1284000.0,1284000.0,0.7998627493097795,,M87,12000000000000.0,0.85266467315053,0.0041999999999999815,freq,12000000000000.0,r_emit_m,1284000.0,1284000.0,original,1284000.0,,0.0042921742778738725,0.0042921742778738725,0.8075880739060703,-0.8033880739060704,,-9.217427787389099e-05,-9.217427787389099e-05,True,19196705983434.707,,,r_eff <= r_s (1.200e+13 <= 1.920e+13)
NED 2005A&A...435..521N 1.50e+10 Hz,nan,6500000000.0,,,,,,0.0042,15063000000.0,15000000000.0,,,1284000.0,1284000.0,0.7998627493097795,,M87,12000000000000.0,0.85266467315053,0.0041999999999999815,freq,12000000000000.0,r_emit_m,1284000.0,1284000.0,original,1284000.0,,0.0042921742778738725,0.0042921742778738725,0.8075880739060703,-0.8033880739060704,,-9.217427787389099e-05,-9.217427787389099e-05,True,19196705983434.707,,,r_eff <= r_s (1.200e+13 <= 1.920e+13)
NED 2001ApJ...559L..87N 1.50e+10 Hz,nan,6500000000.0,,,,,,0.0042,15063000000.0,15000000000.0,,,1284000.0,1284000.0,0.7998627493097795,,M87,12000000000000.0,0.85266467315053,0.0041999999999999815,freq,12000000000000.0,r_emit_m,1284000.0,1284000.0,original,1284000.0,,0.0042921742778738725,0.0042921742778738725,0.8075880739060703,-0.8033880739060704,,-9.217427787389099e-05,-9.217427787389099e-05,True,19196705983434.707,,,r_eff <= r_s (1.200e+13 <= 1.920e+13)
NED 2015ApJ...810L...9L 1.50e+10 Hz,nan,6500000000.0,,,,,,0.0042,15063000000.0,15000000000.0,,,1284000.0,1284000.0,0.7998627493097795,,M87,12000000000000.0,0.85266467315053,0.0041999999999999815,freq,12000000000000.0,r_emit_m,1284000.0,1284000.0,original,1284000.0,,0.0042921742778738725,0.0042921742778738725,0.8075880739060703,-0.8033880739060704,,-9.217427787389099e-05,-9.217427787389099e-05,True,19196705983434.707,,,r_eff <= r_s (1.200e+13 <= 1.920e+13)
NED 2005AJ....130.2473K 1.50e+10 Hz,nan,6500000000.0,,,,,,0.0042,15063000000.0,15000000000.0,,,1284000.0,1284000.0,0.7998627493097795,,M87,12000000000000.0,0.85266467315053,0.0041999999999999815,freq,12000000000000.0,r_emit_m,1284000.0,1284000.0,original,1284000.0,,0.0042921742778738725,0.0042921742778738725,0.8075880739060703,-0.8033880739060704,,-9.217427787389099e-05,-9.217427787389099e-05,True,19196705983434.707,,,r_eff <= r_s (1.200e+13 <= 1.920e+13)
NED 2011ApJS..194...29R 1.50e+10 Hz,nan,6500000000.0,,,,,,0.0042,15063000000.0,15000000000.0,,,1284000.0,1284000.0,0.7998627493097795,,M87,12000000000000.0,0.85266467315053,0.0041999999999999815,freq,12000000000000.0,r_emit_m,1284000.0,1284000.0,original,1284000.0,,0.0042921742778738725,0.0042921742778738725,0.8075880739060703,-0.8033880739060704,,-9.217427787389099e-05,-9.217427787389099e-05,True,19196705983434.707,,,r_eff <= r_s (1.200e+13 <= 1.920e+13)
NED 2004ApJ...612..749Z 1.51e+10 Hz,nan,6500000000.0,,,,,,0.0042,15163420000.0,15100000000.0,,,1284000.0,1284000.0,0.7998627493097795,,M87,12000000000000.0,0.85266467315053,0.0041999999999999815,freq,12000000000000.0,r_emit_m,1284000.0,1284000.0,original,1284000.0,,0.0042921742778738725,0.0042921742778738725,0.8075880739060703,-0.8033880739060704,,-9.217427787389099e-05,-9.217427787389099e-05,True,19196705983434.707,,,r_eff <= r_s (1.200e+13 <= 1.920e+13)
NED 2005AJ....130.1389L 1.54e+10 Hz,nan,6500000000.0,,,,,,0.0042,15464680000.0,15400000000.0,,,1284000.0,1284000.0,0.7998627493097795,,M87,12000000000000.0,0.85266467315053,0.0041999999999999815,freq,12000000000000.0,r_emit_m,1284000.0,1284000.0,original,1284000.0,,0.0042921742778738725,0.0042921742778738725,0.8075880739060703,-0.8033880739060704,,-9.217427787389099e-05,-9.217427787389099e-05,True,19196705983434.707,,,r_eff <= r_s (1.200e+13 <= 1.920e+13)
NED 2009MNRAS.400..984D 1.61e+10 Hz,nan,6500000000.0,,,,,,0.0042,16167620000.0,16100000000.0,,,1284000.0,1284000.0,0.7998627493097795,,M87,12000000000000.0,0.85266467315053,0.0041999999999999815,freq,12000000000000.0,r_emit_m,1284000.0,1284000.0,original,1284000.0,,0.0042921742778738725,0.0042921742778738725,0.8075880739060703,-0.8033880739060704,,-9.217427787389099e-05,-9.217427787389099e-05,True,19196705983434.707,,,r_eff <= r_s (1.200e+13 <= 1.920e+13)
NED 2017ApJS..228...22L 2.17e+10 Hz,nan,6500000000.0,,,,,,0.0042,21791140000.0,21700000000.0,,,1284000.0,1284000.0,0.7998627493097795,,M87,12000000000000.0,0.85266467315053,0.0041999999999999815,freq,12000000000000.0,r_emit_m,1284000.0,1284000.0,original,1284000.0,,0.0042921742778738725,0.0042921742778738725,0.8075880739060703,-0.8033880739060704,,-9.217427787389099e-05,-9.217427787389099e-05,True,19196705983434.707,,,r_eff <= r_s (1.200e+13 <= 1.920e+13)
NED 2017ApJS..228...22L 2.17e+10 Hz,nan,6500000000.0,,,,,,0.0042,21791140000.0,21700000000.0,,,1284000.0,1284000.0,0.7998627493097795,,M87,12000000000000.0,0.85266467315053,0.0041999999999999815,freq,12000000000000.0,r_emit_m,1284000.0,1284000.0,original,1284000.0,,0.0042921742778738725,0.0042921742778738725,0.8075880739060703,-0.8033880739060704,,-9.217427787389099e-05,-9.217427787389099e-05,True,19196705983434.707,,,r_eff <= r_s (1.200e+13 <= 1.920e+13)
NED 1990PKS90.C...0000W 2.20e+10 Hz,nan,6500000000.0,,,,,,0.0042,22092400000.0,22000000000.0,,,1284000.0,1284000.0,0.7998627493097795,,M87,12000000000000.0,0.85266467315053,0.0041999999999999815,freq,12000000000000.0,r_emit_m,1284000.0,1284000.0,original,1284000.0,,0.0042921742778738725,0.0042921742778738725,0.8075880739060703,-0.8033880739060704,,-9.217427787389099e-05,-9.217427787389099e-05,True,19196705983434.707,,,r_eff <= r_s (1.200e+13 <= 1.920e+13)
NED 2007AJ....133.2487P 2.20e+10 Hz,nan,6500000000.0,,,,,,0.0042,22092400000.0,22000000000.0,,,1284000.0,1284000.0,0.7998627493097795,,M87,12000000000000.0,0.85266467315053,0.0041999999999999815,freq,12000000000000.0,r_emit_m,1284000.0,1284000.0,original,1284000.0,,0.0042921742778738725,0.0042921742778738725,0.8075880739060703,-0.8033880739060704,,-9.217427787389099e-05,-9.217427787389099e-05,True,19196705983434.707,,,r_eff <= r_s (1.200e+13 <= 1.920e+13)
NED 2007AJ....133.2487P 2.20e+10 Hz,nan,6500000000.0,,,,,,0.0042,22092400000.0,22000000000.0,,,1284000.0,1284000.0,0.7998627493097795,,M87,12000000000000.0,0.85266467315053,0.0041999999999999815,freq,12000000000000.0,r_emit_m,1284000.0,1284000.0,original,1284000.0,,0.0042921742778738725,0.0042921742778738725,0.8075880739060703,-0.8033880739060704,,-9.217427787389099e-05,-9.217427787389099e-05,True,19196705983434.707,,,r_eff <= r_s (1.200e+13 <= 1.920e+13)
NED 2009ApJS..180..283W 2.30e+10 Hz,nan,6500000000.0,,,,,,0.0042,23096600000.0,23000000000.0,,,1284000.0,1284000.0,0.7998627493097795,,M87,12000000000000.0,0.85266467315053,0.0041999999999999815,freq,12000000000000.0,r_emit_m,1284000.0,1284000.0,original,1284000.0,,0.0042921742778738725,0.0042921742778738725,0.8075880739060703,-0.8033880739060704,,-9.217427787389099e-05,-9.217427787389099e-05,True,19196705983434.707,,,r_eff <= r_s (1.200e+13 <= 1.920e+13)
NED 2003ApJS..148...97B 2.30e+10 Hz,nan,6500000000.0,,,,,,0.0042,23096600000.0,23000000000.0,,,1284000.0,1284000.0,0.7998627493097795,,M87,12000000000000.0,0.85266467315053,0.0041999999999999815,freq,12000000000000.0,r_emit_m,1284000.0,1284000.0,original,1284000.0,,0.0042921742778738725,0.0042921742778738725,0.8075880739060703,-0.8033880739060704,,-9.217427787389099e-05,-9.217427787389099e-05,True,19196705983434.707,,,r_eff <= r_s (1.200e+13 <= 1.920e+13)
NED 2011ApJS..192...15G 2.30e+10 Hz,nan,6500000000.0,,,,,,0.0042,23096600000.0,23000000000.0,,,1284000.0,1284000.0,0.7998627493097795,,M87,12000000000000.0,0.85266467315053,0.0041999999999999815,freq,12000000000000.0,r_emit_m,1284000.0,1284000.0,original,1284000.0,,0.0042921742778738725,0.0042921742778738725,0.8075880739060703,-0.8033880739060704,,-9.217427787389099e-05,-9.217427787389099e-05,True,19196705983434.707,,,r_eff <= r_s (1.200e+13 <= 1.920e+13)
NED 1975ApJ...196..347H 3.16e+10 Hz,nan,6500000000.0,,,,,,0.0042,31732720000.0,31600000000.0,,,1284000.0,1284000.0,0.7998627493097795,,M87,12000000000000.0,0.85266467315053,0.0041999999999999815,freq,12000000000000.0,r_emit_m,1284000.0,1284000.0,original,1284000.0,,0.0042921742778738725,0.0042921742778738725,0.8075880739060703,-0.8033880739060704,,-9.217427787389099e-05,-9.217427787389099e-05,True,19196705983434.707,,,r_eff <= r_s (1.200e+13 <= 1.920e+13)
NED 2009MNRAS.400..984D 3.30e+10 Hz,nan,6500000000.0,,,,,,0.0042,33138600000.0,33000000000.0,,,1284000.0,1284000.0,0.7998627493097795,,M87,12000000000000.0,0.85266467315053,0.0041999999999999815,freq,12000000000000.0,r_emit_m,1284000.0,1284000.0,original,1284000.0,,0.0042921742778738725,0.0042921742778738725,0.8075880739060703,-0.8033880739060704,,-9.217427787389099e-05,-9.217427787389099e-05,True,19196705983434.707,,,r_eff <= r_s (1.200e+13 <= 1.920e+13)
NED 2003ApJS..148...97B 3.30e+10 Hz,nan,6500000000.0,,,,,,0.0042,33138600000.0,33000000000.0,,,1284000.0,1284000.0,0.7998627493097795,,M87,12000000000000.0,0.85266467315053,0.0041999999999999815,freq,12000000000000.0,r_emit_m,1284000.0,1284000.0,original,1284000.0,,0.0042921742778738725,0.0042921742778738725,0.8075880739060703,-0.8033880739060704,,-9.217427787389099e-05,-9.217427787389099e-05,True,19196705983434.707,,,r_eff <= r_s (1.200e+13 <= 1.920e+13)
NED 2011ApJS..192...15G 3.30e+10 Hz,nan,6500000000.0,,,,,,0.0042,33138600000.0,33000000000.0,,,1284000.0,1284000.0,0.7998627493097795,,M87,12000000000000.0,0.85266467315053,0.0041999999999999815,freq,12000000000000.0,r_emit_m,1284000.0,1284000.0,original,1284000.0,,0.0042921742778738725,0.0042921742778738725,0.8075880739060703,-0.8033880739060704,,-9.217427787389099e-05,-9.217427787389099e-05,True,19196705983434.707,,,r_eff <= r_s (1.200e+13 <= 1.920e+13)
NED 2009ApJS..180..283W 3.30e+10 Hz,nan,6500000000.0,,,,,,0.0042,33138600000.0,33000000000.0,,,1284000.0,1284000.0,0.7998627493097795,,M87,12000000000000.0,0.85266467315053,0.0041999999999999815,freq,12000000000000.0,r_emit_m,1284000.0,1284000.0,original,1284000.0,,0.0042921742778738725,0.0042921742778738725,0.8075880739060703,-0.8033880739060704,,-9.217427787389099e-05,-9.217427787389099e-05,True,19196705983434.707,,,r_eff <= r_s (1.200e+13 <= 1.920e+13)
NED 2011A&A...536A..15P 3.68e+10 Hz,nan,6500000000.0,,,,,,0.0042,36954560000.0,36800000000.0,,,1284000.0,1284000.0,0.7998627493097795,,M87,12000000000000.0,0.85266467315053,0.0041999999999999815,freq,12000000000000.0,r_emit_m,1284000.0,1284000.0,original,1284000.0,,0.0042921742778738725,0.0042921742778738725,0.8075880739060703,-0.8033880739060704,,-9.217427787389099e-05,-9.217427787389099e-05,True,19196705983434.707,,,r_eff <= r_s (1.200e+13 <= 1.920e+13)
NED 2011A&A...535A..69N 3.70e+10 Hz,nan,6500000000.0,,,,,,0.0042,37155400000.0,37000000000.0,,,1284000.0,1284000.0,0.7998627493097795,,M87,12000000000000.0,0.85266467315053,0.0041999999999999815,freq,12000000000000.0,r_emit_m,1284000.0,1284000.0,original,1284000.0,,0.0042921742778738725,0.0042921742778738725,0.8075880739060703,-0.8033880739060704,,-9.217427787389099e-05,-9.217427787389099e-05,True,19196705983434.707,,,r_eff <= r_s (1.200e+13 <= 1.920e+13)
NED 2009MNRAS.392..733M 4.10e+10 Hz,nan,6500000000.0,,,,,,0.0042,41172200000.0,41000000000.0,,,1284000.0,1284000.0,0.7998627493097795,,M87,12000000000000.0,0.85266467315053,0.0041999999999999815,freq,12000000000000.0,r_emit_m,1284000.0,1284000.0,original,1284000.0,,0.0042921742778738725,0.0042921742778738725,0.8075880739060703,-0.8033880739060704,,-9.217427787389099e-05,-9.217427787389099e-05,True,19196705983434.707,,,r_eff <= r_s (1.200e+13 <= 1.920e+13)
NED 2003ApJS..148...97B 4.10e+10 Hz,nan,6500000000.0,,,,,,0.0042,41172200000.0,41000000000.0,,,1284000.0,1284000.0,0.7998627493097795,,M87,12000000000000.0,0.85266467315053,0.0041999999999999815,freq,12000000000000.0,r_emit_m,1284000.0,1284000.0,original,1284000.0,,0.0042921742778738725,0.0042921742778738725,0.8075880739060703,-0.8033880739060704,,-9.217427787389099e-05,-9.217427787389099e-05,True,19196705983434.707,,,r_eff <= r_s (1.200e+13 <= 1.920e+13)
NED 2011ApJS..192...15G 4.10e+10 Hz,nan,6500000000.0,,,,,,0.0042,41172200000.0,41000000000.0,,,1284000.0,1284000.0,0.7998627493097795,,M87,12000000000000.0,0.85266467315053,0.0041999999999999815,freq,12000000000000.0,r_emit_m,1284000.0,1284000.0,original,1284000.0,,0.0042921742778738725,0.0042921742778738725,0.8075880739060703,-0.8033880739060704,,-9.217427787389099e-05,-9.217427787389099e-05,True,19196705983434.707,,,r_eff <= r_s (1.200e+13 <= 1.920e+13)
NED 2009ApJS..180..283W 4.10e+10 Hz,nan,6500000000.0,,,,,,0.0042,41172200000.0,41000000000.0,,,1284000.0,1284000.0,0.7998627493097795,,M87,12000000000000.0,0.85266467315053,0.0041999999999999815,freq,12000000000000.0,r_emit_m,1284000.0,1284000.0,original,1284000.0,,0.0042921742778738725,0.0042921742778738725,0.8075880739060703,-0.8033880739060704,,-9.217427787389099e-05,-9.217427787389099e-05,True,19196705983434.707,,,r_eff <= r_s (1.200e+13 <= 1.920e+13)
NED 2009A&A...508..107G 4.10e+10 Hz,nan,6500000000.0,,,,,,0.0042,41172200000.0,41000000000.0,,,1284000.0,1284000.0,0.7998627493097795,,M87,12000000000000.0,0.85266467315053,0.0041999999999999815,freq,12000000000000.0,r_emit_m,1284000.0,1284000.0,original,1284000.0,,0.0042921742778738725,0.0042921742778738725,0.8075880739060703,-0.8033880739060704,,-9.217427787389099e-05,-9.217427787389099e-05,True,19196705983434.707,,,r_eff <= r_s (1.200e+13 <= 1.920e+13)
NED 2009ApJ...694..222C 4.10e+10 Hz,nan,6500000000.0,,,,,,0.0042,41172200000.0,41000000000.0,,,1284000.0,1284000.0,0.7998627493097795,,M87,12000000000000.0,0.85266467315053,0.0041999999999999815,freq,12000000000000.0,r_emit_m,1284000.0,1284000.0,original,1284000.0,,0.0042921742778738725,0.0042921742778738725,0.8075880739060703,-0.8033880739060704,,-9.217427787389099e-05,-9.217427787389099e-05,True,19196705983434.707,,,r_eff <= r_s (1.200e+13 <= 1.920e+13)
NED 2017ApJS..228...22L 4.24e+10 Hz,nan,6500000000.0,,,,,,0.0042,42578080000.0,42400000000.0,,,1284000.0,1284000.0,0.7998627493097795,,M87,12000000000000.0,0.85266467315053,0.0041999999999999815,freq,12000000000000.0,r_emit_m,1284000.0,1284000.0,original,1284000.0,,0.0042921742778738725,0.0042921742778738725,0.8075880739060703,-0.8033880739060704,,-9.217427787389099e-05,-9.217427787389099e-05,True,19196705983434.707,,,r_eff <= r_s (1.200e+13 <= 1.920e+13)
NED 2017ApJS..228...22L 4.24e+10 Hz,nan,6500000000.0,,,,,,0.0042,42578080000.0,42400000000.0,,,1284000.0,1284000.0,0.7998627493097795,,M87,12000000000000.0,0.85266467315053,0.0041999999999999815,freq,12000000000000.0,r_emit_m,1284000.0,1284000.0,original,1284000.0,,0.0042921742778738725,0.0042921742778738725,0.8075880739060703,-0.8033880739060704,,-9.217427787389099e-05,-9.217427787389099e-05,True,19196705983434.707,,,r_eff <= r_s (1.200e+13 <= 1.920e+13)
NED 2011ApJS..192...15G 6.10e+10 Hz,nan,6500000000.0,,,,,,0.0042,61256200000.0,61000000000.0,,,1284000.0,1284000.0,0.7998627493097795,,M87,12000000000000.0,0.85266467315053,0.0041999999999999815,freq,12000000000000.0,r_emit_m,1284000.0,1284000.0,original,1284000.0,,0.0042921742778738725,0.0042921742778738725,0.8075880739060703,-0.8033880739060704,,-9.217427787389099e-05,-9.217427787389099e-05,True,19196705983434.707,,,r_eff <= r_s (1.200e+13 <= 1.920e+13)
NED 2003ApJS..148...97B 6.10e+10 Hz,nan,6500000000.0,,,,,,0.0042,61256200000.0,61000000000.0,,,1284000.0,1284000.0,0.7998627493097795,,M87,12000000000000.0,0.85266467315053,0.0041999999999999815,freq,12000000000000.0,r_emit_m,1284000.0,1284000.0,original,1284000.0,,0.0042921742778738725,0.0042921742778738725,0.8075880739060703,-0.8033880739060704,,-9.217427787389099e-05,-9.217427787389099e-05,True,19196705983434.707,,,r_eff <= r_s (1.200e+13 <= 1.920e+13)
NED 2009ApJ...694..222C 6.10e+10 Hz,nan,6500000000.0,,,,,,0.0042,61256200000.0,61000000000.0,,,1284000.0,1284000.0,0.7998627493097795,,M87,12000000000000.0,0.85266467315053,0.0041999999999999815,freq,12000000000000.0,r_emit_m,1284000.0,1284000.0,original,1284000.0,,0.0042921742778738725,0.0042921742778738725,0.8075880739060703,-0.8033880739060704,,-9.217427787389099e-05,-9.217427787389099e-05,True,19196705983434.707,,,r_eff <= r_s (1.200e+13 <= 1.920e+13)
NED 2008ApJ...681..747C 6.10e+10 Hz,nan,6500000000.0,,,,,,0.0042,61256200000.0,61000000000.0,,,1284000.0,1284000.0,0.7998627493097795,,M87,12000000000000.0,0.85266467315053,0.0041999999999999815,freq,12000000000000.0,r_emit_m,1284000.0,1284000.0,original,1284000.0,,0.0042921742778738725,0.0042921742778738725,0.8075880739060703,-0.8033880739060704,,-9.217427787389099e-05,-9.217427787389099e-05,True,19196705983434.707,,,r_eff <= r_s (1.200e+13 <= 1.920e+13)
NED 2009ApJS..180..283W 6.10e+10 Hz,nan,6500000000.0,,,,,,0.0042,61256200000.0,61000000000.0,,,1284000.0,1284000.0,0.7998627493097795,,M87,12000000000000.0,0.85266467315053,0.0041999999999999815,freq,12000000000000.0,r_emit_m,1284000.0,1284000.0,original,1284000.0,,0.0042921742778738725,0.0042921742778738725,0.8075880739060703,-0.8033880739060704,,-9.217427787389099e-05,-9.217427787389099e-05,True,19196705983434.707,,,r_eff <= r_s (1.200e+13 <= 1.920e+13)
NED 1987A&AS...71..125T 7.70e+10 Hz,nan,6500000000.0,,,,,,0.0042,77323400000.0,77000000000.0,,,1284000.0,1284000.0,0.7998627493097795,,M87,12000000000000.0,0.85266467315053,0.0041999999999999815,freq,12000000000000.0,r_emit_m,1284000.0,1284000.0,original,1284000.0,,0.0042921742778738725,0.0042921742778738725,0.8075880739060703,-0.8033880739060704,,-9.217427787389099e-05,-9.217427787389099e-05,True,19196705983434.707,,,r_eff <= r_s (1.200e+13 <= 1.920e+13)
NED 1975ApJ...196..347H 8.57e+10 Hz,nan,6500000000.0,,,,,,0.0042,86059940000.0,85700000000.0,,,1284000.0,1284000.0,0.7998627493097795,,M87,12000000000000.0,0.85266467315053,0.0041999999999999815,freq,12000000000000.0,r_emit_m,1284000.0,1284000.0,original,1284000.0,,0.0042921742778738725,0.0042921742778738725,0.8075880739060703,-0.8033880739060704,,-9.217427787389099e-05,-9.217427787389099e-05,True,19196705983434.707,,,r_eff <= r_s (1.200e+13 <= 1.920e+13)
NED 2008AJ....136..159L 8.60e+10 Hz,nan,6500000000.0,,,,,,0.0042,86361200000.0,86000000000.0,,,1284000.0,1284000.0,0.7998627493097795,,M87,12000000000000.0,0.85266467315053,0.0041999999999999815,freq,12000000000000.0,r_emit_m,1284000.0,1284000.0,original,1284000.0,,0.0042921742778738725,0.0042921742778738725,0.8075880739060703,-0.8033880739060704,,-9.217427787389099e-05,-9.217427787389099e-05,True,19196705983434.707,,,r_eff <= r_s (1.200e+13 <= 1.920e+13)
NED 2010ApJS..189....1A 8.60e+10 Hz,nan,6500000000.0,,,,,,0.0042,86361200000.0,86000000000.0,,,1284000.0,1284000.0,0.7998627493097795,,M87,12000000000000.0,0.85266467315053,0.0041999999999999815,freq,12000000000000.0,r_emit_m,1284000.0,1284000.0,original,1284000.0,,0.0042921742778738725,0.0042921742778738725,0.8075880739060703,-0.8033880739060704,,-9.217427787389099e-05,-9.217427787389099e-05,True,19196705983434.707,,,r_eff <= r_s (1.200e+13 <= 1.920e+13)
NED 2014A&A...566A..59A 8.62e+10 Hz,nan,6500000000.0,,,,,,0.0042,86562040000.0,86200000000.0,,,1284000.0,1284000.0,0.7998627493097795,,M87,12000000000000.0,0.85266467315053,0.0041999999999999815,freq,12000000000000.0,r_emit_m,1284000.0,1284000.0,original,1284000.0,,0.0042921742778738725,0.0042921742778738725,0.8075880739060703,-0.8033880739060704,,-9.217427787389099e-05,-9.217427787389099e-05,True,19196705983434.707,,,r_eff <= r_s (1.200e+13 <= 1.920e+13)
NED 2005MNRAS.363..692D 8.90e+10 Hz,nan,6500000000.0,,,,,,0.0042,89373800000.0,89000000000.0,,,1284000.0,1284000.0,0.7998627493097795,,M87,12000000000000.0,0.85266467315053,0.0041999999999999815,freq,12000000000000.0,r_emit_m,1284000.0,1284000.0,original,1284000.0,,0.0042921742778738725,0.0042921742778738725,0.8075880739060703,-0.8033880739060704,,-9.217427787389099e-05,-9.217427787389099e-05,True,19196705983434.707,,,r_eff <= r_s (1.200e+13 <= 1.920e+13)
NED 1981AJ.....86.1306G 8.96e+10 Hz,nan,6500000000.0,,,,,,0.0042,89976320000.0,89600000000.0,,,1284000.0,1284000.0,0.7998627493097795,,M87,12000000000000.0,0.85266467315053,0.0041999999999999815,freq,12000000000000.0,r_emit_m,1284000.0,1284000.0,original,1284000.0,,0.0042921742778738725,0.0042921742778738725,0.8075880739060703,-0.8033880739060704,,-9.217427787389099e-05,-9.217427787389099e-05,True,19196705983434.707,,,r_eff <= r_s (1.200e+13 <= 1.920e+13)
NED 2009ApJ...701.1872C 9.00e+10 Hz,nan,6500000000.0,,,,,,0.0042,90378000000.0,90000000000.0,,,1284000.0,1284000.0,0.7998627493097795,,M87,12000000000000.0,0.85266467315053,0.0041999999999999815,freq,12000000000000.0,r_emit_m,1284000.0,1284000.0,original,1284000.0,,0.0042921742778738725,0.0042921742778738725,0.8075880739060703,-0.8033880739060704,,-9.217427787389099e-05,-9.217427787389099e-05,True,19196705983434.707,,,r_eff <= r_s (1.200e+13 <= 1.920e+13)
NED 2009ApJS..180..283W 9.40e+10 Hz,nan,6500000000.0,,,,,,0.0042,94394800000.0,94000000000.0,,,1284000.0,1284000.0,0.7998627493097795,,M87,12000000000000.0,0.85266467315053,0.0041999999999999815,freq,12000000000000.0,r_emit_m,1284000.0,1284000.0,original,1284000.0,,0.0042921742778738725,0.0042921742778738725,0.8075880739060703,-0.8033880739060704,,-9.217427787389099e-05,-9.217427787389099e-05,True,19196705983434.707,,,r_eff <= r_s (1.200e+13 <= 1.920e+13)
NED 2011ApJS..192...15G 9.40e+10 Hz,nan,6500000000.0,,,,,,0.0042,94394800000.0,94000000000.0,,,1284000.0,1284000.0,0.7998627493097795,,M87,12000000000000.0,0.85266467315053,0.0041999999999999815,freq,12000000000000.0,r_emit_m,1284000.0,1284000.0,original,1284000.0,,0.0042921742778738725,0.0042921742778738725,0.8075880739060703,-0.8033880739060704,,-9.217427787389099e-05,-9.217427787389099e-05,True,19196705983434.707,,,r_eff <= r_s (1.200e+13 <= 1.920e+13)
NED 2009ApJ...694..222C 9.40e+10 Hz,nan,6500000000.0,,,,,,0.0042,94394800000.0,94000000000.0,,,1284000.0,1284000.0,0.7998627493097795,,M87,12000000000000.0,0.85266467315053,0.0041999999999999815,freq,12000000000000.0,r_emit_m,1284000.0,1284000.0,original,1284000.0,,0.0042921742778738725,0.0042921742778738725,0.8075880739060703,-0.8033880739060704,,-9.217427787389099e-05,-9.217427787389099e-05,True,19196705983434.707,,,r_eff <= r_s (1.200e+13 <= 1.920e+13)
NED 2003ApJS..148...97B 9.40e+10 Hz,nan,6500000000.0,,,,,,0.0042,94394800000.0,94000000000.0,,,1284000.0,1284000.0,0.7998627493097795,,M87,12000000000000.0,0.85266467315053,0.0041999999999999815,freq,12000000000000.0,r_emit_m,1284000.0,1284000.0,original,1284000.0,,0.0042921742778738725,0.0042921742778738725,0.8075880739060703,-0.8033880739060704,,-9.217427787389099e-05,-9.217427787389099e-05,True,19196705983434.707,,,r_eff <= r_s (1.200e+13 <= 1.920e+13)
NED 2010A&A...518A...9O 9.99e+10 Hz,nan,6500000000.0,,,,,,0.0042,100319580000.0,99900000000.0,,,1284000.0,1284000.0,0.7998627493097795,,M87,12000000000000.0,0.85266467315053,0.0041999999999999815,freq,12000000000000.0,r_emit_m,1284000.0,1284000.0,original,1284000.0,,0.0042921742778738725,0.0042921742778738725,0.8075880739060703,-0.8033880739060704,,-9.217427787389099e-05,-9.217427787389099e-05,True,19196705983434.707,,,r_eff <= r_s (1.200e+13 <= 1.920e+13)
NED 1998AJ....116....8L 1.00e+11 Hz,nan,6500000000.0,,,,,,0.0042,100420000000.0,100000000000.0,,,1284000.0,1284000.0,0.7998627493097795,,M87,12000000000000.0,0.85266467315053,0.0041999999999999815,freq,12000000000000.0,r_emit_m,1284000.0,1284000.0,original,1284000.0,,0.0042921742778738725,0.0042921742778738725,0.8075880739060703,-0.8033880739060704,,-9.217427787389099e-05,-9.217427787389099e-05,True,19196705983434.707,,,r_eff <= r_s (1.200e+13 <= 1.920e+13)
NED 1998AJ....116....8L 1.00e+11 Hz,nan,6500000000.0,,,,,,0.0042,100420000000.0,100000000000.0,,,1284000.0,1284000.0,0.7998627493097795,,M87,12000000000000.0,0.85266467315053,0.0041999999999999815,freq,12000000000000.0,r_emit_m,1284000.0,1284000.0,original,1284000.0,,0.0042921742778738725,0.0042921742778738725,0.8075880739060703,-0.8033880739060704,,-9.217427787389099e-05,-9.217427787389099e-05,True,19196705983434.707,,,r_eff <= r_s (1.200e+13 <= 1.920e+13)
NED 2014A&A...566A..59A 2.29e+11 Hz,nan,6500000000.0,,,,,,0.0042,229961800000.0,229000000000.0,,,1284000.0,1284000.0,0.7998627493097795,,M87,12000000000000.0,0.85266467315053,0.0041999999999999815,freq,12000000000000.0,r_emit_m,1284000.0,1284000.0,original,1284000.0,,0.0042921742778738725,0.0042921742778738725,0.8075880739060703,-0.8033880739060704,,-9.217427787389099e-05,-9.217427787389099e-05,True,19196705983434.707,,,r_eff <= r_s (1.200e+13 <= 1.920e+13)
NED 2010A&A...518A...9O 3.00e+11 Hz,nan,6500000000.0,,,,,,0.0042,301260000000.0,300000000000.0,,,1284000.0,1284000.0,0.7998627493097795,,M87,12000000000000.0,0.85266467315053,0.0041999999999999815,freq,12000000000000.0,r_emit_m,1284000.0,1284000.0,original,1284000.0,,0.0042921742778738725,0.0042921742778738725,0.8075880739060703,-0.8033880739060704,,-9.217427787389099e-05,-9.217427787389099e-05,True,19196705983434.707,,,r_eff <= r_s (1.200e+13 <= 1.920e+13)
NED 2010A&A...518L..53B 6.00e+11 Hz,nan,6500000000.0,,,,,,0.0042,602520000000.0,600000000000.0,,,1284000.0,1284000.0,0.7998627493097795,,M87,12000000000000.0,0.85266467315053,0.0041999999999999815,freq,12000000000000.0,r_emit_m,1284000.0,1284000.0,original,1284000.0,,0.0042921742778738725,0.0042921742778738725,0.8075880739060703,-0.8033880739060704,,-9.217427787389099e-05,-9.217427787389099e-05,True,19196705983434.707,,,r_eff <= r_s (1.200e+13 <= 1.920e+13)
NED 2014ApJ...783..135A 6.00e+11 Hz,nan,6500000000.0,,,,,,0.0042,602520000000.0,600000000000.0,,,1284000.0,1284000.0,0.7998627493097795,,M87,12000000000000.0,0.85266467315053,0.0041999999999999815,freq,12000000000000.0,r_emit_m,1284000.0,1284000.0,original,1284000.0,,0.0042921742778738725,0.0042921742778738725,0.8075880739060703,-0.8033880739060704,,-9.217427787389099e-05,-9.217427787389099e-05,True,19196705983434.707,,,r_eff <= r_s (1.200e+13 <= 1.920e+13)
NED 2010A&A...518L..53B 8.57e+11 Hz,nan,6500000000.0,,,,,,0.0042,860599400000.0,857000000000.0,,,1284000.0,1284000.0,0.7998627493097795,,M87,12000000000000.0,0.85266467315053,0.0041999999999999815,freq,12000000000000.0,r_emit_m,1284000.0,1284000.0,original,1284000.0,,0.0042921742778738725,0.0042921742778738725,0.8075880739060703,-0.8033880739060704,,-9.217427787389099e-05,-9.217427787389099e-05,True,19196705983434.707,,,r_eff <= r_s (1.200e+13 <= 1.920e+13)
NED 2014ApJ...783..135A 8.57e+11 Hz,nan,6500000000.0,,,,,,0.0042,860599400000.0,857000000000.0,,,1284000.0,1284000.0,0.7998627493097795,,M87,12000000000000.0,0.85266467315053,0.0041999999999999815,freq,12000000000000.0,r_emit_m,1284000.0,1284000.0,original,1284000.0,,0.0042921742778738725,0.0042921742778738725,0.8075880739060703,-0.8033880739060704,,-9.217427787389099e-05,-9.217427787389099e-05,True,19196705983434.707,,,r_eff <= r_s (1.200e+13 <= 1.920e+13)
NED 2014ApJ...783..135A 1.20e+12 Hz,nan,6500000000.0,,,,,,0.0042,1205040000000.0,1200000000000.0,,,1284000.0,1284000.0,0.7998627493097795,,M87,12000000000000.0,0.85266467315053,0.0041999999999999815,freq,12000000000000.0,r_emit_m,1284000.0,1284000.0,original,1284000.0,,0.0042921742778738725,0.0042921742778738725,0.8075880739060703,-0.8033880739060704,,-9.217427787389099e-05,-9.217427787389099e-05,True,19196705983434.707,,,r_eff <= r_s (1.200e+13 <= 1.920e+13)
NED 2010A&A...518L..53B 1.20e+12 Hz,nan,6500000000.0,,,,,,0.0042,1205040000000.0,1200000000000.0,,,1284000.0,1284000.0,0.7998627493097795,,M87,12000000000000.0,0.85266467315053,0.0041999999999999815,freq,12000000000000.0,r_emit_m,1284000.0,1284000.0,original,1284000.0,,0.0042921742778738725,0.0042921742778738725,0.8075880739060703,-0.8033880739060704,,-9.217427787389099e-05,-9.217427787389099e-05,True,19196705983434.707,,,r_eff <= r_s (1.200e+13 <= 1.920e+13)
NED 2014MNRAS.440..942C 1.81e+12 Hz,nan,6500000000.0,,,,,,0.0042,1817602000000.0,1810000000000.0,,,1284000.0,1284000.0,0.7998627493097795,,M87,12000000000000.0,0.85266467315053,0.0041999999999999815,freq,12000000000000.0,r_emit_m,1284000.0,1284000.0,original,1284000.0,,0.0042921742778738725,0.0042921742778738725,0.8075880739060703,-0.8033880739060704,,-9.217427787389099e-05,-9.217427787389099e-05,True,19196705983434.707,,,r_eff <= r_s (1.200e+13 <= 1.920e+13)
NED 2010A&A...518L..53B 1.87e+12 Hz,nan,6500000000.0,,,,,,0.0042,1877854000000.0,1870000000000.0,,,1284000.0,1284000.0,0.7998627493097795,,M87,12000000000000.0,0.85266467315053,0.0041999999999999815,freq,12000000000000.0,r_emit_m,1284000.0,1284000.0,original,1284000.0,,0.0042921742778738725,0.0042921742778738725,0.8075880739060703,-0.8033880739060704,,-9.217427787389099e-05,-9.217427787389099e-05,True,19196705983434.707,,,r_eff <= r_s (1.200e+13 <= 1.920e+13)
NED 2016ApJS..226...19F 1.90e+12 Hz,nan,6500000000.0,,,,,,0.0042,1907980000000.0,1900000000000.0,,,1284000.0,1284000.0,0.7998627493097795,,M87,12000000000000.0,0.85266467315053,0.0041999999999999815,freq,12000000000000.0,r_emit_m,1284000.0,1284000.0,original,1284000.0,,0.0042921742778738725,0.0042921742778738725,0.8075880739060703,-0.8033880739060704,,-9.217427787389099e-05,-9.217427787389099e-05,True,19196705983434.707,,,r_eff <= r_s (1.200e+13 <= 1.920e+13)
NED 2016ApJS..226...19F 1.90e+12 Hz,nan,6500000000.0,,,,,,0.0042,1907980000000.0,1900000000000.0,,,1284000.0,1284000.0,0.7998627493097795,,M87,12000000000000.0,0.85266467315053,0.0041999999999999815,freq,12000000000000.0,r_emit_m,1284000.0,1284000.0,original,1284000.0,,0.0042921742778738725,0.0042921742778738725,0.8075880739060703,-0.8033880739060704,,-9.217427787389099e-05,-9.217427787389099e-05,True,19196705983434.707,,,r_eff <= r_s (1.200e+13 <= 1.920e+13)
NED 2016ApJS..226...19F 1.90e+12 Hz,nan,6500000000.0,,,,,,0.0042,1907980000000.0,1900000000000.0,,,1284000.0,1284000.0,0.7998627493097795,,M87,12000000000000.0,0.85266467315053,0.0041999999999999815,freq,12000000000000.0,r_emit_m,1284000.0,1284000.0,original,1284000.0,,0.0042921742778738725,0.0042921742778738725,0.8075880739060703,-0.8033880739060704,,-9.217427787389099e-05,-9.217427787389099e-05,True,19196705983434.707,,,r_eff <= r_s (1.200e+13 <= 1.920e+13)
NED 2009ApJ...707..890T 1.92e+12 Hz,nan,6500000000.0,,,,,,0.0042,1928064000000.0,1920000000000.0,,,1284000.0,1284000.0,0.7998627493097795,,M87,12000000000000.0,0.85266467315053,0.0041999999999999815,freq,12000000000000.0,r_emit_m,1284000.0,1284000.0,original,1284000.0,,0.0042921742778738725,0.0042921742778738725,0.8075880739060703,-0.8033880739060704,,-9.217427787389099e-05,-9.217427787389099e-05,True,19196705983434.707,,,r_eff <= r_s (1.200e+13 <= 1.920e+13)
NED 2009ApJ...695....1T 1.92e+12 Hz,nan,6500000000.0,,,,,,0.0042,1928064000000.0,1920000000000.0,,,1284000.0,1284000.0,0.7998627493097795,,M87,12000000000000.0,0.85266467315053,0.0041999999999999815,freq,12000000000000.0,r_emit_m,1284000.0,1284000.0,original,1284000.0,,0.0042921742778738725,0.0042921742778738725,0.8075880739060703,-0.8033880739060704,,-9.217427787389099e-05,-9.217427787389099e-05,True,19196705983434.707,,,r_eff <= r_s (1.200e+13 <= 1.920e+13)
NED 2007ApJ...655..781S 1.92e+12 Hz,nan,6500000000.0,,,,,,0.0042,1928064000000.0,1920000000000.0,,,1284000.0,1284000.0,0.7998627493097795,,M87,12000000000000.0,0.85266467315053,0.0041999999999999815,freq,12000000000000.0,r_emit_m,1284000.0,1284000.0,original,1284000.0,,0.0042921742778738725,0.0042921742778738725,0.8075880739060703,-0.8033880739060704,,-9.217427787389099e-05,-9.217427787389099e-05,True,19196705983434.707,,,r_eff <= r_s (1.200e+13 <= 1.920e+13)
NED 2017A&A...605A..74K 2.14e+12 Hz,nan,6500000000.0,,,,,,0.0042,2148988000000.0,2140000000000.0,,,1284000.0,1284000.0,0.7998627493097795,,M87,12000000000000.0,0.85266467315053,0.0041999999999999815,freq,12000000000000.0,r_emit_m,1284000.0,1284000.0,original,1284000.0,,0.0042921742778738725,0.0042921742778738725,0.8075880739060703,-0.8033880739060704,,-9.217427787389099e-05,-9.217427787389099e-05,True,19196705983434.707,,,r_eff <= r_s (1.200e+13 <= 1.920e+13)
NED 2014MNRAS.440..942C 2.93e+12 Hz,nan,6500000000.0,,,,,,0.0042,2942306000000.0,2930000000000.0,,,1284000.0,1284000.0,0.7998627493097795,,M87,12000000000000.0,0.85266467315053,0.0041999999999999815,freq,12000000000000.0,r_emit_m,1284000.0,1284000.0,original,1284000.0,,0.0042921742778738725,0.0042921742778738725,0.8075880739060703,-0.8033880739060704,,-9.217427787389099e-05,-9.217427787389099e-05,True,19196705983434.707,,,r_eff <= r_s (1.200e+13 <= 1.920e+13)
NED 1994PrivC.U..J....K 3.00e+12 Hz,nan,6500000000.0,,,,,,0.0042,3012600000000.0,3000000000000.0,,,1284000.0,1284000.0,0.7998627493097795,,M87,12000000000000.0,0.85266467315053,0.0041999999999999815,freq,12000000000000.0,r_emit_m,1284000.0,1284000.0,original,1284000.0,,0.0042921742778738725,0.0042921742778738725,0.8075880739060703,-0.8033880739060704,,-9.217427787389099e-05,-9.217427787389099e-05,True,19196705983434.707,,,r_eff <= r_s (1.200e+13 <= 1.920e+13)
NED 2010A&A...518L..53B 3.00e+12 Hz,nan,6500000000.0,,,,,,0.0042,3012600000000.0,3000000000000.0,,,1284000.0,1284000.0,0.7998627493097795,,M87,12000000000000.0,0.85266467315053,0.0041999999999999815,freq,12000000000000.0,r_emit_m,1284000.0,1284000.0,original,1284000.0,,0.0042921742778738725,0.0042921742778738725,0.8075880739060703,-0.8033880739060704,,-9.217427787389099e-05,-9.217427787389099e-05,True,19196705983434.707,,,r_eff <= r_s (1.200e+13 <= 1.920e+13)
NED 1988AJ.....95...26G 3.00e+12 Hz,nan,6500000000.0,,,,,,0.0042,3012600000000.0,3000000000000.0,,,1284000.0,1284000.0,0.7998627493097795,,M87,12000000000000.0,0.85266467315053,0.0041999999999999815,freq,12000000000000.0,r_emit_m,1284000.0,1284000.0,original,1284000.0,,0.0042921742778738725,0.0042921742778738725,0.8075880739060703,-0.8033880739060704,,-9.217427787389099e-05,-9.217427787389099e-05,True,19196705983434.707,,,r_eff <= r_s (1.200e+13 <= 1.920e+13)
NED 2017A&A...605A..74K 3.33e+12 Hz,nan,6500000000.0,,,,,,0.0042,3343986000000.0,3330000000000.0,,,1284000.0,1284000.0,0.7998627493097795,,M87,12000000000000.0,0.85266467315053,0.0041999999999999815,freq,12000000000000.0,r_emit_m,1284000.0,1284000.0,original,1284000.0,,0.0042921742778738725,0.0042921742778738725,0.8075880739060703,-0.8033880739060704,,-9.217427787389099e-05,-9.217427787389099e-05,True,19196705983434.707,,,r_eff <= r_s (1.200e+13 <= 1.920e+13)
NED 2009ApJ...695....1T 4.20e+12 Hz,nan,6500000000.0,,,,,,0.0042,4217640000000.0,4200000000000.0,,,1284000.0,1284000.0,0.7998627493097795,,M87,12000000000000.0,0.85266467315053,0.0041999999999999815,freq,12000000000000.0,r_emit_m,1284000.0,1284000.0,original,1284000.0,,0.0042921742778738725,0.0042921742778738725,0.8075880739060703,-0.8033880739060704,,-9.217427787389099e-05,-9.217427787389099e-05,True,19196705983434.707,,,r_eff <= r_s (1.200e+13 <= 1.920e+13)
NED 2009ApJ...707..890T 4.20e+12 Hz,nan,6500000000.0,,,,,,0.0042,4217640000000.0,4200000000000.0,,,1284000.0,1284000.0,0.7998627493097795,,M87,12000000000000.0,0.85266467315053,0.0041999999999999815,freq,12000000000000.0,r_emit_m,1284000.0,1284000.0,original,1284000.0,,0.0042921742778738725,0.0042921742778738725,0.8075880739060703,-0.8033880739060704,,-9.217427787389099e-05,-9.217427787389099e-05,True,19196705983434.707,,,r_eff <= r_s (1.200e+13 <= 1.920e+13)
NED 2007ApJ...655..781S 4.20e+12 Hz,nan,6500000000.0,,,,,,0.0042,4217640000000.0,4200000000000.0,,,1284000.0,1284000.0,0.7998627493097795,,M87,12000000000000.0,0.85266467315053,0.0041999999999999815,freq,12000000000000.0,r_emit_m,1284000.0,1284000.0,original,1284000.0,,0.0042921742778738725,0.0042921742778738725,0.8075880739060703,-0.8033880739060704,,-9.217427787389099e-05,-9.217427787389099e-05,True,19196705983434.707,,,r_eff <= r_s (1.200e+13 <= 1.920e+13)
NED 2007ApJ...655..781S 4.20e+12 Hz,nan,6500000000.0,,,,,,0.0042,4217640000000.0,4200000000000.0,,,1284000.0,1284000.0,0.7998627493097795,,M87,12000000000000.0,0.85266467315053,0.0041999999999999815,freq,12000000000000.0,r_emit_m,1284000.0,1284000.0,original,1284000.0,,0.0042921742778738725,0.0042921742778738725,0.8075880739060703,-0.8033880739060704,,-9.217427787389099e-05,-9.217427787389099e-05,True,19196705983434.707,,,r_eff <= r_s (1.200e+13 <= 1.920e+13)
NED 2017A&A...605A..74K 4.61e+12 Hz,nan,6500000000.0,,,,,,0.0042,4629362000000.0,4610000000000.0,,,1284000.0,1284000.0,0.7998627493097795,,M87,12000000000000.0,0.85266467315053,0.0041999999999999815,freq,12000000000000.0,r_emit_m,1284000.0,1284000.0,original,1284000.0,,0.0042921742778738725,0.0042921742778738725,0.8075880739060703,-0.8033880739060704,,-9.217427787389099e-05,-9.217427787389099e-05,True,19196705983434.707,,,r_eff <= r_s (1.200e+13 <= 1.920e+13)
NED 1990IRASF.C...0000M 5.00e+12 Hz,nan,6500000000.0,,,,,,0.0042,5021000000000.0,5000000000000.0,,,1284000.0,1284000.0,0.7998627493097795,,M87,12000000000000.0,0.85266467315053,0.0041999999999999815,freq,12000000000000.0,r_emit_m,1284000.0,1284000.0,original,1284000.0,,0.0042921742778738725,0.0042921742778738725,0.8075880739060703,-0.8033880739060704,,-9.217427787389099e-05,-9.217427787389099e-05,True,19196705983434.707,,,r_eff <= r_s (1.200e+13 <= 1.920e+13)
NED 1994PrivC.U..J....K 5.00e+12 Hz,nan,6500000000.0,,,,,,0.0042,5021000000000.0,5000000000000.0,,,1284000.0,1284000.0,0.7998627493097795,,M87,12000000000000.0,0.85266467315053,0.0041999999999999815,freq,12000000000000.0,r_emit_m,1284000.0,1284000.0,original,1284000.0,,0.0042921742778738725,0.0042921742778738725,0.8075880739060703,-0.8033880739060704,,-9.217427787389099e-05,-9.217427787389099e-05,True,19196705983434.707,,,r_eff <= r_s (1.200e+13 <= 1.920e+13)
NED 1988AJ.....95...26G 5.00e+12 Hz,nan,6500000000.0,,,,,,0.0042,5021000000000.0,5000000000000.0,,,1284000.0,1284000.0,0.7998627493097795,,M87,12000000000000.0,0.85266467315053,0.0041999999999999815,freq,12000000000000.0,r_emit_m,1284000.0,1284000.0,original,1284000.0,,0.0042921742778738725,0.0042921742778738725,0.8075880739060703,-0.8033880739060704,,-9.217427787389099e-05,-9.217427787389099e-05,True,19196705983434.707,,,r_eff <= r_s (1.200e+13 <= 1.920e+13)
NED 2007ApJ...663..808P 8.95e+12 Hz,nan,6500000000.0,,,,,,0.0042,8987590000000.0,8950000000000.0,,,1284000.0,1284000.0,0.7998627493097795,,M87,12000000000000.0,0.85266467315053,0.0041999999999999815,freq,12000000000000.0,r_emit_m,1284000.0,1284000.0,original,1284000.0,,0.0042921742778738725,0.0042921742778738725,0.8075880739060703,-0.8033880739060704,,-9.217427787389099e-05,-9.217427787389099e-05,True,19196705983434.707,,,r_eff <= r_s (1.200e+13 <= 1.920e+13)
NED 2017ApJ...838..139S 5.50e+09 Hz,nan,4150000.0,,,,,,0.0,5500000000.0,5500000000.0,,,0.0,246000.0,0.1612678741523361,,Sgr A*,38000000000.0,2.294039499382748,0.0,freq,38000000000.0,r_emit_m,246000.0,246000.0,original,0.0,0.21494553220030932,3.3666582388569566e-07,0.2149459412309478,0.1612682651115418,-0.1612682651115418,-0.21494553220030932,-3.3666582388569566e-07,-0.2149459412309478,True,12256358435.577545,,,
NED 2007AJ....133.2487P 2.20e+10 Hz,nan,4150000.0,,,,,,0.0,22000000000.0,22000000000.0,,,0.0,246000.0,0.1612678741523361,,Sgr A*,38000000000.0,2.294039499382748,0.0,freq,38000000000.0,r_emit_m,246000.0,246000.0,original,0.0,0.21494553220030932,3.3666582388569566e-07,0.2149459412309478,0.1612682651115418,-0.1612682651115418,-0.21494553220030932,-3.3666582388569566e-07,-0.2149459412309478,True,12256358435.577545,,,
NED 2007AJ....133.2487P 2.20e+10 Hz,nan,4150000.0,,,,,,0.0,22000000000.0,22000000000.0,,,0.0,246000.0,0.1612678741523361,,Sgr A*,38000000000.0,2.294039499382748,0.0,freq,38000000000.0,r_emit_m,246000.0,246000.0,original,0.0,0.21494553220030932,3.3666582388569566e-07,0.2149459412309478,0.1612682651115418,-0.1612682651115418,-0.21494553220030932,-3.3666582388569566e-07,-0.2149459412309478,True,12256358435.577545,,,
NED 2002AJ....124..675C 1.40e+09 Hz,nan,6500000000.0,,,,,,0.0042,1405880000.0,1400000000.0,,,1284000.0,1284000.0,0.7998627493097795,,M87,12000000000000.0,0.85266467315053,0.0041999999999999815,freq,12000000000000.0,r_emit_m,1284000.0,1284000.0,original,1284000.0,,0.0042921742778738725,0.0042921742778738725,0.8075880739060703,-0.8033880739060704,,-9.217427787389099e-05,-9.217427787389099e-05,True,19196705983434.707,,,r_eff <= r_s (1.200e+13 <= 1.920e+13)
NED 1981A&AS...45..367K 1.40e+09 Hz,nan,6500000000.0,,,,,,0.0042,1405880000.0,1400000000.0,,,1284000.0,1284000.0,0.7998627493097795,,M87,12000000000000.0,0.85266467315053,0.0041999999999999815,freq,12000000000000.0,r_emit_m,1284000.0,1284000.0,original,1284000.0,,0.0042921742778738725,0.0042921742778738725,0.8075880739060703,-0.8033880739060704,,-9.217427787389099e-05,-9.217427787389099e-05,True,19196705983434.707,,,r_eff <= r_s (1.200e+13 <= 1.920e+13)
NED 1992ApJS...79..331W 1.40e+09 Hz,nan,6500000000.0,,,,,,0.0042,1405880000.0,1400000000.0,,,1284000.0,1284000.0,0.7998627493097795,,M87,12000000000000.0,0.85266467315053,0.0041999999999999815,freq,12000000000000.0,r_emit_m,1284000.0,1284000.0,original,1284000.0,,0.0042921742778738725,0.0042921742778738725,0.8075880739060703,-0.8033880739060704,,-9.217427787389099e-05,-9.217427787389099e-05,True,19196705983434.707,,,r_eff <= r_s (1.200e+13 <= 1.920e+13)
NED 2011ApJ...731L..41B 1.40e+09 Hz,nan,6500000000.0,,,,,,0.0042,1405880000.0,1400000000.0,,,1284000.0,1284000.0,0.7998627493097795,,M87,12000000000000.0,0.85266467315053,0.0041999999999999815,freq,12000000000000.0,r_emit_m,1284000.0,1284000.0,original,1284000.0,,0.0042921742778738725,0.0042921742778738725,0.8075880739060703,-0.8033880739060704,,-9.217427787389099e-05,-9.217427787389099e-05,True,19196705983434.707,,,r_eff <= r_s (1.200e+13 <= 1.920e+13)
NED 1981A&AS...45..367K 1.40e+09 Hz,nan,6500000000.0,,,,,,0.0042,1405880000.0,1400000000.0,,,1284000.0,1284000.0,0.7998627493097795,,M87,12000000000000.0,0.85266467315053,0.0041999999999999815,freq,12000000000000.0,r_emit_m,1284000.0,1284000.0,original,1284000.0,,0.0042921742778738725,0.0042921742778738725,0.8075880739060703,-0.8033880739060704,,-9.217427787389099e-05,-9.217427787389099e-05,True,19196705983434.707,,,r_eff <= r_s (1.200e+13 <= 1.920e+13)
NED 2014MNRAS.440..696A 1.40e+09 Hz,nan,6500000000.0,,,,,,0.0042,1405880000.0,1400000000.0,,,1284000.0,1284000.0,0.7998627493097795,,M87,12000000000000.0,0.85266467315053,0.0041999999999999815,freq,12000000000000.0,r_emit_m,1284000.0,1284000.0,original,1284000.0,,0.0042921742778738725,0.0042921742778738725,0.8075880739060703,-0.8033880739060704,,-9.217427787389099e-05,-9.217427787389099e-05,True,19196705983434.707,,,r_eff <= r_s (1.200e+13 <= 1.920e+13)
NED 2004ApJ...607..800B 1.40e+09 Hz,nan,6500000000.0,,,,,,0.0042,1405880000.0,1400000000.0,,,1284000.0,1284000.0,0.7998627493097795,,M87,12000000000000.0,0.85266467315053,0.0041999999999999815,freq,12000000000000.0,r_emit_m,1284000.0,1284000.0,original,1284000.0,,0.0042921742778738725,0.0042921742778738725,0.8075880739060703,-0.8033880739060704,,-9.217427787389099e-05,-9.217427787389099e-05,True,19196705983434.707,,,r_eff <= r_s (1.200e+13 <= 1.920e+13)
NED 2014MNRAS.440..696A 1.40e+09 Hz,nan,6500000000.0,,,,,,0.0042,1405880000.0,1400000000.0,,,1284000.0,1284000.0,0.7998627493097795,,M87,12000000000000.0,0.85266467315053,0.0041999999999999815,freq,12000000000000.0,r_emit_m,1284000.0,1284000.0,original,1284000.0,,0.0042921742778738725,0.0042921742778738725,0.8075880739060703,-0.8033880739060704,,-9.217427787389099e-05,-9.217427787389099e-05,True,19196705983434.707,,,r_eff <= r_s (1.200e+13 <= 1.920e+13)
NED 1964AJ.....69..277H 1.40e+09 Hz,nan,6500000000.0,,,,,,0.0042,1405880000.0,1400000000.0,,,1284000.0,1284000.0,0.7998627493097795,,M87,12000000000000.0,0.85266467315053,0.0041999999999999815,freq,12000000000000.0,r_emit_m,1284000.0,1284000.0,original,1284000.0,,0.0042921742778738725,0.0042921742778738725,0.8075880739060703,-0.8033880739060704,,-9.217427787389099e-05,-9.217427787389099e-05,True,19196705983434.707,,,r_eff <= r_s (1.200e+13 <= 1.920e+13)
NED 1980MNRAS.190..903L 1.40e+09 Hz,nan,6500000000.0,,,,,,0.0042,1405880000.0,1400000000.0,,,1284000.0,1284000.0,0.7998627493097795,,M87,12000000000000.0,0.85266467315053,0.0041999999999999815,freq,12000000000000.0,r_emit_m,1284000.0,1284000.0,original,1284000.0,,0.0042921742778738725,0.0042921742778738725,0.8075880739060703,-0.8033880739060704,,-9.217427787389099e-05,-9.217427787389099e-05,True,19196705983434.707,,,r_eff <= r_s (1.200e+13 <= 1.920e+13)
NED 1969ApJ...157....1K 1.40e+09 Hz,nan,6500000000.0,,,,,,0.0042,1405880000.0,1400000000.0,,,1284000.0,1284000.0,0.7998627493097795,,M87,12000000000000.0,0.85266467315053,0.0041999999999999815,freq,12000000000000.0,r_emit_m,1284000.0,1284000.0,original,1284000.0,,0.0042921742778738725,0.0042921742778738725,0.8075880739060703,-0.8033880739060704,,-9.217427787389099e-05,-9.217427787389099e-05,True,19196705983434.707,,,r_eff <= r_s (1.200e+13 <= 1.920e+13)
NED 1990PKS90.C...0000W 1.41e+09 Hz,nan,6500000000.0,,,,,,0.0042,1415922000.0,1410000000.0,,,1284000.0,1284000.0,0.7998627493097795,,M87,12000000000000.0,0.85266467315053,0.0041999999999999815,freq,12000000000000.0,r_emit_m,1284000.0,1284000.0,original,1284000.0,,0.0042921742778738725,0.0042921742778738725,0.8075880739060703,-0.8033880739060704,,-9.217427787389099e-05,-9.217427787389099e-05,True,19196705983434.707,,,r_eff <= r_s (1.200e+13 <= 1.920e+13)
NED 2010MNRAS.404..180D 1.47e+09 Hz,nan,6500000000.0,,,,,,0.0042,1476174000.0,1470000000.0,,,1284000.0,1284000.0,0.7998627493097795,,M87,12000000000000.0,0.85266467315053,0.0041999999999999815,freq,12000000000000.0,r_emit_m,1284000.0,1284000.0,original,1284000.0,,0.0042921742778738725,0.0042921742778738725,0.8075880739060703,-0.8033880739060704,,-9.217427787389099e-05,-9.217427787389099e-05,True,19196705983434.707,,,r_eff <= r_s (1.200e+13 <= 1.920e+13)
NED 1978ApJS...36...53D 2.38e+09 Hz,nan,6500000000.0,,,,,,0.0042,2389996000.0,2380000000.0,,,1284000.0,1284000.0,0.7998627493097795,,M87,12000000000000.0,0.85266467315053,0.0041999999999999815,freq,12000000000000.0,r_emit_m,1284000.0,1284000.0,original,1284000.0,,0.0042921742778738725,0.0042921742778738725,0.8075880739060703,-0.8033880739060704,,-9.217427787389099e-05,-9.217427787389099e-05,True,19196705983434.707,,,r_eff <= r_s (1.200e+13 <= 1.920e+13)
NED 1975AuJPA..38....1W 2.65e+09 Hz,nan,6500000000.0,,,,,,0.0042,2661130000.0,2650000000.0,,,1284000.0,1284000.0,0.7998627493097795,,M87,12000000000000.0,0.85266467315053,0.0041999999999999815,freq,12000000000000.0,r_emit_m,1284000.0,1284000.0,original,1284000.0,,0.0042921742778738725,0.0042921742778738725,0.8075880739060703,-0.8033880739060704,,-9.217427787389099e-05,-9.217427787389099e-05,True,19196705983434.707,,,r_eff <= r_s (1.200e+13 <= 1.920e+13)
NED 1981A&AS...45..367K 2.70e+09 Hz,nan,6500000000.0,,,,,,0.0042,2711340000.0,2700000000.0,,,1284000.0,1284000.0,0.7998627493097795,,M87,12000000000000.0,0.85266467315053,0.0041999999999999815,freq,12000000000000.0,r_emit_m,1284000.0,1284000.0,original,1284000.0,,0.0042921742778738725,0.0042921742778738725,0.8075880739060703,-0.8033880739060704,,-9.217427787389099e-05,-9.217427787389099e-05,True,19196705983434.707,,,r_eff <= r_s (1.200e+13 <= 1.920e+13)
NED 1981A&AS...45..367K 2.70e+09 Hz,nan,6500000000.0,,,,,,0.0042,2711340000.0,2700000000.0,,,1284000.0,1284000.0,0.7998627493097795,,M87,12000000000000.0,0.85266467315053,0.0041999999999999815,freq,12000000000000.0,r_emit_m,1284000.0,1284000.0,original,1284000.0,,0.0042921742778738725,0.0042921742778738725,0.8075880739060703,-0.8033880739060704,,-9.217427787389099e-05,-9.217427787389099e-05,True,19196705983434.707,,,r_eff <= r_s (1.200e+13 <= 1.920e+13)
NED 1980MNRAS.190..903L 2.70e+09 Hz,nan,6500000000.0,,,,,,0.0042,2711340000.0,2700000000.0,,,1284000.0,1284000.0,0.7998627493097795,,M87,12000000000000.0,0.85266467315053,0.0041999999999999815,freq,12000000000000.0,r_emit_m,1284000.0,1284000.0,original,1284000.0,,0.0042921742778738725,0.0042921742778738725,0.8075880739060703,-0.8033880739060704,,-9.217427787389099e-05,-9.217427787389099e-05,True,19196705983434.707,,,r_eff <= r_s (1.200e+13 <= 1.920e+13)
NED 1969ApJ...157....1K 2.70e+09 Hz,nan,6500000000.0,,,,,,0.0042,2711340000.0,2700000000.0,,,1284000.0,1284000.0,0.7998627493097795,,M87,12000000000000.0,0.85266467315053,0.0041999999999999815,freq,12000000000000.0,r_emit_m,1284000.0,1284000.0,original,1284000.0,,0.0042921742778738725,0.0042921742778738725,0.8075880739060703,-0.8033880739060704,,-9.217427787389099e-05,-9.217427787389099e-05,True,19196705983434.707,,,r_eff <= r_s (1.200e+13 <= 1.920e+13)
NED 1990PKS90.C...0000W 2.70e+09 Hz,nan,6500000000.0,,,,,,0.0042,2711340000.0,2700000000.0,,,1284000.0,1284000.0,0.7998627493097795,,M87,12000000000000.0,0.85266467315053,0.0041999999999999815,freq,12000000000000.0,r_emit_m,1284000.0,1284000.0,original,1284000.0,,0.0042921742778738725,0.0042921742778738725,0.8075880739060703,-0.8033880739060704,,-9.217427787389099e-05,-9.217427787389099e-05,True,19196705983434.707,,,r_eff <= r_s (1.200e+13 <= 1.920e+13)
NED 1986ApJS...61....1B 4.78e+09 Hz,nan,6500000000.0,,,,,,0.0042,4800076000.0,4780000000.0,,,1284000.0,1284000.0,0.7998627493097795,,M87,12000000000000.0,0.85266467315053,0.0041999999999999815,freq,12000000000000.0,r_emit_m,1284000.0,1284000.0,original,1284000.0,,0.0042921742778738725,0.0042921742778738725,0.8075880739060703,-0.8033880739060704,,-9.217427787389099e-05,-9.217427787389099e-05,True,19196705983434.707,,,r_eff <= r_s (1.200e+13 <= 1.920e+13)
NED 1991ApJS...75....1B 4.85e+09 Hz,nan,6500000000.0,,,,,,0.0042,4870370000.0,4850000000.0,,,1284000.0,1284000.0,0.7998627493097795,,M87,12000000000000.0,0.85266467315053,0.0041999999999999815,freq,12000000000000.0,r_emit_m,1284000.0,1284000.0,original,1284000.0,,0.0042921742778738725,0.0042921742778738725,0.8075880739060703,-0.8033880739060704,,-9.217427787389099e-05,-9.217427787389099e-05,True,19196705983434.707,,,r_eff <= r_s (1.200e+13 <= 1.920e+13)
NED 1991ApJS...75.1011G 4.85e+09 Hz,nan,6500000000.0,,,,,,0.0042,4870370000.0,4850000000.0,,,1284000.0,1284000.0,0.7998627493097795,,M87,12000000000000.0,0.85266467315053,0.0041999999999999815,freq,12000000000000.0,r_emit_m,1284000.0,1284000.0,original,1284000.0,,0.0042921742778738725,0.0042921742778738725,0.8075880739060703,-0.8033880739060704,,-9.217427787389099e-05,-9.217427787389099e-05,True,19196705983434.707,,,r_eff <= r_s (1.200e+13 <= 1.920e+13)
NED 1997A&AS..122..235L 4.89e+09 Hz,nan,6500000000.0,,,,,,0.0042,4910538000.0,4890000000.0,,,1284000.0,1284000.0,0.7998627493097795,,M87,12000000000000.0,0.85266467315053,0.0041999999999999815,freq,12000000000000.0,r_emit_m,1284000.0,1284000.0,original,1284000.0,,0.0042921742778738725,0.0042921742778738725,0.8075880739060703,-0.8033880739060704,,-9.217427787389099e-05,-9.217427787389099e-05,True,19196705983434.707,,,r_eff <= r_s (1.200e+13 <= 1.920e+13)
NED 1969ApJ...157....1K 5.00e+09 Hz,nan,6500000000.0,,,,,,0.0042,5021000000.0,5000000000.0,,,1284000.0,1284000.0,0.7998627493097795,,M87,12000000000000.0,0.85266467315053,0.0041999999999999815,freq,12000000000000.0,r_emit_m,1284000.0,1284000.0,original,1284000.0,,0.0042921742778738725,0.0042921742778738725,0.8075880739060703,-0.8033880739060704,,-9.217427787389099e-05,-9.217427787389099e-05,True,19196705983434.707,,,r_eff <= r_s (1.200e+13 <= 1.920e+13)
NED 1981A&AS...45..367K 5.00e+09 Hz,nan,6500000000.0,,,,,,0.0042,5021000000.0,5000000000.0,,,1284000.0,1284000.0,0.7998627493097795,,M87,12000000000000.0,0.85266467315053,0.0041999999999999815,freq,12000000000000.0,r_emit_m,1284000.0,1284000.0,original,1284000.0,,0.0042921742778738725,0.0042921742778738725,0.8075880739060703,-0.8033880739060704,,-9.217427787389099e-05,-9.217427787389099e-05,True,19196705983434.707,,,r_eff <= r_s (1.200e+13 <= 1.920e+13)
NED 1981A&AS...45..367K 5.00e+09 Hz,nan,6500000000.0,,,,,,0.0042,5021000000.0,5000000000.0,,,1284000.0,1284000.0,0.7998627493097795,,M87,12000000000000.0,0.85266467315053,0.0041999999999999815,freq,12000000000000.0,r_emit_m,1284000.0,1284000.0,original,1284000.0,,0.0042921742778738725,0.0042921742778738725,0.8075880739060703,-0.8033880739060704,,-9.217427787389099e-05,-9.217427787389099e-05,True,19196705983434.707,,,r_eff <= r_s (1.200e+13 <= 1.920e+13)
NED 1990PKS90.C...0000W 5.00e+09 Hz,nan,6500000000.0,,,,,,0.0042,5021000000.0,5000000000.0,,,1284000.0,1284000.0,0.7998627493097795,,M87,12000000000000.0,0.85266467315053,0.0041999999999999815,freq,12000000000000.0,r_emit_m,1284000.0,1284000.0,original,1284000.0,,0.0042921742778738725,0.0042921742778738725,0.8075880739060703,-0.8033880739060704,,-9.217427787389099e-05,-9.217427787389099e-05,True,19196705983434.707,,,r_eff <= r_s (1.200e+13 <= 1.920e+13)
NED 2001ApJ...559L..87N 5.00e+09 Hz,nan,6500000000.0,,,,,,0.0042,5021000000.0,5000000000.0,,,1284000.0,1284000.0,0.7998627493097795,,M87,12000000000000.0,0.85266467315053,0.0041999999999999815,freq,12000000000000.0,r_emit_m,1284000.0,1284000.0,original,1284000.0,,0.0042921742778738725,0.0042921742778738725,0.8075880739060703,-0.8033880739060704,,-9.217427787389099e-05,-9.217427787389099e-05,True,19196705983434.707,,,r_eff <= r_s (1.200e+13 <= 1.920e+13)
NED 2001ApJ...559L..87N 5.00e+09 Hz,nan,6500000000.0,,,,,,0.0042,5021000000.0,5000000000.0,,,1284000.0,1284000.0,0.7998627493097795,,M87,12000000000000.0,0.85266467315053,0.0041999999999999815,freq,12000000000000.0,r_emit_m,1284000.0,1284000.0,original,1284000.0,,0.0042921742778738725,0.0042921742778738725,0.8075880739060703,-0.8033880739060704,,-9.217427787389099e-05,-9.217427787389099e-05,True,19196705983434.707,,,r_eff <= r_s (1.200e+13 <= 1.920e+13)
NED 1980MNRAS.190..903L 5.00e+09 Hz,nan,6500000000.0,,,,,,0.0042,5021000000.0,5000000000.0,,,1284000.0,1284000.0,0.7998627493097795,,M87,12000000000000.0,0.85266467315053,0.0041999999999999815,freq,12000000000000.0,r_emit_m,1284000.0,1284000.0,original,1284000.0,,0.0042921742778738725,0.0042921742778738725,0.8075880739060703,-0.8033880739060704,,-9.217427787389099e-05,-9.217427787389099e-05,True,19196705983434.707,,,r_eff <= r_s (1.200e+13 <= 1.920e+13)
NED 1981A&AS...45..367K 5.01e+09 Hz,nan,6500000000.0,,,,,,0.0042,5031042000.0,5010000000.0,,,1284000.0,1284000.0,0.7998627493097795,,M87,12000000000000.0,0.85266467315053,0.0041999999999999815,freq,12000000000000.0,r_emit_m,1284000.0,1284000.0,original,1284000.0,,0.0042921742778738725,0.0042921742778738725,0.8075880739060703,-0.8033880739060704,,-9.217427787389099e-05,-9.217427787389099e-05,True,19196705983434.707,,,r_eff <= r_s (1.200e+13 <= 1.920e+13)
NED 1981A&AS...45..367K 5.01e+09 Hz,nan,6500000000.0,,,,,,0.0042,5031042000.0,5010000000.0,,,1284000.0,1284000.0,0.7998627493097795,,M87,12000000000000.0,0.85266467315053,0.0041999999999999815,freq,12000000000000.0,r_emit_m,1284000.0,1284000.0,original,1284000.0,,0.0042921742778738725,0.0042921742778738725,0.8075880739060703,-0.8033880739060704,,-9.217427787389099e-05,-9.217427787389099e-05,True,19196705983434.707,,,r_eff <= r_s (1.200e+13 <= 1.920e+13)
NED 1971AJ.....76....1S 8.00e+09 Hz,nan,6500000000.0,,,,,,0.0042,8033600000.0,8000000000.0,,,1284000.0,1284000.0,0.7998627493097795,,M87,12000000000000.0,0.85266467315053,0.0041999999999999815,freq,12000000000000.0,r_emit_m,1284000.0,1284000.0,original,1284000.0,,0.0042921742778738725,0.0042921742778738725,0.8075880739060703,-0.8033880739060704,,-9.217427787389099e-05,-9.217427787389099e-05,True,19196705983434.707,,,r_eff <= r_s (1.200e+13 <= 1.920e+13)
NED 2004ApJ...612..749Z 8.11e+09 Hz,nan,6500000000.0,,,,,,0.0042,8144062000.0,8110000000.0,,,1284000.0,1284000.0,0.7998627493097795,,M87,12000000000000.0,0.85266467315053,0.0041999999999999815,freq,12000000000000.0,r_emit_m,1284000.0,1284000.0,original,1284000.0,,0.0042921742778738725,0.0042921742778738725,0.8075880739060703,-0.8033880739060704,,-9.217427787389099e-05,-9.217427787389099e-05,True,19196705983434.707,,,r_eff <= r_s (1.200e+13 <= 1.920e+13)
NED 2001ApJ...559L..87N 8.40e+09 Hz,nan,6500000000.0,,,,,,0.0042,8435280000.0,8400000000.0,,,1284000.0,1284000.0,0.7998627493097795,,M87,12000000000000.0,0.85266467315053,0.0041999999999999815,freq,12000000000000.0,r_emit_m,1284000.0,1284000.0,original,1284000.0,,0.0042921742778738725,0.0042921742778738725,0.8075880739060703,-0.8033880739060704,,-9.217427787389099e-05,-9.217427787389099e-05,True,19196705983434.707,,,r_eff <= r_s (1.200e+13 <= 1.920e+13)
NED 2001ApJ...559L..87N 8.40e+09 Hz,nan,6500000000.0,,,,,,0.0042,8435280000.0,8400000000.0,,,1284000.0,1284000.0,0.7998627493097795,,M87,12000000000000.0,0.85266467315053,0.0041999999999999815,freq,12000000000000.0,r_emit_m,1284000.0,1284000.0,original,1284000.0,,0.0042921742778738725,0.0042921742778738725,0.8075880739060703,-0.8033880739060704,,-9.217427787389099e-05,-9.217427787389099e-05,True,19196705983434.707,,,r_eff <= r_s (1.200e+13 <= 1.920e+13)
NED 2001ApJ...559L..87N 8.40e+09 Hz,nan,6500000000.0,,,,,,0.0042,8435280000.0,8400000000.0,,,1284000.0,1284000.0,0.7998627493097795,,M87,12000000000000.0,0.85266467315053,0.0041999999999999815,freq,12000000000000.0,r_emit_m,1284000.0,1284000.0,original,1284000.0,,0.0042921742778738725,0.0042921742778738725,0.8075880739060703,-0.8033880739060704,,-9.217427787389099e-05,-9.217427787389099e-05,True,19196705983434.707,,,r_eff <= r_s (1.200e+13 <= 1.920e+13)
NED 2009AJ....138.1990C 8.40e+09 Hz,nan,6500000000.0,,,,,,0.0042,8435280000.0,8400000000.0,,,1284000.0,1284000.0,0.7998627493097795,,M87,12000000000000.0,0.85266467315053,0.0041999999999999815,freq,12000000000000.0,r_emit_m,1284000.0,1284000.0,original,1284000.0,,0.0042921742778738725,0.0042921742778738725,0.8075880739060703,-0.8033880739060704,,-9.217427787389099e-05,-9.217427787389099e-05,True,19196705983434.707,,,r_eff <= r_s (1.200e+13 <= 1.920e+13)
NED 1990PKS90.C...0000W 8.40e+09 Hz,nan,6500000000.0,,,,,,0.0042,8435280000.0,8400000000.0,,,1284000.0,1284000.0,0.7998627493097795,,M87,12000000000000.0,0.85266467315053,0.0041999999999999815,freq,12000000000000.0,r_emit_m,1284000.0,1284000.0,original,1284000.0,,0.0042921742778738725,0.0042921742778738725,0.8075880739060703,-0.8033880739060704,,-9.217427787389099e-05,-9.217427787389099e-05,True,19196705983434.707,,,r_eff <= r_s (1.200e+13 <= 1.920e+13)
NED 2001ApJ...559L..87N 8.40e+09 Hz,nan,6500000000.0,,,,,,0.0042,8435280000.0,8400000000.0,,,1284000.0,1284000.0,0.7998627493097795,,M87,12000000000000.0,0.85266467315053,0.0041999999999999815,freq,12000000000000.0,r_emit_m,1284000.0,1284000.0,original,1284000.0,,0.0042921742778738725,0.0042921742778738725,0.8075880739060703,-0.8033880739060704,,-9.217427787389099e-05,-9.217427787389099e-05,True,19196705983434.707,,,r_eff <= r_s (1.200e+13 <= 1.920e+13)
NED 1973AuJPh..26...93S 8.87e+09 Hz,nan,6500000000.0,,,,,,0.0042,8907254000.0,8870000000.0,,,1284000.0,1284000.0,0.7998627493097795,,M87,12000000000000.0,0.85266467315053,0.0041999999999999815,freq,12000000000000.0,r_emit_m,1284000.0,1284000.0,original,1284000.0,,0.0042921742778738725,0.0042921742778738725,0.8075880739060703,-0.8033880739060704,,-9.217427787389099e-05,-9.217427787389099e-05,True,19196705983434.707,,,r_eff <= r_s (1.200e+13 <= 1.920e+13)
NED 1980MNRAS.190..903L 1.07e+10 Hz,nan,6500000000.0,,,,,,0.0042,10744940000.0,10700000000.0,,,1284000.0,1284000.0,0.7998627493097795,,M87,12000000000000.0,0.85266467315053,0.0041999999999999815,freq,12000000000000.0,r_emit_m,1284000.0,1284000.0,original,1284000.0,,0.0042921742778738725,0.0042921742778738725,0.8075880739060703,-0.8033880739060704,,-9.217427787389099e-05,-9.217427787389099e-05,True,19196705983434.707,,,r_eff <= r_s (1.200e+13 <= 1.920e+13)
NED 1973AJ.....78..828K 1.07e+10 Hz,nan,6500000000.0,,,,,,0.0042,10744940000.0,10700000000.0,,,1284000.0,1284000.0,0.7998627493097795,,M87,12000000000000.0,0.85266467315053,0.0041999999999999815,freq,12000000000000.0,r_emit_m,1284000.0,1284000.0,original,1284000.0,,0.0042921742778738725,0.0042921742778738725,0.8075880739060703,-0.8033880739060704,,-9.217427787389099e-05,-9.217427787389099e-05,True,19196705983434.707,,,r_eff <= r_s (1.200e+13 <= 1.920e+13)
NED 1976AJ.....81.1084G 1.49e+10 Hz,nan,6500000000.0,,,,,,0.0042,14962580000.0,14900000000.0,,,1284000.0,1284000.0,0.7998627493097795,,M87,12000000000000.0,0.85266467315053,0.0041999999999999815,freq,12000000000000.0,r_emit_m,1284000.0,1284000.0,original,1284000.0,,0.0042921742778738725,0.0042921742778738725,0.8075880739060703,-0.8033880739060704,,-9.217427787389099e-05,-9.217427787389099e-05,True,19196705983434.707,,,r_eff <= r_s (1.200e+13 <= 1.920e+13)
NED 1980MNRAS.190..903L 1.49e+10 Hz,nan,6500000000.0,,,,,,0.0042,14962580000.0,14900000000.0,,,1284000.0,1284000.0,0.7998627493097795,,M87,12000000000000.0,0.85266467315053,0.0041999999999999815,freq,12000000000000.0,r_emit_m,1284000.0,1284000.0,original,1284000.0,,0.0042921742778738725,0.0042921742778738725,0.8075880739060703,-0.8033880739060704,,-9.217427787389099e-05,-9.217427787389099e-05,True,19196705983434.707,,,r_eff <= r_s (1.200e+13 <= 1.920e+13)
NED 2010A&A...515A..38C 1.50e+10 Hz,nan,6500000000.0,,,,,,0.0042,15063000000.0,15000000000.0,,,1284000.0,1284000.0,0.7998627493097795,,M87,12000000000000.0,0.85266467315053,0.0041999999999999815,freq,12000000000000.0,r_emit_m,1284000.0,1284000.0,original,1284000.0,,0.0042921742778738725,0.0042921742778738725,0.8075880739060703,-0.8033880739060704,,-9.217427787389099e-05,-9.217427787389099e-05,True,19196705983434.707,,,r_eff <= r_s (1.200e+13 <= 1.920e+13)
NED 2011ApJ...742...27L 1.50e+10 Hz,nan,6500000000.0,,,,,,0.0042,15063000000.0,15000000000.0,,,1284000.0,1284000.0,0.7998627493097795,,M87,12000000000000.0,0.85266467315053,0.0041999999999999815,freq,12000000000000.0,r_emit_m,1284000.0,1284000.0,original,1284000.0,,0.0042921742778738725,0.0042921742778738725,0.8075880739060703,-0.8033880739060704,,-9.217427787389099e-05,-9.217427787389099e-05,True,19196705983434.707,,,r_eff <= r_s (1.200e+13 <= 1.920e+13)
NED 2009MNRAS.396..984G 1.50e+10 Hz,nan,6500000000.0,,,,,,0.0042,15063000000.0,15000000000.0,,,1284000.0,1284000.0,0.7998627493097795,,M87,12000000000000.0,0.85266467315053,0.0041999999999999815,freq,12000000000000.0,r_emit_m,1284000.0,1284000.0,original,1284000.0,,0.0042921742778738725,0.0042921742778738725,0.8075880739060703,-0.8033880739060704,,-9.217427787389099e-05,-9.217427787389099e-05,True,19196705983434.707,,,r_eff <= r_s (1.200e+13 <= 1.920e+13)
NED 2001ApJ...559L..87N 1.50e+10 Hz,nan,6500000000.0,,,,,,0.0042,15063000000.0,15000000000.0,,,1284000.0,1284000.0,0.7998627493097795,,M87,12000000000000.0,0.85266467315053,0.0041999999999999815,freq,12000000000000.0,r_emit_m,1284000.0,1284000.0,original,1284000.0,,0.0042921742778738725,0.0042921742778738725,0.8075880739060703,-0.8033880739060704,,-9.217427787389099e-05,-9.217427787389099e-05,True,19196705983434.707,,,r_eff <= r_s (1.200e+13 <= 1.920e+13)
NED 2015ApJ...810L...9L 1.50e+10 Hz,nan,6500000000.0,,,,,,0.0042,15063000000.0,15000000000.0,,,1284000.0,1284000.0,0.7998627493097795,,M87,12000000000000.0,0.85266467315053,0.0041999999999999815,freq,12000000000000.0,r_emit_m,1284000.0,1284000.0,original,1284000.0,,0.0042921742778738725,0.0042921742778738725,0.8075880739060703,-0.8033880739060704,,-9.217427787389099e-05,-9.217427787389099e-05,True,19196705983434.707,,,r_eff <= r_s (1.200e+13 <= 1.920e+13)
NED 2004ApJ...609..539K 1.50e+10 Hz,nan,6500000000.0,,,,,,0.0042,15063000000.0,15000000000.0,,,1284000.0,1284000.0,0.7998627493097795,,M87,12000000000000.0,0.85266467315053,0.0041999999999999815,freq,12000000000000.0,r_emit_m,1284000.0,1284000.0,original,1284000.0,,0.0042921742778738725,0.0042921742778738725,0.8075880739060703,-0.8033880739060704,,-9.217427787389099e-05,-9.217427787389099e-05,True,19196705983434.707,,,r_eff <= r_s (1.200e+13 <= 1.920e+13)
NED 2011ApJ...742...27L 1.50e+10 Hz,nan,6500000000.0,,,,,,0.0042,15063000000.0,15000000000.0,,,1284000.0,1284000.0,0.7998627493097795,,M87,12000000000000.0,0.85266467315053,0.0041999999999999815,freq,12000000000000.0,r_emit_m,1284000.0,1284000.0,original,1284000.0,,0.0042921742778738725,0.0042921742778738725,0.8075880739060703,-0.8033880739060704,,-9.217427787389099e-05,-9.217427787389099e-05,True,19196705983434.707,,,r_eff <= r_s (1.200e+13 <= 1.920e+13)
NED 2001ApJ...559L..87N 1.50e+10 Hz,nan,6500000000.0,,,,,,0.0042,15063000000.0,15000000000.0,,,1284000.0,1284000.0,0.7998627493097795,,M87,12000000000000.0,0.85266467315053,0.0041999999999999815,freq,12000000000000.0,r_emit_m,1284000.0,1284000.0,original,1284000.0,,0.0042921742778738725,0.0042921742778738725,0.8075880739060703,-0.8033880739060704,,-9.217427787389099e-05,-9.217427787389099e-05,True,19196705983434.707,,,r_eff <= r_s (1.200e+13 <= 1.920e+13)
NED 2014MNRAS.438.3058R 1.50e+10 Hz,nan,6500000000.0,,,,,,0.0042,15063000000.0,15000000000.0,,,1284000.0,1284000.0,0.7998627493097795,,M87,12000000000000.0,0.85266467315053,0.0041999999999999815,freq,12000000000000.0,r_emit_m,1284000.0,1284000.0,original,1284000.0,,0.0042921742778738725,0.0042921742778738725,0.8075880739060703,-0.8033880739060704,,-9.217427787389099e-05,-9.217427787389099e-05,True,19196705983434.707,,,r_eff <= r_s (1.200e+13 <= 1.920e+13)
NED 2001ApJ...559L..87N 1.50e+10 Hz,nan,6500000000.0,,,,,,0.0042,15063000000.0,15000000000.0,,,1284000.0,1284000.0,0.7998627493097795,,M87,12000000000000.0,0.85266467315053,0.0041999999999999815,freq,12000000000000.0,r_emit_m,1284000.0,1284000.0,original,1284000.0,,0.0042921742778738725,0.0042921742778738725,0.8075880739060703,-0.8033880739060704,,-9.217427787389099e-05,-9.217427787389099e-05,True,19196705983434.707,,,r_eff <= r_s (1.200e+13 <= 1.920e+13)
NED 2008ApJ...674..111C 1.50e+10 Hz,nan,6500000000.0,,,,,,0.0042,15063000000.0,15000000000.0,,,1284000.0,1284000.0,0.7998627493097795,,M87,12000000000000.0,0.85266467315053,0.0041999999999999815,freq,12000000000000.0,r_emit_m,1284000.0,1284000.0,original,1284000.0,,0.0042921742778738725,0.0042921742778738725,0.8075880739060703,-0.8033880739060704,,-9.217427787389099e-05,-9.217427787389099e-05,True,19196705983434.707,,,r_eff <= r_s (1.200e+13 <= 1.920e+13)
NED 2005A&A...435..521N 1.50e+10 Hz,nan,6500000000.0,,,,,,0.0042,15063000000.0,15000000000.0,,,1284000.0,1284000.0,0.7998627493097795,,M87,12000000000000.0,0.85266467315053,0.0041999999999999815,freq,12000000000000.0,r_emit_m,1284000.0,1284000.0,original,1284000.0,,0.0042921742778738725,0.0042921742778738725,0.8075880739060703,-0.8033880739060704,,-9.217427787389099e-05,-9.217427787389099e-05,True,19196705983434.707,,,r_eff <= r_s (1.200e+13 <= 1.920e+13)
NED 2001ApJ...559L..87N 1.50e+10 Hz,nan,6500000000.0,,,,,,0.0042,15063000000.0,15000000000.0,,,1284000.0,1284000.0,0.7998627493097795,,M87,12000000000000.0,0.85266467315053,0.0041999999999999815,freq,12000000000000.0,r_emit_m,1284000.0,1284000.0,original,1284000.0,,0.0042921742778738725,0.0042921742778738725,0.8075880739060703,-0.8033880739060704,,-9.217427787389099e-05,-9.217427787389099e-05,True,19196705983434.707,,,r_eff <= r_s (1.200e+13 <= 1.920e+13)
NED 2015ApJ...810L...9L 1.50e+10 Hz,nan,6500000000.0,,,,,,0.0042,15063000000.0,15000000000.0,,,1284000.0,1284000.0,0.7998627493097795,,M87,12000000000000.0,0.85266467315053,0.0041999999999999815,freq,12000000000000.0,r_emit_m,1284000.0,1284000.0,original,1284000.0,,0.0042921742778738725,0.0042921742778738725,0.8075880739060703,-0.8033880739060704,,-9.217427787389099e-05,-9.217427787389099e-05,True,19196705983434.707,,,r_eff <= r_s (1.200e+13 <= 1.920e+13)
NED 2005AJ....130.2473K 1.50e+10 Hz,nan,6500000000.0,,,,,,0.0042,15063000000.0,15000000000.0,,,1284000.0,1284000.0,0.7998627493097795,,M87,12000000000000.0,0.85266467315053,0.0041999999999999815,freq,12000000000000.0,r_emit_m,1284000.0,1284000.0,original,1284000.0,,0.0042921742778738725,0.0042921742778738725,0.8075880739060703,-0.8033880739060704,,-9.217427787389099e-05,-9.217427787389099e-05,True,19196705983434.707,,,r_eff <= r_s (1.200e+13 <= 1.920e+13)
NED 2011ApJS..194...29R 1.50e+10 Hz,nan,6500000000.0,,,,,,0.0042,15063000000.0,15000000000.0,,,1284000.0,1284000.0,0.7998627493097795,,M87,12000000000000.0,0.85266467315053,0.0041999999999999815,freq,12000000000000.0,r_emit_m,1284000.0,1284000.0,original,1284000.0,,0.0042921742778738725,0.0042921742778738725,0.8075880739060703,-0.8033880739060704,,-9.217427787389099e-05,-9.217427787389099e-05,True,19196705983434.707,,,r_eff <= r_s (1.200e+13 <= 1.920e+13)
NED 2004ApJ...612..749Z 1.51e+10 Hz,nan,6500000000.0,,,,,,0.0042,15163420000.0,15100000000.0,,,1284000.0,1284000.0,0.7998627493097795,,M87,12000000000000.0,0.85266467315053,0.0041999999999999815,freq,12000000000000.0,r_emit_m,1284000.0,1284000.0,original,1284000.0,,0.0042921742778738725,0.0042921742778738725,0.8075880739060703,-0.8033880739060704,,-9.217427787389099e-05,-9.217427787389099e-05,True,19196705983434.707,,,r_eff <= r_s (1.200e+13 <= 1.920e+13)
NED 2005AJ....130.1389L 1.54e+10 Hz,nan,6500000000.0,,,,,,0.0042,15464680000.0,15400000000.0,,,1284000.0,1284000.0,0.7998627493097795,,M87,12000000000000.0,0.85266467315053,0.0041999999999999815,freq,12000000000000.0,r_emit_m,1284000.0,1284000.0,original,1284000.0,,0.0042921742778738725,0.0042921742778738725,0.8075880739060703,-0.8033880739060704,,-9.217427787389099e-05,-9.217427787389099e-05,True,19196705983434.707,,,r_eff <= r_s (1.200e+13 <= 1.920e+13)
NED 2009MNRAS.400..984D 1.61e+10 Hz,nan,6500000000.0,,,,,,0.0042,16167620000.0,16100000000.0,,,1284000.0,1284000.0,0.7998627493097795,,M87,12000000000000.0,0.85266467315053,0.0041999999999999815,freq,12000000000000.0,r_emit_m,1284000.0,1284000.0,original,1284000.0,,0.0042921742778738725,0.0042921742778738725,0.8075880739060703,-0.8033880739060704,,-9.217427787389099e-05,-9.217427787389099e-05,True,19196705983434.707,,,r_eff <= r_s (1.200e+13 <= 1.920e+13)
NED 2017ApJS..228...22L 2.17e+10 Hz,nan,6500000000.0,,,,,,0.0042,21791140000.0,21700000000.0,,,1284000.0,1284000.0,0.7998627493097795,,M87,12000000000000.0,0.85266467315053,0.0041999999999999815,freq,12000000000000.0,r_emit_m,1284000.0,1284000.0,original,1284000.0,,0.0042921742778738725,0.0042921742778738725,0.8075880739060703,-0.8033880739060704,,-9.217427787389099e-05,-9.217427787389099e-05,True,19196705983434.707,,,r_eff <= r_s (1.200e+13 <= 1.920e+13)
NED 2017ApJS..228...22L 2.17e+10 Hz,nan,6500000000.0,,,,,,0.0042,21791140000.0,21700000000.0,,,1284000.0,1284000.0,0.7998627493097795,,M87,12000000000000.0,0.85266467315053,0.0041999999999999815,freq,12000000000000.0,r_emit_m,1284000.0,1284000.0,original,1284000.0,,0.0042921742778738725,0.0042921742778738725,0.8075880739060703,-0.8033880739060704,,-9.217427787389099e-05,-9.217427787389099e-05,True,19196705983434.707,,,r_eff <= r_s (1.200e+13 <= 1.920e+13)
NED 1990PKS90.C...0000W 2.20e+10 Hz,nan,6500000000.0,,,,,,0.0042,22092400000.0,22000000000.0,,,1284000.0,1284000.0,0.7998627493097795,,M87,12000000000000.0,0.85266467315053,0.0041999999999999815,freq,12000000000000.0,r_emit_m,1284000.0,1284000.0,original,1284000.0,,0.0042921742778738725,0.0042921742778738725,0.8075880739060703,-0.8033880739060704,,-9.217427787389099e-05,-9.217427787389099e-05,True,19196705983434.707,,,r_eff <= r_s (1.200e+13 <= 1.920e+13)
NED 2007AJ....133.2487P 2.20e+10 Hz,nan,6500000000.0,,,,,,0.0042,22092400000.0,22000000000.0,,,1284000.0,1284000.0,0.7998627493097795,,M87,12000000000000.0,0.85266467315053,0.0041999999999999815,freq,12000000000000.0,r_emit_m,1284000.0,1284000.0,original,1284000.0,,0.0042921742778738725,0.0042921742778738725,0.8075880739060703,-0.8033880739060704,,-9.217427787389099e-05,-9.217427787389099e-05,True,19196705983434.707,,,r_eff <= r_s (1.200e+13 <= 1.920e+13)
NED 2007AJ....133.2487P 2.20e+10 Hz,nan,6500000000.0,,,,,,0.0042,22092400000.0,22000000000.0,,,1284000.0,1284000.0,0.7998627493097795,,M87,12000000000000.0,0.85266467315053,0.0041999999999999815,freq,12000000000000.0,r_emit_m,1284000.0,1284000.0,original,1284000.0,,0.0042921742778738725,0.0042921742778738725,0.8075880739060703,-0.8033880739060704,,-9.217427787389099e-05,-9.217427787389099e-05,True,19196705983434.707,,,r_eff <= r_s (1.200e+13 <= 1.920e+13)
NED 2009ApJS..180..283W 2.30e+10 Hz,nan,6500000000.0,,,,,,0.0042,23096600000.0,23000000000.0,,,1284000.0,1284000.0,0.7998627493097795,,M87,12000000000000.0,0.85266467315053,0.0041999999999999815,freq,12000000000000.0,r_emit_m,1284000.0,1284000.0,original,1284000.0,,0.0042921742778738725,0.0042921742778738725,0.8075880739060703,-0.8033880739060704,,-9.217427787389099e-05,-9.217427787389099e-05,True,19196705983434.707,,,r_eff <= r_s (1.200e+13 <= 1.920e+13)
NED 2003ApJS..148...97B 2.30e+10 Hz,nan,6500000000.0,,,,,,0.0042,23096600000.0,23000000000.0,,,1284000.0,1284000.0,0.7998627493097795,,M87,12000000000000.0,0.85266467315053,0.0041999999999999815,freq,12000000000000.0,r_emit_m,1284000.0,1284000.0,original,1284000.0,,0.0042921742778738725,0.0042921742778738725,0.8075880739060703,-0.8033880739060704,,-9.217427787389099e-05,-9.217427787389099e-05,True,19196705983434.707,,,r_eff <= r_s (1.200e+13 <= 1.920e+13)
NED 2011ApJS..192...15G 2.30e+10 Hz,nan,6500000000.0,,,,,,0.0042,23096600000.0,23000000000.0,,,1284000.0,1284000.0,0.7998627493097795,,M87,12000000000000.0,0.85266467315053,0.0041999999999999815,freq,12000000000000.0,r_emit_m,1284000.0,1284000.0,original,1284000.0,,0.0042921742778738725,0.0042921742778738725,0.8075880739060703,-0.8033880739060704,,-9.217427787389099e-05,-9.217427787389099e-05,True,19196705983434.707,,,r_eff <= r_s (1.200e+13 <= 1.920e+13)
NED 1975ApJ...196..347H 3.16e+10 Hz,nan,6500000000.0,,,,,,0.0042,31732720000.0,31600000000.0,,,1284000.0,1284000.0,0.7998627493097795,,M87,12000000000000.0,0.85266467315053,0.0041999999999999815,freq,12000000000000.0,r_emit_m,1284000.0,1284000.0,original,1284000.0,,0.0042921742778738725,0.0042921742778738725,0.8075880739060703,-0.8033880739060704,,-9.217427787389099e-05,-9.217427787389099e-05,True,19196705983434.707,,,r_eff <= r_s (1.200e+13 <= 1.920e+13)
NED 2009MNRAS.400..984D 3.30e+10 Hz,nan,6500000000.0,,,,,,0.0042,33138600000.0,33000000000.0,,,1284000.0,1284000.0,0.7998627493097795,,M87,12000000000000.0,0.85266467315053,0.0041999999999999815,freq,12000000000000.0,r_emit_m,1284000.0,1284000.0,original,1284000.0,,0.0042921742778738725,0.0042921742778738725,0.8075880739060703,-0.8033880739060704,,-9.217427787389099e-05,-9.217427787389099e-05,True,19196705983434.707,,,r_eff <= r_s (1.200e+13 <= 1.920e+13)
NED 2003ApJS..148...97B 3.30e+10 Hz,nan,6500000000.0,,,,,,0.0042,33138600000.0,33000000000.0,,,1284000.0,1284000.0,0.7998627493097795,,M87,12000000000000.0,0.85266467315053,0.0041999999999999815,freq,12000000000000.0,r_emit_m,1284000.0,1284000.0,original,1284000.0,,0.0042921742778738725,0.0042921742778738725,0.8075880739060703,-0.8033880739060704,,-9.217427787389099e-05,-9.217427787389099e-05,True,19196705983434.707,,,r_eff <= r_s (1.200e+13 <= 1.920e+13)
NED 2011ApJS..192...15G 3.30e+10 Hz,nan,6500000000.0,,,,,,0.0042,33138600000.0,33000000000.0,,,1284000.0,1284000.0,0.7998627493097795,,M87,12000000000000.0,0.85266467315053,0.0041999999999999815,freq,12000000000000.0,r_emit_m,1284000.0,1284000.0,original,1284000.0,,0.0042921742778738725,0.0042921742778738725,0.8075880739060703,-0.8033880739060704,,-9.217427787389099e-05,-9.217427787389099e-05,True,19196705983434.707,,,r_eff <= r_s (1.200e+13 <= 1.920e+13)
NED 2009ApJS..180..283W 3.30e+10 Hz,nan,6500000000.0,,,,,,0.0042,33138600000.0,33000000000.0,,,1284000.0,1284000.0,0.7998627493097795,,M87,12000000000000.0,0.85266467315053,0.0041999999999999815,freq,12000000000000.0,r_emit_m,1284000.0,1284000.0,original,1284000.0,,0.0042921742778738725,0.0042921742778738725,0.8075880739060703,-0.8033880739060704,,-9.217427787389099e-05,-9.217427787389099e-05,True,19196705983434.707,,,r_eff <= r_s (1.200e+13 <= 1.920e+13)
NED 2011A&A...536A..15P 3.68e+10 Hz,nan,6500000000.0,,,,,,0.0042,36954560000.0,36800000000.0,,,1284000.0,1284000.0,0.7998627493097795,,M87,12000000000000.0,0.85266467315053,0.0041999999999999815,freq,12000000000000.0,r_emit_m,1284000.0,1284000.0,original,1284000.0,,0.0042921742778738725,0.0042921742778738725,0.8075880739060703,-0.8033880739060704,,-9.217427787389099e-05,-9.217427787389099e-05,True,19196705983434.707,,,r_eff <= r_s (1.200e+13 <= 1.920e+13)
NED 2011A&A...535A..69N 3.70e+10 Hz,nan,6500000000.0,,,,,,0.0042,37155400000.0,37000000000.0,,,1284000.0,1284000.0,0.7998627493097795,,M87,12000000000000.0,0.85266467315053,0.0041999999999999815,freq,12000000000000.0,r_emit_m,1284000.0,1284000.0,original,1284000.0,,0.0042921742778738725,0.0042921742778738725,0.8075880739060703,-0.8033880739060704,,-9.217427787389099e-05,-9.217427787389099e-05,True,19196705983434.707,,,r_eff <= r_s (1.200e+13 <= 1.920e+13)
NED 2009MNRAS.392..733M 4.10e+10 Hz,nan,6500000000.0,,,,,,0.0042,41172200000.0,41000000000.0,,,1284000.0,1284000.0,0.7998627493097795,,M87,12000000000000.0,0.85266467315053,0.0041999999999999815,freq,12000000000000.0,r_emit_m,1284000.0,1284000.0,original,1284000.0,,0.0042921742778738725,0.0042921742778738725,0.8075880739060703,-0.8033880739060704,,-9.217427787389099e-05,-9.217427787389099e-05,True,19196705983434.707,,,r_eff <= r_s (1.200e+13 <= 1.920e+13)
NED 2003ApJS..148...97B 4.10e+10 Hz,nan,6500000000.0,,,,,,0.0042,41172200000.0,41000000000.0,,,1284000.0,1284000.0,0.7998627493097795,,M87,12000000000000.0,0.85266467315053,0.0041999999999999815,freq,12000000000000.0,r_emit_m,1284000.0,1284000.0,original,1284000.0,,0.0042921742778738725,0.0042921742778738725,0.8075880739060703,-0.8033880739060704,,-9.217427787389099e-05,-9.217427787389099e-05,True,19196705983434.707,,,r_eff <= r_s (1.200e+13 <= 1.920e+13)
NED 2011ApJS..192...15G 4.10e+10 Hz,nan,6500000000.0,,,,,,0.0042,41172200000.0,41000000000.0,,,1284000.0,1284000.0,0.7998627493097795,,M87,12000000000000.0,0.85266467315053,0.0041999999999999815,freq,12000000000000.0,r_emit_m,1284000.0,1284000.0,original,1284000.0,,0.0042921742778738725,0.0042921742778738725,0.8075880739060703,-0.8033880739060704,,-9.217427787389099e-05,-9.217427787389099e-05,True,19196705983434.707,,,r_eff <= r_s (1.200e+13 <= 1.920e+13)
NED 2009ApJS..180..283W 4.10e+10 Hz,nan,6500000000.0,,,,,,0.0042,41172200000.0,41000000000.0,,,1284000.0,1284000.0,0.7998627493097795,,M87,12000000000000.0,0.85266467315053,0.0041999999999999815,freq,12000000000000.0,r_emit_m,1284000.0,1284000.0,original,1284000.0,,0.0042921742778738725,0.0042921742778738725,0.8075880739060703,-0.8033880739060704,,-9.217427787389099e-05,-9.217427787389099e-05,True,19196705983434.707,,,r_eff <= r_s (1.200e+13 <= 1.920e+13)
NED 2009A&A...508..107G 4.10e+10 Hz,nan,6500000000.0,,,,,,0.0042,41172200000.0,41000000000.0,,,1284000.0,1284000.0,0.7998627493097795,,M87,12000000000000.0,0.85266467315053,0.0041999999999999815,freq,12000000000000.0,r_emit_m,1284000.0,1284000.0,original,1284000.0,,0.0042921742778738725,0.0042921742778738725,0.8075880739060703,-0.8033880739060704,,-9.217427787389099e-05,-9.217427787389099e-05,True,19196705983434.707,,,r_eff <= r_s (1.200e+13 <= 1.920e+13)
NED 2009ApJ...694..222C 4.10e+10 Hz,nan,6500000000.0,,,,,,0.0042,41172200000.0,41000000000.0,,,1284000.0,1284000.0,0.7998627493097795,,M87,12000000000000.0,0.85266467315053,0.0041999999999999815,freq,12000000000000.0,r_emit_m,1284000.0,1284000.0,original,1284000.0,,0.0042921742778738725,0.0042921742778738725,0.8075880739060703,-0.8033880739060704,,-9.217427787389099e-05,-9.217427787389099e-05,True,19196705983434.707,,,r_eff <= r_s (1.200e+13 <= 1.920e+13)
NED 2017ApJS..228...22L 4.24e+10 Hz,nan,6500000000.0,,,,,,0.0042,42578080000.0,42400000000.0,,,1284000.0,1284000.0,0.7998627493097795,,M87,12000000000000.0,0.85266467315053,0.0041999999999999815,freq,12000000000000.0,r_emit_m,1284000.0,1284000.0,original,1284000.0,,0.0042921742778738725,0.0042921742778738725,0.8075880739060703,-0.8033880739060704,,-9.217427787389099e-05,-9.217427787389099e-05,True,19196705983434.707,,,r_eff <= r_s (1.200e+13 <= 1.920e+13)
NED 2017ApJS..228...22L 4.24e+10 Hz,nan,6500000000.0,,,,,,0.0042,42578080000.0,42400000000.0,,,1284000.0,1284000.0,0.7998627493097795,,M87,12000000000000.0,0.85266467315053,0.0041999999999999815,freq,12000000000000.0,r_emit_m,1284000.0,1284000.0,original,1284000.0,,0.0042921742778738725,0.0042921742778738725,0.8075880739060703,-0.8033880739060704,,-9.217427787389099e-05,-9.217427787389099e-05,True,19196705983434.707,,,r_eff <= r_s (1.200e+13 <= 1.920e+13)
NED 2011ApJS..192...15G 6.10e+10 Hz,nan,6500000000.0,,,,,,0.0042,61256200000.0,61000000000.0,,,1284000.0,1284000.0,0.7998627493097795,,M87,12000000000000.0,0.85266467315053,0.0041999999999999815,freq,12000000000000.0,r_emit_m,1284000.0,1284000.0,original,1284000.0,,0.0042921742778738725,0.0042921742778738725,0.8075880739060703,-0.8033880739060704,,-9.217427787389099e-05,-9.217427787389099e-05,True,19196705983434.707,,,r_eff <= r_s (1.200e+13 <= 1.920e+13)
NED 2003ApJS..148...97B 6.10e+10 Hz,nan,6500000000.0,,,,,,0.0042,61256200000.0,61000000000.0,,,1284000.0,1284000.0,0.7998627493097795,,M87,12000000000000.0,0.85266467315053,0.0041999999999999815,freq,12000000000000.0,r_emit_m,1284000.0,1284000.0,original,1284000.0,,0.0042921742778738725,0.0042921742778738725,0.8075880739060703,-0.8033880739060704,,-9.217427787389099e-05,-9.217427787389099e-05,True,19196705983434.707,,,r_eff <= r_s (1.200e+13 <= 1.920e+13)
NED 2009ApJ...694..222C 6.10e+10 Hz,nan,6500000000.0,,,,,,0.0042,61256200000.0,61000000000.0,,,1284000.0,1284000.0,0.7998627493097795,,M87,12000000000000.0,0.85266467315053,0.0041999999999999815,freq,12000000000000.0,r_emit_m,1284000.0,1284000.0,original,1284000.0,,0.0042921742778738725,0.0042921742778738725,0.8075880739060703,-0.8033880739060704,,-9.217427787389099e-05,-9.217427787389099e-05,True,19196705983434.707,,,r_eff <= r_s (1.200e+13 <= 1.920e+13)
NED 2008ApJ...681..747C 6.10e+10 Hz,nan,6500000000.0,,,,,,0.0042,61256200000.0,61000000000.0,,,1284000.0,1284000.0,0.7998627493097795,,M87,12000000000000.0,0.85266467315053,0.0041999999999999815,freq,12000000000000.0,r_emit_m,1284000.0,1284000.0,original,1284000.0,,0.0042921742778738725,0.0042921742778738725,0.8075880739060703,-0.8033880739060704,,-9.217427787389099e-05,-9.217427787389099e-05,True,19196705983434.707,,,r_eff <= r_s (1.200e+13 <= 1.920e+13)
NED 2009ApJS..180..283W 6.10e+10 Hz,nan,6500000000.0,,,,,,0.0042,61256200000.0,61000000000.0,,,1284000.0,1284000.0,0.7998627493097795,,M87,12000000000000.0,0.85266467315053,0.0041999999999999815,freq,12000000000000.0,r_emit_m,1284000.0,1284000.0,original,1284000.0,,0.0042921742778738725,0.0042921742778738725,0.8075880739060703,-0.8033880739060704,,-9.217427787389099e-05,-9.217427787389099e-05,True,19196705983434.707,,,r_eff <= r_s (1.200e+13 <= 1.920e+13)
NED 1987A&AS...71..125T 7.70e+10 Hz,nan,6500000000.0,,,,,,0.0042,77323400000.0,77000000000.0,,,1284000.0,1284000.0,0.7998627493097795,,M87,12000000000000.0,0.85266467315053,0.0041999999999999815,freq,12000000000000.0,r_emit_m,1284000.0,1284000.0,original,1284000.0,,0.0042921742778738725,0.0042921742778738725,0.8075880739060703,-0.8033880739060704,,-9.217427787389099e-05,-9.217427787389099e-05,True,19196705983434.707,,,r_eff <= r_s (1.200e+13 <= 1.920e+13)
NED 1975ApJ...196..347H 8.57e+10 Hz,nan,6500000000.0,,,,,,0.0042,86059940000.0,85700000000.0,,,1284000.0,1284000.0,0.7998627493097795,,M87,12000000000000.0,0.85266467315053,0.0041999999999999815,freq,12000000000000.0,r_emit_m,1284000.0,1284000.0,original,1284000.0,,0.0042921742778738725,0.0042921742778738725,0.8075880739060703,-0.8033880739060704,,-9.217427787389099e-05,-9.217427787389099e-05,True,19196705983434.707,,,r_eff <= r_s (1.200e+13 <= 1.920e+13)
NED 2008AJ....136..159L 8.60e+10 Hz,nan,6500000000.0,,,,,,0.0042,86361200000.0,86000000000.0,,,1284000.0,1284000.0,0.7998627493097795,,M87,12000000000000.0,0.85266467315053,0.0041999999999999815,freq,12000000000000.0,r_emit_m,1284000.0,1284000.0,original,1284000.0,,0.0042921742778738725,0.0042921742778738725,0.8075880739060703,-0.8033880739060704,,-9.217427787389099e-05,-9.217427787389099e-05,True,19196705983434.707,,,r_eff <= r_s (1.200e+13 <= 1.920e+13)
NED 2010ApJS..189....1A 8.60e+10 Hz,nan,6500000000.0,,,,,,0.0042,86361200000.0,86000000000.0,,,1284000.0,1284000.0,0.7998627493097795,,M87,12000000000000.0,0.85266467315053,0.0041999999999999815,freq,12000000000000.0,r_emit_m,1284000.0,1284000.0,original,1284000.0,,0.0042921742778738725,0.0042921742778738725,0.8075880739060703,-0.8033880739060704,,-9.217427787389099e-05,-9.217427787389099e-05,True,19196705983434.707,,,r_eff <= r_s (1.200e+13 <= 1.920e+13)
NED 2014A&A...566A..59A 8.62e+10 Hz,nan,6500000000.0,,,,,,0.0042,86562040000.0,86200000000.0,,,1284000.0,1284000.0,0.7998627493097795,,M87,12000000000000.0,0.85266467315053,0.0041999999999999815,freq,12000000000000.0,r_emit_m,1284000.0,1284000.0,original,1284000.0,,0.0042921742778738725,0.0042921742778738725,0.8075880739060703,-0.8033880739060704,,-9.217427787389099e-05,-9.217427787389099e-05,True,19196705983434.707,,,r_eff <= r_s (1.200e+13 <= 1.920e+13)
NED 2005MNRAS.363..692D 8.90e+10 Hz,nan,6500000000.0,,,,,,0.0042,89373800000.0,89000000000.0,,,1284000.0,1284000.0,0.7998627493097795,,M87,12000000000000.0,0.85266467315053,0.0041999999999999815,freq,12000000000000.0,r_emit_m,1284000.0,1284000.0,original,1284000.0,,0.0042921742778738725,0.0042921742778738725,0.8075880739060703,-0.8033880739060704,,-9.217427787389099e-05,-9.217427787389099e-05,True,19196705983434.707,,,r_eff <= r_s (1.200e+13 <= 1.920e+13)
NED 1981AJ.....86.1306G 8.96e+10 Hz,nan,6500000000.0,,,,,,0.0042,89976320000.0,89600000000.0,,,1284000.0,1284000.0,0.7998627493097795,,M87,12000000000000.0,0.85266467315053,0.0041999999999999815,freq,12000000000000.0,r_emit_m,1284000.0,1284000.0,original,1284000.0,,0.0042921742778738725,0.0042921742778738725,0.8075880739060703,-0.8033880739060704,,-9.217427787389099e-05,-9.217427787389099e-05,True,19196705983434.707,,,r_eff <= r_s (1.200e+13 <= 1.920e+13)
NED 2009ApJ...701.1872C 9.00e+10 Hz,nan,6500000000.0,,,,,,0.0042,90378000000.0,90000000000.0,,,1284000.0,1284000.0,0.7998627493097795,,M87,12000000000000.0,0.85266467315053,0.0041999999999999815,freq,12000000000000.0,r_emit_m,1284000.0,1284000.0,original,1284000.0,,0.0042921742778738725,0.0042921742778738725,0.8075880739060703,-0.8033880739060704,,-9.217427787389099e-05,-9.217427787389099e-05,True,19196705983434.707,,,r_eff <= r_s (1.200e+13 <= 1.920e+13)
NED 2009ApJS..180..283W 9.40e+10 Hz,nan,6500000000.0,,,,,,0.0042,94394800000.0,94000000000.0,,,1284000.0,1284000.0,0.7998627493097795,,M87,12000000000000.0,0.85266467315053,0.0041999999999999815,freq,12000000000000.0,r_emit_m,1284000.0,1284000.0,original,1284000.0,,0.0042921742778738725,0.0042921742778738725,0.8075880739060703,-0.8033880739060704,,-9.217427787389099e-05,-9.217427787389099e-05,True,19196705983434.707,,,r_eff <= r_s (1.200e+13 <= 1.920e+13)
NED 2011ApJS..192...15G 9.40e+10 Hz,nan,6500000000.0,,,,,,0.0042,94394800000.0,94000000000.0,,,1284000.0,1284000.0,0.7998627493097795,,M87,12000000000000.0,0.85266467315053,0.0041999999999999815,freq,12000000000000.0,r_emit_m,1284000.0,1284000.0,original,1284000.0,,0.0042921742778738725,0.0042921742778738725,0.8075880739060703,-0.8033880739060704,,-9.217427787389099e-05,-9.217427787389099e-05,True,19196705983434.707,,,r_eff <= r_s (1.200e+13 <= 1.920e+13)
NED 2009ApJ...694..222C 9.40e+10 Hz,nan,6500000000.0,,,,,,0.0042,94394800000.0,94000000000.0,,,1284000.0,1284000.0,0.7998627493097795,,M87,12000000000000.0,0.85266467315053,0.0041999999999999815,freq,12000000000000.0,r_emit_m,1284000.0,1284000.0,original,1284000.0,,0.0042921742778738725,0.0042921742778738725,0.8075880739060703,-0.8033880739060704,,-9.217427787389099e-05,-9.217427787389099e-05,True,19196705983434.707,,,r_eff <= r_s (1.200e+13 <= 1.920e+13)
NED 2003ApJS..148...97B 9.40e+10 Hz,nan,6500000000.0,,,,,,0.0042,94394800000.0,94000000000.0,,,1284000.0,1284000.0,0.7998627493097795,,M87,12000000000000.0,0.85266467315053,0.0041999999999999815,freq,12000000000000.0,r_emit_m,1284000.0,1284000.0,original,1284000.0,,0.0042921742778738725,0.0042921742778738725,0.8075880739060703,-0.8033880739060704,,-9.217427787389099e-05,-9.217427787389099e-05,True,19196705983434.707,,,r_eff <= r_s (1.200e+13 <= 1.920e+13)
NED 2010A&A...518A...9O 9.99e+10 Hz,nan,6500000000.0,,,,,,0.0042,100319580000.0,99900000000.0,,,1284000.0,1284000.0,0.7998627493097795,,M87,12000000000000.0,0.85266467315053,0.0041999999999999815,freq,12000000000000.0,r_emit_m,1284000.0,1284000.0,original,1284000.0,,0.0042921742778738725,0.0042921742778738725,0.8075880739060703,-0.8033880739060704,,-9.217427787389099e-05,-9.217427787389099e-05,True,19196705983434.707,,,r_eff <= r_s (1.200e+13 <= 1.920e+13)
NED 1998AJ....116....8L 1.00e+11 Hz,nan,6500000000.0,,,,,,0.0042,100420000000.0,100000000000.0,,,1284000.0,1284000.0,0.7998627493097795,,M87,12000000000000.0,0.85266467315053,0.0041999999999999815,freq,12000000000000.0,r_emit_m,1284000.0,1284000.0,original,1284000.0,,0.0042921742778738725,0.0042921742778738725,0.8075880739060703,-0.8033880739060704,,-9.217427787389099e-05,-9.217427787389099e-05,True,19196705983434.707,,,r_eff <= r_s (1.200e+13 <= 1.920e+13)
NED 1998AJ....116....8L 1.00e+11 Hz,nan,6500000000.0,,,,,,0.0042,100420000000.0,100000000000.0,,,1284000.0,1284000.0,0.7998627493097795,,M87,12000000000000.0,0.85266467315053,0.0041999999999999815,freq,12000000000000.0,r_emit_m,1284000.0,1284000.0,original,1284000.0,,0.0042921742778738725,0.0042921742778738725,0.8075880739060703,-0.8033880739060704,,-9.217427787389099e-05,-9.217427787389099e-05,True,19196705983434.707,,,r_eff <= r_s (1.200e+13 <= 1.920e+13)
NED 2014A&A...566A..59A 2.29e+11 Hz,nan,6500000000.0,,,,,,0.0042,229961800000.0,229000000000.0,,,1284000.0,1284000.0,0.7998627493097795,,M87,12000000000000.0,0.85266467315053,0.0041999999999999815,freq,12000000000000.0,r_emit_m,1284000.0,1284000.0,original,1284000.0,,0.0042921742778738725,0.0042921742778738725,0.8075880739060703,-0.8033880739060704,,-9.217427787389099e-05,-9.217427787389099e-05,True,19196705983434.707,,,r_eff <= r_s (1.200e+13 <= 1.920e+13)
NED 2010A&A...518A...9O 3.00e+11 Hz,nan,6500000000.0,,,,,,0.0042,301260000000.0,300000000000.0,,,1284000.0,1284000.0,0.7998627493097795,,M87,12000000000000.0,0.85266467315053,0.0041999999999999815,freq,12000000000000.0,r_emit_m,1284000.0,1284000.0,original,1284000.0,,0.0042921742778738725,0.0042921742778738725,0.8075880739060703,-0.8033880739060704,,-9.217427787389099e-05,-9.217427787389099e-05,True,19196705983434.707,,,r_eff <= r_s (1.200e+13 <= 1.920e+13)
NED 2010A&A...518L..53B 6.00e+11 Hz,nan,6500000000.0,,,,,,0.0042,602520000000.0,600000000000.0,,,1284000.0,1284000.0,0.7998627493097795,,M87,12000000000000.0,0.85266467315053,0.0041999999999999815,freq,12000000000000.0,r_emit_m,1284000.0,1284000.0,original,1284000.0,,0.0042921742778738725,0.0042921742778738725,0.8075880739060703,-0.8033880739060704,,-9.217427787389099e-05,-9.217427787389099e-05,True,19196705983434.707,,,r_eff <= r_s (1.200e+13 <= 1.920e+13)
NED 2014ApJ...783..135A 6.00e+11 Hz,nan,6500000000.0,,,,,,0.0042,602520000000.0,600000000000.0,,,1284000.0,1284000.0,0.7998627493097795,,M87,12000000000000.0,0.85266467315053,0.0041999999999999815,freq,12000000000000.0,r_emit_m,1284000.0,1284000.0,original,1284000.0,,0.0042921742778738725,0.0042921742778738725,0.8075880739060703,-0.8033880739060704,,-9.217427787389099e-05,-9.217427787389099e-05,True,19196705983434.707,,,r_eff <= r_s (1.200e+13 <= 1.920e+13)
NED 2010A&A...518L..53B 8.57e+11 Hz,nan,6500000000.0,,,,,,0.0042,860599400000.0,857000000000.0,,,1284000.0,1284000.0,0.7998627493097795,,M87,12000000000000.0,0.85266467315053,0.0041999999999999815,freq,12000000000000.0,r_emit_m,1284000.0,1284000.0,original,1284000.0,,0.0042921742778738725,0.0042921742778738725,0.8075880739060703,-0.8033880739060704,,-9.217427787389099e-05,-9.217427787389099e-05,True,19196705983434.707,,,r_eff <= r_s (1.200e+13 <= 1.920e+13)
NED 2014ApJ...783..135A 8.57e+11 Hz,nan,6500000000.0,,,,,,0.0042,860599400000.0,857000000000.0,,,1284000.0,1284000.0,0.7998627493097795,,M87,12000000000000.0,0.85266467315053,0.0041999999999999815,freq,12000000000000.0,r_emit_m,1284000.0,1284000.0,original,1284000.0,,0.0042921742778738725,0.0042921742778738725,0.8075880739060703,-0.8033880739060704,,-9.217427787389099e-05,-9.217427787389099e-05,True,19196705983434.707,,,r_eff <= r_s (1.200e+13 <= 1.920e+13)
NED 2014ApJ...783..135A 1.20e+12 Hz,nan,6500000000.0,,,,,,0.0042,1205040000000.0,1200000000000.0,,,1284000.0,1284000.0,0.7998627493097795,,M87,12000000000000.0,0.85266467315053,0.0041999999999999815,freq,12000000000000.0,r_emit_m,1284000.0,1284000.0,original,1284000.0,,0.0042921742778738725,0.0042921742778738725,0.8075880739060703,-0.8033880739060704,,-9.217427787389099e-05,-9.217427787389099e-05,True,19196705983434.707,,,r_eff <= r_s (1.200e+13 <= 1.920e+13)
NED 2010A&A...518L..53B 1.20e+12 Hz,nan,6500000000.0,,,,,,0.0042,1205040000000.0,1200000000000.0,,,1284000.0,1284000.0,0.7998627493097795,,M87,12000000000000.0,0.85266467315053,0.0041999999999999815,freq,12000000000000.0,r_emit_m,1284000.0,1284000.0,original,1284000.0,,0.0042921742778738725,0.0042921742778738725,0.8075880739060703,-0.8033880739060704,,-9.217427787389099e-05,-9.217427787389099e-05,True,19196705983434.707,,,r_eff <= r_s (1.200e+13 <= 1.920e+13)
NED 2014MNRAS.440..942C 1.81e+12 Hz,nan,6500000000.0,,,,,,0.0042,1817602000000.0,1810000000000.0,,,1284000.0,1284000.0,0.7998627493097795,,M87,12000000000000.0,0.85266467315053,0.0041999999999999815,freq,12000000000000.0,r_emit_m,1284000.0,1284000.0,original,1284000.0,,0.0042921742778738725,0.0042921742778738725,0.8075880739060703,-0.8033880739060704,,-9.217427787389099e-05,-9.217427787389099e-05,True,19196705983434.707,,,r_eff <= r_s (1.200e+13 <= 1.920e+13)
NED 2010A&A...518L..53B 1.87e+12 Hz,nan,6500000000.0,,,,,,0.0042,1877854000000.0,1870000000000.0,,,1284000.0,1284000.0,0.7998627493097795,,M87,12000000000000.0,0.85266467315053,0.0041999999999999815,freq,12000000000000.0,r_emit_m,1284000.0,1284000.0,original,1284000.0,,0.0042921742778738725,0.0042921742778738725,0.8075880739060703,-0.8033880739060704,,-9.217427787389099e-05,-9.217427787389099e-05,True,19196705983434.707,,,r_eff <= r_s (1.200e+13 <= 1.920e+13)
NED 2016ApJS..226...19F 1.90e+12 Hz,nan,6500000000.0,,,,,,0.0042,1907980000000.0,1900000000000.0,,,1284000.0,1284000.0,0.7998627493097795,,M87,12000000000000.0,0.85266467315053,0.0041999999999999815,freq,12000000000000.0,r_emit_m,1284000.0,1284000.0,original,1284000.0,,0.0042921742778738725,0.0042921742778738725,0.8075880739060703,-0.8033880739060704,,-9.217427787389099e-05,-9.217427787389099e-05,True,19196705983434.707,,,r_eff <= r_s (1.200e+13 <= 1.920e+13)
NED 2016ApJS..226...19F 1.90e+12 Hz,nan,6500000000.0,,,,,,0.0042,1907980000000.0,1900000000000.0,,,1284000.0,1284000.0,0.7998627493097795,,M87,12000000000000.0,0.85266467315053,0.0041999999999999815,freq,12000000000000.0,r_emit_m,1284000.0,1284000.0,original,1284000.0,,0.0042921742778738725,0.0042921742778738725,0.8075880739060703,-0.8033880739060704,,-9.217427787389099e-05,-9.217427787389099e-05,True,19196705983434.707,,,r_eff <= r_s (1.200e+13 <= 1.920e+13)
NED 2016ApJS..226...19F 1.90e+12 Hz,nan,6500000000.0,,,,,,0.0042,1907980000000.0,1900000000000.0,,,1284000.0,1284000.0,0.7998627493097795,,M87,12000000000000.0,0.85266467315053,0.0041999999999999815,freq,12000000000000.0,r_emit_m,1284000.0,1284000.0,original,1284000.0,,0.0042921742778738725,0.0042921742778738725,0.8075880739060703,-0.8033880739060704,,-9.217427787389099e-05,-9.217427787389099e-05,True,19196705983434.707,,,r_eff <= r_s (1.200e+13 <= 1.920e+13)
NED 2009ApJ...707..890T 1.92e+12 Hz,nan,6500000000.0,,,,,,0.0042,1928064000000.0,1920000000000.0,,,1284000.0,1284000.0,0.7998627493097795,,M87,12000000000000.0,0.85266467315053,0.0041999999999999815,freq,12000000000000.0,r_emit_m,1284000.0,1284000.0,original,1284000.0,,0.0042921742778738725,0.0042921742778738725,0.8075880739060703,-0.8033880739060704,,-9.217427787389099e-05,-9.217427787389099e-05,True,19196705983434.707,,,r_eff <= r_s (1.200e+13 <= 1.920e+13)
NED 2009ApJ...695....1T 1.92e+12 Hz,nan,6500000000.0,,,,,,0.0042,1928064000000.0,1920000000000.0,,,1284000.0,1284000.0,0.7998627493097795,,M87,12000000000000.0,0.85266467315053,0.0041999999999999815,freq,12000000000000.0,r_emit_m,1284000.0,1284000.0,original,1284000.0,,0.0042921742778738725,0.0042921742778738725,0.8075880739060703,-0.8033880739060704,,-9.217427787389099e-05,-9.217427787389099e-05,True,19196705983434.707,,,r_eff <= r_s (1.200e+13 <= 1.920e+13)
NED 2007ApJ...655..781S 1.92e+12 Hz,nan,6500000000.0,,,,,,0.0042,1928064000000.0,1920000000000.0,,,1284000.0,1284000.0,0.7998627493097795,,M87,12000000000000.0,0.85266467315053,0.0041999999999999815,freq,12000000000000.0,r_emit_m,1284000.0,1284000.0,original,1284000.0,,0.0042921742778738725,0.0042921742778738725,0.8075880739060703,-0.8033880739060704,,-9.217427787389099e-05,-9.217427787389099e-05,True,19196705983434.707,,,r_eff <= r_s (1.200e+13 <= 1.920e+13)
NED 2017A&A...605A..74K 2.14e+12 Hz,nan,6500000000.0,,,,,,0.0042,2148988000000.0,2140000000000.0,,,1284000.0,1284000.0,0.7998627493097795,,M87,12000000000000.0,0.85266467315053,0.0041999999999999815,freq,12000000000000.0,r_emit_m,1284000.0,1284000.0,original,1284000.0,,0.0042921742778738725,0.0042921742778738725,0.8075880739060703,-0.8033880739060704,,-9.217427787389099e-05,-9.217427787389099e-05,True,19196705983434.707,,,r_eff <= r_s (1.200e+13 <= 1.920e+13)
NED 2014MNRAS.440..942C 2.93e+12 Hz,nan,6500000000.0,,,,,,0.0042,2942306000000.0,2930000000000.0,,,1284000.0,1284000.0,0.7998627493097795,,M87,12000000000000.0,0.85266467315053,0.0041999999999999815,freq,12000000000000.0,r_emit_m,1284000.0,1284000.0,original,1284000.0,,0.0042921742778738725,0.0042921742778738725,0.8075880739060703,-0.8033880739060704,,-9.217427787389099e-05,-9.217427787389099e-05,True,19196705983434.707,,,r_eff <= r_s (1.200e+13 <= 1.920e+13)
NED 1994PrivC.U..J....K 3.00e+12 Hz,nan,6500000000.0,,,,,,0.0042,3012600000000.0,3000000000000.0,,,1284000.0,1284000.0,0.7998627493097795,,M87,12000000000000.0,0.85266467315053,0.0041999999999999815,freq,12000000000000.0,r_emit_m,1284000.0,1284000.0,original,1284000.0,,0.0042921742778738725,0.0042921742778738725,0.8075880739060703,-0.8033880739060704,,-9.217427787389099e-05,-9.217427787389099e-05,True,19196705983434.707,,,r_eff <= r_s (1.200e+13 <= 1.920e+13)
NED 2010A&A...518L..53B 3.00e+12 Hz,nan,6500000000.0,,,,,,0.0042,3012600000000.0,3000000000000.0,,,1284000.0,1284000.0,0.7998627493097795,,M87,12000000000000.0,0.85266467315053,0.0041999999999999815,freq,12000000000000.0,r_emit_m,1284000.0,1284000.0,original,1284000.0,,0.0042921742778738725,0.0042921742778738725,0.8075880739060703,-0.8033880739060704,,-9.217427787389099e-05,-9.217427787389099e-05,True,19196705983434.707,,,r_eff <= r_s (1.200e+13 <= 1.920e+13)
NED 1988AJ.....95...26G 3.00e+12 Hz,nan,6500000000.0,,,,,,0.0042,3012600000000.0,3000000000000.0,,,1284000.0,1284000.0,0.7998627493097795,,M87,12000000000000.0,0.85266467315053,0.0041999999999999815,freq,12000000000000.0,r_emit_m,1284000.0,1284000.0,original,1284000.0,,0.0042921742778738725,0.0042921742778738725,0.8075880739060703,-0.8033880739060704,,-9.217427787389099e-05,-9.217427787389099e-05,True,19196705983434.707,,,r_eff <= r_s (1.200e+13 <= 1.920e+13)
NED 2017A&A...605A..74K 3.33e+12 Hz,nan,6500000000.0,,,,,,0.0042,3343986000000.0,3330000000000.0,,,1284000.0,1284000.0,0.7998627493097795,,M87,12000000000000.0,0.85266467315053,0.0041999999999999815,freq,12000000000000.0,r_emit_m,1284000.0,1284000.0,original,1284000.0,,0.0042921742778738725,0.0042921742778738725,0.8075880739060703,-0.8033880739060704,,-9.217427787389099e-05,-9.217427787389099e-05,True,19196705983434.707,,,r_eff <= r_s (1.200e+13 <= 1.920e+13)
NED 2009ApJ...695....1T 4.20e+12 Hz,nan,6500000000.0,,,,,,0.0042,4217640000000.0,4200000000000.0,,,1284000.0,1284000.0,0.7998627493097795,,M87,12000000000000.0,0.85266467315053,0.0041999999999999815,freq,12000000000000.0,r_emit_m,1284000.0,1284000.0,original,1284000.0,,0.0042921742778738725,0.0042921742778738725,0.8075880739060703,-0.8033880739060704,,-9.217427787389099e-05,-9.217427787389099e-05,True,19196705983434.707,,,r_eff <= r_s (1.200e+13 <= 1.920e+13)
NED 2009ApJ...707..890T 4.20e+12 Hz,nan,6500000000.0,,,,,,0.0042,4217640000000.0,4200000000000.0,,,1284000.0,1284000.0,0.7998627493097795,,M87,12000000000000.0,0.85266467315053,0.0041999999999999815,freq,12000000000000.0,r_emit_m,1284000.0,1284000.0,original,1284000.0,,0.0042921742778738725,0.0042921742778738725,0.8075880739060703,-0.8033880739060704,,-9.217427787389099e-05,-9.217427787389099e-05,True,19196705983434.707,,,r_eff <= r_s (1.200e+13 <= 1.920e+13)
NED 2007ApJ...655..781S 4.20e+12 Hz,nan,6500000000.0,,,,,,0.0042,4217640000000.0,4200000000000.0,,,1284000.0,1284000.0,0.7998627493097795,,M87,12000000000000.0,0.85266467315053,0.0041999999999999815,freq,12000000000000.0,r_emit_m,1284000.0,1284000.0,original,1284000.0,,0.0042921742778738725,0.0042921742778738725,0.8075880739060703,-0.8033880739060704,,-9.217427787389099e-05,-9.217427787389099e-05,True,19196705983434.707,,,r_eff <= r_s (1.200e+13 <= 1.920e+13)
NED 2007ApJ...655..781S 4.20e+12 Hz,nan,6500000000.0,,,,,,0.0042,4217640000000.0,4200000000000.0,,,1284000.0,1284000.0,0.7998627493097795,,M87,12000000000000.0,0.85266467315053,0.0041999999999999815,freq,12000000000000.0,r_emit_m,1284000.0,1284000.0,original,1284000.0,,0.0042921742778738725,0.0042921742778738725,0.8075880739060703,-0.8033880739060704,,-9.217427787389099e-05,-9.217427787389099e-05,True,19196705983434.707,,,r_eff <= r_s (1.200e+13 <= 1.920e+13)
NED 2017A&A...605A..74K 4.61e+12 Hz,nan,6500000000.0,,,,,,0.0042,4629362000000.0,4610000000000.0,,,1284000.0,1284000.0,0.7998627493097795,,M87,12000000000000.0,0.85266467315053,0.0041999999999999815,freq,12000000000000.0,r_emit_m,1284000.0,1284000.0,original,1284000.0,,0.0042921742778738725,0.0042921742778738725,0.8075880739060703,-0.8033880739060704,,-9.217427787389099e-05,-9.217427787389099e-05,True,19196705983434.707,,,r_eff <= r_s (1.200e+13 <= 1.920e+13)
NED 1990IRASF.C...0000M 5.00e+12 Hz,nan,6500000000.0,,,,,,0.0042,5021000000000.0,5000000000000.0,,,1284000.0,1284000.0,0.7998627493097795,,M87,12000000000000.0,0.85266467315053,0.0041999999999999815,freq,12000000000000.0,r_emit_m,1284000.0,1284000.0,original,1284000.0,,0.0042921742778738725,0.0042921742778738725,0.8075880739060703,-0.8033880739060704,,-9.217427787389099e-05,-9.217427787389099e-05,True,19196705983434.707,,,r_eff <= r_s (1.200e+13 <= 1.920e+13)
NED 1994PrivC.U..J....K 5.00e+12 Hz,nan,6500000000.0,,,,,,0.0042,5021000000000.0,5000000000000.0,,,1284000.0,1284000.0,0.7998627493097795,,M87,12000000000000.0,0.85266467315053,0.0041999999999999815,freq,12000000000000.0,r_emit_m,1284000.0,1284000.0,original,1284000.0,,0.0042921742778738725,0.0042921742778738725,0.8075880739060703,-0.8033880739060704,,-9.217427787389099e-05,-9.217427787389099e-05,True,19196705983434.707,,,r_eff <= r_s (1.200e+13 <= 1.920e+13)
NED 1988AJ.....95...26G 5.00e+12 Hz,nan,6500000000.0,,,,,,0.0042,5021000000000.0,5000000000000.0,,,1284000.0,1284000.0,0.7998627493097795,,M87,12000000000000.0,0.85266467315053,0.0041999999999999815,freq,12000000000000.0,r_emit_m,1284000.0,1284000.0,original,1284000.0,,0.0042921742778738725,0.0042921742778738725,0.8075880739060703,-0.8033880739060704,,-9.217427787389099e-05,-9.217427787389099e-05,True,19196705983434.707,,,r_eff <= r_s (1.200e+13 <= 1.920e+13)
NED 2007ApJ...663..808P 8.95e+12 Hz,nan,6500000000.0,,,,,,0.0042,8987590000000.0,8950000000000.0,,,1284000.0,1284000.0,0.7998627493097795,,M87,12000000000000.0,0.85266467315053,0.0041999999999999815,freq,12000000000000.0,r_emit_m,1284000.0,1284000.0,original,1284000.0,,0.0042921742778738725,0.0042921742778738725,0.8075880739060703,-0.8033880739060704,,-9.217427787389099e-05,-9.217427787389099e-05,True,19196705983434.707,,,r_eff <= r_s (1.200e+13 <= 1.920e+13)
NED 2017ApJ...838..139S 5.50e+09 Hz,nan,4150000.0,,,,,,0.0,5500000000.0,5500000000.0,,,0.0,246000.0,0.1612678741523361,,Sgr A*,38000000000.0,2.294039499382748,0.0,freq,38000000000.0,r_emit_m,246000.0,246000.0,original,0.0,0.21494553220030932,3.3666582388569566e-07,0.2149459412309478,0.1612682651115418,-0.1612682651115418,-0.21494553220030932,-3.3666582388569566e-07,-0.2149459412309478,True,12256358435.577545,,,
NED 2007AJ....133.2487P 2.20e+10 Hz,nan,4150000.0,,,,,,0.0,22000000000.0,22000000000.0,,,0.0,246000.0,0.1612678741523361,,Sgr A*,38000000000.0,2.294039499382748,0.0,freq,38000000000.0,r_emit_m,246000.0,246000.0,original,0.0,0.21494553220030932,3.3666582388569566e-07,0.2149459412309478,0.1612682651115418,-0.1612682651115418,-0.21494553220030932,-3.3666582388569566e-07,-0.2149459412309478,True,12256358435.577545,,,
NED 2007AJ....133.2487P 2.20e+10 Hz,nan,4150000.0,,,,,,0.0,22000000000.0,22000000000.0,,,0.0,246000.0,0.1612678741523361,,Sgr A*,38000000000.0,2.294039499382748,0.0,freq,38000000000.0,r_emit_m,246000.0,246000.0,original,0.0,0.21494553220030932,3.3666582388569566e-07,0.2149459412309478,0.1612682651115418,-0.1612682651115418,-0.21494553220030932,-3.3666582388569566e-07,-0.2149459412309478,True,12256358435.577545,,,
