case,category,f_emit_Hz,f_obs_Hz,z_data,N_seg,delta_Nseg_zgr,rel_error_f_emit,pass_recon,dz_seg_fit,dz_seg_pred,v_pred_mps,strong_pred,dz_GR,dz_SR,dz_comb
S2_SgrA*,S-stars,,,0.0006671281903963,,,,,2.883977778811442e-17,-2.9077738467691043e-05,7788997.3054507105,True,0.00030869757237875326,0.0003294432878014075,-2.910836682443077e-05
S29_SgrA*,S-stars,,,7.11810937787e-05,,,,,-9.378348791999613e-17,-1.180938420617891e-05,2630208.3596835635,True,2.66335069566587e-05,3.269232854398788e-05,-1.1856972859641238e-05
S38_SgrA*,S-stars,,,0.0003300885322974,,,,,-3.4531839193663316e-17,-5.88218930946195e-05,5770069.9742507,True,0.00012649774767533472,0.0001448158284280342,-5.881267600908025e-05
S62_SgrA*,S-stars,,,0.0039759410662086,,,,,2.3418766925686896e-17,-0.0007940613405847717,20593560.62219,True,0.001579351864113866,0.0016082131561246061,-0.0007940505171128752
S4711_SgrA*,S-stars,,,0.0004798593386547,,,,,-9.77950359581925e-17,-7.67267906717085e-05,6849542.8028297685,True,0.00018447198650929576,0.0002187503409262347,-7.671413951469762e-05
S4712_SgrA*,S-stars,,,2.87107237694e-05,,,,,9.039196799918991e-17,-1.414386938812331e-06,1482361.859768019,True,1.0785509092149834e-05,1.6485831886827082e-05,-1.4396019242452842e-06
S4713_SgrA*,S-stars,,,6.30516350636e-05,,,,,-1.0447643184613442e-16,-3.1510966470517143e-06,2190767.414524931,True,2.3522115053637878e-05,3.6349958069232686e-05,-3.180617445302074e-06
S4714_SgrA*,S-stars,,,0.0056009940879038,,,,,-2.0816681711721685e-17,-0.0011406882239642022,24486546.68291465,True,0.0022230741024955383,0.002248536044062034,-0.0011407082763728246
S4715_SgrA*,S-stars,,,7.5551167671e-05,,,,,-1.0625181290357943e-16,-1.4329571261747533e-06,2305924.775943279,True,2.810366921990803e-05,4.596844509475095e-05,-1.4804569824452586e-06
