{
  "rows_used": 157,
  "abs_residual_mean": 0.0486369797017564,
  "abs_residual_median": 0.0005566244081211837,
  "abs_residual_max": 0.4870033006754366,
  "residual_mean": 0.011210851213988553,
  "residual_std": 0.12658767739030896,
  "phi": 1.618033988749895,
  "ln_phi": 0.48121182505960347,
  "column_log": {
    "used_f_emit": "f_emit_Hz",
    "used_f_obs": "f_obs_Hz"
  }
}