{
  "rows_used": 285,
  "abs_residual_mean": 0.035613789783309306,
  "abs_residual_median": 0.008709687501858302,
  "abs_residual_max": 0.4870033006754366,
  "residual_mean": 0.01552394653143613,
  "residual_std": 0.09815492141911518,
  "phi": 1.618033988749895,
  "ln_phi": 0.48121182505960347,
  "column_log": {
    "used_f_emit": "f_emit_Hz",
    "used_f_obs": "f_obs_Hz"
  }
}