{
  "rows_used": 427,
  "abs_residual_mean": 0.026605565927403877,
  "abs_residual_median": 0.008709687501858302,
  "abs_residual_max": 0.4870033006754366,
  "residual_mean": 0.013196654155076348,
  "residual_std": 0.08021436843104392,
  "phi": 1.618033988749895,
  "ln_phi": 0.48121182505960347,
  "column_log": {
    "used_f_emit": "f_emit_Hz",
    "used_f_obs": "f_obs_Hz"
  }
}