{
  "rows_used": 143,
  "abs_residual_mean": 0.06251247220618775,
  "abs_residual_median": 0.0007872405662006819,
  "abs_residual_max": 0.4870033006754366,
  "residual_mean": 0.02247327411679017,
  "residual_std": 0.13845432253264692,
  "phi": 1.618033988749895,
  "ln_phi": 0.48121182505960347,
  "column_log": {
    "used_f_emit": "f_emit_Hz",
    "used_f_obs": "f_obs_Hz"
  }
}