{
  "rows_used": 187,
  "abs_residual_mean": 0.10842182826645239,
  "abs_residual_median": 0.001807149625323711,
  "abs_residual_max": 0.4870033006754366,
  "residual_mean": 0.07699989151469008,
  "residual_std": 0.1902959115329431,
  "phi": 1.618033988749895,
  "ln_phi": 0.48121182505960347,
  "column_log": {
    "used_f_emit": "f_emit_Hz",
    "used_f_obs": "f_obs_Hz"
  }
}