{
  "seg": 0.006562256760071383,
  "gr": 0.22240487139158893,
  "sr": 0.0017842367021202454,
  "grsr": 0.2247678154158178
}
