{
  "N_pairs": 143,
  "N_Seg_better": 57,
  "share_Seg_better": 0.3986013986013986,
  "binom_two_sided_p": 0.015370514949913497
}
