{
  "delta_v_kms": 8.718196539922513,
  "velocity_ratio": 1.697455723193801,
  "mae_kms": 1.4174449885455673,
  "v0_kms": 12.5,
  "num_rings": 10
}