abmaglim,access_estsize,access_format,access_url,bib_reference,calib_level,dataproduct_subtype,dataproduct_type,dp_id,em_max,em_min,em_res_power,em_xel,facility_name,filter,gal_lat,gal_lon,instrument_name,is_solar,last_mod_date,multi_ob,n_obs,o_calib_status,o_ucd,obs_collection,obs_creator_did,obs_creator_name,obs_id,obs_publisher_did,obs_release_date,obs_title,obstech,p3orig,pol_states,pol_xel,preview_html,proposal_id,publication_date,release_description,s_dec,s_fov,s_pixel_scale,s_ra,s_region,s_resolution,s_xel1,s_xel2,snr,strehl,t_exptime,t_max,t_min,t_resolution,t_xel,target_name
,1359,application/x-votable+xml;content=datalink,http://archive.eso.org/datalink/links?ID=ivo://eso.org/ID?ADP.2017-08-12T10:48:23.136," ",2,,spectrum,ADP.2017-08-12T10:48:23.136,2.47896E-6,9.9402E-7,8031.0,24750,ESO-VLT-U2,,-0.034474,313.450301,XSHOOTER,0,2020-10-13T13:59:50.407Z,S,2,absolute,,XSHOOTER,ivo://eso.org/origfile?XS_SFLX_200193515_2016-05-12T07:50:31.150_S0.6x11_NIR_NOD.fits,"UVES TEAM, UVES TEAM",200193515,ivo://eso.org/ID?ADP.2017-08-12T10:48:23.136,2016-05-12T07:52:54.210Z,Hip070052_200193515_2016-05-12T07:50:31.150_S0.6x11_NIR_NOD,"ECHELLE,SLIT,NODDING",IDP,,,https://archive.eso.org/dataset/ADP.2017-08-12T10:48:23.136,60.A-9022(C),2017-08-12T10:51:18Z,http://www.eso.org/rm/api/v1/public/releaseDescriptions/70,-61.08131,1.6666E-4,,215.038759,POSITION J2000 215.038759 -61.08131,,,,507.1,,180.0,57520.32944468,57520.32674942,232.870464,,Hip070052
,731,application/x-votable+xml;content=datalink,http://archive.eso.org/datalink/links?ID=ivo://eso.org/ID?ADP.2017-08-12T10:48:23.186," ",2,,spectrum,ADP.2017-08-12T10:48:23.186,5.5598E-7,2.9892000000000003E-7,9861.0,12854,ESO-VLT-U2,,-0.034473,313.4503,XSHOOTER,0,2020-10-13T13:59:50.407Z,S,2,absolute,,XSHOOTER,ivo://eso.org/origfile?XS_SFLX_200193515_2016-05-12T07:58:46.987_S0.5x11_1x1_UVB_NOD.fits,"UVES TEAM, UVES TEAM",200193515,ivo://eso.org/ID?ADP.2017-08-12T10:48:23.186,2016-05-12T08:01:20.310Z,Hip070052_200193515_2016-05-12T07:58:46.987_S0.5x11_1x1_UVB_NOD,"ECHELLE,SLIT,NODDING",IDP,,,https://archive.eso.org/dataset/ADP.2017-08-12T10:48:23.186,60.A-9022(C),2017-08-12T10:51:18Z,http://www.eso.org/rm/api/v1/public/releaseDescriptions/70,-61.08131,1.3888E-4,,215.038759,POSITION J2000 215.038759 -61.08131,,,,508.7,,220.0,57520.33553599,57520.33248828,263.322144,,Hip070052
,1330,application/x-votable+xml;content=datalink,http://archive.eso.org/datalink/links?ID=ivo://eso.org/ID?ADP.2017-08-12T10:48:23.195," ",2,,spectrum,ADP.2017-08-12T10:48:23.195,1.02E-6,5.336599999999999E-7,11333.0,24318,ESO-VLT-U2,,-0.034474,313.450301,XSHOOTER,0,2020-10-13T13:59:50.407Z,S,2,absolute,,XSHOOTER,ivo://eso.org/origfile?XS_SFLX_200193515_2016-05-12T07:58:52.209_S0.7x11_1x1_VIS_NOD.fits,"UVES TEAM, UVES TEAM",200193515,ivo://eso.org/ID?ADP.2017-08-12T10:48:23.195,2016-05-12T08:01:25.550Z,Hip070052_200193515_2016-05-12T07:58:52.209_S0.7x11_1x1_VIS_NOD,"ECHELLE,SLIT,NODDING",IDP,,,https://archive.eso.org/dataset/ADP.2017-08-12T10:48:23.195,60.A-9022(C),2017-08-12T10:51:18Z,http://www.eso.org/rm/api/v1/public/releaseDescriptions/70,-61.08131,1.9416E-4,,215.038759,POSITION J2000 215.038759 -61.08131,,,,541.4,,190.0,57520.33542303,57520.3325487,248.342112,,Hip070052
,731,application/x-votable+xml;content=datalink,http://archive.eso.org/datalink/links?ID=ivo://eso.org/ID?ADP.2017-08-12T10:48:23.209," ",2,,spectrum,ADP.2017-08-12T10:48:23.209,5.5598E-7,2.9892000000000003E-7,9861.0,12854,ESO-VLT-U2,,-0.034473,313.4503,XSHOOTER,0,2020-10-13T13:59:50.407Z,S,2,absolute,,XSHOOTER,ivo://eso.org/origfile?XS_SFLX_200193515_2016-05-12T07:50:22.957_S0.5x11_1x1_UVB_NOD.fits,"UVES TEAM, UVES TEAM",200193515,ivo://eso.org/ID?ADP.2017-08-12T10:48:23.209,2016-05-12T07:52:46.167Z,Hip070052_200193515_2016-05-12T07:50:22.957_S0.5x11_1x1_UVB_NOD,"ECHELLE,SLIT,NODDING",IDP,,,https://archive.eso.org/dataset/ADP.2017-08-12T10:48:23.209,60.A-9022(C),2017-08-12T10:51:18Z,http://www.eso.org/rm/api/v1/public/releaseDescriptions/70,-61.08131,1.3888E-4,,215.038759,POSITION J2000 215.038759 -61.08131,,,,520.2,,180.0,57520.3293538,57520.3266546,233.21088,,Hip070052
,1330,application/x-votable+xml;content=datalink,http://archive.eso.org/datalink/links?ID=ivo://eso.org/ID?ADP.2017-08-12T10:48:23.229," ",2,,spectrum,ADP.2017-08-12T10:48:23.229,1.02E-6,5.336599999999999E-7,11333.0,24318,ESO-VLT-U2,,-0.034474,313.450301,XSHOOTER,0,2020-10-13T13:59:50.407Z,S,2,absolute,,XSHOOTER,ivo://eso.org/origfile?XS_SFLX_200193515_2016-05-12T07:50:28.128_S0.7x11_1x1_VIS_NOD.fits,"UVES TEAM, UVES TEAM",200193515,ivo://eso.org/ID?ADP.2017-08-12T10:48:23.229,2016-05-12T07:52:51.340Z,Hip070052_200193515_2016-05-12T07:50:28.128_S0.7x11_1x1_VIS_NOD,"ECHELLE,SLIT,NODDING",IDP,,,https://archive.eso.org/dataset/ADP.2017-08-12T10:48:23.229,60.A-9022(C),2017-08-12T10:51:18Z,http://www.eso.org/rm/api/v1/public/releaseDescriptions/70,-61.08131,1.9416E-4,,215.038759,POSITION J2000 215.038759 -61.08131,,,,593.1,,190.0,57520.32947152,57520.32671444,238.211712,,Hip070052
,1350,application/x-votable+xml;content=datalink,http://archive.eso.org/datalink/links?ID=ivo://eso.org/ID?ADP.2014-05-15T15:38:26.677," ",2,,spectrum,ADP.2014-05-15T15:38:26.677,2.47896E-6,9.9402E-7,11424.0,24750,ESO-VLT-U2,,-7.229724,359.672052,XSHOOTER,0,2020-10-13T14:00:10.857Z,S,12,absolute,,XSHOOTER,ivo://eso.org/origfile?XS_SFLX_200202158_2010-05-04T06:56:41.552_S0.4x11_NIR_NOD.fits,"GUENTHER, HANS MORITZ",200202158,ivo://eso.org/ID?ADP.2014-05-15T15:38:26.677,2011-05-04T07:19:51.690Z,V4046-Sgr_200202158_2010-05-04T06:56:41.552_S0.4x11_NIR_NOD,"ECHELLE,SLIT,NODDING",IDP,,,https://archive.eso.org/dataset/ADP.2014-05-15T15:38:26.677,085.C-0764(A),2014-05-15T00:00:00Z,http://www.eso.org/rm/api/v1/public/releaseDescriptions/70,-32.79313,0.00305555,,273.542988,POSITION J2000 273.542988 -32.79313,,,,828.2,,1200.0,55320.30661676,55320.28936982,1490.135616,,V4046-Sgr
,731,application/x-votable+xml;content=datalink,http://archive.eso.org/datalink/links?ID=ivo://eso.org/ID?ADP.2017-08-11T17:44:43.502," ",2,,spectrum,ADP.2017-08-11T17:44:43.502,5.5598E-7,2.9892000000000003E-7,5453.0,12854,ESO-VLT-U3,,-7.646554,359.552992,XSHOOTER,0,2020-10-13T14:00:03.163Z,S,2,absolute,,XSHOOTER,ivo://eso.org/origfile?XS_SFLX_200193515_2014-06-11T06:27:35.758_S1.0x11_2x2_UVB_NOD.fits,"UVES TEAM, UVES TEAM",200193515,ivo://eso.org/ID?ADP.2017-08-11T17:44:43.502,2014-06-11T06:28:29.633Z,Hip089486_200193515_2014-06-11T06:27:35.758_S1.0x11_2x2_UVB_NOD,"ECHELLE,SLIT,NODDING",IDP,,,https://archive.eso.org/dataset/ADP.2017-08-11T17:44:43.502,60.A-9022(C),2017-08-11T17:51:44Z,http://www.eso.org/rm/api/v1/public/releaseDescriptions/70,-33.09089,2.7777E-4,,273.917957,POSITION J2000 273.917957 -33.09089,,,,615.3,,12.0,56819.26985685,56819.26916386,59.874336,,Hip089486
,731,application/x-votable+xml;content=datalink,http://archive.eso.org/datalink/links?ID=ivo://eso.org/ID?ADP.2017-08-11T17:44:43.569," ",2,,spectrum,ADP.2017-08-11T17:44:43.569,5.5598E-7,2.9892000000000003E-7,5453.0,12854,ESO-VLT-U3,,-7.646554,359.552992,XSHOOTER,0,2020-10-13T14:00:03.163Z,S,2,absolute,,XSHOOTER,ivo://eso.org/origfile?XS_SFLX_200193515_2014-06-11T06:25:30.538_S1.0x11_2x2_UVB_NOD.fits,"UVES TEAM, UVES TEAM",200193515,ivo://eso.org/ID?ADP.2017-08-11T17:44:43.569,2014-06-11T06:26:23.863Z,Hip089486_200193515_2014-06-11T06:25:30.538_S1.0x11_2x2_UVB_NOD,"ECHELLE,SLIT,NODDING",IDP,,,https://archive.eso.org/dataset/ADP.2017-08-11T17:44:43.569,60.A-9022(C),2017-08-11T17:51:44Z,http://www.eso.org/rm/api/v1/public/releaseDescriptions/70,-33.09089,2.7777E-4,,273.917957,POSITION J2000 273.917957 -33.09089,,,,762.1,,20.0,56819.26844748,56819.26771456,63.324288,,Hip089486
,1330,application/x-votable+xml;content=datalink,http://archive.eso.org/datalink/links?ID=ivo://eso.org/ID?ADP.2017-08-11T17:44:43.581," ",2,,spectrum,ADP.2017-08-11T17:44:43.581,1.02E-6,5.336599999999999E-7,8935.0,24318,ESO-VLT-U3,,-7.646554,359.552992,XSHOOTER,0,2020-10-13T14:00:03.163Z,S,2,absolute,,XSHOOTER,ivo://eso.org/origfile?XS_SFLX_200193515_2014-06-11T06:25:35.688_S0.9x11_2x2_VIS_NOD.fits,"UVES TEAM, UVES TEAM",200193515,ivo://eso.org/ID?ADP.2017-08-11T17:44:43.581,2014-06-11T06:26:29.413Z,Hip089486_200193515_2014-06-11T06:25:35.688_S0.9x11_2x2_VIS_NOD,"ECHELLE,SLIT,NODDING",IDP,,,https://archive.eso.org/dataset/ADP.2017-08-11T17:44:43.581,60.A-9022(C),2017-08-11T17:51:44Z,http://www.eso.org/rm/api/v1/public/releaseDescriptions/70,-33.09089,2.5E-4,,273.917957,POSITION J2000 273.917957 -33.09089,,,,578.2,,20.0,56819.26851172,56819.26777417,63.72432,,Hip089486
,1330,application/x-votable+xml;content=datalink,http://archive.eso.org/datalink/links?ID=ivo://eso.org/ID?ADP.2017-08-11T17:44:43.624," ",2,,spectrum,ADP.2017-08-11T17:44:43.624,1.02E-6,5.336599999999999E-7,8935.0,24318,ESO-VLT-U3,,-7.646554,359.552992,XSHOOTER,0,2020-10-13T14:00:03.163Z,S,2,absolute,,XSHOOTER,ivo://eso.org/origfile?XS_SFLX_200193515_2014-06-11T06:27:40.918_S0.9x11_2x2_VIS_NOD.fits,"UVES TEAM, UVES TEAM",200193515,ivo://eso.org/ID?ADP.2017-08-11T17:44:43.624,2014-06-11T06:28:34.793Z,Hip089486_200193515_2014-06-11T06:27:40.918_S0.9x11_2x2_VIS_NOD,"ECHELLE,SLIT,NODDING",IDP,,,https://archive.eso.org/dataset/ADP.2017-08-11T17:44:43.624,60.A-9022(C),2017-08-11T17:51:44Z,http://www.eso.org/rm/api/v1/public/releaseDescriptions/70,-33.09089,2.5E-4,,273.917957,POSITION J2000 273.917957 -33.09089,,,,581.8,,20.0,56819.26996287,56819.26922359,63.873792,,Hip089486
,731,application/x-votable+xml;content=datalink,http://archive.eso.org/datalink/links?ID=ivo://eso.org/ID?ADP.2017-08-11T18:51:14.908," ",2,,spectrum,ADP.2017-08-11T18:51:14.908,5.5598E-7,2.9892000000000003E-7,3251.0,12854,ESO-VLT-U3,,-7.645774,359.552184,XSHOOTER,0,2020-10-13T14:00:17.233Z,S,2,absolute,,XSHOOTER,ivo://eso.org/origfile?XS_SFLX_200193515_2014-07-29T01:57:01.077_S1.6x11_1x2_UVB_NOD.fits,"UVES TEAM, UVES TEAM",200193515,ivo://eso.org/ID?ADP.2017-08-11T18:51:14.908,2014-07-29T01:57:40.110Z,Hip089486_200193515_2014-07-29T01:57:01.077_S1.6x11_1x2_UVB_NOD,"ECHELLE,SLIT,NODDING",IDP,,,https://archive.eso.org/dataset/ADP.2017-08-11T18:51:14.908,60.A-9022(C),2017-08-11T18:56:38Z,http://www.eso.org/rm/api/v1/public/releaseDescriptions/70,-33.09124,4.4416E-4,,273.91669,POSITION J2000 273.91669 -33.09124,,,,532.4,,9.0,56867.08176517,56867.08126247,43.43328,,Hip089486
,731,application/x-votable+xml;content=datalink,http://archive.eso.org/datalink/links?ID=ivo://eso.org/ID?ADP.2017-08-11T18:51:14.961," ",2,,spectrum,ADP.2017-08-11T18:51:14.961,5.5598E-7,2.9892000000000003E-7,3251.0,12854,ESO-VLT-U3,,-7.645774,359.552184,XSHOOTER,0,2020-10-13T14:00:17.233Z,S,2,absolute,,XSHOOTER,ivo://eso.org/origfile?XS_SFLX_200193515_2014-07-29T01:54:15.793_S1.6x11_1x2_UVB_NOD.fits,"UVES TEAM, UVES TEAM",200193515,ivo://eso.org/ID?ADP.2017-08-11T18:51:14.961,2014-07-29T01:55:08.817Z,Hip089486_200193515_2014-07-29T01:54:15.793_S1.6x11_1x2_UVB_NOD,"ECHELLE,SLIT,NODDING",IDP,,,https://archive.eso.org/dataset/ADP.2017-08-11T18:51:14.961,60.A-9022(C),2017-08-11T18:56:38Z,http://www.eso.org/rm/api/v1/public/releaseDescriptions/70,-33.09124,4.4416E-4,,273.91669,POSITION J2000 273.91669 -33.09124,,,,535.6,,9.0,56867.08001525,56867.07934945,57.52512,,Hip089486
,1359,application/x-votable+xml;content=datalink,http://archive.eso.org/datalink/links?ID=ivo://eso.org/ID?ADP.2017-08-12T14:08:00.095," ",2,,spectrum,ADP.2017-08-12T14:08:00.095,2.47896E-6,9.9402E-7,5573.0,24750,ESO-VLT-U2,,-7.646914,359.552794,XSHOOTER,0,2020-10-13T14:00:36.510Z,S,2,absolute,,XSHOOTER,ivo://eso.org/origfile?XS_SFLX_200193515_2016-08-18T04:00:07.891_S0.9x11_NIR_NOD.fits,"UVES TEAM, UVES TEAM",200193515,ivo://eso.org/ID?ADP.2017-08-12T14:08:00.095,2016-08-18T04:01:19.447Z,Hip089486_200193515_2016-08-18T04:00:07.891_S0.9x11_NIR_NOD,"ECHELLE,SLIT,NODDING",IDP,,,https://archive.eso.org/dataset/ADP.2017-08-12T14:08:00.095,60.A-9022(C),2017-08-12T14:11:23Z,http://www.eso.org/rm/api/v1/public/releaseDescriptions/70,-33.09123,2.5E-4,,273.918229,POSITION J2000 273.918229 -33.09123,,,,511.0,,70.0,57618.16799129,57618.166758,106.556256,,Hip089486
,731,application/x-votable+xml;content=datalink,http://archive.eso.org/datalink/links?ID=ivo://eso.org/ID?ADP.2017-08-18T16:04:44.027," ",2,,spectrum,ADP.2017-08-18T16:04:44.027,5.5598E-7,2.9892000000000003E-7,5453.0,12854,ESO-VLT-U2,,-7.64572,359.552361,XSHOOTER,0,2020-10-13T14:00:33.963Z,S,2,absolute,,XSHOOTER,ivo://eso.org/origfile?XS_SFLX_200193515_2017-07-14T03:16:17.112_S1.0x11_1x1_UVB_NOD.fits,"UVES TEAM, UVES TEAM",200193515,ivo://eso.org/ID?ADP.2017-08-18T16:04:44.027,2017-07-14T03:17:19.337Z,Hip089486_200193515_2017-07-14T03:16:17.112_S1.0x11_1x1_UVB_NOD,"ECHELLE,SLIT,NODDING",IDP,,,https://archive.eso.org/dataset/ADP.2017-08-18T16:04:44.027,60.A-9022(C),2017-08-18T16:12:08Z,http://www.eso.org/rm/api/v1/public/releaseDescriptions/70,-33.09106,2.7777E-4,,273.916729,POSITION J2000 273.91672900000003 -33.09106,,,,514.0,,18.0,57948.13713353,57948.13630916,71.225568,,Hip089486
,731,application/x-votable+xml;content=datalink,http://archive.eso.org/datalink/links?ID=ivo://eso.org/ID?ADP.2017-08-18T16:04:44.057," ",2,,spectrum,ADP.2017-08-18T16:04:44.057,5.5598E-7,2.9892000000000003E-7,5453.0,12854,ESO-VLT-U2,,-7.64572,359.552361,XSHOOTER,0,2020-10-13T14:00:33.963Z,S,2,absolute,,XSHOOTER,ivo://eso.org/origfile?XS_SFLX_200193515_2017-07-14T03:13:49.850_S1.0x11_1x1_UVB_NOD.fits,"UVES TEAM, UVES TEAM",200193515,ivo://eso.org/ID?ADP.2017-08-18T16:04:44.057,2017-07-14T03:14:51.807Z,Hip089486_200193515_2017-07-14T03:13:49.850_S1.0x11_1x1_UVB_NOD,"ECHELLE,SLIT,NODDING",IDP,,,https://archive.eso.org/dataset/ADP.2017-08-18T16:04:44.057,60.A-9022(C),2017-08-18T16:12:08Z,http://www.eso.org/rm/api/v1/public/releaseDescriptions/70,-33.09106,2.7777E-4,,273.916729,POSITION J2000 273.91672900000003 -33.09106,,,,511.5,,18.0,57948.13542598,57948.13460474,70.955136,,Hip089486
,1330,application/x-votable+xml;content=datalink,http://archive.eso.org/datalink/links?ID=ivo://eso.org/ID?ADP.2018-06-11T13:13:27.220," ",2,,spectrum,ADP.2018-06-11T13:13:27.220,1.02E-6,5.336599999999999E-7,8935.0,24318,ESO-VLT-U2,,-0.872449,312.712385,XSHOOTER,0,2020-10-13T14:00:23.880Z,S,4,absolute,,XSHOOTER,ivo://eso.org/origfile?XS_SFLX_2034901_2018-05-26T03:03:00.617_S0.9x11_1x1_VIS_NOD.fits,"PANIC, OLJA",2034901,ivo://eso.org/ID?ADP.2018-06-11T13:13:27.220,2019-05-26T03:15:27.490Z,HIP_69761_2034901_2018-05-26T03:03:00.617_S0.9x11_1x1_VIS_NOD,"ECHELLE,SLIT,NODDING",IDP,,,https://archive.eso.org/dataset/ADP.2018-06-11T13:13:27.220,0101.C-0902(A),2018-06-11T13:22:08Z,http://www.eso.org/rm/api/v1/public/releaseDescriptions/70,-62.1157,2.5E-4,,214.154818,POSITION J2000 214.154818 -62.1157,,,,502.5,,200.0,58264.13110199,58264.12709046,346.596192,,HIP_69761
,262,application/x-votable+xml;content=datalink,http://archive.eso.org/datalink/links?ID=ivo://eso.org/ID?ADP.2025-04-23T15:20:28.514," ",2,,spectrum,ADP.2025-04-23T15:20:28.514,6.82239E-7,6.44242E-7,17000.0,7600,ESO-VLT-U2,,-0.542243,313.47822,GIRAFFE,0,2025-04-23T15:36:53.520Z,S,1,uncalibrated,,GIRAFFE,ivo://eso.org/origfile?GI_SIDP_3962708_2025-03-12T08:19:36.464_F86_Med1_H665._o8.fits,"KERVELLA, PIERRE",3962708,ivo://eso.org/ID?ADP.2025-04-23T15:20:28.514,2026-03-12T08:36:03Z,V0339_Cen_M_3962708_2025-03-12T08:19:36.464_F86_Med1_H665._o8,MOS,IDP,,,https://archive.eso.org/dataset/ADP.2025-04-23T15:20:28.514,114.270P.001,2025-04-23T15:36:53Z,http://www.eso.org/rm/api/v1/public/releaseDescriptions/73,-61.549611,3.3388E-4,,215.452249,POSITION J2000 215.452249 -61.549611,,,,556.5,,415.005,60746.35175312,60746.34694981,415.005984,,V0339_Cen_M
,262,application/x-votable+xml;content=datalink,http://archive.eso.org/datalink/links?ID=ivo://eso.org/ID?ADP.2025-04-23T15:20:28.753," ",2,,spectrum,ADP.2025-04-23T15:20:28.753,6.82239E-7,6.44242E-7,17000.0,7600,ESO-VLT-U2,,-0.542243,313.47822,GIRAFFE,0,2025-04-23T15:36:53.520Z,S,1,uncalibrated,,GIRAFFE,ivo://eso.org/origfile?GI_SIDP_3962708_2025-03-12T08:27:24.591_F86_Med1_H665._o8.fits,"KERVELLA, PIERRE",3962708,ivo://eso.org/ID?ADP.2025-04-23T15:20:28.753,2026-03-12T08:41:02Z,V0339_Cen_M_3962708_2025-03-12T08:27:24.591_F86_Med1_H665._o8,MOS,IDP,,,https://archive.eso.org/dataset/ADP.2025-04-23T15:20:28.753,114.270P.001,2025-04-23T15:36:53Z,http://www.eso.org/rm/api/v1/public/releaseDescriptions/73,-61.549611,3.3388E-4,,215.452249,POSITION J2000 215.452249 -61.549611,,,,551.6,,415.004,60746.35717124,60746.35236794,415.00512,,V0339_Cen_M
,262,application/x-votable+xml;content=datalink,http://archive.eso.org/datalink/links?ID=ivo://eso.org/ID?ADP.2025-04-23T15:20:28.995," ",2,,spectrum,ADP.2025-04-23T15:20:28.995,6.82239E-7,6.44242E-7,17000.0,7600,ESO-VLT-U2,,-0.542243,313.47822,GIRAFFE,0,2025-04-23T15:36:53.520Z,S,1,uncalibrated,,GIRAFFE,ivo://eso.org/origfile?GI_SIDP_3962708_2025-03-12T08:35:12.988_F86_Med1_H665._o8.fits,"KERVELLA, PIERRE",3962708,ivo://eso.org/ID?ADP.2025-04-23T15:20:28.995,2026-03-12T08:50:50Z,V0339_Cen_M_3962708_2025-03-12T08:35:12.988_F86_Med1_H665._o8,MOS,IDP,,,https://archive.eso.org/dataset/ADP.2025-04-23T15:20:28.995,114.270P.001,2025-04-23T15:36:53Z,http://www.eso.org/rm/api/v1/public/releaseDescriptions/73,-61.549611,3.3388E-4,,215.452249,POSITION J2000 215.452249 -61.549611,,,,547.6,,415.005,60746.36259251,60746.3577892,415.005984,,V0339_Cen_M
,336,application/x-votable+xml;content=datalink,http://archive.eso.org/datalink/links?ID=ivo://eso.org/ID?ADP.2025-04-23T15:20:29.232," ",2,,spectrum,ADP.2025-04-23T15:20:29.232,8.99353E-7,8.48255E-7,18000.0,10220,ESO-VLT-U2,,-0.542243,313.47822,GIRAFFE,0,2025-04-23T15:36:53.520Z,S,1,uncalibrated,,GIRAFFE,ivo://eso.org/origfile?GI_SIDP_3962708_2025-03-12T08:44:15.899_F86_Med1_H875.7_o6.fits,"KERVELLA, PIERRE",3962708,ivo://eso.org/ID?ADP.2025-04-23T15:20:29.232,2026-03-12T08:55:51Z,V0339_Cen_M_3962708_2025-03-12T08:44:15.899_F86_Med1_H875.7_o6,MOS,IDP,,,https://archive.eso.org/dataset/ADP.2025-04-23T15:20:29.232,114.270P.001,2025-04-23T15:36:53Z,http://www.eso.org/rm/api/v1/public/releaseDescriptions/73,-61.549611,3.3388E-4,,215.452249,POSITION J2000 215.452249 -61.549611,,,,545.2,,415.004,60746.3688762,60746.36407291,415.004256,,V0339_Cen_M
,161,application/x-votable+xml;content=datalink,http://archive.eso.org/datalink/links?ID=ivo://eso.org/ID?ADP.2019-04-26T12:50:27.697," ",2,,spectrum,ADP.2019-04-26T12:50:27.697,4.04782E-7,3.8488299999999997E-7,22000.0,3981,ESO-VLT-U2,,-4.635255,355.84042,GIRAFFE,0,2020-10-13T13:59:25.190Z,S,1,uncalibrated,,GIRAFFE,ivo://eso.org/origfile?GI_SIDP_1196672_2015-07-18T06:40:39.177_F73_Med1_H395.8_o14.fits,"BROWN, DAVID",1196672,ivo://eso.org/ID?ADP.2019-04-26T12:50:27.697,2016-07-18T07:55:57.290Z,J175422.08_1196672_2015-07-18T06:40:39.177_F73_Med1_H395.8_o14,MOS,IDP,,,https://archive.eso.org/dataset/ADP.2019-04-26T12:50:27.697,095.C-0818(A),2019-04-26T14:59:39Z,http://www.eso.org/rm/api/v1/public/releaseDescriptions/73,-34.878416,3.3388E-4,,268.591999,POSITION J2000 268.591999 -34.878416,,,,615.7,,2400.0,57221.306009,57221.27823121,2400.001056,,J175422.08
,161,application/x-votable+xml;content=datalink,http://archive.eso.org/datalink/links?ID=ivo://eso.org/ID?ADP.2019-04-26T12:50:27.924," ",2,,spectrum,ADP.2019-04-26T12:50:27.924,4.04782E-7,3.8488299999999997E-7,22000.0,3981,ESO-VLT-U2,,-4.515384,355.807874,GIRAFFE,0,2020-10-13T13:59:25.190Z,S,1,uncalibrated,,GIRAFFE,ivo://eso.org/origfile?GI_SIDP_1196672_2015-07-18T06:40:39.177_F89_Med1_H395.8_o14.fits,"BROWN, DAVID",1196672,ivo://eso.org/ID?ADP.2019-04-26T12:50:27.924,2016-07-18T07:55:57.290Z,J175346.99_1196672_2015-07-18T06:40:39.177_F89_Med1_H395.8_o14,MOS,IDP,,,https://archive.eso.org/dataset/ADP.2019-04-26T12:50:27.924,095.C-0818(A),2019-04-26T14:59:39Z,http://www.eso.org/rm/api/v1/public/releaseDescriptions/73,-34.846333,3.3388E-4,,268.445791,POSITION J2000 268.445791 -34.846333,,,,564.5,,2400.0,57221.306009,57221.27823121,2400.001056,,J175346.99
,161,application/x-votable+xml;content=datalink,http://archive.eso.org/datalink/links?ID=ivo://eso.org/ID?ADP.2019-04-26T12:50:28.074," ",2,,spectrum,ADP.2019-04-26T12:50:28.074,4.04782E-7,3.8488299999999997E-7,22000.0,3981,ESO-VLT-U2,,-4.480826,355.847995,GIRAFFE,0,2020-10-13T13:59:25.190Z,S,1,uncalibrated,,GIRAFFE,ivo://eso.org/origfile?GI_SIDP_1196672_2015-07-18T06:40:39.177_F107_Med1_H395.8_o14.fits,"BROWN, DAVID",1196672,ivo://eso.org/ID?ADP.2019-04-26T12:50:28.074,2016-07-18T07:55:57.290Z,J175344.13_1196672_2015-07-18T06:40:39.177_F107_Med1_H395.8_o14,MOS,IDP,,,https://archive.eso.org/dataset/ADP.2019-04-26T12:50:28.074,095.C-0818(A),2019-04-26T14:59:39Z,http://www.eso.org/rm/api/v1/public/releaseDescriptions/73,-34.794388,3.3388E-4,,268.433874,POSITION J2000 268.433874 -34.794388,,,,643.4,,2400.0,57221.306009,57221.27823121,2400.001056,,J175344.13
,161,application/x-votable+xml;content=datalink,http://archive.eso.org/datalink/links?ID=ivo://eso.org/ID?ADP.2019-04-26T12:50:28.158," ",2,,spectrum,ADP.2019-04-26T12:50:28.158,4.04782E-7,3.8488299999999997E-7,22000.0,3981,ESO-VLT-U2,,-4.489062,355.770514,GIRAFFE,0,2020-10-13T13:59:25.190Z,S,1,uncalibrated,,GIRAFFE,ivo://eso.org/origfile?GI_SIDP_1196672_2015-07-18T06:40:39.177_F100_Med1_H395.8_o14.fits,"BROWN, DAVID",1196672,ivo://eso.org/ID?ADP.2019-04-26T12:50:28.158,2016-07-18T07:55:57.290Z,J175334.86_1196672_2015-07-18T06:40:39.177_F100_Med1_H395.8_o14,MOS,IDP,,,https://archive.eso.org/dataset/ADP.2019-04-26T12:50:28.158,095.C-0818(A),2019-04-26T14:59:39Z,http://www.eso.org/rm/api/v1/public/releaseDescriptions/73,-34.865305,3.3388E-4,,268.395249,POSITION J2000 268.39524900000004 -34.865305,,,,604.0,,2400.0,57221.306009,57221.27823121,2400.001056,,J175334.86
,161,application/x-votable+xml;content=datalink,http://archive.eso.org/datalink/links?ID=ivo://eso.org/ID?ADP.2019-04-26T12:50:28.172," ",2,,spectrum,ADP.2019-04-26T12:50:28.172,4.04782E-7,3.8488299999999997E-7,22000.0,3981,ESO-VLT-U2,,-4.480635,355.857616,GIRAFFE,0,2020-10-13T13:59:25.190Z,S,1,uncalibrated,,GIRAFFE,ivo://eso.org/origfile?GI_SIDP_1196672_2015-07-18T06:40:39.177_F135_Med1_H395.8_o14.fits,"BROWN, DAVID",1196672,ivo://eso.org/ID?ADP.2019-04-26T12:50:28.172,2016-07-18T07:55:57.290Z,J175345.49_1196672_2015-07-18T06:40:39.177_F135_Med1_H395.8_o14,MOS,IDP,,,https://archive.eso.org/dataset/ADP.2019-04-26T12:50:28.172,095.C-0818(A),2019-04-26T14:59:39Z,http://www.eso.org/rm/api/v1/public/releaseDescriptions/73,-34.785999,3.3388E-4,,268.439541,POSITION J2000 268.439541 -34.785999,,,,669.8,,2400.0,57221.306009,57221.27823121,2400.001056,,J175345.49
,1373,application/x-votable+xml;content=datalink,http://archive.eso.org/datalink/links?ID=ivo://eso.org/ID?ADP.2025-08-19T18:32:49.231," ",2,,spectrum,ADP.2025-08-19T18:32:49.231,2.47896E-6,9.9402E-7,11424.0,24750,ESO-VLT-U3,,-3.756239,359.886575,XSHOOTER,0,2025-08-19T18:38:18.743Z,S,24,absolute,,XSHOOTER,ivo://eso.org/origfile?XS_SFLX_4218030_2025-08-14T04:30:01.800_S0.4x11_NIR_NOD.fits,"CRUZ-SAENZ DE MIERA, FERNANDO",4218030,ivo://eso.org/ID?ADP.2025-08-19T18:32:49.231,2026-08-14T05:15:51Z,4044118910793115264_4218030_2025-08-14T04:30:01.800_S0.4x11_NIR_NOD,"ECHELLE,SLIT,NODDING",IDP,,,https://archive.eso.org/dataset/ADP.2025-08-19T18:32:49.231,115.289J.001,2025-08-19T18:38:18Z,http://www.eso.org/rm/api/v1/public/releaseDescriptions/70,-30.94016,1.1083E-4,,270.074067,POSITION J2000 270.074067 -30.94016,,,,622.2,,1920.0,60901.21306369,60901.18752083,2206.903104,,4044118910793115264
,55111,application/x-votable+xml;content=datalink,http://archive.eso.org/datalink/links?ID=ivo://eso.org/ID?ADP.2024-05-08T08:40:36.225," ",2,,spectrum,ADP.2024-05-08T08:40:36.225,7.89998E-7,3.7719999999999996E-7,140000.0,443262,ESO-VLT-U3,,-6.727617,7.9526,ESPRESSO,0,2024-05-08T08:47:35.143Z,S,1,absolute,,ESPRESSO,ivo://eso.org/origfile?ES_SFLX_3878421_2024-04-26T06:36:30.544_HR_1x1_U3.fits,"ABDUL-MASIH, MICHAEL",3878421,ivo://eso.org/ID?ADP.2024-05-08T08:40:36.225,2025-04-26T07:00:36Z,V4031Sgr_ES_SFLX_3878421_2024-04-26T06:36:30.544_HR_1x1_U3,ECHELLE,IDP,,,https://archive.eso.org/dataset/ADP.2024-05-08T08:40:36.225,113.26KE.001,2024-05-08T08:43:25Z,http://www.eso.org/rm/api/v1/public/releaseDescriptions/176,-25.25606,2.7777E-4,,277.341245,POSITION J2000 277.341245 -25.25606,,,,682.1,,900.0,60426.28577019,60426.27535352,900.000288,,V4031 Sgr
,94129,application/x-votable+xml;content=datalink,http://archive.eso.org/datalink/links?ID=ivo://eso.org/ID?ADP.2025-06-04T10:06:58.003," ",2,,spectrum,ADP.2025-06-04T10:06:58.003,7.89997E-7,3.7719999999999996E-7,140000.0,443262,ESO-VLT-U4,,-6.728073,7.950666,ESPRESSO,0,2025-06-04T10:12:34.150Z,S,1,absolute,,ESPRESSO,ivo://eso.org/origfile?ESPRESSO_S1D_FINAL_A_2025-05-08T06:29:26.076.fits,"ABDUL-MASIH, MICHAEL",4122901,ivo://eso.org/ID?ADP.2025-06-04T10:06:58.003,2026-05-08T06:50:56Z,V4031_Sgr_4122901_2025-05-08T06:29:26.076,ECHELLE,IDP,,,https://archive.eso.org/dataset/ADP.2025-06-04T10:06:58.003,115.281R.001,2025-06-04T10:08:26Z,http://www.eso.org/rm/api/v1/public/releaseDescriptions/176,-25.25798,2.7777E-4,,277.340735,POSITION J2000 277.340735 -25.25798,,,,572.6,,900.0,60803.28085736,60803.2704407,899.999424,,V4031 Sgr
,3075,application/x-votable+xml;content=datalink,http://archive.eso.org/datalink/links?ID=ivo://eso.org/ID?ADP.2016-09-20T09:32:34.933," ",2,,spectrum,ADP.2016-09-20T09:32:34.933,9.217319999999999E-7,3.5277300000000003E-7,48000.0,189654,MPG/ESO-2.2,,-1.718342,355.687392,FEROS,0,2020-10-13T14:00:21.337Z,S,1,uncalibrated,,FEROS,ivo://eso.org/origfile?FEROS.2004-05-05T10:12:51.590_DRS_FERN_1.0_ESOSDP.fits,"SANA, H.",100165177,ivo://eso.org/ID?ADP.2016-09-20T09:32:34.933,2005-05-05T10:12:51Z,HD160529_r.FEROS.2004-05-05T10:12:51.590.1081.fits,ECHELLE,IDP,,,https://archive.eso.org/dataset/ADP.2016-09-20T09:32:34.933,073.D-0609(A),2016-11-07T08:26:00Z,http://www.eso.org/rm/api/v1/public/releaseDescriptions/94,-33.50903,5.5555E-4,,265.472501,POSITION J2000 265.47250099999997 -33.50903,,,,539.3,,419.999,53130.43045822,53130.42559711,419.999904,,HD160529
,3078,application/x-votable+xml;content=datalink,http://archive.eso.org/datalink/links?ID=ivo://eso.org/ID?ADP.2016-09-27T09:50:39.805," ",2,,spectrum,ADP.2016-09-27T09:50:39.805,9.217319999999999E-7,3.5277300000000003E-7,48000.0,189654,MPG/ESO-2.2,,-1.733166,355.701679,FEROS,0,2020-10-13T14:00:10.507Z,S,1,uncalibrated,,FEROS,ivo://eso.org/origfile?FEROS.2013-05-09T09:16:47.364_DRS_FERN_1.0_ESOSDP.fits,"PRZYBILLA, NORBERT",100335271,ivo://eso.org/ID?ADP.2016-09-27T09:50:39.805,2014-05-09T12:00:29.360Z,HD160529_r.FEROS.2013-05-09T09:16:47.364.1081.fits,ECHELLE,IDP,,,https://archive.eso.org/dataset/ADP.2016-09-27T09:50:39.805,091.D-0221(A),2016-11-07T08:26:01Z,http://www.eso.org/rm/api/v1/public/releaseDescriptions/94,-33.50471,5.5555E-4,,265.496637,POSITION J2000 265.496637 -33.50471,,,,561.7,,600.004,56421.3936038,56421.3866593,600.0048,,HD160529
,195,application/x-votable+xml;content=datalink,http://archive.eso.org/datalink/links?ID=ivo://eso.org/ID?ADP.2024-02-19T12:10:24.509," ",2,,spectrum,ADP.2024-02-19T12:10:24.509,7.09794E-7,4.5508600000000003E-7,1045.50732421875,2094,ESO-VLT-U1,,-0.133896,337.934871,FORS2,0,2024-02-19T12:19:40.397Z,S,2,absolute,,FORS2-SPEC,ivo://eso.org/origfile?F2_STCK_200358753_2015-06-27T02:06:58.387_C1_600VGG435_06.fits,"RAHOUI, FARID",200358753,ivo://eso.org/ID?ADP.2024-02-19T12:10:24.509,2016-06-27T02:40:34Z,Source1128_200358753_2015-06-27T02:06:58.387_C1_600VGG435_06,SPECTRUM,IDP,,,https://archive.eso.org/dataset/ADP.2024-02-19T12:10:24.509,095.D-0459(A),2024-02-19T12:19:40Z,http://www.eso.org/rm/api/v1/public/releaseDescriptions/196,-46.892502,2.8055E-4,,249.935814,POSITION J2000 249.935814 -46.892502,,,,683.7,,1199.955,57200.10249223,57200.08817578,1236.94128,,Source 1128
,161,application/x-votable+xml;content=datalink,http://archive.eso.org/datalink/links?ID=ivo://eso.org/ID?ADP.2019-04-26T12:50:27.870," ",2,,spectrum,ADP.2019-04-26T12:50:27.870,4.04782E-7,3.8488299999999997E-7,22000.0,3981,ESO-VLT-U2,,-4.580833,355.872524,GIRAFFE,0,2020-10-13T13:59:25.190Z,S,1,uncalibrated,,GIRAFFE,ivo://eso.org/origfile?GI_SIDP_1196672_2015-07-18T06:40:39.177_F57_Med1_H395.8_o14.fits,"BROWN, DAVID",1196672,ivo://eso.org/ID?ADP.2019-04-26T12:50:27.870,2016-07-18T07:55:57.290Z,J175413.00_1196672_2015-07-18T06:40:39.177_F57_Med1_H395.8_o14,MOS,IDP,,,https://archive.eso.org/dataset/ADP.2019-04-26T12:50:27.870,095.C-0818(A),2019-04-26T14:59:39Z,http://www.eso.org/rm/api/v1/public/releaseDescriptions/73,-34.823444,3.3388E-4,,268.554166,POSITION J2000 268.554166 -34.823444,,,,530.4,,2400.0,57221.306009,57221.27823121,2400.001056,,J175413.00
,161,application/x-votable+xml;content=datalink,http://archive.eso.org/datalink/links?ID=ivo://eso.org/ID?ADP.2019-04-26T12:50:27.874," ",2,,spectrum,ADP.2019-04-26T12:50:27.874,4.04782E-7,3.8488299999999997E-7,22000.0,3981,ESO-VLT-U2,,-4.491369,355.902507,GIRAFFE,0,2020-10-13T13:59:25.190Z,S,1,uncalibrated,,GIRAFFE,ivo://eso.org/origfile?GI_SIDP_1196672_2015-07-18T06:40:39.177_F26_Med1_H395.8_o14.fits,"BROWN, DAVID",1196672,ivo://eso.org/ID?ADP.2019-04-26T12:50:27.874,2016-07-18T07:55:57.290Z,J175354.77_1196672_2015-07-18T06:40:39.177_F26_Med1_H395.8_o14,MOS,IDP,,,https://archive.eso.org/dataset/ADP.2019-04-26T12:50:27.874,095.C-0818(A),2019-04-26T14:59:39Z,http://www.eso.org/rm/api/v1/public/releaseDescriptions/73,-34.752694,3.3388E-4,,268.478208,POSITION J2000 268.478208 -34.752694,,,,649.5,,2400.0,57221.306009,57221.27823121,2400.001056,,J175354.77
,161,application/x-votable+xml;content=datalink,http://archive.eso.org/datalink/links?ID=ivo://eso.org/ID?ADP.2019-04-26T12:50:28.074," ",2,,spectrum,ADP.2019-04-26T12:50:28.074,4.04782E-7,3.8488299999999997E-7,22000.0,3981,ESO-VLT-U2,,-4.480826,355.847995,GIRAFFE,0,2020-10-13T13:59:25.190Z,S,1,uncalibrated,,GIRAFFE,ivo://eso.org/origfile?GI_SIDP_1196672_2015-07-18T06:40:39.177_F107_Med1_H395.8_o14.fits,"BROWN, DAVID",1196672,ivo://eso.org/ID?ADP.2019-04-26T12:50:28.074,2016-07-18T07:55:57.290Z,J175344.13_1196672_2015-07-18T06:40:39.177_F107_Med1_H395.8_o14,MOS,IDP,,,https://archive.eso.org/dataset/ADP.2019-04-26T12:50:28.074,095.C-0818(A),2019-04-26T14:59:39Z,http://www.eso.org/rm/api/v1/public/releaseDescriptions/73,-34.794388,3.3388E-4,,268.433874,POSITION J2000 268.433874 -34.794388,,,,643.4,,2400.0,57221.306009,57221.27823121,2400.001056,,J175344.13
,161,application/x-votable+xml;content=datalink,http://archive.eso.org/datalink/links?ID=ivo://eso.org/ID?ADP.2019-04-26T12:50:28.146," ",2,,spectrum,ADP.2019-04-26T12:50:28.146,4.04782E-7,3.8488299999999997E-7,22000.0,3981,ESO-VLT-U2,,-4.536826,355.958055,GIRAFFE,0,2020-10-13T13:59:25.190Z,S,1,uncalibrated,,GIRAFFE,ivo://eso.org/origfile?GI_SIDP_1196672_2015-07-18T06:40:39.177_F38_Med1_H395.8_o14.fits,"BROWN, DAVID",1196672,ivo://eso.org/ID?ADP.2019-04-26T12:50:28.146,2016-07-18T07:55:57.290Z,J175414.37_1196672_2015-07-18T06:40:39.177_F38_Med1_H395.8_o14,MOS,IDP,,,https://archive.eso.org/dataset/ADP.2019-04-26T12:50:28.146,095.C-0818(A),2019-04-26T14:59:39Z,http://www.eso.org/rm/api/v1/public/releaseDescriptions/73,-34.727611,3.3388E-4,,268.559874,POSITION J2000 268.559874 -34.727611,,,,637.4,,2400.0,57221.306009,57221.27823121,2400.001056,,J175414.37
,734,application/x-votable+xml;content=datalink,http://archive.eso.org/datalink/links?ID=ivo://eso.org/ID?ADP.2018-06-11T13:13:27.480," ",2,,spectrum,ADP.2018-06-11T13:13:27.480,5.5598E-7,2.9892000000000003E-7,5453.0,12854,ESO-VLT-U2,,0.479074,308.080806,XSHOOTER,0,2020-10-13T14:00:23.880Z,S,4,absolute,,XSHOOTER,ivo://eso.org/origfile?XS_SFLX_1894496_2018-05-26T01:26:00.738_S1.0x11_1x1_UVB_NOD.fits,"PANIC, OLJA",1894496,ivo://eso.org/ID?ADP.2018-06-11T13:13:27.480,2019-05-26T01:40:21.800Z,8995-1696-1_1894496_2018-05-26T01:26:00.738_S1.0x11_1x1_UVB_NOD,"ECHELLE,SLIT,NODDING",IDP,,,https://archive.eso.org/dataset/ADP.2018-06-11T13:13:27.480,0101.C-0902(A),2018-06-11T13:22:08Z,http://www.eso.org/rm/api/v1/public/releaseDescriptions/70,-61.95184,2.7777E-4,,203.861818,POSITION J2000 203.861818 -61.95184,,,,749.2,,240.0,58264.0639893,58264.05973076,367.937856,,8995-1696-1
,1330,application/x-votable+xml;content=datalink,http://archive.eso.org/datalink/links?ID=ivo://eso.org/ID?ADP.2018-06-11T13:13:27.506," ",2,,spectrum,ADP.2018-06-11T13:13:27.506,1.02E-6,5.336599999999999E-7,8935.0,24318,ESO-VLT-U2,,0.479074,308.080806,XSHOOTER,0,2020-10-13T14:00:23.880Z,S,4,absolute,,XSHOOTER,ivo://eso.org/origfile?XS_SFLX_1894496_2018-05-26T01:26:05.988_S0.9x11_1x1_VIS_NOD.fits,"PANIC, OLJA",1894496,ivo://eso.org/ID?ADP.2018-06-11T13:13:27.506,2019-05-26T01:35:42.747Z,8995-1696-1_1894496_2018-05-26T01:26:05.988_S0.9x11_1x1_VIS_NOD,"ECHELLE,SLIT,NODDING",IDP,,,https://archive.eso.org/dataset/ADP.2018-06-11T13:13:27.506,0101.C-0902(A),2018-06-11T13:22:08Z,http://www.eso.org/rm/api/v1/public/releaseDescriptions/70,-61.95184,2.5E-4,,203.861818,POSITION J2000 203.861818 -61.95184,,,,600.8,,200.0,58264.06380213,58264.05979153,346.51584,,8995-1696-1
,734,application/x-votable+xml;content=datalink,http://archive.eso.org/datalink/links?ID=ivo://eso.org/ID?ADP.2018-09-13T17:16:55.500," ",2,,spectrum,ADP.2018-09-13T17:16:55.500,5.5598E-7,2.9892000000000003E-7,5453.0,12854,ESO-VLT-U2,,-9.759758,9.734109,XSHOOTER,0,2020-10-13T14:00:04.117Z,S,4,absolute,,XSHOOTER,ivo://eso.org/origfile?XS_SFLX_1894742_2018-07-03T04:06:43.140_S1.0x11_1x1_UVB_NOD.fits,"PANIC, OLJA",1894742,ivo://eso.org/ID?ADP.2018-09-13T17:16:55.500,2019-07-03T04:15:37.070Z,HIP_91974_1894742_2018-07-03T04:06:43.140_S1.0x11_1x1_UVB_NOD,"ECHELLE,SLIT,NODDING",IDP,,,https://archive.eso.org/dataset/ADP.2018-09-13T17:16:55.500,0101.C-0902(A),2018-09-13T17:22:55Z,http://www.eso.org/rm/api/v1/public/releaseDescriptions/70,-25.01129,2.7777E-4,,281.206056,POSITION J2000 281.206056 -25.01129,,,,705.8,,16.0,58302.17313846,58302.17133264,156.022848,,HIP_91974
,734,application/x-votable+xml;content=datalink,http://archive.eso.org/datalink/links?ID=ivo://eso.org/ID?ADP.2018-09-13T17:16:55.715," ",2,,spectrum,ADP.2018-09-13T17:16:55.715,5.5598E-7,2.9892000000000003E-7,5453.0,12854,ESO-VLT-U2,,-9.759767,9.734091,XSHOOTER,0,2020-10-13T14:00:04.117Z,S,4,absolute,,XSHOOTER,ivo://eso.org/origfile?XS_SFLX_1894742_2018-07-03T03:53:01.659_S1.0x11_1x1_UVB_NOD.fits,"PANIC, OLJA",1894742,ivo://eso.org/ID?ADP.2018-09-13T17:16:55.715,2019-07-03T04:05:37.467Z,HIP_91974_1894742_2018-07-03T03:53:01.659_S1.0x11_1x1_UVB_NOD,"ECHELLE,SLIT,NODDING",IDP,,,https://archive.eso.org/dataset/ADP.2018-09-13T17:16:55.715,0101.C-0902(A),2018-09-13T17:22:55Z,http://www.eso.org/rm/api/v1/public/releaseDescriptions/70,-25.01131,2.7777E-4,,281.206056,POSITION J2000 281.206056 -25.01131,,,,865.5,,40.0,58302.16391902,58302.16182475,180.944928,,HIP_91974
,1333,application/x-votable+xml;content=datalink,http://archive.eso.org/datalink/links?ID=ivo://eso.org/ID?ADP.2018-09-13T17:16:55.756," ",2,,spectrum,ADP.2018-09-13T17:16:55.756,1.02E-6,5.336599999999999E-7,8935.0,24318,ESO-VLT-U2,,-9.759767,9.734091,XSHOOTER,0,2020-10-13T14:00:04.117Z,S,4,absolute,,XSHOOTER,ivo://eso.org/origfile?XS_SFLX_1894742_2018-07-03T03:53:06.899_S0.9x11_1x1_VIS_NOD.fits,"PANIC, OLJA",1894742,ivo://eso.org/ID?ADP.2018-09-13T17:16:55.756,2019-07-03T04:05:37.467Z,HIP_91974_1894742_2018-07-03T03:53:06.899_S0.9x11_1x1_VIS_NOD,"ECHELLE,SLIT,NODDING",IDP,,,https://archive.eso.org/dataset/ADP.2018-09-13T17:16:55.756,0101.C-0902(A),2018-09-13T17:22:55Z,http://www.eso.org/rm/api/v1/public/releaseDescriptions/70,-25.01131,2.5E-4,,281.206056,POSITION J2000 281.206056 -25.01131,,,,697.4,,40.0,58302.16399079,58302.16188541,181.904832,,HIP_91974
,1330,application/x-votable+xml;content=datalink,http://archive.eso.org/datalink/links?ID=ivo://eso.org/ID?ADP.2017-05-11T14:11:57.710," ",2,,spectrum,ADP.2017-05-11T14:11:57.710,1.02E-6,5.336599999999999E-7,18340.0,24318,ESO-VLT-U2,,-1.731669,355.702575,XSHOOTER,0,2020-10-13T14:00:44.257Z,S,2,absolute,,XSHOOTER,ivo://eso.org/origfile?XS_SFLX_1198261_2015-08-08T01:27:09.133_S0.4x11_1x1_VIS_NOD.fits,"KIMESWENGER, STEFAN",1198261,ivo://eso.org/ID?ADP.2017-05-11T14:11:57.710,2016-08-08T01:46:05.340Z,HD160529_1198261_2015-08-08T01:27:09.133_S0.4x11_1x1_VIS_NOD,"ECHELLE,SLIT,NODDING",IDP,,,https://archive.eso.org/dataset/ADP.2017-05-11T14:11:57.710,095.C-0446(A),2017-05-11T16:15:36Z,http://www.eso.org/rm/api/v1/public/releaseDescriptions/70,-33.50316,1.1083E-4,,265.495678,POSITION J2000 265.495678 -33.50316,,,,706.4,,80.0,57242.06197013,57242.06052237,125.086464,,HD160529
,1362,application/x-votable+xml;content=datalink,http://archive.eso.org/datalink/links?ID=ivo://eso.org/ID?ADP.2017-10-16T11:14:19.422," ",2,,spectrum,ADP.2017-10-16T11:14:19.422,2.47896E-6,9.9402E-7,11424.0,24750,ESO-VLT-U2,,-1.732474,355.703051,XSHOOTER,0,2020-10-13T14:00:42.553Z,S,4,absolute,,XSHOOTER,ivo://eso.org/origfile?XS_SFLX_1683179_2017-09-03T02:49:58.882_S0.4x11_NIR_NOD.fits,"KIMESWENGER, STEFAN",1683179,ivo://eso.org/ID?ADP.2017-10-16T11:14:19.422,2018-09-03T03:00:41.597Z,HD160529_1683179_2017-09-03T02:49:58.882_S0.4x11_NIR_NOD,"ECHELLE,SLIT,NODDING",IDP,,,https://archive.eso.org/dataset/ADP.2017-10-16T11:14:19.422,099.C-0037(A),2017-10-16T11:21:42Z,http://www.eso.org/rm/api/v1/public/releaseDescriptions/70,-33.50318,1.1083E-4,,265.496799,POSITION J2000 265.496799 -33.50318,,,,602.2,,32.0,57999.11906691,57999.11804261,88.49952,,HD160529
,1330,application/x-votable+xml;content=datalink,http://archive.eso.org/datalink/links?ID=ivo://eso.org/ID?ADP.2017-10-16T11:14:19.471," ",2,,spectrum,ADP.2017-10-16T11:14:19.471,1.02E-6,5.336599999999999E-7,18340.0,24318,ESO-VLT-U2,,-1.732474,355.70305,XSHOOTER,0,2020-10-13T14:00:42.553Z,S,2,absolute,,XSHOOTER,ivo://eso.org/origfile?XS_SFLX_1683179_2017-09-03T02:47:02.170_S0.4x11_1x1_VIS_NOD.fits,"KIMESWENGER, STEFAN",1683179,ivo://eso.org/ID?ADP.2017-10-16T11:14:19.471,2018-09-03T02:55:45.853Z,HD160529_1683179_2017-09-03T02:47:02.170_S0.4x11_1x1_VIS_NOD,"ECHELLE,SLIT,NODDING",IDP,,,https://archive.eso.org/dataset/ADP.2017-10-16T11:14:19.471,099.C-0037(A),2017-10-16T11:21:42Z,http://www.eso.org/rm/api/v1/public/releaseDescriptions/70,-33.50318,1.1083E-4,,265.496799,POSITION J2000 265.496799 -33.50318,,,,754.3,,50.0,57999.11711188,57999.11599734,96.296256,,HD160529
,1362,application/x-votable+xml;content=datalink,http://archive.eso.org/datalink/links?ID=ivo://eso.org/ID?ADP.2017-10-16T11:14:19.653," ",2,,spectrum,ADP.2017-10-16T11:14:19.653,2.47896E-6,9.9402E-7,11424.0,24750,ESO-VLT-U2,,-1.732474,355.703051,XSHOOTER,0,2020-10-13T14:00:42.553Z,S,4,absolute,,XSHOOTER,ivo://eso.org/origfile?XS_SFLX_1683179_2017-09-03T02:47:05.368_S0.4x11_NIR_NOD.fits,"KIMESWENGER, STEFAN",1683179,ivo://eso.org/ID?ADP.2017-10-16T11:14:19.653,2018-09-03T02:55:45.853Z,HD160529_1683179_2017-09-03T02:47:05.368_S0.4x11_NIR_NOD,"ECHELLE,SLIT,NODDING",IDP,,,https://archive.eso.org/dataset/ADP.2017-10-16T11:14:19.653,099.C-0037(A),2017-10-16T11:21:42Z,http://www.eso.org/rm/api/v1/public/releaseDescriptions/70,-33.50318,1.1083E-4,,265.496799,POSITION J2000 265.496799 -33.50318,,,,620.2,,32.0,57999.11713632,57999.11603435,95.210208,,HD160529
,1365,application/x-votable+xml;content=datalink,http://archive.eso.org/datalink/links?ID=ivo://eso.org/ID?ADP.2024-05-10T07:39:32.714," ",2,,spectrum,ADP.2024-05-10T07:39:32.714,2.47896E-6,9.9402E-7,11424.0,24750,ESO-VLT-U3,,-3.998397,357.357949,XSHOOTER,0,2024-05-10T07:47:39.370Z,S,2,absolute,,XSHOOTER,ivo://eso.org/origfile?XS_SFLX_3815726_2024-05-02T07:31:24.355_S0.4x11_NIR_NOD.fits,"PERKO, MANICA",3815726,ivo://eso.org/ID?ADP.2024-05-10T07:39:32.714,2025-05-02T08:30:50Z,VV745Sco_3815726_2024-05-02T07:31:24.355_S0.4x11_NIR_NOD,"ECHELLE,SLIT,NODDING",IDP,,,https://archive.eso.org/dataset/ADP.2024-05-10T07:39:32.714,113.26NM.001,2024-05-10T07:44:06Z,http://www.eso.org/rm/api/v1/public/releaseDescriptions/70,-33.24968,1.1083E-4,,268.841811,POSITION J2000 268.841811 -33.24968,,,,524.5,,2400.0,60432.34952864,60432.31347633,3114.919584,,V V745 Sco
,144,application/x-votable+xml;content=datalink,http://archive.eso.org/datalink/links?ID=ivo://eso.org/ID?ADP.2024-02-12T10:24:46.684," ",2,,spectrum,ADP.2024-02-12T10:24:46.684,8.44747E-7,5.22873E-7,1955.1527099609375,2036,ESO-VLT-U1,,1.699005,2.807828,FORS2,0,2024-02-12T10:38:11.147Z,S,1,absolute,,FORS2-SPEC,ivo://eso.org/origfile?F2_SISL_1180043_2015-07-13T01:18:38.687_C1_600RIGG435_21.fits,"REES, BRYAN",1180043,ivo://eso.org/ID?ADP.2024-02-12T10:24:46.684,2016-07-13T01:55:49Z,PNG002.8+01.7_1180043_2015-07-13T01:18:38.687_C1_600RIGG435_21,SPECTRUM,IDP,,,https://archive.eso.org/dataset/ADP.2024-02-12T10:24:46.684,095.D-0270(A),2024-02-12T10:38:11Z,http://www.eso.org/rm/api/v1/public/releaseDescriptions/196,-25.654699,1.4166E-4,,266.418063,POSITION J2000 266.418063 -25.654699,,,,549.9,,999.959,57216.06618803,57216.05461443,999.95904,,PN G 002.8+01.7
,1347,application/x-votable+xml;content=datalink,http://archive.eso.org/datalink/links?ID=ivo://eso.org/ID?ADP.2014-05-15T16:09:26.677," ",2,,spectrum,ADP.2014-05-15T16:09:26.677,2.47896E-6,9.9402E-7,8031.0,24750,ESO-VLT-U2,,1.611181,344.616713,XSHOOTER,0,2020-10-13T14:00:10.857Z,S,2,absolute,,XSHOOTER,ivo://eso.org/origfile?XS_SFLX_200204194_2010-06-20T23:12:55.568_S0.6x11_NIR_NOD.fits,"FERRARO, F.R.",200204194,ivo://eso.org/ID?ADP.2014-05-15T16:09:26.677,2011-06-20T23:13:45.163Z,Hip082876_200204194_2010-06-20T23:12:55.568_S0.6x11_NIR_NOD,"ECHELLE,SLIT,NODDING",IDP,,,https://archive.eso.org/dataset/ADP.2014-05-15T16:09:26.677,085.D-0377(A),2014-05-15T00:00:00Z,http://www.eso.org/rm/api/v1/public/releaseDescriptions/70,-40.6603,0.00305555,,254.061739,POSITION J2000 254.061739 -40.6603,,,,508.1,,60.0,55367.96823106,55367.96730982,79.595136,,Hip082876
,3075,application/x-votable+xml;content=datalink,http://archive.eso.org/datalink/links?ID=ivo://eso.org/ID?ADP.2016-09-20T09:32:34.789," ",2,,spectrum,ADP.2016-09-20T09:32:34.789,9.21726E-7,3.5280000000000004E-7,48000.0,189643,MPG/ESO-2.2,,1.470141,344.515507,FEROS,0,2020-10-13T14:00:21.337Z,S,1,uncalibrated,,FEROS,ivo://eso.org/origfile?FEROS.2004-05-02T08:15:57.657_DRS_FERN_1.0_ESOSDP.fits,"KRELOWSKI, JACEK",100164947,ivo://eso.org/ID?ADP.2016-09-20T09:32:34.789,2005-05-02T08:15:57Z,HD152667_r.FEROS.2004-05-02T08:15:57.657.1081.fits,ECHELLE,IDP,,,https://archive.eso.org/dataset/ADP.2016-09-20T09:32:34.789,073.C-0337(A),2016-11-07T08:26:00Z,http://www.eso.org/rm/api/v1/public/releaseDescriptions/94,-40.82744,5.5555E-4,,254.123533,POSITION J2000 254.123533 -40.82744,,,,585.2,,599.999,53127.35136177,53127.34441733,599.999616,,HD152667
,3075,application/x-votable+xml;content=datalink,http://archive.eso.org/datalink/links?ID=ivo://eso.org/ID?ADP.2016-09-20T09:32:34.791," ",2,,spectrum,ADP.2016-09-20T09:32:34.791,9.21726E-7,3.5280000000000004E-7,48000.0,189643,MPG/ESO-2.2,,1.47018,344.515386,FEROS,0,2020-10-13T14:00:21.337Z,S,1,uncalibrated,,FEROS,ivo://eso.org/origfile?FEROS.2004-05-02T08:26:47.954_DRS_FERN_1.0_ESOSDP.fits,"KRELOWSKI, JACEK",100164947,ivo://eso.org/ID?ADP.2016-09-20T09:32:34.791,2005-05-02T08:26:47Z,HD152667_r.FEROS.2004-05-02T08:26:47.954.1081.fits,ECHELLE,IDP,,,https://archive.eso.org/dataset/ADP.2016-09-20T09:32:34.791,073.C-0337(A),2016-11-07T08:26:00Z,http://www.eso.org/rm/api/v1/public/releaseDescriptions/94,-40.82751,5.5555E-4,,254.123393,POSITION J2000 254.123393 -40.82751,,,,572.2,,599.999,53127.35888833,53127.35194389,599.999616,,HD152667
,195,application/x-votable+xml;content=datalink,http://archive.eso.org/datalink/links?ID=ivo://eso.org/ID?ADP.2024-02-19T12:10:24.509," ",2,,spectrum,ADP.2024-02-19T12:10:24.509,7.09794E-7,4.5508600000000003E-7,1045.50732421875,2094,ESO-VLT-U1,,-0.133896,337.934871,FORS2,0,2024-02-19T12:19:40.397Z,S,2,absolute,,FORS2-SPEC,ivo://eso.org/origfile?F2_STCK_200358753_2015-06-27T02:06:58.387_C1_600VGG435_06.fits,"RAHOUI, FARID",200358753,ivo://eso.org/ID?ADP.2024-02-19T12:10:24.509,2016-06-27T02:40:34Z,Source1128_200358753_2015-06-27T02:06:58.387_C1_600VGG435_06,SPECTRUM,IDP,,,https://archive.eso.org/dataset/ADP.2024-02-19T12:10:24.509,095.D-0459(A),2024-02-19T12:19:40Z,http://www.eso.org/rm/api/v1/public/releaseDescriptions/196,-46.892502,2.8055E-4,,249.935814,POSITION J2000 249.935814 -46.892502,,,,683.7,,1199.955,57200.10249223,57200.08817578,1236.94128,,Source 1128
,3775,application/x-votable+xml;content=datalink,http://archive.eso.org/datalink/links?ID=ivo://eso.org/ID?ADP.2022-02-02T14:32:25.290," ",2,,spectrum,ADP.2022-02-02T14:32:25.290,6.83501E-7,4.7269E-7,74450.0,131843,ESO-VLT-U2,,-4.481137,355.858336,UVES,0,2022-02-02T14:45:46.220Z,S,1,absolute,,UVES,ivo://eso.org/origfile?UV_SFLX_200110055_2002-09-06T23:00:54.980_RED580d1_1x1_05.fits,,200110055,ivo://eso.org/ID?ADP.2022-02-02T14:32:25.290,2003-10-19T06:39:16Z,HD_162679_200110055_2002-09-06T23:00:54.980_RED580d1_1x1_05,ECHELLE,IDP,,,https://archive.eso.org/dataset/ADP.2022-02-02T14:32:25.290,266.D-5655(A),2022-02-02T14:45:46Z,http://www.eso.org/rm/api/v1/public/releaseDescriptions/163,-34.78563,1.4E-4,,268.440509,POSITION J2000 268.440509 -34.78563,,,,564.8,,249.5,52523.96185741,52523.95896968,249.499872,,HD_162679
,734,application/x-votable+xml;content=datalink,http://archive.eso.org/datalink/links?ID=ivo://eso.org/ID?ADP.2018-07-03T14:25:28.557," ",2,,spectrum,ADP.2018-07-03T14:25:28.557,5.5598E-7,2.9892000000000003E-7,5453.0,12854,ESO-VLT-U2,,0.416087,311.010441,XSHOOTER,0,2020-10-13T13:59:21.663Z,S,4,absolute,,XSHOOTER,ivo://eso.org/origfile?XS_SFLX_1894499_2018-06-03T04:52:47.174_S1.0x11_1x1_UVB_NOD.fits,"PANIC, OLJA",1894499,ivo://eso.org/ID?ADP.2018-07-03T14:25:28.557,2019-06-03T05:10:37.833Z,9004-2647-1_1894499_2018-06-03T04:52:47.174_S1.0x11_1x1_UVB_NOD,"ECHELLE,SLIT,NODDING",IDP,,,https://archive.eso.org/dataset/ADP.2018-07-03T14:25:28.557,0101.C-0902(A),2018-07-03T14:31:55Z,http://www.eso.org/rm/api/v1/public/releaseDescriptions/70,-61.38063,2.7777E-4,,209.919842,POSITION J2000 209.919842 -61.38063,,,,757.4,,240.0,58272.20756782,58272.20332377,366.68592,,9004-2647-1
,1330,application/x-votable+xml;content=datalink,http://archive.eso.org/datalink/links?ID=ivo://eso.org/ID?ADP.2018-07-03T14:25:28.580," ",2,,spectrum,ADP.2018-07-03T14:25:28.580,1.02E-6,5.336599999999999E-7,8935.0,24318,ESO-VLT-U2,,0.416087,311.010441,XSHOOTER,0,2020-10-13T13:59:21.663Z,S,4,absolute,,XSHOOTER,ivo://eso.org/origfile?XS_SFLX_1894499_2018-06-03T04:52:52.415_S0.9x11_1x1_VIS_NOD.fits,"PANIC, OLJA",1894499,ivo://eso.org/ID?ADP.2018-07-03T14:25:28.580,2019-06-03T05:10:37.833Z,9004-2647-1_1894499_2018-06-03T04:52:52.415_S0.9x11_1x1_VIS_NOD,"ECHELLE,SLIT,NODDING",IDP,,,https://archive.eso.org/dataset/ADP.2018-07-03T14:25:28.580,0101.C-0902(A),2018-07-03T14:31:55Z,http://www.eso.org/rm/api/v1/public/releaseDescriptions/70,-61.38063,2.5E-4,,209.919842,POSITION J2000 209.919842 -61.38063,,,,650.1,,200.0,58272.20738043,58272.20338442,345.255264,,9004-2647-1
,198,application/x-votable+xml;content=datalink,http://archive.eso.org/datalink/links?ID=ivo://eso.org/ID?ADP.2024-02-20T22:12:34.284," ",2,,spectrum,ADP.2024-02-20T22:12:34.284,5.9971E-7,3.45214E-7,852.8165283203125,2045,ESO-VLT-U1,,-3.185402,4.675887,FORS2,0,2024-02-20T22:22:35.410Z,S,10,absolute,,FORS2-SPEC,ivo://eso.org/origfile?F2_STCK_1198951_2015-05-14T08:32:22.813_C1_600Bfree_08.fits,"CARTER, PHILIP",1198951,ivo://eso.org/ID?ADP.2024-02-20T22:12:34.284,2016-05-14T09:35:58Z,MOA2010-BLG-087_1198951_2015-05-14T08:32:22.813_C1_600Bfree_08,SPECTRUM,IDP,,,https://archive.eso.org/dataset/ADP.2024-02-20T22:12:34.284,095.D-0888(E),2024-02-20T22:19:13Z,http://www.eso.org/rm/api/v1/public/releaseDescriptions/196,-26.488496,2.8055E-4,,272.165689,POSITION J2000 272.165689 -26.488496,,,,526.7,,2399.898,57156.38742389,57156.3558196,2730.610656,,MOA 2010-BLG-087
,1330,application/x-votable+xml;content=datalink,http://archive.eso.org/datalink/links?ID=ivo://eso.org/ID?ADP.2017-08-12T08:43:04.422," ",2,,spectrum,ADP.2017-08-12T08:43:04.422,1.02E-6,5.336599999999999E-7,1512.0,24318,ESO-VLT-U2,,-8.166455,355.74467,XSHOOTER,0,2020-10-13T14:00:04.773Z,S,2,absolute,,XSHOOTER,ivo://eso.org/origfile?XS_SFLX_200193515_2016-02-03T09:07:07.769_S5.0x11_1x1_VIS_NOD.fits,"UVES TEAM, UVES TEAM",200193515,ivo://eso.org/ID?ADP.2017-08-12T08:43:04.422,2016-02-03T09:08:04.313Z,Hip088947_200193515_2016-02-03T09:07:07.769_S5.0x11_1x1_VIS_NOD,"ECHELLE,SLIT,NODDING",IDP,,,https://archive.eso.org/dataset/ADP.2017-08-12T08:43:04.422,60.A-9022(C),2017-08-12T08:48:02Z,http://www.eso.org/rm/api/v1/public/releaseDescriptions/70,-36.67294,0.00138888,,272.342981,POSITION J2000 272.342981 -36.67294,,,,506.3,,25.0,57421.38075016,57421.37995103,69.044832,,Hip088947
,3078,application/x-votable+xml;content=datalink,http://archive.eso.org/datalink/links?ID=ivo://eso.org/ID?ADP.2016-09-23T09:05:29.855," ",2,,spectrum,ADP.2016-09-23T09:05:29.855,9.21726E-7,3.5277E-7,48000.0,189653,MPG/ESO-2.2,,2.184165,347.734772,FEROS,0,2020-10-13T14:00:02.870Z,S,1,uncalibrated,,FEROS,ivo://eso.org/origfile?FEROS.2009-05-03T06:33:16.096_DRS_FERN_1.0_ESOSDP.fits,"BARBA, RODOLFO",100253867,ivo://eso.org/ID?ADP.2016-09-23T09:05:29.855,2010-05-03T06:33:16.097Z,HD153919_r.FEROS.2009-05-03T06:33:16.096.1081.fits,ECHELLE,IDP,,,https://archive.eso.org/dataset/ADP.2016-09-23T09:05:29.855,083.D-0589(A),2016-11-07T08:26:01Z,http://www.eso.org/rm/api/v1/public/releaseDescriptions/94,-37.85328,5.5555E-4,,255.960612,POSITION J2000 255.960612 -37.85328,,,,523.0,,600.002,54954.28004744,54954.27310296,600.003072,,HD153919
,161,application/x-votable+xml;content=datalink,http://archive.eso.org/datalink/links?ID=ivo://eso.org/ID?ADP.2019-04-26T11:47:41.414," ",2,,spectrum,ADP.2019-04-26T11:47:41.414,4.0479599999999997E-7,3.84896E-7,22000.0,3981,ESO-VLT-U2,,1.87831,347.648583,GIRAFFE,0,2020-10-13T13:59:28.107Z,S,1,uncalibrated,,GIRAFFE,ivo://eso.org/origfile?GI_SIDP_1196665_2015-06-16T06:01:49.312_F79_Med1_H395.8_o14.fits,"BROWN, DAVID",1196665,ivo://eso.org/ID?ADP.2019-04-26T11:47:41.414,2016-06-16T07:31:03.410Z,J170448.68_1196665_2015-06-16T06:01:49.312_F79_Med1_H395.8_o14,MOS,IDP,,,https://archive.eso.org/dataset/ADP.2019-04-26T11:47:41.414,095.C-0818(A),2019-04-26T13:59:55Z,http://www.eso.org/rm/api/v1/public/releaseDescriptions/73,-38.107277,3.3388E-4,,256.202833,POSITION J2000 256.202833 -38.107277,,,,524.6,,2400.001,57189.27904298,57189.25126519,2400.001056,,J170448.68
,161,application/x-votable+xml;content=datalink,http://archive.eso.org/datalink/links?ID=ivo://eso.org/ID?ADP.2019-04-26T11:47:41.420," ",2,,spectrum,ADP.2019-04-26T11:47:41.420,4.0479599999999997E-7,3.84896E-7,22000.0,3981,ESO-VLT-U2,,1.87831,347.648583,GIRAFFE,0,2020-10-13T13:59:28.107Z,S,1,uncalibrated,,GIRAFFE,ivo://eso.org/origfile?GI_SIDP_1214999_2015-06-16T06:43:20.469_F79_Med1_H395.8_o14.fits,"BROWN, DAVID",1214999,ivo://eso.org/ID?ADP.2019-04-26T11:47:41.420,2016-06-16T07:35:48.517Z,J170448.68_1214999_2015-06-16T06:43:20.469_F79_Med1_H395.8_o14,MOS,IDP,,,https://archive.eso.org/dataset/ADP.2019-04-26T11:47:41.420,095.C-0818(A),2019-04-26T13:59:55Z,http://www.eso.org/rm/api/v1/public/releaseDescriptions/73,-38.107277,3.3388E-4,,256.202833,POSITION J2000 256.202833 -38.107277,,,,502.8,,2400.0,57189.3078758,57189.28009801,2400.001056,,J170448.68
,3075,application/x-votable+xml;content=datalink,http://archive.eso.org/datalink/links?ID=ivo://eso.org/ID?ADP.2016-09-20T09:32:35.370," ",2,,spectrum,ADP.2016-09-20T09:32:35.370,9.217319999999999E-7,3.52731E-7,48000.0,189668,MPG/ESO-2.2,,4.29839,350.812556,FEROS,0,2020-10-13T14:00:21.337Z,S,1,uncalibrated,,FEROS,ivo://eso.org/origfile?FEROS.2004-05-03T09:18:26.680_DRS_FERN_1.0_ESOSDP.fits,"KRELOWSKI, JACEK",100165031,ivo://eso.org/ID?ADP.2016-09-20T09:32:35.370,2005-05-03T09:18:26Z,HD154090_r.FEROS.2004-05-03T09:18:26.680.1081.fits,ECHELLE,IDP,,,https://archive.eso.org/dataset/ADP.2016-09-20T09:32:35.370,073.C-0337(A),2016-11-07T08:26:00Z,http://www.eso.org/rm/api/v1/public/releaseDescriptions/94,-34.12775,5.5555E-4,,256.180955,POSITION J2000 256.180955 -34.12775,,,,600.5,,239.999,53128.39058658,53128.3878088,240.000192,,HD154090
,3075,application/x-votable+xml;content=datalink,http://archive.eso.org/datalink/links?ID=ivo://eso.org/ID?ADP.2016-09-20T09:32:35.376," ",2,,spectrum,ADP.2016-09-20T09:32:35.376,9.217319999999999E-7,3.52731E-7,48000.0,189668,MPG/ESO-2.2,,4.298228,350.81239,FEROS,0,2020-10-13T14:00:21.337Z,S,1,uncalibrated,,FEROS,ivo://eso.org/origfile?FEROS.2004-05-03T09:23:16.952_DRS_FERN_1.0_ESOSDP.fits,"KRELOWSKI, JACEK",100165031,ivo://eso.org/ID?ADP.2016-09-20T09:32:35.376,2005-05-03T09:23:16Z,HD154090_r.FEROS.2004-05-03T09:23:16.952.1081.fits,ECHELLE,IDP,,,https://archive.eso.org/dataset/ADP.2016-09-20T09:32:35.376,073.C-0337(A),2016-11-07T08:26:00Z,http://www.eso.org/rm/api/v1/public/releaseDescriptions/94,-34.12798,5.5555E-4,,256.180991,POSITION J2000 256.180991 -34.12798,,,,606.2,,239.999,53128.39394622,53128.39116844,240.000192,,HD154090
,1333,application/x-votable+xml;content=datalink,http://archive.eso.org/datalink/links?ID=ivo://eso.org/ID?ADP.2018-09-13T17:16:55.784," ",2,,spectrum,ADP.2018-09-13T17:16:55.784,1.02E-6,5.336599999999999E-7,8935.0,24318,ESO-VLT-U2,,-9.759758,9.734109,XSHOOTER,0,2020-10-13T14:00:04.117Z,S,4,absolute,,XSHOOTER,ivo://eso.org/origfile?XS_SFLX_1894742_2018-07-03T04:06:48.380_S0.9x11_1x1_VIS_NOD.fits,"PANIC, OLJA",1894742,ivo://eso.org/ID?ADP.2018-09-13T17:16:55.784,2019-07-03T04:15:37.070Z,HIP_91974_1894742_2018-07-03T04:06:48.380_S0.9x11_1x1_VIS_NOD,"ECHELLE,SLIT,NODDING",IDP,,,https://archive.eso.org/dataset/ADP.2018-09-13T17:16:55.784,0101.C-0902(A),2018-09-13T17:22:55Z,http://www.eso.org/rm/api/v1/public/releaseDescriptions/70,-25.01129,2.5E-4,,281.206056,POSITION J2000 281.206056 -25.01129,,,,633.8,,28.0,58302.17324554,58302.17139329,160.0344,,HIP_91974
,1356,application/x-votable+xml;content=datalink,http://archive.eso.org/datalink/links?ID=ivo://eso.org/ID?ADP.2017-08-16T11:41:23.133," ",2,,spectrum,ADP.2017-08-16T11:41:23.133,2.47896E-6,9.9402E-7,4287.0,24750,ESO-VLT-U2,,-3.060415,355.90745,XSHOOTER,0,2020-10-13T14:00:16.223Z,S,2,absolute,,XSHOOTER,ivo://eso.org/origfile?XS_SFLX_577103_2011-06-24T02:58:26.819_S1.2x11_NIR_NOD.fits,"PERNA, DAVIDE",577103,ivo://eso.org/ID?ADP.2017-08-16T11:41:23.133,2011-06-24T03:00:06.133Z,SA110_361_577103_2011-06-24T02:58:26.819_S1.2x11_NIR_NOD,"ECHELLE,SLIT,NODDING",IDP,,,https://archive.eso.org/dataset/ADP.2017-08-16T11:41:23.133,287.C-5026(A),2017-08-16T11:46:46Z,http://www.eso.org/rm/api/v1/public/releaseDescriptions/70,-34.02071,3.3305E-4,,266.988219,POSITION J2000 266.988219 -34.02071,,,,571.1,,30.0,55736.12524321,55736.12392152,114.194016,,SA110_361
,1356,application/x-votable+xml;content=datalink,http://archive.eso.org/datalink/links?ID=ivo://eso.org/ID?ADP.2017-08-16T11:41:23.155," ",2,,spectrum,ADP.2017-08-16T11:41:23.155,2.47896E-6,9.9402E-7,4287.0,24750,ESO-VLT-U2,,-3.060415,355.90745,XSHOOTER,0,2020-10-13T14:00:16.223Z,S,2,absolute,,XSHOOTER,ivo://eso.org/origfile?XS_SFLX_577103_2011-06-24T02:48:07.235_S1.2x11_NIR_NOD.fits,"PERNA, DAVIDE",577103,ivo://eso.org/ID?ADP.2017-08-16T11:41:23.155,2011-06-24T02:50:27.867Z,SA110_361_577103_2011-06-24T02:48:07.235_S1.2x11_NIR_NOD,"ECHELLE,SLIT,NODDING",IDP,,,https://archive.eso.org/dataset/ADP.2017-08-16T11:41:23.155,287.C-5026(A),2017-08-16T11:46:46Z,http://www.eso.org/rm/api/v1/public/releaseDescriptions/70,-34.02071,3.3305E-4,,266.988219,POSITION J2000 266.988219 -34.02071,,,,689.8,,90.0,55736.11889893,55736.11675041,185.632128,,SA110_361
,1356,application/x-votable+xml;content=datalink,http://archive.eso.org/datalink/links?ID=ivo://eso.org/ID?ADP.2017-08-16T11:41:23.173," ",2,,spectrum,ADP.2017-08-16T11:41:23.173,2.47896E-6,9.9402E-7,4287.0,24750,ESO-VLT-U2,,-3.060415,355.90745,XSHOOTER,0,2020-10-13T14:00:16.223Z,S,2,absolute,,XSHOOTER,ivo://eso.org/origfile?XS_SFLX_577103_2011-06-24T02:53:40.988_S1.2x11_NIR_NOD.fits,"PERNA, DAVIDE",577103,ivo://eso.org/ID?ADP.2017-08-16T11:41:23.173,2011-06-24T02:55:27.367Z,SA110_361_577103_2011-06-24T02:53:40.988_S1.2x11_NIR_NOD,"ECHELLE,SLIT,NODDING",IDP,,,https://archive.eso.org/dataset/ADP.2017-08-16T11:41:23.173,287.C-5026(A),2017-08-16T11:46:46Z,http://www.eso.org/rm/api/v1/public/releaseDescriptions/70,-34.02071,3.3305E-4,,266.988219,POSITION J2000 266.988219 -34.02071,,,,700.6,,90.0,55736.12236536,55736.12061329,151.378848,,SA110_361
,1350,application/x-votable+xml;content=datalink,http://archive.eso.org/datalink/links?ID=ivo://eso.org/ID?ADP.2014-05-17T17:29:35.247," ",2,,spectrum,ADP.2014-05-17T17:29:35.247,2.47896E-6,9.9402E-7,8031.0,24750,ESO-VLT-U2,,-0.163845,325.646908,XSHOOTER,0,2020-10-13T13:59:27.480Z,S,2,absolute,,XSHOOTER,ivo://eso.org/origfile?XS_SFLX_929166_2013-04-01T06:55:55.032_S0.6x11_NIR_NOD.fits,"TRAGER, S. C.",929166,ivo://eso.org/ID?ADP.2014-05-17T17:29:35.247,2013-04-01T06:56:58.133Z,HD139717_929166_2013-04-01T06:55:55.032_S0.6x11_NIR_NOD,"ECHELLE,SLIT,NODDING",IDP,,,https://archive.eso.org/dataset/ADP.2014-05-17T17:29:35.247,189.B-0925(C),2014-05-17T00:00:00Z,http://www.eso.org/rm/api/v1/public/releaseDescriptions/70,-55.31152,0.00305555,,235.586114,POSITION J2000 235.586114 -55.31152,,,,550.6,,20.0,56383.28967745,56383.28883139,73.099584,,HD139717
,161,application/x-votable+xml;content=datalink,http://archive.eso.org/datalink/links?ID=ivo://eso.org/ID?ADP.2019-04-26T12:50:28.172," ",2,,spectrum,ADP.2019-04-26T12:50:28.172,4.04782E-7,3.8488299999999997E-7,22000.0,3981,ESO-VLT-U2,,-4.480635,355.857616,GIRAFFE,0,2020-10-13T13:59:25.190Z,S,1,uncalibrated,,GIRAFFE,ivo://eso.org/origfile?GI_SIDP_1196672_2015-07-18T06:40:39.177_F135_Med1_H395.8_o14.fits,"BROWN, DAVID",1196672,ivo://eso.org/ID?ADP.2019-04-26T12:50:28.172,2016-07-18T07:55:57.290Z,J175345.49_1196672_2015-07-18T06:40:39.177_F135_Med1_H395.8_o14,MOS,IDP,,,https://archive.eso.org/dataset/ADP.2019-04-26T12:50:28.172,095.C-0818(A),2019-04-26T14:59:39Z,http://www.eso.org/rm/api/v1/public/releaseDescriptions/73,-34.785999,3.3388E-4,,268.439541,POSITION J2000 268.439541 -34.785999,,,,669.8,,2400.0,57221.306009,57221.27823121,2400.001056,,J175345.49
,3769,application/x-votable+xml;content=datalink,http://archive.eso.org/datalink/links?ID=ivo://eso.org/ID?ADP.2020-08-14T12:58:54.090," ",2,,spectrum,ADP.2020-08-14T12:58:54.090,6.83508E-7,4.72689E-7,74450.0,131629,ESO-VLT-U2,,-4.662408,356.003834,UVES,0,2020-10-22T08:34:27.070Z,S,1,absolute,,UVES,ivo://eso.org/origfile?UV_SFLX_200109810_2001-08-08T03:25:46.156_RED580d1_1x1_05.fits,"PARANAL OBSERVATORY, ESO",200109810,ivo://eso.org/ID?ADP.2020-08-14T12:58:54.090,2002-10-19T09:52:17.970Z,HD_162889_200109810_2001-08-08T03:25:46.156_RED580d1_1x1_05,ECHELLE,IDP,,,https://archive.eso.org/dataset/ADP.2020-08-14T12:58:54.090,266.D-5655(A),2020-10-20T09:56:54Z,http://www.eso.org/rm/api/v1/public/releaseDescriptions/163,-34.75102,1.4E-4,,268.719958,POSITION J2000 268.719958 -34.75102,,,,561.4,,899.998,52129.15331196,52129.14289532,899.997696,,HD_162889
,3775,application/x-votable+xml;content=datalink,http://archive.eso.org/datalink/links?ID=ivo://eso.org/ID?ADP.2022-02-02T14:32:25.290," ",2,,spectrum,ADP.2022-02-02T14:32:25.290,6.83501E-7,4.7269E-7,74450.0,131843,ESO-VLT-U2,,-4.481137,355.858336,UVES,0,2022-02-02T14:45:46.220Z,S,1,absolute,,UVES,ivo://eso.org/origfile?UV_SFLX_200110055_2002-09-06T23:00:54.980_RED580d1_1x1_05.fits,,200110055,ivo://eso.org/ID?ADP.2022-02-02T14:32:25.290,2003-10-19T06:39:16Z,HD_162679_200110055_2002-09-06T23:00:54.980_RED580d1_1x1_05,ECHELLE,IDP,,,https://archive.eso.org/dataset/ADP.2022-02-02T14:32:25.290,266.D-5655(A),2022-02-02T14:45:46Z,http://www.eso.org/rm/api/v1/public/releaseDescriptions/163,-34.78563,1.4E-4,,268.440509,POSITION J2000 268.440509 -34.78563,,,,564.8,,249.5,52523.96185741,52523.95896968,249.499872,,HD_162679
,144,application/x-votable+xml;content=datalink,http://archive.eso.org/datalink/links?ID=ivo://eso.org/ID?ADP.2024-02-12T10:24:46.684," ",2,,spectrum,ADP.2024-02-12T10:24:46.684,8.44747E-7,5.22873E-7,1955.1527099609375,2036,ESO-VLT-U1,,1.699005,2.807828,FORS2,0,2024-02-12T10:38:11.147Z,S,1,absolute,,FORS2-SPEC,ivo://eso.org/origfile?F2_SISL_1180043_2015-07-13T01:18:38.687_C1_600RIGG435_21.fits,"REES, BRYAN",1180043,ivo://eso.org/ID?ADP.2024-02-12T10:24:46.684,2016-07-13T01:55:49Z,PNG002.8+01.7_1180043_2015-07-13T01:18:38.687_C1_600RIGG435_21,SPECTRUM,IDP,,,https://archive.eso.org/dataset/ADP.2024-02-12T10:24:46.684,095.D-0270(A),2024-02-12T10:38:11Z,http://www.eso.org/rm/api/v1/public/releaseDescriptions/196,-25.654699,1.4166E-4,,266.418063,POSITION J2000 266.418063 -25.654699,,,,549.9,,999.959,57216.06618803,57216.05461443,999.95904,,PN G 002.8+01.7
,1359,application/x-votable+xml;content=datalink,http://archive.eso.org/datalink/links?ID=ivo://eso.org/ID?ADP.2017-05-12T13:57:19.674," ",2,,spectrum,ADP.2017-05-12T13:57:19.674,2.47896E-6,9.9402E-7,8031.0,24750,ESO-VLT-U2,,1.691288,3.837303,XSHOOTER,0,2020-10-13T14:00:14.707Z,S,2,absolute,,XSHOOTER,ivo://eso.org/origfile?XS_SFLX_1317361_2016-06-16T01:13:30.537_S0.6x11_NIR_NOD.fits,"ORIGLIA, LIVIA",1317361,ivo://eso.org/ID?ADP.2017-05-12T13:57:19.674,2017-06-16T01:35:46.260Z,M4_1317361_2016-06-16T01:13:30.537_S0.6x11_NIR_NOD,"ECHELLE,SLIT,NODDING",IDP,,,https://archive.eso.org/dataset/ADP.2017-05-12T13:57:19.674,097.D-0337(A),2017-05-12T16:02:21Z,http://www.eso.org/rm/api/v1/public/releaseDescriptions/70,-24.77865,1.6666E-4,,267.014701,POSITION J2000 267.014701 -24.77865,,,,500.4,,660.0,57555.05988389,57555.05104788,763.431264,,M4
,1373,application/x-votable+xml;content=datalink,http://archive.eso.org/datalink/links?ID=ivo://eso.org/ID?ADP.2025-08-19T18:32:49.231," ",2,,spectrum,ADP.2025-08-19T18:32:49.231,2.47896E-6,9.9402E-7,11424.0,24750,ESO-VLT-U3,,-3.756239,359.886575,XSHOOTER,0,2025-08-19T18:38:18.743Z,S,24,absolute,,XSHOOTER,ivo://eso.org/origfile?XS_SFLX_4218030_2025-08-14T04:30:01.800_S0.4x11_NIR_NOD.fits,"CRUZ-SAENZ DE MIERA, FERNANDO",4218030,ivo://eso.org/ID?ADP.2025-08-19T18:32:49.231,2026-08-14T05:15:51Z,4044118910793115264_4218030_2025-08-14T04:30:01.800_S0.4x11_NIR_NOD,"ECHELLE,SLIT,NODDING",IDP,,,https://archive.eso.org/dataset/ADP.2025-08-19T18:32:49.231,115.289J.001,2025-08-19T18:38:18Z,http://www.eso.org/rm/api/v1/public/releaseDescriptions/70,-30.94016,1.1083E-4,,270.074067,POSITION J2000 270.074067 -30.94016,,,,622.2,,1920.0,60901.21306369,60901.18752083,2206.903104,,4044118910793115264
,1330,application/x-votable+xml;content=datalink,http://archive.eso.org/datalink/links?ID=ivo://eso.org/ID?ADP.2017-05-11T10:01:19.539," ",2,,spectrum,ADP.2017-05-11T10:01:19.539,1.02E-6,5.336599999999999E-7,18340.0,24318,ESO-VLT-U2,,-1.916264,350.021431,XSHOOTER,0,2020-10-13T14:00:04.630Z,S,2,absolute,,XSHOOTER,ivo://eso.org/origfile?XS_SFLX_1188361_2015-04-07T08:16:06.431_S0.4x11_1x1_VIS_NOD.fits,"SCHOELLER, MARKUS",1188361,ivo://eso.org/ID?ADP.2017-05-11T10:01:19.539,2016-04-07T08:35:42.003Z,HD_157869_1188361_2015-04-07T08:16:06.431_S0.4x11_1x1_VIS_NOD,"ECHELLE,SLIT,NODDING",IDP,,,https://archive.eso.org/dataset/ADP.2017-05-11T10:01:19.539,095.C-0724(A),2017-05-11T12:06:16Z,http://www.eso.org/rm/api/v1/public/releaseDescriptions/70,-38.37911,1.1083E-4,,261.891241,POSITION J2000 261.891241 -38.37911,,,,511.1,,700.0,57119.35309347,57119.34451888,740.844576,,HD_157869
,1330,application/x-votable+xml;content=datalink,http://archive.eso.org/datalink/links?ID=ivo://eso.org/ID?ADP.2017-05-11T10:01:19.686," ",2,,spectrum,ADP.2017-05-11T10:01:19.686,1.02E-6,5.336599999999999E-7,18340.0,24318,ESO-VLT-U2,,-1.916264,350.021431,XSHOOTER,0,2020-10-13T14:00:04.630Z,S,2,absolute,,XSHOOTER,ivo://eso.org/origfile?XS_SFLX_1188361_2015-04-07T08:00:28.527_S0.4x11_1x1_VIS_NOD.fits,"SCHOELLER, MARKUS",1188361,ivo://eso.org/ID?ADP.2017-05-11T10:01:19.686,2016-04-07T08:20:31.197Z,HD_157869_1188361_2015-04-07T08:00:28.527_S0.4x11_1x1_VIS_NOD,"ECHELLE,SLIT,NODDING",IDP,,,https://archive.eso.org/dataset/ADP.2017-05-11T10:01:19.686,095.C-0724(A),2017-05-11T12:06:16Z,http://www.eso.org/rm/api/v1/public/releaseDescriptions/70,-38.37911,1.1083E-4,,261.891241,POSITION J2000 261.891241 -38.37911,,,,536.6,,800.0,57119.3435568,57119.3336635,854.78112,,HD_157869
,734,application/x-votable+xml;content=datalink,http://archive.eso.org/datalink/links?ID=ivo://eso.org/ID?ADP.2017-05-11T10:01:19.866," ",2,,spectrum,ADP.2017-05-11T10:01:19.866,5.5598E-7,2.9892000000000003E-7,9861.0,12854,ESO-VLT-U2,,-1.916264,350.021431,XSHOOTER,0,2020-10-13T14:00:04.630Z,S,2,absolute,,XSHOOTER,ivo://eso.org/origfile?XS_SFLX_1188361_2015-04-07T08:00:23.307_S0.5x11_1x1_UVB_NOD.fits,"SCHOELLER, MARKUS",1188361,ivo://eso.org/ID?ADP.2017-05-11T10:01:19.866,2016-04-07T08:20:31.197Z,HD_157869_1188361_2015-04-07T08:00:23.307_S0.5x11_1x1_UVB_NOD,"ECHELLE,SLIT,NODDING",IDP,,,https://archive.eso.org/dataset/ADP.2017-05-11T10:01:19.866,095.C-0724(A),2017-05-11T12:06:16Z,http://www.eso.org/rm/api/v1/public/releaseDescriptions/70,-38.37911,1.3888E-4,,261.891241,POSITION J2000 261.891241 -38.37911,,,,620.7,,800.0,57119.34349684,57119.33360308,854.820864,,HD_157869
,3075,application/x-votable+xml;content=datalink,http://archive.eso.org/datalink/links?ID=ivo://eso.org/ID?ADP.2016-09-20T09:32:35.302," ",2,,spectrum,ADP.2016-09-20T09:32:35.302,9.217290000000001E-7,3.52728E-7,48000.0,189668,MPG/ESO-2.2,,0.882918,343.012216,FEROS,0,2020-10-13T14:00:21.337Z,S,1,uncalibrated,,FEROS,ivo://eso.org/origfile?FEROS.2004-05-03T07:20:29.341_DRS_FERN_1.0_ESOSDP.fits,"KRELOWSKI, JACEK",100165016,ivo://eso.org/ID?ADP.2016-09-20T09:32:35.302,2005-05-03T07:20:29Z,HD152236_r.FEROS.2004-05-03T07:20:29.341.1081.fits,ECHELLE,IDP,,,https://archive.eso.org/dataset/ADP.2016-09-20T09:32:35.302,073.C-0337(A),2016-11-07T08:26:00Z,http://www.eso.org/rm/api/v1/public/releaseDescriptions/94,-42.36577,5.5555E-4,,253.472097,POSITION J2000 253.47209700000002 -42.36577,,,,611.2,,239.999,53128.30867293,53128.30589515,240.000192,,HD152236
,3075,application/x-votable+xml;content=datalink,http://archive.eso.org/datalink/links?ID=ivo://eso.org/ID?ADP.2016-09-20T09:32:35.308," ",2,,spectrum,ADP.2016-09-20T09:32:35.308,9.217290000000001E-7,3.52728E-7,48000.0,189668,MPG/ESO-2.2,,0.882761,343.012241,FEROS,0,2020-10-13T14:00:21.337Z,S,1,uncalibrated,,FEROS,ivo://eso.org/origfile?FEROS.2004-05-03T07:25:19.844_DRS_FERN_1.0_ESOSDP.fits,"KRELOWSKI, JACEK",100165016,ivo://eso.org/ID?ADP.2016-09-20T09:32:35.308,2005-05-03T07:25:19Z,HD152236_r.FEROS.2004-05-03T07:25:19.844.1081.fits,ECHELLE,IDP,,,https://archive.eso.org/dataset/ADP.2016-09-20T09:32:35.308,073.C-0337(A),2016-11-07T08:26:00Z,http://www.eso.org/rm/api/v1/public/releaseDescriptions/94,-42.36585,5.5555E-4,,253.472283,POSITION J2000 253.472283 -42.36585,,,,594.4,,239.999,53128.31203523,53128.30925745,240.000192,,HD152236
,3075,application/x-votable+xml;content=datalink,http://archive.eso.org/datalink/links?ID=ivo://eso.org/ID?ADP.2016-09-20T09:32:35.318," ",2,,spectrum,ADP.2016-09-20T09:32:35.318,9.217290000000001E-7,3.52728E-7,48000.0,189668,MPG/ESO-2.2,,1.116985,343.295757,FEROS,0,2020-10-13T14:00:21.337Z,S,1,uncalibrated,,FEROS,ivo://eso.org/origfile?FEROS.2004-05-03T07:32:33.800_DRS_FERN_1.0_ESOSDP.fits,"KRELOWSKI, JACEK",100165018,ivo://eso.org/ID?ADP.2016-09-20T09:32:35.318,2005-05-03T07:32:33Z,HD152235_r.FEROS.2004-05-03T07:32:33.800.1081.fits,ECHELLE,IDP,,,https://archive.eso.org/dataset/ADP.2016-09-20T09:32:35.318,073.C-0337(A),2016-11-07T08:26:00Z,http://www.eso.org/rm/api/v1/public/releaseDescriptions/94,-41.99814,5.5555E-4,,253.468622,POSITION J2000 253.46862199999998 -41.99814,,,,546.5,,659.999,53128.32191898,53128.31428009,660.000096,,HD152235
,3075,application/x-votable+xml;content=datalink,http://archive.eso.org/datalink/links?ID=ivo://eso.org/ID?ADP.2016-09-20T09:32:35.324," ",2,,spectrum,ADP.2016-09-20T09:32:35.324,9.217290000000001E-7,3.52728E-7,48000.0,189668,MPG/ESO-2.2,,1.117002,343.295885,FEROS,0,2020-10-13T14:00:21.337Z,S,1,uncalibrated,,FEROS,ivo://eso.org/origfile?FEROS.2004-05-03T07:44:24.010_DRS_FERN_1.0_ESOSDP.fits,"KRELOWSKI, JACEK",100165018,ivo://eso.org/ID?ADP.2016-09-20T09:32:35.324,2005-05-03T07:44:24Z,HD152235_r.FEROS.2004-05-03T07:44:24.010.1081.fits,ECHELLE,IDP,,,https://archive.eso.org/dataset/ADP.2016-09-20T09:32:35.324,073.C-0337(A),2016-11-07T08:26:00Z,http://www.eso.org/rm/api/v1/public/releaseDescriptions/94,-41.99803,5.5555E-4,,253.468713,POSITION J2000 253.46871299999998 -41.99803,,,,545.1,,659.999,53128.330139,53128.32250011,660.000096,,HD152235
,3078,application/x-votable+xml;content=datalink,http://archive.eso.org/datalink/links?ID=ivo://eso.org/ID?ADP.2016-09-21T07:46:52.612," ",2,,spectrum,ADP.2016-09-21T07:46:52.612,9.217380000000001E-7,3.5277300000000003E-7,48000.0,189656,MPG/ESO-2.2,,1.117186,343.299075,FEROS,0,2020-10-13T14:00:35.253Z,S,1,uncalibrated,,FEROS,ivo://eso.org/origfile?FEROS.2005-04-24T08:52:10.165_DRS_FERN_1.0_ESOSDP.fits,"DUFTON, P.L.",100180493,ivo://eso.org/ID?ADP.2016-09-21T07:46:52.612,2006-04-24T08:52:10Z,HD-152235_r.FEROS.2005-04-24T08:52:10.165.1081.fits,ECHELLE,IDP,,,https://archive.eso.org/dataset/ADP.2016-09-21T07:46:52.612,075.D-0103(A),2016-11-07T08:26:00Z,http://www.eso.org/rm/api/v1/public/releaseDescriptions/94,-41.99544,5.5555E-4,,253.471231,POSITION J2000 253.471231 -41.99544,,,,508.3,,499.999,53484.37534915,53484.36956211,500.000256,,HD-152235
,3078,application/x-votable+xml;content=datalink,http://archive.eso.org/datalink/links?ID=ivo://eso.org/ID?ADP.2016-09-21T07:46:52.614," ",2,,spectrum,ADP.2016-09-21T07:46:52.614,9.217380000000001E-7,3.5277300000000003E-7,48000.0,189656,MPG/ESO-2.2,,1.117008,343.298872,FEROS,0,2020-10-13T14:00:35.253Z,S,1,uncalibrated,,FEROS,ivo://eso.org/origfile?FEROS.2005-04-24T09:01:27.183_DRS_FERN_1.0_ESOSDP.fits,"DUFTON, P.L.",100180493,ivo://eso.org/ID?ADP.2016-09-21T07:46:52.614,2006-04-24T09:01:27Z,HD-152235_r.FEROS.2005-04-24T09:01:27.183.1081.fits,ECHELLE,IDP,,,https://archive.eso.org/dataset/ADP.2016-09-21T07:46:52.614,075.D-0103(A),2016-11-07T08:26:00Z,http://www.eso.org/rm/api/v1/public/releaseDescriptions/94,-41.99571,5.5555E-4,,253.471243,POSITION J2000 253.47124300000002 -41.99571,,,,590.2,,599.999,53484.38295351,53484.37600907,599.999616,,HD-152235
,3078,application/x-votable+xml;content=datalink,http://archive.eso.org/datalink/links?ID=ivo://eso.org/ID?ADP.2016-09-21T07:46:52.616," ",2,,spectrum,ADP.2016-09-21T07:46:52.616,9.21735E-7,3.5277300000000003E-7,48000.0,189655,MPG/ESO-2.2,,0.88273,343.015309,FEROS,0,2020-10-13T14:00:35.253Z,S,1,uncalibrated,,FEROS,ivo://eso.org/origfile?FEROS.2005-04-24T09:14:09.909_DRS_FERN_1.0_ESOSDP.fits,"DUFTON, P.L.",100180497,ivo://eso.org/ID?ADP.2016-09-21T07:46:52.616,2006-04-24T09:14:09Z,HD-152236_r.FEROS.2005-04-24T09:14:09.909.1081.fits,ECHELLE,IDP,,,https://archive.eso.org/dataset/ADP.2016-09-21T07:46:52.616,075.D-0103(A),2016-11-07T08:26:00Z,http://www.eso.org/rm/api/v1/public/releaseDescriptions/94,-42.36349,5.5555E-4,,253.474936,POSITION J2000 253.474936 -42.36349,,,,572.9,,129.999,53484.38634154,53484.38483691,130.000032,,HD-152236
,13420,application/x-votable+xml;content=datalink,http://archive.eso.org/datalink/links?ID=ivo://eso.org/ID?ADP.2020-06-15T06:49:52.312," ",2,,spectrum,ADP.2020-06-15T06:49:52.312,9.46395E-7,5.65506E-7,18770.0,185577,ESO-VLT-U2,,4.284726,350.828804,UVES,0,2020-10-22T08:34:27.087Z,S,5,absolute,,UVES,ivo://eso.org/origfile?UV_SOBF_579749_2011-07-15T02:59:56.040_RED760d2_1x1_24.fits,"GARCIA HERNANDEZ, DOMINGO ANIBAL",579749,ivo://eso.org/ID?ADP.2020-06-15T06:49:52.312,2012-10-14T13:23:51.857Z,HR6334_579749_2011-07-15T02:59:56.040_RED760d2_1x1_24,ECHELLE,IDP,,,https://archive.eso.org/dataset/ADP.2020-06-15T06:49:52.312,087.D-0189(A),2020-10-20T09:55:55Z,http://www.eso.org/rm/api/v1/public/releaseDescriptions/163,-34.12307,6.7E-4,,256.205927,POSITION J2000 256.205927 -34.12307,,,,543.8,,199.992,55757.1295677,55757.12495417,398.608992,,HR6334
,13409,application/x-votable+xml;content=datalink,http://archive.eso.org/datalink/links?ID=ivo://eso.org/ID?ADP.2020-06-15T07:06:30.179," ",2,,spectrum,ADP.2020-06-15T07:06:30.179,9.46394E-7,5.655090000000001E-7,18770.0,185415,ESO-VLT-U2,,4.285312,350.829189,UVES,0,2020-10-22T08:34:27.087Z,S,5,absolute,,UVES,ivo://eso.org/origfile?UV_SOBF_579750_2011-08-11T01:43:46.880_RED760d2_1x1_24.fits,"GARCIA HERNANDEZ, DOMINGO ANIBAL",579750,ivo://eso.org/ID?ADP.2020-06-15T07:06:30.179,2012-10-14T13:23:54.867Z,HR6334_579750_2011-08-11T01:43:46.880_RED760d2_1x1_24,ECHELLE,IDP,,,https://archive.eso.org/dataset/ADP.2020-06-15T07:06:30.179,087.D-0189(A),2020-10-20T09:55:56Z,http://www.eso.org/rm/api/v1/public/releaseDescriptions/163,-34.12241,6.7E-4,,256.205642,POSITION J2000 256.205642 -34.12241,,,,504.5,,199.993,55784.07669064,55784.07207037,399.191328,,HR6334
,6886,application/x-votable+xml;content=datalink,http://archive.eso.org/datalink/links?ID=ivo://eso.org/ID?ADP.2020-06-19T08:09:06.376," ",2,,spectrum,ADP.2020-06-19T08:09:06.376,4.56306E-7,3.28201E-7,68040.0,93931,ESO-VLT-U2,,4.284096,350.828149,UVES,0,2020-10-22T08:34:27.087Z,S,110,absolute,,UVES,ivo://eso.org/origfile?UV_SOBF_200203352_2010-05-21T08:00:08.102_BLU390bl_1x1_05.fits,"CASASSUS, S.",200203352,ivo://eso.org/ID?ADP.2020-06-19T08:09:06.376,2011-05-21T10:14:44.283Z,HD-154090_200203352_2010-05-21T08:00:08.102_BLU390bl_1x1_05,"ECHELLE,SLIC#2",IDP,,,https://archive.eso.org/dataset/ADP.2020-06-19T08:09:06.376,085.C-0799(A),2020-10-20T09:56:01Z,http://www.eso.org/rm/api/v1/public/releaseDescriptions/163,-34.12397,1.3E-4,,256.206058,POSITION J2000 256.206058 -34.12397,,,,841.6,,5500.189,55337.42748016,55337.33342711,8126.18352,,HD-154090
,138,application/x-votable+xml;content=datalink,http://archive.eso.org/datalink/links?ID=ivo://eso.org/ID?ADP.2023-09-07T12:04:51.097," ",2,,spectrum,ADP.2023-09-07T12:04:51.097,8.64365E-7,4.60775E-7,509.8249206542969,1257,ESO-VLT-U1,,-1.657433,323.459284,FORS2,0,2023-09-07T12:17:37.350Z,S,2,absolute,,FORS2-SPEC,ivo://eso.org/origfile?F2_STCK_2314202_2019-05-09T06:11:32.630_C1_300VGG435_07.fits,"KLINDT, LIZELKE",2314202,ivo://eso.org/ID?ADP.2023-09-07T12:04:51.097,2020-05-09T06:55:34Z,1RXSJ153552d8m575055_s2_2314202_2019-05-09T06:11:32.630_C1_300VGG435,SPECTRUM,IDP,,,https://archive.eso.org/dataset/ADP.2023-09-07T12:04:51.097,0103.A-0857(A),2023-09-07T12:08:57Z,http://www.eso.org/rm/api/v1/public/releaseDescriptions/196,-57.813438,2.8055E-4,,234.00786,POSITION J2000 234.00786 -57.813438,,,,619.8,,2199.903,58612.28389712,58612.25801655,2236.081248,,1RXSJ153552d8m575055_s2
,138,application/x-votable+xml;content=datalink,http://archive.eso.org/datalink/links?ID=ivo://eso.org/ID?ADP.2023-12-04T11:19:46.683," ",2,,spectrum,ADP.2023-12-04T11:19:46.683,8.64365E-7,4.60775E-7,510.1768798828125,1257,ESO-VLT-U1,,-1.727182,323.488712,FORS2,0,2023-12-04T11:27:34.343Z,S,2,absolute,,FORS2-SPEC,ivo://eso.org/origfile?F2_STCK_1816322_2017-09-12T23:53:00.427_C1_300VGG435_03.fits,"LANSBURY, GEORGE",1816322,ivo://eso.org/ID?ADP.2023-12-04T11:19:46.683,2018-09-13T00:45:45Z,1RXSJ153552s1_1816322_2017-09-12T23:53:00.427_C1_300VGG435_03,SPECTRUM,IDP,,,https://archive.eso.org/dataset/ADP.2023-12-04T11:19:46.683,0100.B-0919(A),2023-12-04T11:23:30Z,http://www.eso.org/rm/api/v1/public/releaseDescriptions/196,-57.852672,2.8055E-4,,234.129456,POSITION J2000 234.129456 -57.852672,,,,578.5,,2599.903,58009.02565909,58008.99514383,2636.518464,,1RXSJ153552 s1
,3078,application/x-votable+xml;content=datalink,http://archive.eso.org/datalink/links?ID=ivo://eso.org/ID?ADP.2016-09-21T07:46:52.618," ",2,,spectrum,ADP.2016-09-21T07:46:52.618,9.21735E-7,3.5277300000000003E-7,48000.0,189655,MPG/ESO-2.2,,0.882717,343.015513,FEROS,0,2020-10-13T14:00:35.253Z,S,1,uncalibrated,,FEROS,ivo://eso.org/origfile?FEROS.2005-04-24T09:17:14.580_DRS_FERN_1.0_ESOSDP.fits,"DUFTON, P.L.",100180497,ivo://eso.org/ID?ADP.2016-09-21T07:46:52.618,2006-04-24T09:17:14Z,HD-152236_r.FEROS.2005-04-24T09:17:14.580.1081.fits,ECHELLE,IDP,,,https://archive.eso.org/dataset/ADP.2016-09-21T07:46:52.618,075.D-0103(A),2016-11-07T08:26:00Z,http://www.eso.org/rm/api/v1/public/releaseDescriptions/94,-42.36334,5.5555E-4,,253.475124,POSITION J2000 253.475124 -42.36334,,,,556.0,,129.999,53484.38847893,53484.3869743,130.000032,,HD-152236
,1359,application/x-votable+xml;content=datalink,http://archive.eso.org/datalink/links?ID=ivo://eso.org/ID?ADP.2017-09-22T08:44:36.022," ",2,,spectrum,ADP.2017-09-22T08:44:36.022,2.47896E-6,9.9402E-7,11424.0,24750,ESO-VLT-U2,,0.870613,343.028534,XSHOOTER,0,2020-10-13T14:00:55.590Z,S,4,absolute,,XSHOOTER,ivo://eso.org/origfile?XS_SFLX_1683173_2017-07-24T02:12:25.462_S0.4x11_NIR_NOD.fits,"KIMESWENGER, STEFAN",1683173,ivo://eso.org/ID?ADP.2017-09-22T08:44:36.022,2018-07-24T02:20:54.380Z,HD152236_1683173_2017-07-24T02:12:25.462_S0.4x11_NIR_NOD,"ECHELLE,SLIT,NODDING",IDP,,,https://archive.eso.org/dataset/ADP.2017-09-22T08:44:36.022,099.C-0037(A),2017-09-22T08:47:22Z,http://www.eso.org/rm/api/v1/public/releaseDescriptions/70,-42.36088,1.1083E-4,,253.498951,POSITION J2000 253.498951 -42.36088,,,,589.6,,24.0,57958.09293519,57958.09196137,84.138048,,HD152236
,1330,application/x-votable+xml;content=datalink,http://archive.eso.org/datalink/links?ID=ivo://eso.org/ID?ADP.2017-09-22T08:44:36.035," ",2,,spectrum,ADP.2017-09-22T08:44:36.035,1.02E-6,5.336599999999999E-7,18340.0,24318,ESO-VLT-U2,,1.104628,343.311383,XSHOOTER,0,2020-10-13T14:00:55.590Z,S,2,absolute,,XSHOOTER,ivo://eso.org/origfile?XS_SFLX_1683170_2017-07-24T01:42:30.799_S0.4x11_1x1_VIS_NOD.fits,"KIMESWENGER, STEFAN",1683170,ivo://eso.org/ID?ADP.2017-09-22T08:44:36.035,2018-07-24T01:50:52.333Z,HD152235_1683170_2017-07-24T01:42:30.799_S0.4x11_1x1_VIS_NOD,"ECHELLE,SLIT,NODDING",IDP,,,https://archive.eso.org/dataset/ADP.2017-09-22T08:44:36.035,099.C-0037(A),2017-09-22T08:47:22Z,http://www.eso.org/rm/api/v1/public/releaseDescriptions/70,-41.99382,1.1083E-4,,253.494787,POSITION J2000 253.494787 -41.99382,,,,567.4,,80.0,57958.07260793,57958.0711898,122.526432,,HD152235
,734,application/x-votable+xml;content=datalink,http://archive.eso.org/datalink/links?ID=ivo://eso.org/ID?ADP.2017-09-22T08:44:36.053," ",2,,spectrum,ADP.2017-09-22T08:44:36.053,5.5598E-7,2.9892000000000003E-7,9861.0,12854,ESO-VLT-U2,,0.870613,343.028534,XSHOOTER,0,2020-10-13T14:00:55.590Z,S,2,absolute,,XSHOOTER,ivo://eso.org/origfile?XS_SFLX_1683173_2017-07-24T02:12:16.899_S0.5x11_1x1_UVB_NOD.fits,"KIMESWENGER, STEFAN",1683173,ivo://eso.org/ID?ADP.2017-09-22T08:44:36.053,2018-07-24T02:20:54.380Z,HD152236_1683173_2017-07-24T02:12:16.899_S0.5x11_1x1_UVB_NOD,"ECHELLE,SLIT,NODDING",IDP,,,https://archive.eso.org/dataset/ADP.2017-09-22T08:44:36.053,099.C-0037(A),2017-09-22T08:47:22Z,http://www.eso.org/rm/api/v1/public/releaseDescriptions/70,-42.36088,1.3888E-4,,253.498951,POSITION J2000 253.498951 -42.36088,,,,716.9,,20.0,57958.09270537,57958.09186225,72.845568,,HD152236
,1330,application/x-votable+xml;content=datalink,http://archive.eso.org/datalink/links?ID=ivo://eso.org/ID?ADP.2017-09-22T08:44:36.061," ",2,,spectrum,ADP.2017-09-22T08:44:36.061,1.02E-6,5.336599999999999E-7,18340.0,24318,ESO-VLT-U2,,0.870613,343.028534,XSHOOTER,0,2020-10-13T14:00:55.590Z,S,2,absolute,,XSHOOTER,ivo://eso.org/origfile?XS_SFLX_1683173_2017-07-24T02:12:22.130_S0.4x11_1x1_VIS_NOD.fits,"KIMESWENGER, STEFAN",1683173,ivo://eso.org/ID?ADP.2017-09-22T08:44:36.061,2018-07-24T02:20:54.380Z,HD152236_1683173_2017-07-24T02:12:22.130_S0.4x11_1x1_VIS_NOD,"ECHELLE,SLIT,NODDING",IDP,,,https://archive.eso.org/dataset/ADP.2017-09-22T08:44:36.061,099.C-0037(A),2017-09-22T08:47:22Z,http://www.eso.org/rm/api/v1/public/releaseDescriptions/70,-42.36088,1.1083E-4,,253.498951,POSITION J2000 253.498951 -42.36088,,,,713.3,,20.0,57958.09276984,57958.09192279,73.18512,,HD152236
,734,application/x-votable+xml;content=datalink,http://archive.eso.org/datalink/links?ID=ivo://eso.org/ID?ADP.2017-09-22T08:46:32.058," ",2,,spectrum,ADP.2017-09-22T08:46:32.058,5.5598E-7,2.9892000000000003E-7,9861.0,12854,ESO-VLT-U2,,0.870699,343.027523,XSHOOTER,0,2020-10-13T13:59:38.713Z,S,2,absolute,,XSHOOTER,ivo://eso.org/origfile?XS_SFLX_1683173_2017-07-24T23:20:59.727_S0.5x11_1x1_UVB_NOD.fits,"KIMESWENGER, STEFAN",1683173,ivo://eso.org/ID?ADP.2017-09-22T08:46:32.058,2018-07-24T23:25:58.017Z,HD152236_1683173_2017-07-24T23:20:59.727_S0.5x11_1x1_UVB_NOD,"ECHELLE,SLIT,NODDING",IDP,,,https://archive.eso.org/dataset/ADP.2017-09-22T08:46:32.058,099.C-0037(A),2017-09-22T08:52:58Z,http://www.eso.org/rm/api/v1/public/releaseDescriptions/70,-42.36161,1.3888E-4,,253.497998,POSITION J2000 253.497998 -42.36161,,,,634.4,,10.0,57958.97364145,57958.9729135,62.89488,,HD152236
,1330,application/x-votable+xml;content=datalink,http://archive.eso.org/datalink/links?ID=ivo://eso.org/ID?ADP.2017-09-22T08:46:32.066," ",2,,spectrum,ADP.2017-09-22T08:46:32.066,1.02E-6,5.336599999999999E-7,18340.0,24318,ESO-VLT-U2,,1.104498,343.310521,XSHOOTER,0,2020-10-13T13:59:38.713Z,S,2,absolute,,XSHOOTER,ivo://eso.org/origfile?XS_SFLX_1683170_2017-07-24T23:13:47.173_S0.4x11_1x1_VIS_NOD.fits,"KIMESWENGER, STEFAN",1683170,ivo://eso.org/ID?ADP.2017-09-22T08:46:32.066,2018-07-24T23:20:52.577Z,HD152235_1683170_2017-07-24T23:13:47.173_S0.4x11_1x1_VIS_NOD,"ECHELLE,SLIT,NODDING",IDP,,,https://archive.eso.org/dataset/ADP.2017-09-22T08:46:32.066,099.C-0037(A),2017-09-22T08:52:58Z,http://www.eso.org/rm/api/v1/public/releaseDescriptions/70,-41.99457,1.1083E-4,,253.494191,POSITION J2000 253.494191 -41.99457,,,,742.2,,80.0,57958.96931746,57958.96790708,121.856832,,HD152235
,1359,application/x-votable+xml;content=datalink,http://archive.eso.org/datalink/links?ID=ivo://eso.org/ID?ADP.2017-09-22T08:46:32.153," ",2,,spectrum,ADP.2017-09-22T08:46:32.153,2.47896E-6,9.9402E-7,11424.0,24750,ESO-VLT-U2,,1.104498,343.310522,XSHOOTER,0,2020-10-13T13:59:38.713Z,S,4,absolute,,XSHOOTER,ivo://eso.org/origfile?XS_SFLX_1683170_2017-07-24T23:13:50.216_S0.4x11_NIR_NOD.fits,"KIMESWENGER, STEFAN",1683170,ivo://eso.org/ID?ADP.2017-09-22T08:46:32.153,2018-07-24T23:20:52.577Z,HD152235_1683170_2017-07-24T23:13:50.216_S0.4x11_NIR_NOD,"ECHELLE,SLIT,NODDING",IDP,,,https://archive.eso.org/dataset/ADP.2017-09-22T08:46:32.153,099.C-0037(A),2017-09-22T08:52:58Z,http://www.eso.org/rm/api/v1/public/releaseDescriptions/70,-41.99457,1.1083E-4,,253.494191,POSITION J2000 253.494191 -41.99457,,,,606.1,,80.0,57958.96946551,57958.96794231,131.60448,,HD152235
,734,application/x-votable+xml;content=datalink,http://archive.eso.org/datalink/links?ID=ivo://eso.org/ID?ADP.2017-09-22T08:46:32.170," ",2,,spectrum,ADP.2017-09-22T08:46:32.170,5.5598E-7,2.9892000000000003E-7,9861.0,12854,ESO-VLT-U2,,1.104498,343.310521,XSHOOTER,0,2020-10-13T13:59:38.713Z,S,2,absolute,,XSHOOTER,ivo://eso.org/origfile?XS_SFLX_1683170_2017-07-24T23:13:41.932_S0.5x11_1x1_UVB_NOD.fits,"KIMESWENGER, STEFAN",1683170,ivo://eso.org/ID?ADP.2017-09-22T08:46:32.170,2018-07-24T23:20:52.577Z,HD152235_1683170_2017-07-24T23:13:41.932_S0.5x11_1x1_UVB_NOD,"ECHELLE,SLIT,NODDING",IDP,,,https://archive.eso.org/dataset/ADP.2017-09-22T08:46:32.170,099.C-0037(A),2017-09-22T08:52:58Z,http://www.eso.org/rm/api/v1/public/releaseDescriptions/70,-41.99457,1.3888E-4,,253.494191,POSITION J2000 253.494191 -41.99457,,,,688.2,,56.0,57958.9691141,57958.96784643,109.526688,,HD152235
,1330,application/x-votable+xml;content=datalink,http://archive.eso.org/datalink/links?ID=ivo://eso.org/ID?ADP.2017-09-22T08:46:32.245," ",2,,spectrum,ADP.2017-09-22T08:46:32.245,1.02E-6,5.336599999999999E-7,18340.0,24318,ESO-VLT-U2,,1.104541,343.310564,XSHOOTER,0,2020-10-13T13:59:38.713Z,S,2,absolute,,XSHOOTER,ivo://eso.org/origfile?XS_SFLX_1683170_2017-07-24T23:26:55.716_S0.4x11_1x1_VIS_NOD.fits,"KIMESWENGER, STEFAN",1683170,ivo://eso.org/ID?ADP.2017-09-22T08:46:32.245,2018-07-24T23:36:08.613Z,HD152235_1683170_2017-07-24T23:26:55.716_S0.4x11_1x1_VIS_NOD,"ECHELLE,SLIT,NODDING",IDP,,,https://archive.eso.org/dataset/ADP.2017-09-22T08:46:32.245,099.C-0037(A),2017-09-22T08:52:58Z,http://www.eso.org/rm/api/v1/public/releaseDescriptions/70,-41.99451,1.1083E-4,,253.494182,POSITION J2000 253.494182 -41.99451,,,,560.9,,30.0,57958.97796193,57958.97703374,80.195616,,HD152235
,1330,application/x-votable+xml;content=datalink,http://archive.eso.org/datalink/links?ID=ivo://eso.org/ID?ADP.2017-09-22T08:46:32.268," ",2,,spectrum,ADP.2017-09-22T08:46:32.268,1.02E-6,5.336599999999999E-7,18340.0,24318,ESO-VLT-U2,,0.870699,343.027523,XSHOOTER,0,2020-10-13T13:59:38.713Z,S,2,absolute,,XSHOOTER,ivo://eso.org/origfile?XS_SFLX_1683173_2017-07-24T23:21:04.928_S0.4x11_1x1_VIS_NOD.fits,"KIMESWENGER, STEFAN",1683173,ivo://eso.org/ID?ADP.2017-09-22T08:46:32.268,2018-07-24T23:25:58.017Z,HD152236_1683173_2017-07-24T23:21:04.928_S0.4x11_1x1_VIS_NOD,"ECHELLE,SLIT,NODDING",IDP,,,https://archive.eso.org/dataset/ADP.2017-09-22T08:46:32.268,099.C-0037(A),2017-09-22T08:52:58Z,http://www.eso.org/rm/api/v1/public/releaseDescriptions/70,-42.36161,1.1083E-4,,253.497998,POSITION J2000 253.497998 -42.36161,,,,627.6,,10.0,57958.97370152,57958.97297369,62.884512,,HD152236
,734,application/x-votable+xml;content=datalink,http://archive.eso.org/datalink/links?ID=ivo://eso.org/ID?ADP.2017-09-22T08:51:16.920," ",2,,spectrum,ADP.2017-09-22T08:51:16.920,5.5598E-7,2.9892000000000003E-7,9861.0,12854,ESO-VLT-U2,,0.870516,343.02713,XSHOOTER,0,2020-10-13T14:00:15.657Z,S,2,absolute,,XSHOOTER,ivo://eso.org/origfile?XS_SFLX_1683173_2017-07-26T23:24:55.851_S0.5x11_1x1_UVB_NOD.fits,"KIMESWENGER, STEFAN",1683173,ivo://eso.org/ID?ADP.2017-09-22T08:51:16.920,2018-07-26T23:36:44.780Z,HD152236_1683173_2017-07-26T23:24:55.851_S0.5x11_1x1_UVB_NOD,"ECHELLE,SLIT,NODDING",IDP,,,https://archive.eso.org/dataset/ADP.2017-09-22T08:51:16.920,099.C-0037(A),2017-09-22T08:57:35Z,http://www.eso.org/rm/api/v1/public/releaseDescriptions/70,-42.36203,1.3888E-4,,253.497854,POSITION J2000 253.49785400000002 -42.36203,,,,563.0,,8.0,57960.97635283,57960.97564641,61.034688,,HD152236
,1330,application/x-votable+xml;content=datalink,http://archive.eso.org/datalink/links?ID=ivo://eso.org/ID?ADP.2017-09-22T08:51:16.936," ",2,,spectrum,ADP.2017-09-22T08:51:16.936,1.02E-6,5.336599999999999E-7,18340.0,24318,ESO-VLT-U2,,0.870516,343.02713,XSHOOTER,0,2020-10-13T14:00:15.657Z,S,2,absolute,,XSHOOTER,ivo://eso.org/origfile?XS_SFLX_1683173_2017-07-26T23:25:01.041_S0.4x11_1x1_VIS_NOD.fits,"KIMESWENGER, STEFAN",1683173,ivo://eso.org/ID?ADP.2017-09-22T08:51:16.936,2018-07-26T23:36:44.780Z,HD152236_1683173_2017-07-26T23:25:01.041_S0.4x11_1x1_VIS_NOD,"ECHELLE,SLIT,NODDING",IDP,,,https://archive.eso.org/dataset/ADP.2017-09-22T08:51:16.936,099.C-0037(A),2017-09-22T08:57:35Z,http://www.eso.org/rm/api/v1/public/releaseDescriptions/70,-42.36203,1.1083E-4,,253.497854,POSITION J2000 253.49785400000002 -42.36203,,,,572.0,,8.0,57960.97641267,57960.97570649,61.013952,,HD152236
,734,application/x-votable+xml;content=datalink,http://archive.eso.org/datalink/links?ID=ivo://eso.org/ID?ADP.2017-09-22T08:51:17.001," ",2,,spectrum,ADP.2017-09-22T08:51:17.001,5.5598E-7,2.9892000000000003E-7,9861.0,12854,ESO-VLT-U2,,0.870512,343.027107,XSHOOTER,0,2020-10-13T14:00:15.657Z,S,2,absolute,,XSHOOTER,ivo://eso.org/origfile?XS_SFLX_1683173_2017-07-26T23:19:46.546_S0.5x11_1x1_UVB_NOD.fits,"KIMESWENGER, STEFAN",1683173,ivo://eso.org/ID?ADP.2017-09-22T08:51:17.001,2018-07-26T23:26:05.267Z,HD152236_1683173_2017-07-26T23:19:46.546_S0.5x11_1x1_UVB_NOD,"ECHELLE,SLIT,NODDING",IDP,,,https://archive.eso.org/dataset/ADP.2017-09-22T08:51:17.001,099.C-0037(A),2017-09-22T08:57:35Z,http://www.eso.org/rm/api/v1/public/releaseDescriptions/70,-42.36205,1.3888E-4,,253.497839,POSITION J2000 253.497839 -42.36205,,,,610.2,,10.0,57960.97280301,57960.97206649,63.635328,,HD152236
,1359,application/x-votable+xml;content=datalink,http://archive.eso.org/datalink/links?ID=ivo://eso.org/ID?ADP.2017-09-22T08:51:17.049," ",2,,spectrum,ADP.2017-09-22T08:51:17.049,2.47896E-6,9.9402E-7,11424.0,24750,ESO-VLT-U2,,0.870513,343.027108,XSHOOTER,0,2020-10-13T14:00:15.657Z,S,4,absolute,,XSHOOTER,ivo://eso.org/origfile?XS_SFLX_1683173_2017-07-26T23:19:54.832_S0.4x11_NIR_NOD.fits,"KIMESWENGER, STEFAN",1683173,ivo://eso.org/ID?ADP.2017-09-22T08:51:17.049,2018-07-26T23:26:05.267Z,HD152236_1683173_2017-07-26T23:19:54.832_S0.4x11_NIR_NOD,"ECHELLE,SLIT,NODDING",IDP,,,https://archive.eso.org/dataset/ADP.2017-09-22T08:51:17.049,099.C-0037(A),2017-09-22T08:57:35Z,http://www.eso.org/rm/api/v1/public/releaseDescriptions/70,-42.36205,1.1083E-4,,253.497839,POSITION J2000 253.497839 -42.36205,,,,571.2,,16.0,57960.97304313,57960.97216241,76.094208,,HD152236
,1330,application/x-votable+xml;content=datalink,http://archive.eso.org/datalink/links?ID=ivo://eso.org/ID?ADP.2017-09-22T08:51:17.062," ",2,,spectrum,ADP.2017-09-22T08:51:17.062,1.02E-6,5.336599999999999E-7,18340.0,24318,ESO-VLT-U2,,0.870512,343.027107,XSHOOTER,0,2020-10-13T14:00:15.657Z,S,2,absolute,,XSHOOTER,ivo://eso.org/origfile?XS_SFLX_1683173_2017-07-26T23:19:51.796_S0.4x11_1x1_VIS_NOD.fits,"KIMESWENGER, STEFAN",1683173,ivo://eso.org/ID?ADP.2017-09-22T08:51:17.062,2018-07-26T23:31:19.110Z,HD152236_1683173_2017-07-26T23:19:51.796_S0.4x11_1x1_VIS_NOD,"ECHELLE,SLIT,NODDING",IDP,,,https://archive.eso.org/dataset/ADP.2017-09-22T08:51:17.062,099.C-0037(A),2017-09-22T08:57:35Z,http://www.eso.org/rm/api/v1/public/releaseDescriptions/70,-42.36205,1.1083E-4,,253.497839,POSITION J2000 253.497839 -42.36205,,,,623.5,,10.0,57960.97286366,57960.97212726,63.62496,,HD152236
,1362,application/x-votable+xml;content=datalink,http://archive.eso.org/datalink/links?ID=ivo://eso.org/ID?ADP.2017-10-16T11:14:19.462," ",2,,spectrum,ADP.2017-10-16T11:14:19.462,2.47896E-6,9.9402E-7,11424.0,24750,ESO-VLT-U2,,0.86985,343.028691,XSHOOTER,0,2020-10-13T14:00:42.553Z,S,4,absolute,,XSHOOTER,ivo://eso.org/origfile?XS_SFLX_1683173_2017-09-03T02:59:25.094_S0.4x11_NIR_NOD.fits,"KIMESWENGER, STEFAN",1683173,ivo://eso.org/ID?ADP.2017-10-16T11:14:19.462,2018-09-03T03:10:57.823Z,HD152236_1683173_2017-09-03T02:59:25.094_S0.4x11_NIR_NOD,"ECHELLE,SLIT,NODDING",IDP,,,https://archive.eso.org/dataset/ADP.2017-10-16T11:14:19.462,099.C-0037(A),2017-10-16T11:21:42Z,http://www.eso.org/rm/api/v1/public/releaseDescriptions/70,-42.36124,1.1083E-4,,253.499887,POSITION J2000 253.499887 -42.36124,,,,541.0,,24.0,57999.12556979,57999.124596,84.135456,,HD152236
,734,application/x-votable+xml;content=datalink,http://archive.eso.org/datalink/links?ID=ivo://eso.org/ID?ADP.2017-10-16T11:14:19.511," ",2,,spectrum,ADP.2017-10-16T11:14:19.511,5.5598E-7,2.9892000000000003E-7,9861.0,12854,ESO-VLT-U2,,0.869849,343.028691,XSHOOTER,0,2020-10-13T14:00:42.553Z,S,2,absolute,,XSHOOTER,ivo://eso.org/origfile?XS_SFLX_1683173_2017-09-03T02:59:16.997_S0.5x11_1x1_UVB_NOD.fits,"KIMESWENGER, STEFAN",1683173,ivo://eso.org/ID?ADP.2017-10-16T11:14:19.511,2018-09-03T03:10:57.823Z,HD152236_1683173_2017-09-03T02:59:16.997_S0.5x11_1x1_UVB_NOD,"ECHELLE,SLIT,NODDING",IDP,,,https://archive.eso.org/dataset/ADP.2017-10-16T11:14:19.511,099.C-0037(A),2017-10-16T11:21:42Z,http://www.eso.org/rm/api/v1/public/releaseDescriptions/70,-42.36124,1.3888E-4,,253.499887,POSITION J2000 253.499887 -42.36124,,,,642.6,,20.0,57999.12533915,57999.12450228,72.305568,,HD152236
,1330,application/x-votable+xml;content=datalink,http://archive.eso.org/datalink/links?ID=ivo://eso.org/ID?ADP.2017-10-16T11:14:19.532," ",2,,spectrum,ADP.2017-10-16T11:14:19.532,1.02E-6,5.336599999999999E-7,18340.0,24318,ESO-VLT-U2,,0.869849,343.028691,XSHOOTER,0,2020-10-13T14:00:42.553Z,S,2,absolute,,XSHOOTER,ivo://eso.org/origfile?XS_SFLX_1683173_2017-09-03T03:01:55.672_S0.4x11_1x1_VIS_NOD.fits,"KIMESWENGER, STEFAN",1683173,ivo://eso.org/ID?ADP.2017-10-16T11:14:19.532,2018-09-03T03:10:57.823Z,HD152236_1683173_2017-09-03T03:01:55.672_S0.4x11_1x1_VIS_NOD,"ECHELLE,SLIT,NODDING",IDP,,,https://archive.eso.org/dataset/ADP.2017-10-16T11:14:19.532,099.C-0037(A),2017-10-16T11:21:42Z,http://www.eso.org/rm/api/v1/public/releaseDescriptions/70,-42.36124,1.1083E-4,,253.499887,POSITION J2000 253.499887 -42.36124,,,,559.5,,10.0,57999.12706744,57999.12633879,62.95536,,HD152236
,734,application/x-votable+xml;content=datalink,http://archive.eso.org/datalink/links?ID=ivo://eso.org/ID?ADP.2017-10-16T11:14:19.542," ",2,,spectrum,ADP.2017-10-16T11:14:19.542,5.5598E-7,2.9892000000000003E-7,9861.0,12854,ESO-VLT-U2,,0.869849,343.028691,XSHOOTER,0,2020-10-13T14:00:42.553Z,S,2,absolute,,XSHOOTER,ivo://eso.org/origfile?XS_SFLX_1683173_2017-09-03T03:01:50.422_S0.5x11_1x1_UVB_NOD.fits,"KIMESWENGER, STEFAN",1683173,ivo://eso.org/ID?ADP.2017-10-16T11:14:19.542,2018-09-03T03:10:57.823Z,HD152236_1683173_2017-09-03T03:01:50.422_S0.5x11_1x1_UVB_NOD,"ECHELLE,SLIT,NODDING",IDP,,,https://archive.eso.org/dataset/ADP.2017-10-16T11:14:19.542,099.C-0037(A),2017-10-16T11:21:42Z,http://www.eso.org/rm/api/v1/public/releaseDescriptions/70,-42.36124,1.3888E-4,,253.499887,POSITION J2000 253.499887 -42.36124,,,,502.8,,10.0,57999.12700667,57999.12627802,62.95536,,HD152236
,1330,application/x-votable+xml;content=datalink,http://archive.eso.org/datalink/links?ID=ivo://eso.org/ID?ADP.2017-10-16T11:14:19.580," ",2,,spectrum,ADP.2017-10-16T11:14:19.580,1.02E-6,5.336599999999999E-7,18340.0,24318,ESO-VLT-U2,,0.869849,343.028691,XSHOOTER,0,2020-10-13T14:00:42.553Z,S,2,absolute,,XSHOOTER,ivo://eso.org/origfile?XS_SFLX_1683173_2017-09-03T02:59:22.198_S0.4x11_1x1_VIS_NOD.fits,"KIMESWENGER, STEFAN",1683173,ivo://eso.org/ID?ADP.2017-10-16T11:14:19.580,2018-09-03T03:10:57.823Z,HD152236_1683173_2017-09-03T02:59:22.198_S0.4x11_1x1_VIS_NOD,"ECHELLE,SLIT,NODDING",IDP,,,https://archive.eso.org/dataset/ADP.2017-10-16T11:14:19.580,099.C-0037(A),2017-10-16T11:21:42Z,http://www.eso.org/rm/api/v1/public/releaseDescriptions/70,-42.36124,1.1083E-4,,253.499887,POSITION J2000 253.499887 -42.36124,,,,692.8,,20.0,57999.12539981,57999.12456247,72.346176,,HD152236
,175,application/x-votable+xml;content=datalink,http://archive.eso.org/datalink/links?ID=ivo://eso.org/ID?ADP.2018-11-23T09:39:27.027," ",2,,spectrum,ADP.2018-11-23T09:39:27.027,4.57135E-7,3.9603E-7,6300.0,3056,ESO-VLT-U2,,1.133753,343.458126,GIRAFFE,0,2020-10-13T14:00:59.020Z,S,4,uncalibrated,,GIRAFFE,ivo://eso.org/origfile?GI_SOBS_1899336_2018-04-13T07:41:48.732_F67_Med2_L427.2_o4.fits,"SANA, H.",1899336,ivo://eso.org/ID?ADP.2018-11-23T09:39:27.027,2019-04-13T08:21:35.517Z,241-108307_1899336_2018-04-13T07:41:48.732_F67_Med2_L427.2_o4,MOS,IDP,,,https://archive.eso.org/dataset/ADP.2018-11-23T09:39:27.027,0101.D-0163(A),2018-11-23T10:45:49Z,http://www.eso.org/rm/api/v1/public/releaseDescriptions/73,-41.861583,3.3388E-4,,253.588749,POSITION J2000 253.588749 -41.861583,,,,788.6,,1680.01,58221.34199123,58221.32070292,1839.309984,,241-108307
,175,application/x-votable+xml;content=datalink,http://archive.eso.org/datalink/links?ID=ivo://eso.org/ID?ADP.2018-11-23T09:39:27.409," ",2,,spectrum,ADP.2018-11-23T09:39:27.409,4.57135E-7,3.9603E-7,6300.0,3056,ESO-VLT-U2,,1.077395,343.378925,GIRAFFE,0,2020-10-13T14:00:59.020Z,S,4,uncalibrated,,GIRAFFE,ivo://eso.org/origfile?GI_SOBS_1899336_2018-04-13T07:41:48.732_F81_Med2_L427.2_o4.fits,"SANA, H.",1899336,ivo://eso.org/ID?ADP.2018-11-23T09:39:27.409,2019-04-13T08:21:35.517Z,241-108278_1899336_2018-04-13T07:41:48.732_F81_Med2_L427.2_o4,MOS,IDP,,,https://archive.eso.org/dataset/ADP.2018-11-23T09:39:27.409,0101.D-0163(A),2018-11-23T10:45:49Z,http://www.eso.org/rm/api/v1/public/releaseDescriptions/73,-41.958583,3.3388E-4,,253.580499,POSITION J2000 253.580499 -41.958583,,,,666.0,,1680.01,58221.34199123,58221.32070292,1839.309984,,241-108278
,175,application/x-votable+xml;content=datalink,http://archive.eso.org/datalink/links?ID=ivo://eso.org/ID?ADP.2018-11-23T09:39:27.567," ",2,,spectrum,ADP.2018-11-23T09:39:27.567,4.57135E-7,3.9603E-7,6300.0,3056,ESO-VLT-U2,,1.103109,343.528141,GIRAFFE,0,2020-10-13T14:00:59.020Z,S,4,uncalibrated,,GIRAFFE,ivo://eso.org/origfile?GI_SOBS_1899336_2018-04-13T07:41:48.732_F62_Med2_L427.2_o4.fits,"SANA, H.",1899336,ivo://eso.org/ID?ADP.2018-11-23T09:39:27.567,2019-04-13T08:21:35.517Z,241-108553_1899336_2018-04-13T07:41:48.732_F62_Med2_L427.2_o4,MOS,IDP,,,https://archive.eso.org/dataset/ADP.2018-11-23T09:39:27.567,0101.D-0163(A),2018-11-23T10:45:49Z,http://www.eso.org/rm/api/v1/public/releaseDescriptions/73,-41.826499,3.3388E-4,,253.679874,POSITION J2000 253.67987399999998 -41.826499,,,,697.1,,1680.01,58221.34199123,58221.32070292,1839.309984,,241-108553
,175,application/x-votable+xml;content=datalink,http://archive.eso.org/datalink/links?ID=ivo://eso.org/ID?ADP.2018-11-23T09:39:27.787," ",2,,spectrum,ADP.2018-11-23T09:39:27.787,4.57135E-7,3.9603E-7,6300.0,3056,ESO-VLT-U2,,1.104206,343.580113,GIRAFFE,0,2020-10-13T14:00:59.020Z,S,4,uncalibrated,,GIRAFFE,ivo://eso.org/origfile?GI_SOBS_1899336_2018-04-13T07:41:48.732_F50_Med2_L427.2_o4.fits,"SANA, H.",1899336,ivo://eso.org/ID?ADP.2018-11-23T09:39:27.787,2019-04-13T08:21:35.517Z,242-106179_1899336_2018-04-13T07:41:48.732_F50_Med2_L427.2_o4,MOS,IDP,,,https://archive.eso.org/dataset/ADP.2018-11-23T09:39:27.787,0101.D-0163(A),2018-11-23T10:45:49Z,http://www.eso.org/rm/api/v1/public/releaseDescriptions/73,-41.785416,3.3388E-4,,253.722583,POSITION J2000 253.722583 -41.785416,,,,539.4,,1680.01,58221.34199123,58221.32070292,1839.309984,,242-106179
,175,application/x-votable+xml;content=datalink,http://archive.eso.org/datalink/links?ID=ivo://eso.org/ID?ADP.2018-11-23T09:39:27.926," ",2,,spectrum,ADP.2018-11-23T09:39:27.926,4.57135E-7,3.9603E-7,6300.0,3056,ESO-VLT-U2,,1.077845,343.461834,GIRAFFE,0,2020-10-13T14:00:59.020Z,S,4,uncalibrated,,GIRAFFE,ivo://eso.org/origfile?GI_SOBS_1899336_2018-04-13T07:41:48.732_F72_Med2_L427.2_o4.fits,"SANA, H.",1899336,ivo://eso.org/ID?ADP.2018-11-23T09:39:27.926,2019-04-13T08:21:35.517Z,241-108480_1899336_2018-04-13T07:41:48.732_F72_Med2_L427.2_o4,MOS,IDP,,,https://archive.eso.org/dataset/ADP.2018-11-23T09:39:27.926,0101.D-0163(A),2018-11-23T10:45:49Z,http://www.eso.org/rm/api/v1/public/releaseDescriptions/73,-41.893916,3.3388E-4,,253.650208,POSITION J2000 253.65020800000002 -41.893916,,,,719.7,,1680.01,58221.34199123,58221.32070292,1839.309984,,241-108480
,175,application/x-votable+xml;content=datalink,http://archive.eso.org/datalink/links?ID=ivo://eso.org/ID?ADP.2018-11-23T09:39:28.034," ",2,,spectrum,ADP.2018-11-23T09:39:28.034,4.57135E-7,3.9603E-7,6300.0,3056,ESO-VLT-U2,,1.115811,343.401268,GIRAFFE,0,2020-10-13T14:00:59.020Z,S,4,uncalibrated,,GIRAFFE,ivo://eso.org/origfile?GI_SOBS_1899336_2018-04-13T07:41:48.732_F85_Med2_L427.2_o4.fits,"SANA, H.",1899336,ivo://eso.org/ID?ADP.2018-11-23T09:39:28.034,2019-04-13T08:21:35.517Z,241-108208_1899336_2018-04-13T07:41:48.732_F85_Med2_L427.2_o4,MOS,IDP,,,https://archive.eso.org/dataset/ADP.2018-11-23T09:39:28.034,0101.D-0163(A),2018-11-23T10:45:49Z,http://www.eso.org/rm/api/v1/public/releaseDescriptions/73,-41.917027,3.3388E-4,,253.559333,POSITION J2000 253.55933299999998 -41.917027,,,,610.0,,1680.01,58221.34199123,58221.32070292,1839.309984,,241-108208
,175,application/x-votable+xml;content=datalink,http://archive.eso.org/datalink/links?ID=ivo://eso.org/ID?ADP.2018-11-23T09:39:28.094," ",2,,spectrum,ADP.2018-11-23T09:39:28.094,4.57135E-7,3.9603E-7,6300.0,3056,ESO-VLT-U2,,1.114431,343.505811,GIRAFFE,0,2020-10-13T14:00:59.020Z,S,4,uncalibrated,,GIRAFFE,ivo://eso.org/origfile?GI_SOBS_1899336_2018-04-13T07:41:48.732_F60_Med2_L427.2_o4.fits,"SANA, H.",1899336,ivo://eso.org/ID?ADP.2018-11-23T09:39:28.094,2019-04-13T08:21:35.517Z,241-108477_1899336_2018-04-13T07:41:48.732_F60_Med2_L427.2_o4,MOS,IDP,,,https://archive.eso.org/dataset/ADP.2018-11-23T09:39:28.094,0101.D-0163(A),2018-11-23T10:45:49Z,http://www.eso.org/rm/api/v1/public/releaseDescriptions/73,-41.836722,3.3388E-4,,253.649208,POSITION J2000 253.649208 -41.836722,,,,776.8,,1680.01,58221.34199123,58221.32070292,1839.309984,,241-108477
,175,application/x-votable+xml;content=datalink,http://archive.eso.org/datalink/links?ID=ivo://eso.org/ID?ADP.2018-11-23T09:39:28.146," ",2,,spectrum,ADP.2018-11-23T09:39:28.146,4.57135E-7,3.9603E-7,6300.0,3056,ESO-VLT-U2,,1.068563,343.469249,GIRAFFE,0,2020-10-13T14:00:59.020Z,S,4,uncalibrated,,GIRAFFE,ivo://eso.org/origfile?GI_SOBS_1899336_2018-04-13T07:41:48.732_F66_Med2_L427.2_o4.fits,"SANA, H.",1899336,ivo://eso.org/ID?ADP.2018-11-23T09:39:28.146,2019-04-13T08:21:35.517Z,241-108516_1899336_2018-04-13T07:41:48.732_F66_Med2_L427.2_o4,MOS,IDP,,,https://archive.eso.org/dataset/ADP.2018-11-23T09:39:28.146,0101.D-0163(A),2018-11-23T10:45:49Z,http://www.eso.org/rm/api/v1/public/releaseDescriptions/73,-41.893999,3.3388E-4,,253.666166,POSITION J2000 253.666166 -41.893999,,,,620.4,,1680.01,58221.34199123,58221.32070292,1839.309984,,241-108516
,175,application/x-votable+xml;content=datalink,http://archive.eso.org/datalink/links?ID=ivo://eso.org/ID?ADP.2018-11-23T09:48:16.448," ",2,,spectrum,ADP.2018-11-23T09:48:16.448,4.57127E-7,3.96024E-7,6300.0,3056,ESO-VLT-U2,,1.103109,343.528141,GIRAFFE,0,2020-10-13T14:00:43.660Z,S,4,uncalibrated,,GIRAFFE,ivo://eso.org/origfile?GI_SOBS_1899339_2018-04-28T07:56:45.401_F62_Med2_L427.2_o4.fits,"SANA, H.",1899339,ivo://eso.org/ID?ADP.2018-11-23T09:48:16.448,2019-04-28T08:36:20.560Z,241-108553_1899339_2018-04-28T07:56:45.401_F62_Med2_L427.2_o4,MOS,IDP,,,https://archive.eso.org/dataset/ADP.2018-11-23T09:48:16.448,0101.D-0163(A),2018-11-23T10:50:56Z,http://www.eso.org/rm/api/v1/public/releaseDescriptions/73,-41.826499,3.3388E-4,,253.679874,POSITION J2000 253.67987399999998 -41.826499,,,,607.7,,1680.016,58236.35239344,58236.33108103,1841.392224,,241-108553
,175,application/x-votable+xml;content=datalink,http://archive.eso.org/datalink/links?ID=ivo://eso.org/ID?ADP.2018-11-23T09:48:16.748," ",2,,spectrum,ADP.2018-11-23T09:48:16.748,4.57127E-7,3.96024E-7,6300.0,3056,ESO-VLT-U2,,1.114431,343.505811,GIRAFFE,0,2020-10-13T14:00:43.660Z,S,4,uncalibrated,,GIRAFFE,ivo://eso.org/origfile?GI_SOBS_1899339_2018-04-28T07:56:45.401_F60_Med2_L427.2_o4.fits,"SANA, H.",1899339,ivo://eso.org/ID?ADP.2018-11-23T09:48:16.748,2019-04-28T08:36:20.560Z,241-108477_1899339_2018-04-28T07:56:45.401_F60_Med2_L427.2_o4,MOS,IDP,,,https://archive.eso.org/dataset/ADP.2018-11-23T09:48:16.748,0101.D-0163(A),2018-11-23T10:50:56Z,http://www.eso.org/rm/api/v1/public/releaseDescriptions/73,-41.836722,3.3388E-4,,253.649208,POSITION J2000 253.649208 -41.836722,,,,691.0,,1680.016,58236.35239344,58236.33108103,1841.392224,,241-108477
,175,application/x-votable+xml;content=datalink,http://archive.eso.org/datalink/links?ID=ivo://eso.org/ID?ADP.2018-11-23T09:48:16.784," ",2,,spectrum,ADP.2018-11-23T09:48:16.784,4.57127E-7,3.96024E-7,6300.0,3056,ESO-VLT-U2,,1.077845,343.461834,GIRAFFE,0,2020-10-13T14:00:43.660Z,S,4,uncalibrated,,GIRAFFE,ivo://eso.org/origfile?GI_SOBS_1899339_2018-04-28T07:56:45.401_F72_Med2_L427.2_o4.fits,"SANA, H.",1899339,ivo://eso.org/ID?ADP.2018-11-23T09:48:16.784,2019-04-28T08:36:20.560Z,241-108480_1899339_2018-04-28T07:56:45.401_F72_Med2_L427.2_o4,MOS,IDP,,,https://archive.eso.org/dataset/ADP.2018-11-23T09:48:16.784,0101.D-0163(A),2018-11-23T10:50:56Z,http://www.eso.org/rm/api/v1/public/releaseDescriptions/73,-41.893916,3.3388E-4,,253.650208,POSITION J2000 253.65020800000002 -41.893916,,,,577.4,,1680.016,58236.35239344,58236.33108103,1841.392224,,241-108480
,175,application/x-votable+xml;content=datalink,http://archive.eso.org/datalink/links?ID=ivo://eso.org/ID?ADP.2018-11-23T09:48:16.946," ",2,,spectrum,ADP.2018-11-23T09:48:16.946,4.57127E-7,3.96024E-7,6300.0,3056,ESO-VLT-U2,,1.133753,343.458126,GIRAFFE,0,2020-10-13T14:00:43.660Z,S,4,uncalibrated,,GIRAFFE,ivo://eso.org/origfile?GI_SOBS_1899339_2018-04-28T07:56:45.401_F67_Med2_L427.2_o4.fits,"SANA, H.",1899339,ivo://eso.org/ID?ADP.2018-11-23T09:48:16.946,2019-04-28T08:36:20.560Z,241-108307_1899339_2018-04-28T07:56:45.401_F67_Med2_L427.2_o4,MOS,IDP,,,https://archive.eso.org/dataset/ADP.2018-11-23T09:48:16.946,0101.D-0163(A),2018-11-23T10:50:56Z,http://www.eso.org/rm/api/v1/public/releaseDescriptions/73,-41.861583,3.3388E-4,,253.588749,POSITION J2000 253.588749 -41.861583,,,,720.0,,1680.016,58236.35239344,58236.33108103,1841.392224,,241-108307
,175,application/x-votable+xml;content=datalink,http://archive.eso.org/datalink/links?ID=ivo://eso.org/ID?ADP.2018-11-23T11:57:42.814," ",2,,spectrum,ADP.2018-11-23T11:57:42.814,4.5711E-7,3.9600799999999996E-7,6300.0,3056,ESO-VLT-U2,,1.133753,343.458126,GIRAFFE,0,2020-10-13T14:00:43.753Z,S,4,uncalibrated,,GIRAFFE,ivo://eso.org/origfile?GI_SOBS_1899345_2018-05-26T04:07:42.386_F74_Med1_L427.2_o4.fits,"SANA, H.",1899345,ivo://eso.org/ID?ADP.2018-11-23T11:57:42.814,2019-05-26T04:45:38.620Z,241-108307_1899345_2018-05-26T04:07:42.386_F74_Med1_L427.2_o4,MOS,IDP,,,https://archive.eso.org/dataset/ADP.2018-11-23T11:57:42.814,0101.D-0163(A),2018-11-23T13:01:51Z,http://www.eso.org/rm/api/v1/public/releaseDescriptions/73,-41.861583,3.3388E-4,,253.588749,POSITION J2000 253.588749 -41.861583,,,,518.5,,1680.013,58264.1933345,58264.17201835,1841.71536,,241-108307
,175,application/x-votable+xml;content=datalink,http://archive.eso.org/datalink/links?ID=ivo://eso.org/ID?ADP.2018-11-23T11:57:42.910," ",2,,spectrum,ADP.2018-11-23T11:57:42.910,4.5711E-7,3.9600799999999996E-7,6300.0,3056,ESO-VLT-U2,,1.103109,343.528141,GIRAFFE,0,2020-10-13T14:00:43.753Z,S,4,uncalibrated,,GIRAFFE,ivo://eso.org/origfile?GI_SOBS_1899345_2018-05-26T04:07:42.386_F61_Med1_L427.2_o4.fits,"SANA, H.",1899345,ivo://eso.org/ID?ADP.2018-11-23T11:57:42.910,2019-05-26T04:45:38.620Z,241-108553_1899345_2018-05-26T04:07:42.386_F61_Med1_L427.2_o4,MOS,IDP,,,https://archive.eso.org/dataset/ADP.2018-11-23T11:57:42.910,0101.D-0163(A),2018-11-23T13:01:51Z,http://www.eso.org/rm/api/v1/public/releaseDescriptions/73,-41.826499,3.3388E-4,,253.679874,POSITION J2000 253.67987399999998 -41.826499,,,,533.0,,1680.013,58264.1933345,58264.17201835,1841.71536,,241-108553
,175,application/x-votable+xml;content=datalink,http://archive.eso.org/datalink/links?ID=ivo://eso.org/ID?ADP.2018-11-23T11:57:42.994," ",2,,spectrum,ADP.2018-11-23T11:57:42.994,4.5711E-7,3.9600799999999996E-7,6300.0,3056,ESO-VLT-U2,,1.077845,343.461834,GIRAFFE,0,2020-10-13T14:00:43.753Z,S,4,uncalibrated,,GIRAFFE,ivo://eso.org/origfile?GI_SOBS_1899345_2018-05-26T04:07:42.386_F73_Med1_L427.2_o4.fits,"SANA, H.",1899345,ivo://eso.org/ID?ADP.2018-11-23T11:57:42.994,2019-05-26T04:45:38.620Z,241-108480_1899345_2018-05-26T04:07:42.386_F73_Med1_L427.2_o4,MOS,IDP,,,https://archive.eso.org/dataset/ADP.2018-11-23T11:57:42.994,0101.D-0163(A),2018-11-23T13:01:51Z,http://www.eso.org/rm/api/v1/public/releaseDescriptions/73,-41.893916,3.3388E-4,,253.650208,POSITION J2000 253.65020800000002 -41.893916,,,,524.9,,1680.013,58264.1933345,58264.17201835,1841.71536,,241-108480
,175,application/x-votable+xml;content=datalink,http://archive.eso.org/datalink/links?ID=ivo://eso.org/ID?ADP.2018-11-23T12:13:23.121," ",2,,spectrum,ADP.2018-11-23T12:13:23.121,4.57094E-7,3.95995E-7,6300.0,3056,ESO-VLT-U2,,1.077845,343.461834,GIRAFFE,0,2020-10-13T14:00:08.053Z,S,4,uncalibrated,,GIRAFFE,ivo://eso.org/origfile?GI_SOBS_1899348_2018-06-17T02:58:18.371_F72_Med2_L427.2_o4.fits,"SANA, H.",1899348,ivo://eso.org/ID?ADP.2018-11-23T12:13:23.121,2019-06-17T03:40:46.607Z,241-108480_1899348_2018-06-17T02:58:18.371_F72_Med2_L427.2_o4,MOS,IDP,,,https://archive.eso.org/dataset/ADP.2018-11-23T12:13:23.121,0101.D-0163(A),2018-11-23T13:21:36Z,http://www.eso.org/rm/api/v1/public/releaseDescriptions/73,-41.893916,3.3388E-4,,253.650208,POSITION J2000 253.65020800000002 -41.893916,,,,528.5,,1680.009,58286.1451257,58286.12382374,1840.489344,,241-108480
,175,application/x-votable+xml;content=datalink,http://archive.eso.org/datalink/links?ID=ivo://eso.org/ID?ADP.2018-11-23T12:13:23.213," ",2,,spectrum,ADP.2018-11-23T12:13:23.213,4.57094E-7,3.95995E-7,6300.0,3056,ESO-VLT-U2,,1.103109,343.528141,GIRAFFE,0,2020-10-13T14:00:08.053Z,S,4,uncalibrated,,GIRAFFE,ivo://eso.org/origfile?GI_SOBS_1899348_2018-06-17T02:58:18.371_F62_Med2_L427.2_o4.fits,"SANA, H.",1899348,ivo://eso.org/ID?ADP.2018-11-23T12:13:23.213,2019-06-17T03:40:46.607Z,241-108553_1899348_2018-06-17T02:58:18.371_F62_Med2_L427.2_o4,MOS,IDP,,,https://archive.eso.org/dataset/ADP.2018-11-23T12:13:23.213,0101.D-0163(A),2018-11-23T13:21:36Z,http://www.eso.org/rm/api/v1/public/releaseDescriptions/73,-41.826499,3.3388E-4,,253.679874,POSITION J2000 253.67987399999998 -41.826499,,,,530.9,,1680.009,58286.1451257,58286.12382374,1840.489344,,241-108553
,175,application/x-votable+xml;content=datalink,http://archive.eso.org/datalink/links?ID=ivo://eso.org/ID?ADP.2018-11-23T12:13:23.289," ",2,,spectrum,ADP.2018-11-23T12:13:23.289,4.57094E-7,3.95995E-7,6300.0,3056,ESO-VLT-U2,,1.114431,343.505811,GIRAFFE,0,2020-10-13T14:00:08.053Z,S,4,uncalibrated,,GIRAFFE,ivo://eso.org/origfile?GI_SOBS_1899348_2018-06-17T02:58:18.371_F60_Med2_L427.2_o4.fits,"SANA, H.",1899348,ivo://eso.org/ID?ADP.2018-11-23T12:13:23.289,2019-06-17T03:40:46.607Z,241-108477_1899348_2018-06-17T02:58:18.371_F60_Med2_L427.2_o4,MOS,IDP,,,https://archive.eso.org/dataset/ADP.2018-11-23T12:13:23.289,0101.D-0163(A),2018-11-23T13:21:36Z,http://www.eso.org/rm/api/v1/public/releaseDescriptions/73,-41.836722,3.3388E-4,,253.649208,POSITION J2000 253.649208 -41.836722,,,,576.0,,1680.009,58286.1451257,58286.12382374,1840.489344,,241-108477
,175,application/x-votable+xml;content=datalink,http://archive.eso.org/datalink/links?ID=ivo://eso.org/ID?ADP.2018-11-23T12:13:23.663," ",2,,spectrum,ADP.2018-11-23T12:13:23.663,4.57094E-7,3.95995E-7,6300.0,3056,ESO-VLT-U2,,1.133753,343.458126,GIRAFFE,0,2020-10-13T14:00:08.053Z,S,4,uncalibrated,,GIRAFFE,ivo://eso.org/origfile?GI_SOBS_1899348_2018-06-17T02:58:18.371_F67_Med2_L427.2_o4.fits,"SANA, H.",1899348,ivo://eso.org/ID?ADP.2018-11-23T12:13:23.663,2019-06-17T03:40:46.607Z,241-108307_1899348_2018-06-17T02:58:18.371_F67_Med2_L427.2_o4,MOS,IDP,,,https://archive.eso.org/dataset/ADP.2018-11-23T12:13:23.663,0101.D-0163(A),2018-11-23T13:21:36Z,http://www.eso.org/rm/api/v1/public/releaseDescriptions/73,-41.861583,3.3388E-4,,253.588749,POSITION J2000 253.588749 -41.861583,,,,600.8,,1680.009,58286.1451257,58286.12382374,1840.489344,,241-108307
,175,application/x-votable+xml;content=datalink,http://archive.eso.org/datalink/links?ID=ivo://eso.org/ID?ADP.2019-01-18T17:06:19.383," ",2,,spectrum,ADP.2019-01-18T17:06:19.383,4.57059E-7,3.95964E-7,6300.0,3056,ESO-VLT-U2,,1.133753,343.458126,GIRAFFE,0,2020-10-13T14:00:16.507Z,S,4,uncalibrated,,GIRAFFE,ivo://eso.org/origfile?GI_SOBS_1685932_2017-09-24T23:55:19.490_F74_Med1_L427.2_o4.fits,"SANA, H.",1685932,ivo://eso.org/ID?ADP.2019-01-18T17:06:19.383,2018-09-25T00:35:49.720Z,241-108307_1685932_2017-09-24T23:55:19.490_F74_Med1_L427.2_o4,MOS,IDP,,,https://archive.eso.org/dataset/ADP.2019-01-18T17:06:19.383,099.D-0895(A),2019-01-18T18:11:34Z,http://www.eso.org/rm/api/v1/public/releaseDescriptions/73,-41.861583,3.3388E-4,,253.588749,POSITION J2000 253.588749 -41.861583,,,,531.7,,1680.007,58021.01804156,58020.99675336,1839.30048,,241-108307
,175,application/x-votable+xml;content=datalink,http://archive.eso.org/datalink/links?ID=ivo://eso.org/ID?ADP.2019-01-18T17:06:19.486," ",2,,spectrum,ADP.2019-01-18T17:06:19.486,4.57059E-7,3.95964E-7,6300.0,3056,ESO-VLT-U2,,1.077845,343.461834,GIRAFFE,0,2020-10-13T14:00:16.507Z,S,4,uncalibrated,,GIRAFFE,ivo://eso.org/origfile?GI_SOBS_1685932_2017-09-24T23:55:19.490_F73_Med1_L427.2_o4.fits,"SANA, H.",1685932,ivo://eso.org/ID?ADP.2019-01-18T17:06:19.486,2018-09-25T00:35:49.720Z,241-108480_1685932_2017-09-24T23:55:19.490_F73_Med1_L427.2_o4,MOS,IDP,,,https://archive.eso.org/dataset/ADP.2019-01-18T17:06:19.486,099.D-0895(A),2019-01-18T18:11:34Z,http://www.eso.org/rm/api/v1/public/releaseDescriptions/73,-41.893916,3.3388E-4,,253.650208,POSITION J2000 253.65020800000002 -41.893916,,,,518.7,,1680.007,58021.01804156,58020.99675336,1839.30048,,241-108480
,175,application/x-votable+xml;content=datalink,http://archive.eso.org/datalink/links?ID=ivo://eso.org/ID?ADP.2019-01-18T17:06:19.561," ",2,,spectrum,ADP.2019-01-18T17:06:19.561,4.57059E-7,3.95964E-7,6300.0,3056,ESO-VLT-U2,,1.103109,343.528141,GIRAFFE,0,2020-10-13T14:00:16.507Z,S,4,uncalibrated,,GIRAFFE,ivo://eso.org/origfile?GI_SOBS_1685932_2017-09-24T23:55:19.490_F61_Med1_L427.2_o4.fits,"SANA, H.",1685932,ivo://eso.org/ID?ADP.2019-01-18T17:06:19.561,2018-09-25T00:35:49.720Z,241-108553_1685932_2017-09-24T23:55:19.490_F61_Med1_L427.2_o4,MOS,IDP,,,https://archive.eso.org/dataset/ADP.2019-01-18T17:06:19.561,099.D-0895(A),2019-01-18T18:11:34Z,http://www.eso.org/rm/api/v1/public/releaseDescriptions/73,-41.826499,3.3388E-4,,253.679874,POSITION J2000 253.67987399999998 -41.826499,,,,534.9,,1680.007,58021.01804156,58020.99675336,1839.30048,,241-108553
,175,application/x-votable+xml;content=datalink,http://archive.eso.org/datalink/links?ID=ivo://eso.org/ID?ADP.2019-01-18T17:12:00.808," ",2,,spectrum,ADP.2019-01-18T17:12:00.808,4.57058E-7,3.95964E-7,6300.0,3056,ESO-VLT-U2,,1.068563,343.469249,GIRAFFE,0,2020-10-13T13:59:53.193Z,S,4,uncalibrated,,GIRAFFE,ivo://eso.org/origfile?GI_SOBS_1685929_2017-09-24T00:23:02.253_F68_Med1_L427.2_o4.fits,"SANA, H.",1685929,ivo://eso.org/ID?ADP.2019-01-18T17:12:00.808,2018-09-24T01:01:11.127Z,241-108516_1685929_2017-09-24T00:23:02.253_F68_Med1_L427.2_o4,MOS,IDP,,,https://archive.eso.org/dataset/ADP.2019-01-18T17:12:00.808,099.D-0895(A),2019-01-18T18:16:05Z,http://www.eso.org/rm/api/v1/public/releaseDescriptions/73,-41.893999,3.3388E-4,,253.666166,POSITION J2000 253.666166 -41.893999,,,,530.6,,1680.008,58020.03729889,58020.01599829,1840.37184,,241-108516
,175,application/x-votable+xml;content=datalink,http://archive.eso.org/datalink/links?ID=ivo://eso.org/ID?ADP.2019-01-18T17:12:00.892," ",2,,spectrum,ADP.2019-01-18T17:12:00.892,4.57058E-7,3.95964E-7,6300.0,3056,ESO-VLT-U2,,1.103109,343.528141,GIRAFFE,0,2020-10-13T13:59:53.193Z,S,4,uncalibrated,,GIRAFFE,ivo://eso.org/origfile?GI_SOBS_1685929_2017-09-24T00:23:02.253_F61_Med1_L427.2_o4.fits,"SANA, H.",1685929,ivo://eso.org/ID?ADP.2019-01-18T17:12:00.892,2018-09-24T01:01:11.127Z,241-108553_1685929_2017-09-24T00:23:02.253_F61_Med1_L427.2_o4,MOS,IDP,,,https://archive.eso.org/dataset/ADP.2019-01-18T17:12:00.892,099.D-0895(A),2019-01-18T18:16:05Z,http://www.eso.org/rm/api/v1/public/releaseDescriptions/73,-41.826499,3.3388E-4,,253.679874,POSITION J2000 253.67987399999998 -41.826499,,,,646.5,,1680.008,58020.03729889,58020.01599829,1840.37184,,241-108553
,175,application/x-votable+xml;content=datalink,http://archive.eso.org/datalink/links?ID=ivo://eso.org/ID?ADP.2019-01-18T17:12:00.898," ",2,,spectrum,ADP.2019-01-18T17:12:00.898,4.57058E-7,3.95964E-7,6300.0,3056,ESO-VLT-U2,,1.114431,343.505811,GIRAFFE,0,2020-10-13T13:59:53.193Z,S,4,uncalibrated,,GIRAFFE,ivo://eso.org/origfile?GI_SOBS_1685929_2017-09-24T00:23:02.253_F60_Med1_L427.2_o4.fits,"SANA, H.",1685929,ivo://eso.org/ID?ADP.2019-01-18T17:12:00.898,2018-09-24T01:01:11.127Z,241-108477_1685929_2017-09-24T00:23:02.253_F60_Med1_L427.2_o4,MOS,IDP,,,https://archive.eso.org/dataset/ADP.2019-01-18T17:12:00.898,099.D-0895(A),2019-01-18T18:16:05Z,http://www.eso.org/rm/api/v1/public/releaseDescriptions/73,-41.836722,3.3388E-4,,253.649208,POSITION J2000 253.649208 -41.836722,,,,506.6,,1680.008,58020.03729889,58020.01599829,1840.37184,,241-108477
,175,application/x-votable+xml;content=datalink,http://archive.eso.org/datalink/links?ID=ivo://eso.org/ID?ADP.2019-01-18T17:12:00.952," ",2,,spectrum,ADP.2019-01-18T17:12:00.952,4.57058E-7,3.95964E-7,6300.0,3056,ESO-VLT-U2,,1.133753,343.458126,GIRAFFE,0,2020-10-13T13:59:53.193Z,S,4,uncalibrated,,GIRAFFE,ivo://eso.org/origfile?GI_SOBS_1685929_2017-09-24T00:23:02.253_F74_Med1_L427.2_o4.fits,"SANA, H.",1685929,ivo://eso.org/ID?ADP.2019-01-18T17:12:00.952,2018-09-24T01:01:11.127Z,241-108307_1685929_2017-09-24T00:23:02.253_F74_Med1_L427.2_o4,MOS,IDP,,,https://archive.eso.org/dataset/ADP.2019-01-18T17:12:00.952,099.D-0895(A),2019-01-18T18:16:05Z,http://www.eso.org/rm/api/v1/public/releaseDescriptions/73,-41.861583,3.3388E-4,,253.588749,POSITION J2000 253.588749 -41.861583,,,,698.7,,1680.008,58020.03729889,58020.01599829,1840.37184,,241-108307
,175,application/x-votable+xml;content=datalink,http://archive.eso.org/datalink/links?ID=ivo://eso.org/ID?ADP.2019-01-18T17:12:01.006," ",2,,spectrum,ADP.2019-01-18T17:12:01.006,4.57058E-7,3.95964E-7,6300.0,3056,ESO-VLT-U2,,1.077845,343.461834,GIRAFFE,0,2020-10-13T13:59:53.193Z,S,4,uncalibrated,,GIRAFFE,ivo://eso.org/origfile?GI_SOBS_1685929_2017-09-24T00:23:02.253_F73_Med1_L427.2_o4.fits,"SANA, H.",1685929,ivo://eso.org/ID?ADP.2019-01-18T17:12:01.006,2018-09-24T01:01:11.127Z,241-108480_1685929_2017-09-24T00:23:02.253_F73_Med1_L427.2_o4,MOS,IDP,,,https://archive.eso.org/dataset/ADP.2019-01-18T17:12:01.006,099.D-0895(A),2019-01-18T18:16:05Z,http://www.eso.org/rm/api/v1/public/releaseDescriptions/73,-41.893916,3.3388E-4,,253.650208,POSITION J2000 253.65020800000002 -41.893916,,,,620.8,,1680.008,58020.03729889,58020.01599829,1840.37184,,241-108480
,175,application/x-votable+xml;content=datalink,http://archive.eso.org/datalink/links?ID=ivo://eso.org/ID?ADP.2019-01-18T17:18:37.323," ",2,,spectrum,ADP.2019-01-18T17:18:37.323,4.57058E-7,3.95964E-7,6300.0,3056,ESO-VLT-U2,,1.133753,343.458126,GIRAFFE,0,2020-10-13T14:00:25.090Z,S,4,uncalibrated,,GIRAFFE,ivo://eso.org/origfile?GI_SOBS_1685926_2017-09-23T00:22:22.526_F67_Med2_L427.2_o4.fits,"SANA, H.",1685926,ivo://eso.org/ID?ADP.2019-01-18T17:18:37.323,2018-09-23T01:01:01.387Z,241-108307_1685926_2017-09-23T00:22:22.526_F67_Med2_L427.2_o4,MOS,IDP,,,https://archive.eso.org/dataset/ADP.2019-01-18T17:18:37.323,099.D-0895(A),2019-01-18T18:26:27Z,http://www.eso.org/rm/api/v1/public/releaseDescriptions/73,-41.861583,3.3388E-4,,253.588749,POSITION J2000 253.588749 -41.861583,,,,519.6,,1680.007,58019.03683016,58019.01553848,1839.601152,,241-108307
,175,application/x-votable+xml;content=datalink,http://archive.eso.org/datalink/links?ID=ivo://eso.org/ID?ADP.2019-01-18T17:25:12.810," ",2,,spectrum,ADP.2019-01-18T17:25:12.810,4.57058E-7,3.9596300000000004E-7,6300.0,3056,ESO-VLT-U2,,1.133753,343.458126,GIRAFFE,0,2020-10-13T14:00:56.577Z,S,4,uncalibrated,,GIRAFFE,ivo://eso.org/origfile?GI_SOBS_1685923_2017-09-21T01:23:09.119_F74_Med1_L427.2_o4.fits,"SANA, H.",1685923,ivo://eso.org/ID?ADP.2019-01-18T17:25:12.810,2018-09-21T02:00:48.320Z,241-108307_1685923_2017-09-21T01:23:09.119_F74_Med1_L427.2_o4,MOS,IDP,,,https://archive.eso.org/dataset/ADP.2019-01-18T17:25:12.810,099.D-0895(A),2019-01-18T18:31:38Z,http://www.eso.org/rm/api/v1/public/releaseDescriptions/73,-41.861583,3.3388E-4,,253.588749,POSITION J2000 253.588749 -41.861583,,,,595.7,,1680.008,58017.07904155,58017.05774443,1840.071168,,241-108307
,175,application/x-votable+xml;content=datalink,http://archive.eso.org/datalink/links?ID=ivo://eso.org/ID?ADP.2019-01-18T17:25:12.870," ",2,,spectrum,ADP.2019-01-18T17:25:12.870,4.57058E-7,3.9596300000000004E-7,6300.0,3056,ESO-VLT-U2,,1.077845,343.461834,GIRAFFE,0,2020-10-13T14:00:56.577Z,S,4,uncalibrated,,GIRAFFE,ivo://eso.org/origfile?GI_SOBS_1685923_2017-09-21T01:23:09.119_F73_Med1_L427.2_o4.fits,"SANA, H.",1685923,ivo://eso.org/ID?ADP.2019-01-18T17:25:12.870,2018-09-21T02:00:48.320Z,241-108480_1685923_2017-09-21T01:23:09.119_F73_Med1_L427.2_o4,MOS,IDP,,,https://archive.eso.org/dataset/ADP.2019-01-18T17:25:12.870,099.D-0895(A),2019-01-18T18:31:38Z,http://www.eso.org/rm/api/v1/public/releaseDescriptions/73,-41.893916,3.3388E-4,,253.650208,POSITION J2000 253.65020800000002 -41.893916,,,,510.7,,1680.008,58017.07904155,58017.05774443,1840.071168,,241-108480
,175,application/x-votable+xml;content=datalink,http://archive.eso.org/datalink/links?ID=ivo://eso.org/ID?ADP.2019-01-18T17:25:12.894," ",2,,spectrum,ADP.2019-01-18T17:25:12.894,4.57058E-7,3.9596300000000004E-7,6300.0,3056,ESO-VLT-U2,,1.103109,343.528141,GIRAFFE,0,2020-10-13T14:00:56.577Z,S,4,uncalibrated,,GIRAFFE,ivo://eso.org/origfile?GI_SOBS_1685923_2017-09-21T01:23:09.119_F61_Med1_L427.2_o4.fits,"SANA, H.",1685923,ivo://eso.org/ID?ADP.2019-01-18T17:25:12.894,2018-09-21T02:00:48.320Z,241-108553_1685923_2017-09-21T01:23:09.119_F61_Med1_L427.2_o4,MOS,IDP,,,https://archive.eso.org/dataset/ADP.2019-01-18T17:25:12.894,099.D-0895(A),2019-01-18T18:31:38Z,http://www.eso.org/rm/api/v1/public/releaseDescriptions/73,-41.826499,3.3388E-4,,253.679874,POSITION J2000 253.67987399999998 -41.826499,,,,545.0,,1680.008,58017.07904155,58017.05774443,1840.071168,,241-108553
,175,application/x-votable+xml;content=datalink,http://archive.eso.org/datalink/links?ID=ivo://eso.org/ID?ADP.2019-01-18T17:41:46.049," ",2,,spectrum,ADP.2019-01-18T17:41:46.049,4.57058E-7,3.9596300000000004E-7,6300.0,3056,ESO-VLT-U2,,1.133753,343.458126,GIRAFFE,0,2020-10-13T14:00:04.967Z,S,4,uncalibrated,,GIRAFFE,ivo://eso.org/origfile?GI_SOBS_1685920_2017-09-19T00:36:04.441_F67_Med2_L427.2_o4.fits,"SANA, H.",1685920,ivo://eso.org/ID?ADP.2019-01-18T17:41:46.049,2018-09-19T01:06:43.123Z,241-108307_1685920_2017-09-19T00:36:04.441_F67_Med2_L427.2_o4,MOS,IDP,,,https://archive.eso.org/dataset/ADP.2019-01-18T17:41:46.049,099.D-0895(A),2019-01-18T18:51:19Z,http://www.eso.org/rm/api/v1/public/releaseDescriptions/73,-41.861583,3.3388E-4,,253.588749,POSITION J2000 253.588749 -41.861583,,,,561.2,,1320.008,58015.04217806,58015.02505139,1479.744288,,241-108307
,175,application/x-votable+xml;content=datalink,http://archive.eso.org/datalink/links?ID=ivo://eso.org/ID?ADP.2019-01-18T17:41:46.483," ",2,,spectrum,ADP.2019-01-18T17:41:46.483,4.57058E-7,3.9596300000000004E-7,6300.0,3056,ESO-VLT-U2,,1.114431,343.505811,GIRAFFE,0,2020-10-13T14:00:04.967Z,S,4,uncalibrated,,GIRAFFE,ivo://eso.org/origfile?GI_SOBS_1685920_2017-09-19T00:36:04.441_F60_Med2_L427.2_o4.fits,"SANA, H.",1685920,ivo://eso.org/ID?ADP.2019-01-18T17:41:46.483,2018-09-19T01:06:43.123Z,241-108477_1685920_2017-09-19T00:36:04.441_F60_Med2_L427.2_o4,MOS,IDP,,,https://archive.eso.org/dataset/ADP.2019-01-18T17:41:46.483,099.D-0895(A),2019-01-18T18:51:19Z,http://www.eso.org/rm/api/v1/public/releaseDescriptions/73,-41.836722,3.3388E-4,,253.649208,POSITION J2000 253.649208 -41.836722,,,,535.2,,1320.008,58015.04217806,58015.02505139,1479.744288,,241-108477
,175,application/x-votable+xml;content=datalink,http://archive.eso.org/datalink/links?ID=ivo://eso.org/ID?ADP.2019-01-18T17:51:46.732," ",2,,spectrum,ADP.2019-01-18T17:51:46.732,4.57058E-7,3.9596300000000004E-7,6300.0,3056,ESO-VLT-U2,,1.103109,343.528141,GIRAFFE,0,2020-10-13T14:00:08.877Z,S,4,uncalibrated,,GIRAFFE,ivo://eso.org/origfile?GI_SOBS_1685917_2017-09-17T23:43:43.111_F61_Med1_L427.2_o4.fits,"SANA, H.",1685917,ivo://eso.org/ID?ADP.2019-01-18T17:51:46.732,2018-09-18T00:07:34.960Z,241-108553_1685917_2017-09-17T23:43:43.111_F61_Med1_L427.2_o4,MOS,IDP,,,https://archive.eso.org/dataset/ADP.2019-01-18T17:51:46.732,099.D-0895(A),2019-01-18T18:55:55Z,http://www.eso.org/rm/api/v1/public/releaseDescriptions/73,-41.826499,3.3388E-4,,253.679874,POSITION J2000 253.67987399999998 -41.826499,,,,571.4,,880.004,58014.00073015,58013.98869341,1039.974336,,241-108553
,175,application/x-votable+xml;content=datalink,http://archive.eso.org/datalink/links?ID=ivo://eso.org/ID?ADP.2019-01-18T17:51:46.970," ",2,,spectrum,ADP.2019-01-18T17:51:46.970,4.57058E-7,3.9596300000000004E-7,6300.0,3056,ESO-VLT-U2,,1.133753,343.458126,GIRAFFE,0,2020-10-13T14:00:08.877Z,S,4,uncalibrated,,GIRAFFE,ivo://eso.org/origfile?GI_SOBS_1685917_2017-09-17T23:43:43.111_F74_Med1_L427.2_o4.fits,"SANA, H.",1685917,ivo://eso.org/ID?ADP.2019-01-18T17:51:46.970,2018-09-18T00:07:34.960Z,241-108307_1685917_2017-09-17T23:43:43.111_F74_Med1_L427.2_o4,MOS,IDP,,,https://archive.eso.org/dataset/ADP.2019-01-18T17:51:46.970,099.D-0895(A),2019-01-18T18:55:55Z,http://www.eso.org/rm/api/v1/public/releaseDescriptions/73,-41.861583,3.3388E-4,,253.588749,POSITION J2000 253.588749 -41.861583,,,,587.6,,880.004,58014.00073015,58013.98869341,1039.974336,,241-108307
,175,application/x-votable+xml;content=datalink,http://archive.eso.org/datalink/links?ID=ivo://eso.org/ID?ADP.2019-01-18T17:51:47.054," ",2,,spectrum,ADP.2019-01-18T17:51:47.054,4.57058E-7,3.9596300000000004E-7,6300.0,3056,ESO-VLT-U2,,1.077845,343.461834,GIRAFFE,0,2020-10-13T14:00:08.877Z,S,4,uncalibrated,,GIRAFFE,ivo://eso.org/origfile?GI_SOBS_1685917_2017-09-17T23:43:43.111_F73_Med1_L427.2_o4.fits,"SANA, H.",1685917,ivo://eso.org/ID?ADP.2019-01-18T17:51:47.054,2018-09-18T00:07:34.960Z,241-108480_1685917_2017-09-17T23:43:43.111_F73_Med1_L427.2_o4,MOS,IDP,,,https://archive.eso.org/dataset/ADP.2019-01-18T17:51:47.054,099.D-0895(A),2019-01-18T18:55:55Z,http://www.eso.org/rm/api/v1/public/releaseDescriptions/73,-41.893916,3.3388E-4,,253.650208,POSITION J2000 253.65020800000002 -41.893916,,,,581.1,,880.004,58014.00073015,58013.98869341,1039.974336,,241-108480
,175,application/x-votable+xml;content=datalink,http://archive.eso.org/datalink/links?ID=ivo://eso.org/ID?ADP.2019-01-18T17:51:47.160," ",2,,spectrum,ADP.2019-01-18T17:51:47.160,4.57058E-7,3.9596300000000004E-7,6300.0,3056,ESO-VLT-U2,,1.068563,343.469249,GIRAFFE,0,2020-10-13T14:00:08.877Z,S,4,uncalibrated,,GIRAFFE,ivo://eso.org/origfile?GI_SOBS_1685917_2017-09-17T23:43:43.111_F68_Med1_L427.2_o4.fits,"SANA, H.",1685917,ivo://eso.org/ID?ADP.2019-01-18T17:51:47.160,2018-09-18T00:07:34.960Z,241-108516_1685917_2017-09-17T23:43:43.111_F68_Med1_L427.2_o4,MOS,IDP,,,https://archive.eso.org/dataset/ADP.2019-01-18T17:51:47.160,099.D-0895(A),2019-01-18T18:55:55Z,http://www.eso.org/rm/api/v1/public/releaseDescriptions/73,-41.893999,3.3388E-4,,253.666166,POSITION J2000 253.666166 -41.893999,,,,524.0,,880.004,58014.00073015,58013.98869341,1039.974336,,241-108516
,175,application/x-votable+xml;content=datalink,http://archive.eso.org/datalink/links?ID=ivo://eso.org/ID?ADP.2019-01-18T18:02:19.802," ",2,,spectrum,ADP.2019-01-18T18:02:19.802,4.57057E-7,3.9596300000000004E-7,6300.0,3056,ESO-VLT-U2,,1.114431,343.505811,GIRAFFE,0,2020-10-13T14:00:42.040Z,S,4,uncalibrated,,GIRAFFE,ivo://eso.org/origfile?GI_SOBS_1685914_2017-09-08T00:21:30.667_F60_Med1_L427.2_o4.fits,"SANA, H.",1685914,ivo://eso.org/ID?ADP.2019-01-18T18:02:19.802,2018-09-08T01:00:49.973Z,241-108477_1685914_2017-09-08T00:21:30.667_F60_Med1_L427.2_o4,MOS,IDP,,,https://archive.eso.org/dataset/ADP.2019-01-18T18:02:19.802,099.D-0895(A),2019-01-18T19:06:06Z,http://www.eso.org/rm/api/v1/public/releaseDescriptions/73,-41.836722,3.3388E-4,,253.649208,POSITION J2000 253.649208 -41.836722,,,,542.3,,1680.012,58004.0362304,58004.01493827,1839.640032,,241-108477
,175,application/x-votable+xml;content=datalink,http://archive.eso.org/datalink/links?ID=ivo://eso.org/ID?ADP.2019-01-18T18:02:19.818," ",2,,spectrum,ADP.2019-01-18T18:02:19.818,4.57057E-7,3.9596300000000004E-7,6300.0,3056,ESO-VLT-U2,,1.115811,343.401268,GIRAFFE,0,2020-10-13T14:00:42.040Z,S,4,uncalibrated,,GIRAFFE,ivo://eso.org/origfile?GI_SOBS_1685914_2017-09-08T00:21:30.667_F91_Med1_L427.2_o4.fits,"SANA, H.",1685914,ivo://eso.org/ID?ADP.2019-01-18T18:02:19.818,2018-09-08T01:00:49.973Z,241-108208_1685914_2017-09-08T00:21:30.667_F91_Med1_L427.2_o4,MOS,IDP,,,https://archive.eso.org/dataset/ADP.2019-01-18T18:02:19.818,099.D-0895(A),2019-01-18T19:06:06Z,http://www.eso.org/rm/api/v1/public/releaseDescriptions/73,-41.917027,3.3388E-4,,253.559333,POSITION J2000 253.55933299999998 -41.917027,,,,538.7,,1680.012,58004.0362304,58004.01493827,1839.640032,,241-108208
,175,application/x-votable+xml;content=datalink,http://archive.eso.org/datalink/links?ID=ivo://eso.org/ID?ADP.2019-01-18T18:02:20.014," ",2,,spectrum,ADP.2019-01-18T18:02:20.014,4.57057E-7,3.9596300000000004E-7,6300.0,3056,ESO-VLT-U2,,1.103109,343.528141,GIRAFFE,0,2020-10-13T14:00:42.040Z,S,4,uncalibrated,,GIRAFFE,ivo://eso.org/origfile?GI_SOBS_1685914_2017-09-08T00:21:30.667_F61_Med1_L427.2_o4.fits,"SANA, H.",1685914,ivo://eso.org/ID?ADP.2019-01-18T18:02:20.014,2018-09-08T01:00:49.973Z,241-108553_1685914_2017-09-08T00:21:30.667_F61_Med1_L427.2_o4,MOS,IDP,,,https://archive.eso.org/dataset/ADP.2019-01-18T18:02:20.014,099.D-0895(A),2019-01-18T19:06:06Z,http://www.eso.org/rm/api/v1/public/releaseDescriptions/73,-41.826499,3.3388E-4,,253.679874,POSITION J2000 253.67987399999998 -41.826499,,,,692.8,,1680.012,58004.0362304,58004.01493827,1839.640032,,241-108553
,175,application/x-votable+xml;content=datalink,http://archive.eso.org/datalink/links?ID=ivo://eso.org/ID?ADP.2019-01-18T18:02:20.046," ",2,,spectrum,ADP.2019-01-18T18:02:20.046,4.57057E-7,3.9596300000000004E-7,6300.0,3056,ESO-VLT-U2,,1.133753,343.458126,GIRAFFE,0,2020-10-13T14:00:42.040Z,S,4,uncalibrated,,GIRAFFE,ivo://eso.org/origfile?GI_SOBS_1685914_2017-09-08T00:21:30.667_F74_Med1_L427.2_o4.fits,"SANA, H.",1685914,ivo://eso.org/ID?ADP.2019-01-18T18:02:20.046,2018-09-08T01:00:49.973Z,241-108307_1685914_2017-09-08T00:21:30.667_F74_Med1_L427.2_o4,MOS,IDP,,,https://archive.eso.org/dataset/ADP.2019-01-18T18:02:20.046,099.D-0895(A),2019-01-18T19:06:06Z,http://www.eso.org/rm/api/v1/public/releaseDescriptions/73,-41.861583,3.3388E-4,,253.588749,POSITION J2000 253.588749 -41.861583,,,,748.0,,1680.012,58004.0362304,58004.01493827,1839.640032,,241-108307
,175,application/x-votable+xml;content=datalink,http://archive.eso.org/datalink/links?ID=ivo://eso.org/ID?ADP.2019-01-18T18:02:20.404," ",2,,spectrum,ADP.2019-01-18T18:02:20.404,4.57057E-7,3.9596300000000004E-7,6300.0,3056,ESO-VLT-U2,,1.077845,343.461834,GIRAFFE,0,2020-10-13T14:00:42.040Z,S,4,uncalibrated,,GIRAFFE,ivo://eso.org/origfile?GI_SOBS_1685914_2017-09-08T00:21:30.667_F73_Med1_L427.2_o4.fits,"SANA, H.",1685914,ivo://eso.org/ID?ADP.2019-01-18T18:02:20.404,2018-09-08T01:00:49.973Z,241-108480_1685914_2017-09-08T00:21:30.667_F73_Med1_L427.2_o4,MOS,IDP,,,https://archive.eso.org/dataset/ADP.2019-01-18T18:02:20.404,099.D-0895(A),2019-01-18T19:06:06Z,http://www.eso.org/rm/api/v1/public/releaseDescriptions/73,-41.893916,3.3388E-4,,253.650208,POSITION J2000 253.65020800000002 -41.893916,,,,656.0,,1680.012,58004.0362304,58004.01493827,1839.640032,,241-108480
,175,application/x-votable+xml;content=datalink,http://archive.eso.org/datalink/links?ID=ivo://eso.org/ID?ADP.2019-01-18T18:02:20.410," ",2,,spectrum,ADP.2019-01-18T18:02:20.410,4.57057E-7,3.9596300000000004E-7,6300.0,3056,ESO-VLT-U2,,1.068563,343.469249,GIRAFFE,0,2020-10-13T14:00:42.040Z,S,4,uncalibrated,,GIRAFFE,ivo://eso.org/origfile?GI_SOBS_1685914_2017-09-08T00:21:30.667_F68_Med1_L427.2_o4.fits,"SANA, H.",1685914,ivo://eso.org/ID?ADP.2019-01-18T18:02:20.410,2018-09-08T01:00:49.973Z,241-108516_1685914_2017-09-08T00:21:30.667_F68_Med1_L427.2_o4,MOS,IDP,,,https://archive.eso.org/dataset/ADP.2019-01-18T18:02:20.410,099.D-0895(A),2019-01-18T19:06:06Z,http://www.eso.org/rm/api/v1/public/releaseDescriptions/73,-41.893999,3.3388E-4,,253.666166,POSITION J2000 253.666166 -41.893999,,,,533.8,,1680.012,58004.0362304,58004.01493827,1839.640032,,241-108516
,175,application/x-votable+xml;content=datalink,http://archive.eso.org/datalink/links?ID=ivo://eso.org/ID?ADP.2019-01-18T18:08:13.525," ",2,,spectrum,ADP.2019-01-18T18:08:13.525,4.57057E-7,3.9596300000000004E-7,6300.0,3056,ESO-VLT-U2,,1.114431,343.505811,GIRAFFE,0,2020-10-13T14:00:17.293Z,S,4,uncalibrated,,GIRAFFE,ivo://eso.org/origfile?GI_SOBS_1685911_2017-09-07T02:10:43.827_F60_Med2_L427.2_o4.fits,"SANA, H.",1685911,ivo://eso.org/ID?ADP.2019-01-18T18:08:13.525,2018-09-07T02:51:03.157Z,241-108477_1685911_2017-09-07T02:10:43.827_F60_Med2_L427.2_o4,MOS,IDP,,,https://archive.eso.org/dataset/ADP.2019-01-18T18:08:13.525,099.D-0895(A),2019-01-18T19:11:21Z,http://www.eso.org/rm/api/v1/public/releaseDescriptions/73,-41.836722,3.3388E-4,,253.649208,POSITION J2000 253.649208 -41.836722,,,,514.5,,1680.003,58003.11208943,58003.09078503,1840.70016,,241-108477
,175,application/x-votable+xml;content=datalink,http://archive.eso.org/datalink/links?ID=ivo://eso.org/ID?ADP.2019-01-18T18:08:13.951," ",2,,spectrum,ADP.2019-01-18T18:08:13.951,4.57057E-7,3.9596300000000004E-7,6300.0,3056,ESO-VLT-U2,,1.133753,343.458126,GIRAFFE,0,2020-10-13T14:00:17.293Z,S,4,uncalibrated,,GIRAFFE,ivo://eso.org/origfile?GI_SOBS_1685911_2017-09-07T02:10:43.827_F67_Med2_L427.2_o4.fits,"SANA, H.",1685911,ivo://eso.org/ID?ADP.2019-01-18T18:08:13.951,2018-09-07T02:51:03.157Z,241-108307_1685911_2017-09-07T02:10:43.827_F67_Med2_L427.2_o4,MOS,IDP,,,https://archive.eso.org/dataset/ADP.2019-01-18T18:08:13.951,099.D-0895(A),2019-01-18T19:11:21Z,http://www.eso.org/rm/api/v1/public/releaseDescriptions/73,-41.861583,3.3388E-4,,253.588749,POSITION J2000 253.588749 -41.861583,,,,545.9,,1680.003,58003.11208943,58003.09078503,1840.70016,,241-108307
,175,application/x-votable+xml;content=datalink,http://archive.eso.org/datalink/links?ID=ivo://eso.org/ID?ADP.2019-01-18T18:24:05.828," ",2,,spectrum,ADP.2019-01-18T18:24:05.828,4.57058E-7,3.9596300000000004E-7,6300.0,3056,ESO-VLT-U2,,1.133753,343.458126,GIRAFFE,0,2020-10-13T14:01:00.127Z,S,4,uncalibrated,,GIRAFFE,ivo://eso.org/origfile?GI_SOBS_1685905_2017-09-02T01:08:12.587_F67_Med2_L427.2_o4.fits,"SANA, H.",1685905,ivo://eso.org/ID?ADP.2019-01-18T18:24:05.828,2018-09-02T01:45:57.867Z,241-108307_1685905_2017-09-02T01:08:12.587_F67_Med2_L427.2_o4,MOS,IDP,,,https://archive.eso.org/dataset/ADP.2019-01-18T18:24:05.828,099.D-0895(A),2019-01-18T19:31:10Z,http://www.eso.org/rm/api/v1/public/releaseDescriptions/73,-41.861583,3.3388E-4,,253.588749,POSITION J2000 253.588749 -41.861583,,,,674.1,,1680.009,57998.06866087,57998.04736789,1839.713472,,241-108307
,175,application/x-votable+xml;content=datalink,http://archive.eso.org/datalink/links?ID=ivo://eso.org/ID?ADP.2019-01-18T18:24:06.092," ",2,,spectrum,ADP.2019-01-18T18:24:06.092,4.57058E-7,3.9596300000000004E-7,6300.0,3056,ESO-VLT-U2,,1.114431,343.505811,GIRAFFE,0,2020-10-13T14:01:00.127Z,S,4,uncalibrated,,GIRAFFE,ivo://eso.org/origfile?GI_SOBS_1685905_2017-09-02T01:08:12.587_F60_Med2_L427.2_o4.fits,"SANA, H.",1685905,ivo://eso.org/ID?ADP.2019-01-18T18:24:06.092,2018-09-02T01:45:57.867Z,241-108477_1685905_2017-09-02T01:08:12.587_F60_Med2_L427.2_o4,MOS,IDP,,,https://archive.eso.org/dataset/ADP.2019-01-18T18:24:06.092,099.D-0895(A),2019-01-18T19:31:10Z,http://www.eso.org/rm/api/v1/public/releaseDescriptions/73,-41.836722,3.3388E-4,,253.649208,POSITION J2000 253.649208 -41.836722,,,,598.5,,1680.009,57998.06866087,57998.04736789,1839.713472,,241-108477
,175,application/x-votable+xml;content=datalink,http://archive.eso.org/datalink/links?ID=ivo://eso.org/ID?ADP.2019-01-18T18:24:06.134," ",2,,spectrum,ADP.2019-01-18T18:24:06.134,4.57058E-7,3.9596300000000004E-7,6300.0,3056,ESO-VLT-U2,,1.103109,343.528141,GIRAFFE,0,2020-10-13T14:01:00.127Z,S,4,uncalibrated,,GIRAFFE,ivo://eso.org/origfile?GI_SOBS_1685905_2017-09-02T01:08:12.587_F62_Med2_L427.2_o4.fits,"SANA, H.",1685905,ivo://eso.org/ID?ADP.2019-01-18T18:24:06.134,2018-09-02T01:45:57.867Z,241-108553_1685905_2017-09-02T01:08:12.587_F62_Med2_L427.2_o4,MOS,IDP,,,https://archive.eso.org/dataset/ADP.2019-01-18T18:24:06.134,099.D-0895(A),2019-01-18T19:31:10Z,http://www.eso.org/rm/api/v1/public/releaseDescriptions/73,-41.826499,3.3388E-4,,253.679874,POSITION J2000 253.67987399999998 -41.826499,,,,523.6,,1680.009,57998.06866087,57998.04736789,1839.713472,,241-108553
,175,application/x-votable+xml;content=datalink,http://archive.eso.org/datalink/links?ID=ivo://eso.org/ID?ADP.2019-01-18T18:33:10.350," ",2,,spectrum,ADP.2019-01-18T18:33:10.350,4.5706099999999997E-7,3.95966E-7,6300.0,3056,ESO-VLT-U2,,1.077845,343.461834,GIRAFFE,0,2020-10-13T14:00:41.607Z,S,4,uncalibrated,,GIRAFFE,ivo://eso.org/origfile?GI_SOBS_1685899_2017-08-17T01:44:07.890_F73_Med1_L427.2_o4.fits,"SANA, H.",1685899,ivo://eso.org/ID?ADP.2019-01-18T18:33:10.350,2018-08-17T02:16:33.153Z,241-108480_1685899_2017-08-17T01:44:07.890_F73_Med1_L427.2_o4,MOS,IDP,,,https://archive.eso.org/dataset/ADP.2019-01-18T18:33:10.350,099.D-0895(A),2019-01-18T19:36:12Z,http://www.eso.org/rm/api/v1/public/releaseDescriptions/73,-41.893916,3.3388E-4,,253.650208,POSITION J2000 253.65020800000002 -41.893916,,,,522.3,,1200.011,57982.08805095,57982.07231354,1359.712224,,241-108480
,175,application/x-votable+xml;content=datalink,http://archive.eso.org/datalink/links?ID=ivo://eso.org/ID?ADP.2019-01-18T18:33:10.500," ",2,,spectrum,ADP.2019-01-18T18:33:10.500,4.5706099999999997E-7,3.95966E-7,6300.0,3056,ESO-VLT-U2,,1.133753,343.458126,GIRAFFE,0,2020-10-13T14:00:41.607Z,S,4,uncalibrated,,GIRAFFE,ivo://eso.org/origfile?GI_SOBS_1685899_2017-08-17T01:44:07.890_F74_Med1_L427.2_o4.fits,"SANA, H.",1685899,ivo://eso.org/ID?ADP.2019-01-18T18:33:10.500,2018-08-17T02:16:33.153Z,241-108307_1685899_2017-08-17T01:44:07.890_F74_Med1_L427.2_o4,MOS,IDP,,,https://archive.eso.org/dataset/ADP.2019-01-18T18:33:10.500,099.D-0895(A),2019-01-18T19:36:12Z,http://www.eso.org/rm/api/v1/public/releaseDescriptions/73,-41.861583,3.3388E-4,,253.588749,POSITION J2000 253.588749 -41.861583,,,,580.1,,1200.011,57982.08805095,57982.07231354,1359.712224,,241-108307
,175,application/x-votable+xml;content=datalink,http://archive.eso.org/datalink/links?ID=ivo://eso.org/ID?ADP.2019-01-18T18:33:10.758," ",2,,spectrum,ADP.2019-01-18T18:33:10.758,4.5706099999999997E-7,3.95966E-7,6300.0,3056,ESO-VLT-U2,,1.103109,343.528141,GIRAFFE,0,2020-10-13T14:00:41.607Z,S,4,uncalibrated,,GIRAFFE,ivo://eso.org/origfile?GI_SOBS_1685899_2017-08-17T01:44:07.890_F61_Med1_L427.2_o4.fits,"SANA, H.",1685899,ivo://eso.org/ID?ADP.2019-01-18T18:33:10.758,2018-08-17T02:16:33.153Z,241-108553_1685899_2017-08-17T01:44:07.890_F61_Med1_L427.2_o4,MOS,IDP,,,https://archive.eso.org/dataset/ADP.2019-01-18T18:33:10.758,099.D-0895(A),2019-01-18T19:36:12Z,http://www.eso.org/rm/api/v1/public/releaseDescriptions/73,-41.826499,3.3388E-4,,253.679874,POSITION J2000 253.67987399999998 -41.826499,,,,553.3,,1200.011,57982.08805095,57982.07231354,1359.712224,,241-108553
,175,application/x-votable+xml;content=datalink,http://archive.eso.org/datalink/links?ID=ivo://eso.org/ID?ADP.2019-01-18T18:41:32.221," ",2,,spectrum,ADP.2019-01-18T18:41:32.221,4.57064E-7,3.95969E-7,6300.0,3056,ESO-VLT-U2,,1.114431,343.505811,GIRAFFE,0,2020-10-13T14:00:48.270Z,S,4,uncalibrated,,GIRAFFE,ivo://eso.org/origfile?GI_SOBS_1685896_2017-08-06T04:18:55.066_F60_Med2_L427.2_o4.fits,"SANA, H.",1685896,ivo://eso.org/ID?ADP.2019-01-18T18:41:32.221,2018-08-06T04:55:50.727Z,241-108477_1685896_2017-08-06T04:18:55.066_F60_Med2_L427.2_o4,MOS,IDP,,,https://archive.eso.org/dataset/ADP.2019-01-18T18:41:32.221,099.D-0895(A),2019-01-18T19:46:01Z,http://www.eso.org/rm/api/v1/public/releaseDescriptions/73,-41.836722,3.3388E-4,,253.649208,POSITION J2000 253.649208 -41.836722,,,,650.2,,1680.007,57971.20110332,57971.17980401,1840.260384,,241-108477
,175,application/x-votable+xml;content=datalink,http://archive.eso.org/datalink/links?ID=ivo://eso.org/ID?ADP.2019-01-18T18:41:32.233," ",2,,spectrum,ADP.2019-01-18T18:41:32.233,4.57064E-7,3.95969E-7,6300.0,3056,ESO-VLT-U2,,1.077395,343.378925,GIRAFFE,0,2020-10-13T14:00:48.270Z,S,4,uncalibrated,,GIRAFFE,ivo://eso.org/origfile?GI_SOBS_1685896_2017-08-06T04:18:55.066_F81_Med2_L427.2_o4.fits,"SANA, H.",1685896,ivo://eso.org/ID?ADP.2019-01-18T18:41:32.233,2018-08-06T04:55:50.727Z,241-108278_1685896_2017-08-06T04:18:55.066_F81_Med2_L427.2_o4,MOS,IDP,,,https://archive.eso.org/dataset/ADP.2019-01-18T18:41:32.233,099.D-0895(A),2019-01-18T19:46:01Z,http://www.eso.org/rm/api/v1/public/releaseDescriptions/73,-41.958583,3.3388E-4,,253.580499,POSITION J2000 253.580499 -41.958583,,,,505.0,,1680.007,57971.20110332,57971.17980401,1840.260384,,241-108278
,175,application/x-votable+xml;content=datalink,http://archive.eso.org/datalink/links?ID=ivo://eso.org/ID?ADP.2019-01-18T18:41:32.293," ",2,,spectrum,ADP.2019-01-18T18:41:32.293,4.57064E-7,3.95969E-7,6300.0,3056,ESO-VLT-U2,,1.133753,343.458126,GIRAFFE,0,2020-10-13T14:00:48.270Z,S,4,uncalibrated,,GIRAFFE,ivo://eso.org/origfile?GI_SOBS_1685896_2017-08-06T04:18:55.066_F67_Med2_L427.2_o4.fits,"SANA, H.",1685896,ivo://eso.org/ID?ADP.2019-01-18T18:41:32.293,2018-08-06T04:55:50.727Z,241-108307_1685896_2017-08-06T04:18:55.066_F67_Med2_L427.2_o4,MOS,IDP,,,https://archive.eso.org/dataset/ADP.2019-01-18T18:41:32.293,099.D-0895(A),2019-01-18T19:46:01Z,http://www.eso.org/rm/api/v1/public/releaseDescriptions/73,-41.861583,3.3388E-4,,253.588749,POSITION J2000 253.588749 -41.861583,,,,680.6,,1680.007,57971.20110332,57971.17980401,1840.260384,,241-108307
,175,application/x-votable+xml;content=datalink,http://archive.eso.org/datalink/links?ID=ivo://eso.org/ID?ADP.2019-01-18T18:41:32.317," ",2,,spectrum,ADP.2019-01-18T18:41:32.317,4.57064E-7,3.95969E-7,6300.0,3056,ESO-VLT-U2,,1.103109,343.528141,GIRAFFE,0,2020-10-13T14:00:48.270Z,S,4,uncalibrated,,GIRAFFE,ivo://eso.org/origfile?GI_SOBS_1685896_2017-08-06T04:18:55.066_F62_Med2_L427.2_o4.fits,"SANA, H.",1685896,ivo://eso.org/ID?ADP.2019-01-18T18:41:32.317,2018-08-06T04:55:50.727Z,241-108553_1685896_2017-08-06T04:18:55.066_F62_Med2_L427.2_o4,MOS,IDP,,,https://archive.eso.org/dataset/ADP.2019-01-18T18:41:32.317,099.D-0895(A),2019-01-18T19:46:01Z,http://www.eso.org/rm/api/v1/public/releaseDescriptions/73,-41.826499,3.3388E-4,,253.679874,POSITION J2000 253.67987399999998 -41.826499,,,,581.9,,1680.007,57971.20110332,57971.17980401,1840.260384,,241-108553
,175,application/x-votable+xml;content=datalink,http://archive.eso.org/datalink/links?ID=ivo://eso.org/ID?ADP.2019-01-18T18:41:32.515," ",2,,spectrum,ADP.2019-01-18T18:41:32.515,4.57064E-7,3.95969E-7,6300.0,3056,ESO-VLT-U2,,1.077845,343.461834,GIRAFFE,0,2020-10-13T14:00:48.270Z,S,4,uncalibrated,,GIRAFFE,ivo://eso.org/origfile?GI_SOBS_1685896_2017-08-06T04:18:55.066_F72_Med2_L427.2_o4.fits,"SANA, H.",1685896,ivo://eso.org/ID?ADP.2019-01-18T18:41:32.515,2018-08-06T04:55:50.727Z,241-108480_1685896_2017-08-06T04:18:55.066_F72_Med2_L427.2_o4,MOS,IDP,,,https://archive.eso.org/dataset/ADP.2019-01-18T18:41:32.515,099.D-0895(A),2019-01-18T19:46:01Z,http://www.eso.org/rm/api/v1/public/releaseDescriptions/73,-41.893916,3.3388E-4,,253.650208,POSITION J2000 253.65020800000002 -41.893916,,,,583.2,,1680.007,57971.20110332,57971.17980401,1840.260384,,241-108480
,175,application/x-votable+xml;content=datalink,http://archive.eso.org/datalink/links?ID=ivo://eso.org/ID?ADP.2019-01-18T18:46:37.319," ",2,,spectrum,ADP.2019-01-18T18:46:37.319,4.57068E-7,3.9597199999999997E-7,6300.0,3056,ESO-VLT-U2,,1.133753,343.458126,GIRAFFE,0,2020-10-13T13:59:29.063Z,S,4,uncalibrated,,GIRAFFE,ivo://eso.org/origfile?GI_SOBS_1685893_2017-07-29T00:11:50.870_F74_Med1_L427.2_o4.fits,"SANA, H.",1685893,ivo://eso.org/ID?ADP.2019-01-18T18:46:37.319,2018-07-29T00:41:22.720Z,241-108307_1685893_2017-07-29T00:11:50.870_F74_Med1_L427.2_o4,MOS,IDP,,,https://archive.eso.org/dataset/ADP.2019-01-18T18:46:37.319,099.D-0895(A),2019-01-18T19:51:15Z,http://www.eso.org/rm/api/v1/public/releaseDescriptions/73,-41.861583,3.3388E-4,,253.588749,POSITION J2000 253.588749 -41.861583,,,,555.2,,1200.009,57963.02398131,57963.00822765,1361.116224,,241-108307
,175,application/x-votable+xml;content=datalink,http://archive.eso.org/datalink/links?ID=ivo://eso.org/ID?ADP.2019-01-18T18:46:37.487," ",2,,spectrum,ADP.2019-01-18T18:46:37.487,4.57068E-7,3.9597199999999997E-7,6300.0,3056,ESO-VLT-U2,,1.077845,343.461834,GIRAFFE,0,2020-10-13T13:59:29.063Z,S,4,uncalibrated,,GIRAFFE,ivo://eso.org/origfile?GI_SOBS_1685893_2017-07-29T00:11:50.870_F73_Med1_L427.2_o4.fits,"SANA, H.",1685893,ivo://eso.org/ID?ADP.2019-01-18T18:46:37.487,2018-07-29T00:41:22.720Z,241-108480_1685893_2017-07-29T00:11:50.870_F73_Med1_L427.2_o4,MOS,IDP,,,https://archive.eso.org/dataset/ADP.2019-01-18T18:46:37.487,099.D-0895(A),2019-01-18T19:51:15Z,http://www.eso.org/rm/api/v1/public/releaseDescriptions/73,-41.893916,3.3388E-4,,253.650208,POSITION J2000 253.65020800000002 -41.893916,,,,501.0,,1200.009,57963.02398131,57963.00822765,1361.116224,,241-108480
,175,application/x-votable+xml;content=datalink,http://archive.eso.org/datalink/links?ID=ivo://eso.org/ID?ADP.2019-01-18T18:46:37.505," ",2,,spectrum,ADP.2019-01-18T18:46:37.505,4.57068E-7,3.9597199999999997E-7,6300.0,3056,ESO-VLT-U2,,1.103109,343.528141,GIRAFFE,0,2020-10-13T13:59:29.063Z,S,4,uncalibrated,,GIRAFFE,ivo://eso.org/origfile?GI_SOBS_1685893_2017-07-29T00:11:50.870_F61_Med1_L427.2_o4.fits,"SANA, H.",1685893,ivo://eso.org/ID?ADP.2019-01-18T18:46:37.505,2018-07-29T00:41:22.720Z,241-108553_1685893_2017-07-29T00:11:50.870_F61_Med1_L427.2_o4,MOS,IDP,,,https://archive.eso.org/dataset/ADP.2019-01-18T18:46:37.505,099.D-0895(A),2019-01-18T19:51:15Z,http://www.eso.org/rm/api/v1/public/releaseDescriptions/73,-41.826499,3.3388E-4,,253.679874,POSITION J2000 253.67987399999998 -41.826499,,,,513.2,,1200.009,57963.02398131,57963.00822765,1361.116224,,241-108553
,175,application/x-votable+xml;content=datalink,http://archive.eso.org/datalink/links?ID=ivo://eso.org/ID?ADP.2019-01-18T18:52:55.002," ",2,,spectrum,ADP.2019-01-18T18:52:55.002,4.5707100000000003E-7,3.9597399999999997E-7,6300.0,3056,ESO-VLT-U2,,1.133753,343.458126,GIRAFFE,0,2020-10-13T14:00:52Z,S,4,uncalibrated,,GIRAFFE,ivo://eso.org/origfile?GI_SOBS_1685890_2017-07-23T04:57:45.058_F74_Med1_L427.2_o4.fits,"SANA, H.",1685890,ivo://eso.org/ID?ADP.2019-01-18T18:52:55.002,2018-07-23T05:36:06.437Z,241-108307_1685890_2017-07-23T04:57:45.058_F74_Med1_L427.2_o4,MOS,IDP,,,https://archive.eso.org/dataset/ADP.2019-01-18T18:52:55.002,099.D-0895(A),2019-01-18T20:00:57Z,http://www.eso.org/rm/api/v1/public/releaseDescriptions/73,-41.861583,3.3388E-4,,253.588749,POSITION J2000 253.588749 -41.861583,,,,574.2,,1680.006,57957.22807333,57957.20677149,1840.478976,,241-108307
,175,application/x-votable+xml;content=datalink,http://archive.eso.org/datalink/links?ID=ivo://eso.org/ID?ADP.2019-01-18T18:52:55.260," ",2,,spectrum,ADP.2019-01-18T18:52:55.260,4.5707100000000003E-7,3.95975E-7,6300.0,3056,ESO-VLT-U2,,1.103109,343.528141,GIRAFFE,0,2020-10-13T14:00:52Z,S,4,uncalibrated,,GIRAFFE,ivo://eso.org/origfile?GI_SOBS_1685890_2017-07-23T04:57:45.058_F61_Med1_L427.2_o4.fits,"SANA, H.",1685890,ivo://eso.org/ID?ADP.2019-01-18T18:52:55.260,2018-07-23T05:36:06.437Z,241-108553_1685890_2017-07-23T04:57:45.058_F61_Med1_L427.2_o4,MOS,IDP,,,https://archive.eso.org/dataset/ADP.2019-01-18T18:52:55.260,099.D-0895(A),2019-01-18T20:00:57Z,http://www.eso.org/rm/api/v1/public/releaseDescriptions/73,-41.826499,3.3388E-4,,253.679874,POSITION J2000 253.67987399999998 -41.826499,,,,534.6,,1680.006,57957.22807333,57957.20677149,1840.478976,,241-108553
,175,application/x-votable+xml;content=datalink,http://archive.eso.org/datalink/links?ID=ivo://eso.org/ID?ADP.2019-01-18T18:59:25.322," ",2,,spectrum,ADP.2019-01-18T18:59:25.322,4.57072E-7,3.95976E-7,6300.0,3056,ESO-VLT-U2,,1.133753,343.458126,GIRAFFE,0,2020-10-13T14:00:13.133Z,S,4,uncalibrated,,GIRAFFE,ivo://eso.org/origfile?GI_SOBS_1685887_2017-07-21T02:47:42.560_F67_Med2_L427.2_o4.fits,"SANA, H.",1685887,ivo://eso.org/ID?ADP.2019-01-18T18:59:25.322,2018-07-21T03:16:04.713Z,241-108307_1685887_2017-07-21T02:47:42.560_F67_Med2_L427.2_o4,MOS,IDP,,,https://archive.eso.org/dataset/ADP.2019-01-18T18:59:25.322,099.D-0895(A),2019-01-18T20:06:27Z,http://www.eso.org/rm/api/v1/public/releaseDescriptions/73,-41.861583,3.3388E-4,,253.588749,POSITION J2000 253.588749 -41.861583,,,,572.4,,880.013,57955.12849811,57955.11646481,1039.67712,,241-108307
,175,application/x-votable+xml;content=datalink,http://archive.eso.org/datalink/links?ID=ivo://eso.org/ID?ADP.2019-01-18T18:59:25.580," ",2,,spectrum,ADP.2019-01-18T18:59:25.580,4.57072E-7,3.95976E-7,6300.0,3056,ESO-VLT-U2,,1.114431,343.505811,GIRAFFE,0,2020-10-13T14:00:13.133Z,S,4,uncalibrated,,GIRAFFE,ivo://eso.org/origfile?GI_SOBS_1685887_2017-07-21T02:47:42.560_F60_Med2_L427.2_o4.fits,"SANA, H.",1685887,ivo://eso.org/ID?ADP.2019-01-18T18:59:25.580,2018-07-21T03:16:04.713Z,241-108477_1685887_2017-07-21T02:47:42.560_F60_Med2_L427.2_o4,MOS,IDP,,,https://archive.eso.org/dataset/ADP.2019-01-18T18:59:25.580,099.D-0895(A),2019-01-18T20:06:27Z,http://www.eso.org/rm/api/v1/public/releaseDescriptions/73,-41.836722,3.3388E-4,,253.649208,POSITION J2000 253.649208 -41.836722,,,,535.5,,880.013,57955.12849811,57955.11646481,1039.67712,,241-108477
,175,application/x-votable+xml;content=datalink,http://archive.eso.org/datalink/links?ID=ivo://eso.org/ID?ADP.2019-01-18T19:11:46.648," ",2,,spectrum,ADP.2019-01-18T19:11:46.648,4.57076E-7,3.9598000000000003E-7,6300.0,3056,ESO-VLT-U2,,1.133753,343.458126,GIRAFFE,0,2020-10-13T14:00:40.677Z,S,4,uncalibrated,,GIRAFFE,ivo://eso.org/origfile?GI_SOBS_1685881_2017-07-13T03:12:43.193_F67_Med2_L427.2_o4.fits,"SANA, H.",1685881,ivo://eso.org/ID?ADP.2019-01-18T19:11:46.648,2018-07-13T03:41:08.297Z,241-108307_1685881_2017-07-13T03:12:43.193_F67_Med2_L427.2_o4,MOS,IDP,,,https://archive.eso.org/dataset/ADP.2019-01-18T19:11:46.648,099.D-0895(A),2019-01-18T20:15:31Z,http://www.eso.org/rm/api/v1/public/releaseDescriptions/73,-41.861583,3.3388E-4,,253.588749,POSITION J2000 253.588749 -41.861583,,,,562.1,,880.006,57947.14587556,57947.13383325,1040.455584,,241-108307
,175,application/x-votable+xml;content=datalink,http://archive.eso.org/datalink/links?ID=ivo://eso.org/ID?ADP.2019-01-18T19:11:46.984," ",2,,spectrum,ADP.2019-01-18T19:11:46.984,4.57077E-7,3.9598000000000003E-7,6300.0,3056,ESO-VLT-U2,,1.114431,343.505811,GIRAFFE,0,2020-10-13T14:00:40.677Z,S,4,uncalibrated,,GIRAFFE,ivo://eso.org/origfile?GI_SOBS_1685881_2017-07-13T03:12:43.193_F60_Med2_L427.2_o4.fits,"SANA, H.",1685881,ivo://eso.org/ID?ADP.2019-01-18T19:11:46.984,2018-07-13T03:41:08.297Z,241-108477_1685881_2017-07-13T03:12:43.193_F60_Med2_L427.2_o4,MOS,IDP,,,https://archive.eso.org/dataset/ADP.2019-01-18T19:11:46.984,099.D-0895(A),2019-01-18T20:15:31Z,http://www.eso.org/rm/api/v1/public/releaseDescriptions/73,-41.836722,3.3388E-4,,253.649208,POSITION J2000 253.649208 -41.836722,,,,525.7,,880.006,57947.14587556,57947.13383325,1040.455584,,241-108477
,175,application/x-votable+xml;content=datalink,http://archive.eso.org/datalink/links?ID=ivo://eso.org/ID?ADP.2019-01-18T19:18:27.514," ",2,,spectrum,ADP.2019-01-18T19:18:27.514,4.57077E-7,3.9598000000000003E-7,6300.0,3056,ESO-VLT-U2,,1.077845,343.461834,GIRAFFE,0,2020-10-13T14:00:39.503Z,S,4,uncalibrated,,GIRAFFE,ivo://eso.org/origfile?GI_SOBS_1685878_2017-07-12T04:47:37.130_F73_Med1_L427.2_o4.fits,"SANA, H.",1685878,ivo://eso.org/ID?ADP.2019-01-18T19:18:27.514,2018-07-12T05:10:55.733Z,241-108480_1685878_2017-07-12T04:47:37.130_F73_Med1_L427.2_o4,MOS,IDP,,,https://archive.eso.org/dataset/ADP.2019-01-18T19:18:27.514,099.D-0895(A),2019-01-18T20:26:39Z,http://www.eso.org/rm/api/v1/public/releaseDescriptions/73,-41.893916,3.3388E-4,,253.650208,POSITION J2000 253.65020800000002 -41.893916,,,,500.7,,880.013,57946.21177726,57946.19973529,1040.426208,,241-108480
,175,application/x-votable+xml;content=datalink,http://archive.eso.org/datalink/links?ID=ivo://eso.org/ID?ADP.2019-01-18T19:18:27.580," ",2,,spectrum,ADP.2019-01-18T19:18:27.580,4.57077E-7,3.9598000000000003E-7,6300.0,3056,ESO-VLT-U2,,1.103109,343.528141,GIRAFFE,0,2020-10-13T14:00:39.503Z,S,4,uncalibrated,,GIRAFFE,ivo://eso.org/origfile?GI_SOBS_1685878_2017-07-12T04:47:37.130_F61_Med1_L427.2_o4.fits,"SANA, H.",1685878,ivo://eso.org/ID?ADP.2019-01-18T19:18:27.580,2018-07-12T05:10:55.733Z,241-108553_1685878_2017-07-12T04:47:37.130_F61_Med1_L427.2_o4,MOS,IDP,,,https://archive.eso.org/dataset/ADP.2019-01-18T19:18:27.580,099.D-0895(A),2019-01-18T20:26:39Z,http://www.eso.org/rm/api/v1/public/releaseDescriptions/73,-41.826499,3.3388E-4,,253.679874,POSITION J2000 253.67987399999998 -41.826499,,,,517.4,,880.013,57946.21177726,57946.19973529,1040.426208,,241-108553
,175,application/x-votable+xml;content=datalink,http://archive.eso.org/datalink/links?ID=ivo://eso.org/ID?ADP.2019-01-18T19:18:27.772," ",2,,spectrum,ADP.2019-01-18T19:18:27.772,4.57077E-7,3.9598000000000003E-7,6300.0,3056,ESO-VLT-U2,,1.133753,343.458126,GIRAFFE,0,2020-10-13T14:00:39.503Z,S,4,uncalibrated,,GIRAFFE,ivo://eso.org/origfile?GI_SOBS_1685878_2017-07-12T04:47:37.130_F74_Med1_L427.2_o4.fits,"SANA, H.",1685878,ivo://eso.org/ID?ADP.2019-01-18T19:18:27.772,2018-07-12T05:10:55.733Z,241-108307_1685878_2017-07-12T04:47:37.130_F74_Med1_L427.2_o4,MOS,IDP,,,https://archive.eso.org/dataset/ADP.2019-01-18T19:18:27.772,099.D-0895(A),2019-01-18T20:26:39Z,http://www.eso.org/rm/api/v1/public/releaseDescriptions/73,-41.861583,3.3388E-4,,253.588749,POSITION J2000 253.588749 -41.861583,,,,515.0,,880.013,57946.21177726,57946.19973529,1040.426208,,241-108307
,175,application/x-votable+xml;content=datalink,http://archive.eso.org/datalink/links?ID=ivo://eso.org/ID?ADP.2019-01-18T19:24:33.614," ",2,,spectrum,ADP.2019-01-18T19:24:33.614,4.57085E-7,3.95987E-7,6300.0,3056,ESO-VLT-U2,,1.103109,343.528141,GIRAFFE,0,2020-10-13T14:00:48Z,S,4,uncalibrated,,GIRAFFE,ivo://eso.org/origfile?GI_SOBS_1685875_2017-06-30T05:12:56.328_F62_Med2_L427.2_o4.fits,"SANA, H.",1685875,ivo://eso.org/ID?ADP.2019-01-18T19:24:33.614,2018-06-30T05:51:16.540Z,241-108553_1685875_2017-06-30T05:12:56.328_F62_Med2_L427.2_o4,MOS,IDP,,,https://archive.eso.org/dataset/ADP.2019-01-18T19:24:33.614,099.D-0895(A),2019-01-18T20:32:01Z,http://www.eso.org/rm/api/v1/public/releaseDescriptions/73,-41.826499,3.3388E-4,,253.679874,POSITION J2000 253.67987399999998 -41.826499,,,,527.4,,1680.01,57934.23861526,57934.2173186,1840.031424,,241-108553
,175,application/x-votable+xml;content=datalink,http://archive.eso.org/datalink/links?ID=ivo://eso.org/ID?ADP.2019-01-18T19:24:33.626," ",2,,spectrum,ADP.2019-01-18T19:24:33.626,4.57084E-7,3.95987E-7,6300.0,3056,ESO-VLT-U2,,1.133753,343.458126,GIRAFFE,0,2020-10-13T14:00:48Z,S,4,uncalibrated,,GIRAFFE,ivo://eso.org/origfile?GI_SOBS_1685875_2017-06-30T05:12:56.328_F67_Med2_L427.2_o4.fits,"SANA, H.",1685875,ivo://eso.org/ID?ADP.2019-01-18T19:24:33.626,2018-06-30T05:51:16.540Z,241-108307_1685875_2017-06-30T05:12:56.328_F67_Med2_L427.2_o4,MOS,IDP,,,https://archive.eso.org/dataset/ADP.2019-01-18T19:24:33.626,099.D-0895(A),2019-01-18T20:32:01Z,http://www.eso.org/rm/api/v1/public/releaseDescriptions/73,-41.861583,3.3388E-4,,253.588749,POSITION J2000 253.588749 -41.861583,,,,590.1,,1680.01,57934.23861526,57934.2173186,1840.031424,,241-108307
,175,application/x-votable+xml;content=datalink,http://archive.eso.org/datalink/links?ID=ivo://eso.org/ID?ADP.2019-01-18T19:24:33.782," ",2,,spectrum,ADP.2019-01-18T19:24:33.782,4.57085E-7,3.95987E-7,6300.0,3056,ESO-VLT-U2,,1.077845,343.461834,GIRAFFE,0,2020-10-13T14:00:48Z,S,4,uncalibrated,,GIRAFFE,ivo://eso.org/origfile?GI_SOBS_1685875_2017-06-30T05:12:56.328_F72_Med2_L427.2_o4.fits,"SANA, H.",1685875,ivo://eso.org/ID?ADP.2019-01-18T19:24:33.782,2018-06-30T05:51:16.540Z,241-108480_1685875_2017-06-30T05:12:56.328_F72_Med2_L427.2_o4,MOS,IDP,,,https://archive.eso.org/dataset/ADP.2019-01-18T19:24:33.782,099.D-0895(A),2019-01-18T20:32:01Z,http://www.eso.org/rm/api/v1/public/releaseDescriptions/73,-41.893916,3.3388E-4,,253.650208,POSITION J2000 253.65020800000002 -41.893916,,,,532.8,,1680.01,57934.23861526,57934.2173186,1840.031424,,241-108480
,175,application/x-votable+xml;content=datalink,http://archive.eso.org/datalink/links?ID=ivo://eso.org/ID?ADP.2019-01-18T19:24:33.932," ",2,,spectrum,ADP.2019-01-18T19:24:33.932,4.57085E-7,3.95987E-7,6300.0,3056,ESO-VLT-U2,,1.114431,343.505811,GIRAFFE,0,2020-10-13T14:00:48Z,S,4,uncalibrated,,GIRAFFE,ivo://eso.org/origfile?GI_SOBS_1685875_2017-06-30T05:12:56.328_F60_Med2_L427.2_o4.fits,"SANA, H.",1685875,ivo://eso.org/ID?ADP.2019-01-18T19:24:33.932,2018-06-30T05:51:16.540Z,241-108477_1685875_2017-06-30T05:12:56.328_F60_Med2_L427.2_o4,MOS,IDP,,,https://archive.eso.org/dataset/ADP.2019-01-18T19:24:33.932,099.D-0895(A),2019-01-18T20:32:01Z,http://www.eso.org/rm/api/v1/public/releaseDescriptions/73,-41.836722,3.3388E-4,,253.649208,POSITION J2000 253.649208 -41.836722,,,,582.4,,1680.01,57934.23861526,57934.2173186,1840.031424,,241-108477
,175,application/x-votable+xml;content=datalink,http://archive.eso.org/datalink/links?ID=ivo://eso.org/ID?ADP.2019-01-18T19:31:20.869," ",2,,spectrum,ADP.2019-01-18T19:31:20.869,4.57086E-7,3.95988E-7,6300.0,3056,ESO-VLT-U2,,1.103109,343.528141,GIRAFFE,0,2020-10-13T13:59:49.717Z,S,4,uncalibrated,,GIRAFFE,ivo://eso.org/origfile?GI_SOBS_1685872_2017-06-28T01:40:51.848_F61_Med1_L427.2_o4.fits,"SANA, H.",1685872,ivo://eso.org/ID?ADP.2019-01-18T19:31:20.869,2018-06-28T02:21:24.433Z,241-108553_1685872_2017-06-28T01:40:51.848_F61_Med1_L427.2_o4,MOS,IDP,,,https://archive.eso.org/dataset/ADP.2019-01-18T19:31:20.869,099.D-0895(A),2019-01-18T20:37:03Z,http://www.eso.org/rm/api/v1/public/releaseDescriptions/73,-41.826499,3.3388E-4,,253.679874,POSITION J2000 253.67987399999998 -41.826499,,,,645.6,,1680.009,57932.09134132,57932.07004454,1840.041792,,241-108553
,175,application/x-votable+xml;content=datalink,http://archive.eso.org/datalink/links?ID=ivo://eso.org/ID?ADP.2019-01-18T19:31:21.001," ",2,,spectrum,ADP.2019-01-18T19:31:21.001,4.57086E-7,3.95988E-7,6300.0,3056,ESO-VLT-U2,,1.077845,343.461834,GIRAFFE,0,2020-10-13T13:59:49.717Z,S,4,uncalibrated,,GIRAFFE,ivo://eso.org/origfile?GI_SOBS_1685872_2017-06-28T01:40:51.848_F73_Med1_L427.2_o4.fits,"SANA, H.",1685872,ivo://eso.org/ID?ADP.2019-01-18T19:31:21.001,2018-06-28T02:21:24.433Z,241-108480_1685872_2017-06-28T01:40:51.848_F73_Med1_L427.2_o4,MOS,IDP,,,https://archive.eso.org/dataset/ADP.2019-01-18T19:31:21.001,099.D-0895(A),2019-01-18T20:37:03Z,http://www.eso.org/rm/api/v1/public/releaseDescriptions/73,-41.893916,3.3388E-4,,253.650208,POSITION J2000 253.65020800000002 -41.893916,,,,649.2,,1680.009,57932.09134132,57932.07004454,1840.041792,,241-108480
,175,application/x-votable+xml;content=datalink,http://archive.eso.org/datalink/links?ID=ivo://eso.org/ID?ADP.2019-01-18T19:31:21.115," ",2,,spectrum,ADP.2019-01-18T19:31:21.115,4.57086E-7,3.95988E-7,6300.0,3056,ESO-VLT-U2,,1.068563,343.469249,GIRAFFE,0,2020-10-13T13:59:49.717Z,S,4,uncalibrated,,GIRAFFE,ivo://eso.org/origfile?GI_SOBS_1685872_2017-06-28T01:40:51.848_F68_Med1_L427.2_o4.fits,"SANA, H.",1685872,ivo://eso.org/ID?ADP.2019-01-18T19:31:21.115,2018-06-28T02:21:24.433Z,241-108516_1685872_2017-06-28T01:40:51.848_F68_Med1_L427.2_o4,MOS,IDP,,,https://archive.eso.org/dataset/ADP.2019-01-18T19:31:21.115,099.D-0895(A),2019-01-18T20:37:03Z,http://www.eso.org/rm/api/v1/public/releaseDescriptions/73,-41.893999,3.3388E-4,,253.666166,POSITION J2000 253.666166 -41.893999,,,,618.1,,1680.009,57932.09134132,57932.07004454,1840.041792,,241-108516
,175,application/x-votable+xml;content=datalink,http://archive.eso.org/datalink/links?ID=ivo://eso.org/ID?ADP.2019-01-18T19:31:21.181," ",2,,spectrum,ADP.2019-01-18T19:31:21.181,4.57086E-7,3.95988E-7,6300.0,3056,ESO-VLT-U2,,1.133753,343.458126,GIRAFFE,0,2020-10-13T13:59:49.717Z,S,4,uncalibrated,,GIRAFFE,ivo://eso.org/origfile?GI_SOBS_1685872_2017-06-28T01:40:51.848_F74_Med1_L427.2_o4.fits,"SANA, H.",1685872,ivo://eso.org/ID?ADP.2019-01-18T19:31:21.181,2018-06-28T02:21:24.433Z,241-108307_1685872_2017-06-28T01:40:51.848_F74_Med1_L427.2_o4,MOS,IDP,,,https://archive.eso.org/dataset/ADP.2019-01-18T19:31:21.181,099.D-0895(A),2019-01-18T20:37:03Z,http://www.eso.org/rm/api/v1/public/releaseDescriptions/73,-41.861583,3.3388E-4,,253.588749,POSITION J2000 253.588749 -41.861583,,,,527.8,,1680.009,57932.09134132,57932.07004454,1840.041792,,241-108307
,175,application/x-votable+xml;content=datalink,http://archive.eso.org/datalink/links?ID=ivo://eso.org/ID?ADP.2019-01-18T19:31:21.187," ",2,,spectrum,ADP.2019-01-18T19:31:21.187,4.57086E-7,3.95988E-7,6300.0,3056,ESO-VLT-U2,,1.115811,343.401268,GIRAFFE,0,2020-10-13T13:59:49.717Z,S,4,uncalibrated,,GIRAFFE,ivo://eso.org/origfile?GI_SOBS_1685872_2017-06-28T01:40:51.848_F91_Med1_L427.2_o4.fits,"SANA, H.",1685872,ivo://eso.org/ID?ADP.2019-01-18T19:31:21.187,2018-06-28T02:21:24.433Z,241-108208_1685872_2017-06-28T01:40:51.848_F91_Med1_L427.2_o4,MOS,IDP,,,https://archive.eso.org/dataset/ADP.2019-01-18T19:31:21.187,099.D-0895(A),2019-01-18T20:37:03Z,http://www.eso.org/rm/api/v1/public/releaseDescriptions/73,-41.917027,3.3388E-4,,253.559333,POSITION J2000 253.55933299999998 -41.917027,,,,510.3,,1680.009,57932.09134132,57932.07004454,1840.041792,,241-108208
,175,application/x-votable+xml;content=datalink,http://archive.eso.org/datalink/links?ID=ivo://eso.org/ID?ADP.2019-01-18T19:45:55.214," ",2,,spectrum,ADP.2019-01-18T19:45:55.214,4.57091E-7,3.9599200000000004E-7,6300.0,3056,ESO-VLT-U2,,1.077845,343.461834,GIRAFFE,0,2020-10-13T14:00:12.790Z,S,4,uncalibrated,,GIRAFFE,ivo://eso.org/origfile?GI_SOBS_1685866_2017-06-22T00:37:56.660_F73_Med1_L427.2_o4.fits,"SANA, H.",1685866,ivo://eso.org/ID?ADP.2019-01-18T19:45:55.214,2018-06-22T01:16:40.327Z,241-108480_1685866_2017-06-22T00:37:56.660_F73_Med1_L427.2_o4,MOS,IDP,,,https://archive.eso.org/dataset/ADP.2019-01-18T19:45:55.214,099.D-0895(A),2019-01-18T20:50:37Z,http://www.eso.org/rm/api/v1/public/releaseDescriptions/73,-41.893916,3.3388E-4,,253.650208,POSITION J2000 253.65020800000002 -41.893916,,,,627.3,,1680.016,57926.04764586,57926.02635023,1839.942432,,241-108480
,175,application/x-votable+xml;content=datalink,http://archive.eso.org/datalink/links?ID=ivo://eso.org/ID?ADP.2019-01-18T19:45:55.286," ",2,,spectrum,ADP.2019-01-18T19:45:55.286,4.57091E-7,3.9599200000000004E-7,6300.0,3056,ESO-VLT-U2,,1.068563,343.469249,GIRAFFE,0,2020-10-13T14:00:12.790Z,S,4,uncalibrated,,GIRAFFE,ivo://eso.org/origfile?GI_SOBS_1685866_2017-06-22T00:37:56.660_F68_Med1_L427.2_o4.fits,"SANA, H.",1685866,ivo://eso.org/ID?ADP.2019-01-18T19:45:55.286,2018-06-22T01:16:40.327Z,241-108516_1685866_2017-06-22T00:37:56.660_F68_Med1_L427.2_o4,MOS,IDP,,,https://archive.eso.org/dataset/ADP.2019-01-18T19:45:55.286,099.D-0895(A),2019-01-18T20:50:37Z,http://www.eso.org/rm/api/v1/public/releaseDescriptions/73,-41.893999,3.3388E-4,,253.666166,POSITION J2000 253.666166 -41.893999,,,,566.5,,1680.016,57926.04764586,57926.02635023,1839.942432,,241-108516
,175,application/x-votable+xml;content=datalink,http://archive.eso.org/datalink/links?ID=ivo://eso.org/ID?ADP.2019-01-18T19:45:55.436," ",2,,spectrum,ADP.2019-01-18T19:45:55.436,4.57091E-7,3.9599200000000004E-7,6300.0,3056,ESO-VLT-U2,,1.133753,343.458126,GIRAFFE,0,2020-10-13T14:00:12.790Z,S,4,uncalibrated,,GIRAFFE,ivo://eso.org/origfile?GI_SOBS_1685866_2017-06-22T00:37:56.660_F74_Med1_L427.2_o4.fits,"SANA, H.",1685866,ivo://eso.org/ID?ADP.2019-01-18T19:45:55.436,2018-06-22T01:16:40.327Z,241-108307_1685866_2017-06-22T00:37:56.660_F74_Med1_L427.2_o4,MOS,IDP,,,https://archive.eso.org/dataset/ADP.2019-01-18T19:45:55.436,099.D-0895(A),2019-01-18T20:50:37Z,http://www.eso.org/rm/api/v1/public/releaseDescriptions/73,-41.861583,3.3388E-4,,253.588749,POSITION J2000 253.588749 -41.861583,,,,560.9,,1680.016,57926.04764586,57926.02635023,1839.942432,,241-108307
,175,application/x-votable+xml;content=datalink,http://archive.eso.org/datalink/links?ID=ivo://eso.org/ID?ADP.2019-01-18T19:45:55.454," ",2,,spectrum,ADP.2019-01-18T19:45:55.454,4.57091E-7,3.9599200000000004E-7,6300.0,3056,ESO-VLT-U2,,1.103109,343.528141,GIRAFFE,0,2020-10-13T14:00:12.790Z,S,4,uncalibrated,,GIRAFFE,ivo://eso.org/origfile?GI_SOBS_1685866_2017-06-22T00:37:56.660_F61_Med1_L427.2_o4.fits,"SANA, H.",1685866,ivo://eso.org/ID?ADP.2019-01-18T19:45:55.454,2018-06-22T01:16:40.327Z,241-108553_1685866_2017-06-22T00:37:56.660_F61_Med1_L427.2_o4,MOS,IDP,,,https://archive.eso.org/dataset/ADP.2019-01-18T19:45:55.454,099.D-0895(A),2019-01-18T20:50:37Z,http://www.eso.org/rm/api/v1/public/releaseDescriptions/73,-41.826499,3.3388E-4,,253.679874,POSITION J2000 253.67987399999998 -41.826499,,,,613.9,,1680.016,57926.04764586,57926.02635023,1839.942432,,241-108553
,175,application/x-votable+xml;content=datalink,http://archive.eso.org/datalink/links?ID=ivo://eso.org/ID?ADP.2019-01-18T19:53:02.326," ",2,,spectrum,ADP.2019-01-18T19:53:02.326,4.57094E-7,3.95995E-7,6300.0,3056,ESO-VLT-U2,,1.115811,343.401268,GIRAFFE,0,2020-10-13T13:59:51.737Z,S,4,uncalibrated,,GIRAFFE,ivo://eso.org/origfile?GI_SOBS_1685863_2017-06-16T04:14:54.502_F91_Med1_L427.2_o4.fits,"SANA, H.",1685863,ivo://eso.org/ID?ADP.2019-01-18T19:53:02.326,2018-06-16T04:56:07.817Z,241-108208_1685863_2017-06-16T04:14:54.502_F91_Med1_L427.2_o4,MOS,IDP,,,https://archive.eso.org/dataset/ADP.2019-01-18T19:53:02.326,099.D-0895(A),2019-01-18T21:02:25Z,http://www.eso.org/rm/api/v1/public/releaseDescriptions/73,-41.917027,3.3388E-4,,253.559333,POSITION J2000 253.55933299999998 -41.917027,,,,671.0,,1680.013,57920.19832075,57920.1770197,1840.41072,,241-108208
,175,application/x-votable+xml;content=datalink,http://archive.eso.org/datalink/links?ID=ivo://eso.org/ID?ADP.2019-01-18T19:53:02.344," ",2,,spectrum,ADP.2019-01-18T19:53:02.344,4.57094E-7,3.95995E-7,6300.0,3056,ESO-VLT-U2,,1.068563,343.469249,GIRAFFE,0,2020-10-13T13:59:51.737Z,S,4,uncalibrated,,GIRAFFE,ivo://eso.org/origfile?GI_SOBS_1685863_2017-06-16T04:14:54.502_F68_Med1_L427.2_o4.fits,"SANA, H.",1685863,ivo://eso.org/ID?ADP.2019-01-18T19:53:02.344,2018-06-16T04:56:07.817Z,241-108516_1685863_2017-06-16T04:14:54.502_F68_Med1_L427.2_o4,MOS,IDP,,,https://archive.eso.org/dataset/ADP.2019-01-18T19:53:02.344,099.D-0895(A),2019-01-18T21:02:25Z,http://www.eso.org/rm/api/v1/public/releaseDescriptions/73,-41.893999,3.3388E-4,,253.666166,POSITION J2000 253.666166 -41.893999,,,,777.5,,1680.013,57920.19832075,57920.1770197,1840.41072,,241-108516
,175,application/x-votable+xml;content=datalink,http://archive.eso.org/datalink/links?ID=ivo://eso.org/ID?ADP.2019-01-18T19:53:02.512," ",2,,spectrum,ADP.2019-01-18T19:53:02.512,4.57094E-7,3.95995E-7,6300.0,3056,ESO-VLT-U2,,1.103109,343.528141,GIRAFFE,0,2020-10-13T13:59:51.737Z,S,4,uncalibrated,,GIRAFFE,ivo://eso.org/origfile?GI_SOBS_1685863_2017-06-16T04:14:54.502_F61_Med1_L427.2_o4.fits,"SANA, H.",1685863,ivo://eso.org/ID?ADP.2019-01-18T19:53:02.512,2018-06-16T04:56:07.817Z,241-108553_1685863_2017-06-16T04:14:54.502_F61_Med1_L427.2_o4,MOS,IDP,,,https://archive.eso.org/dataset/ADP.2019-01-18T19:53:02.512,099.D-0895(A),2019-01-18T21:02:25Z,http://www.eso.org/rm/api/v1/public/releaseDescriptions/73,-41.826499,3.3388E-4,,253.679874,POSITION J2000 253.67987399999998 -41.826499,,,,817.0,,1680.013,57920.19832075,57920.1770197,1840.41072,,241-108553
,175,application/x-votable+xml;content=datalink,http://archive.eso.org/datalink/links?ID=ivo://eso.org/ID?ADP.2019-01-18T19:53:02.536," ",2,,spectrum,ADP.2019-01-18T19:53:02.536,4.57094E-7,3.95995E-7,6300.0,3056,ESO-VLT-U2,,1.077845,343.461834,GIRAFFE,0,2020-10-13T13:59:51.737Z,S,4,uncalibrated,,GIRAFFE,ivo://eso.org/origfile?GI_SOBS_1685863_2017-06-16T04:14:54.502_F73_Med1_L427.2_o4.fits,"SANA, H.",1685863,ivo://eso.org/ID?ADP.2019-01-18T19:53:02.536,2018-06-16T04:56:07.817Z,241-108480_1685863_2017-06-16T04:14:54.502_F73_Med1_L427.2_o4,MOS,IDP,,,https://archive.eso.org/dataset/ADP.2019-01-18T19:53:02.536,099.D-0895(A),2019-01-18T21:02:25Z,http://www.eso.org/rm/api/v1/public/releaseDescriptions/73,-41.893916,3.3388E-4,,253.650208,POSITION J2000 253.65020800000002 -41.893916,,,,836.5,,1680.013,57920.19832075,57920.1770197,1840.41072,,241-108480
,175,application/x-votable+xml;content=datalink,http://archive.eso.org/datalink/links?ID=ivo://eso.org/ID?ADP.2019-01-18T19:53:02.638," ",2,,spectrum,ADP.2019-01-18T19:53:02.638,4.57094E-7,3.95995E-7,6300.0,3056,ESO-VLT-U2,,1.133753,343.458126,GIRAFFE,0,2020-10-13T13:59:51.737Z,S,4,uncalibrated,,GIRAFFE,ivo://eso.org/origfile?GI_SOBS_1685863_2017-06-16T04:14:54.502_F74_Med1_L427.2_o4.fits,"SANA, H.",1685863,ivo://eso.org/ID?ADP.2019-01-18T19:53:02.638,2018-06-16T04:56:07.817Z,241-108307_1685863_2017-06-16T04:14:54.502_F74_Med1_L427.2_o4,MOS,IDP,,,https://archive.eso.org/dataset/ADP.2019-01-18T19:53:02.638,099.D-0895(A),2019-01-18T21:02:25Z,http://www.eso.org/rm/api/v1/public/releaseDescriptions/73,-41.861583,3.3388E-4,,253.588749,POSITION J2000 253.588749 -41.861583,,,,761.6,,1680.013,57920.19832075,57920.1770197,1840.41072,,241-108307
,175,application/x-votable+xml;content=datalink,http://archive.eso.org/datalink/links?ID=ivo://eso.org/ID?ADP.2019-01-18T19:53:02.662," ",2,,spectrum,ADP.2019-01-18T19:53:02.662,4.57094E-7,3.95995E-7,6300.0,3056,ESO-VLT-U2,,1.114431,343.505811,GIRAFFE,0,2020-10-13T13:59:51.737Z,S,4,uncalibrated,,GIRAFFE,ivo://eso.org/origfile?GI_SOBS_1685863_2017-06-16T04:14:54.502_F60_Med1_L427.2_o4.fits,"SANA, H.",1685863,ivo://eso.org/ID?ADP.2019-01-18T19:53:02.662,2018-06-16T04:56:07.817Z,241-108477_1685863_2017-06-16T04:14:54.502_F60_Med1_L427.2_o4,MOS,IDP,,,https://archive.eso.org/dataset/ADP.2019-01-18T19:53:02.662,099.D-0895(A),2019-01-18T21:02:25Z,http://www.eso.org/rm/api/v1/public/releaseDescriptions/73,-41.836722,3.3388E-4,,253.649208,POSITION J2000 253.649208 -41.836722,,,,591.3,,1680.013,57920.19832075,57920.1770197,1840.41072,,241-108477
,175,application/x-votable+xml;content=datalink,http://archive.eso.org/datalink/links?ID=ivo://eso.org/ID?ADP.2019-01-18T19:53:02.746," ",2,,spectrum,ADP.2019-01-18T19:53:02.746,4.57094E-7,3.95995E-7,6300.0,3056,ESO-VLT-U2,,1.104206,343.580113,GIRAFFE,0,2020-10-13T13:59:51.737Z,S,4,uncalibrated,,GIRAFFE,ivo://eso.org/origfile?GI_SOBS_1685863_2017-06-16T04:14:54.502_F50_Med1_L427.2_o4.fits,"SANA, H.",1685863,ivo://eso.org/ID?ADP.2019-01-18T19:53:02.746,2018-06-16T04:56:07.817Z,242-106179_1685863_2017-06-16T04:14:54.502_F50_Med1_L427.2_o4,MOS,IDP,,,https://archive.eso.org/dataset/ADP.2019-01-18T19:53:02.746,099.D-0895(A),2019-01-18T21:02:25Z,http://www.eso.org/rm/api/v1/public/releaseDescriptions/73,-41.785416,3.3388E-4,,253.722583,POSITION J2000 253.722583 -41.785416,,,,562.3,,1680.013,57920.19832075,57920.1770197,1840.41072,,242-106179
,175,application/x-votable+xml;content=datalink,http://archive.eso.org/datalink/links?ID=ivo://eso.org/ID?ADP.2019-01-18T20:00:01.210," ",2,,spectrum,ADP.2019-01-18T20:00:01.210,4.57095E-7,3.95996E-7,6300.0,3056,ESO-VLT-U2,,1.133753,343.458126,GIRAFFE,0,2020-10-13T14:00:06.087Z,S,4,uncalibrated,,GIRAFFE,ivo://eso.org/origfile?GI_SOBS_1685860_2017-06-15T03:24:20.235_F67_Med2_L427.2_o4.fits,"SANA, H.",1685860,ivo://eso.org/ID?ADP.2019-01-18T20:00:01.210,2018-06-15T04:01:44.113Z,241-108307_1685860_2017-06-15T03:24:20.235_F67_Med2_L427.2_o4,MOS,IDP,,,https://archive.eso.org/dataset/ADP.2019-01-18T20:00:01.210,099.D-0895(A),2019-01-18T21:08:10Z,http://www.eso.org/rm/api/v1/public/releaseDescriptions/73,-41.861583,3.3388E-4,,253.588749,POSITION J2000 253.588749 -41.861583,,,,530.0,,1680.006,57919.16321615,57919.14190086,1841.641056,,241-108307
,282,application/x-votable+xml;content=datalink,http://archive.eso.org/datalink/links?ID=ivo://eso.org/ID?ADP.2019-01-19T00:11:34.519," ",2,,spectrum,ADP.2019-01-19T00:11:34.519,5.619439999999999E-7,5.33346E-7,20000.0,5720,ESO-VLT-U2,,1.104062,343.311183,GIRAFFE,0,2020-10-13T13:59:20.957Z,S,2,uncalibrated,,GIRAFFE,ivo://eso.org/origfile?GI_SOBS_200416018_2017-02-11T08:44:18.367_F104_Med1_H548.8_o10.fits,"GILMORE, GERARD",200416018,ivo://eso.org/ID?ADP.2019-01-19T00:11:34.519,2017-02-11T08:56:08.400Z,V900Sco_200416018_2017-02-11T08:44:18.367_F104_Med1_H548.8_o10,MOS,IDP,,,https://archive.eso.org/dataset/ADP.2019-01-19T00:11:34.519,197.B-1074(D),2019-01-19T01:27:21Z,http://www.eso.org/rm/api/v1/public/releaseDescriptions/73,-41.994333,3.3388E-4,,253.495208,POSITION J2000 253.495208 -41.994333,,,,517.2,,120.005,57795.36608714,57795.36410147,171.561888,,V900Sco
,460,application/x-votable+xml;content=datalink,http://archive.eso.org/datalink/links?ID=ivo://eso.org/ID?ADP.2019-01-19T00:11:36.530," ",2,,spectrum,ADP.2019-01-19T00:11:36.530,8.99373E-7,8.48274E-7,18000.0,10220,ESO-VLT-U2,,1.104062,343.311183,GIRAFFE,0,2020-10-13T13:59:20.957Z,S,3,uncalibrated,,GIRAFFE,ivo://eso.org/origfile?GI_SOBS_200416018_2017-02-11T08:55:20.272_F104_Med1_H875.7_o6.fits,"GILMORE, GERARD",200416018,ivo://eso.org/ID?ADP.2019-01-19T00:11:36.530,2017-02-11T09:11:02.163Z,V900Sco_200416018_2017-02-11T08:55:20.272_F104_Med1_H875.7_o6,MOS,IDP,,,https://archive.eso.org/dataset/ADP.2019-01-19T00:11:36.530,197.B-1074(D),2019-01-19T01:27:21Z,http://www.eso.org/rm/api/v1/public/releaseDescriptions/73,-41.994333,3.3388E-4,,253.495208,POSITION J2000 253.495208 -41.994333,,,,608.5,,60.009,57795.37367102,57795.3717624,164.904768,,V900Sco
,357,application/x-votable+xml;content=datalink,http://archive.eso.org/datalink/links?ID=ivo://eso.org/ID?ADP.2019-01-19T00:11:36.966," ",2,,spectrum,ADP.2019-01-19T00:11:36.966,6.82254E-7,6.44256E-7,17000.0,7600,ESO-VLT-U2,,1.104062,343.311183,GIRAFFE,0,2020-10-13T13:59:20.957Z,S,2,uncalibrated,,GIRAFFE,ivo://eso.org/origfile?GI_SOBS_200416018_2017-02-11T08:51:19.012_F104_Med1_H665._o8.fits,"GILMORE, GERARD",200416018,ivo://eso.org/ID?ADP.2019-01-19T00:11:36.966,2017-02-11T09:06:18.980Z,V900Sco_200416018_2017-02-11T08:51:19.012_F104_Med1_H665._o8,MOS,IDP,,,https://archive.eso.org/dataset/ADP.2019-01-19T00:11:36.966,197.B-1074(D),2019-01-19T01:27:21Z,http://www.eso.org/rm/api/v1/public/releaseDescriptions/73,-41.994333,3.3388E-4,,253.495208,POSITION J2000 253.495208 -41.994333,,,,739.0,,120.006,57795.37101081,57795.36897004,176.322528,,V900Sco
,9757,application/x-votable+xml;content=datalink,http://archive.eso.org/datalink/links?ID=ivo://eso.org/ID?ADP.2020-06-26T07:20:00.890," ",2,,spectrum,ADP.2020-06-26T07:20:00.890,6.68653E-7,4.5835E-7,87410.0,134628,ESO-VLT-U2,,0.86984,343.027667,UVES,0,2020-10-22T08:34:27.073Z,S,10,absolute,,UVES,ivo://eso.org/origfile?UV_SOBF_200184656_2009-03-07T08:11:10.852_RED564d1_1x1_04.fits,"BELETSKY, YURI",200184656,ivo://eso.org/ID?ADP.2020-06-26T07:20:00.890,2010-03-07T08:22:03.580Z,HD152236_200184656_2009-03-07T08:11:10.852_RED564d1_1x1_04,ECHELLE,IDP,,,https://archive.eso.org/dataset/ADP.2020-06-26T07:20:00.890,082.C-0566(A),2020-10-20T09:56:08Z,http://www.eso.org/rm/api/v1/public/releaseDescriptions/163,-42.36204,1.1E-4,,253.499022,POSITION J2000 253.499022 -42.36204,,,,522.8,,229.976,54897.348884,54897.34109782,672.725952,,HD152236
