ID,Name,Mass_kg,Radius_m,Velocity_m/s,Type,Mass_Msun,Schwarzschild_radius_m,R/r_s
1,Planet_1,3.186570e+26,6.433729e+07,1.458465e+04,planet,1.602097e-04,4.732796e-01,1.359393e+08
2,Planet_2,1.577460e+27,5.721832e+07,3.384428e+04,planet,7.930922e-04,2.342895e+00,2.442206e+07
3,Planet_3,3.733245e+26,8.739949e+06,4.441689e+04,planet,1.876946e-04,5.544735e-01,1.576261e+07
4,Planet_4,7.368884e+26,4.530741e+07,3.327709e+03,planet,3.704819e-04,1.094450e+00,4.139741e+07
5,Planet_5,1.049593e+26,4.440490e+07,2.222664e+04,planet,5.276990e-05,1.558890e-01,2.848495e+08
6,Planet_6,6.001679e+26,4.907892e+07,1.383896e+03,planet,3.017436e-04,8.913887e-01,5.505894e+07
7,Planet_7,1.029821e+27,2.768382e+07,2.578803e+04,planet,5.177582e-04,1.529523e+00,1.809964e+07
8,Planet_8,2.347710e+26,6.306362e+07,3.231718e+04,planet,1.180347e-04,3.486893e-01,1.808590e+08
9,Planet_9,3.209769e+26,4.568044e+07,3.222116e+04,planet,1.613760e-04,4.767252e-01,9.582133e+07
10,Planet_10,6.338482e+26,6.032357e+07,3.276434e+04,planet,3.186768e-04,9.414117e-01,6.407778e+07
11,Planet_11,1.363863e+27,1.225986e+07,4.601744e+03,planet,6.857026e-04,2.025652e+00,6.052301e+06
12,Planet_12,1.785556e+27,6.120788e+07,1.184454e+03,planet,8.977152e-04,2.651964e+00,2.308021e+07
13,Planet_13,4.184110e+26,2.169838e+07,2.063527e+04,planet,2.103625e-04,6.214374e-01,3.491643e+07
14,Planet_14,5.805234e+25,3.947618e+07,4.631465e+04,planet,2.918669e-05,8.622119e-02,4.578478e+08
15,Planet_15,2.395951e+26,2.373928e+07,1.269600e+04,planet,1.204601e-04,3.558544e-01,6.671067e+07
16,Planet_16,1.000915e+27,6.069984e+07,4.775240e+04,planet,5.032251e-04,1.486591e+00,4.083157e+07
17,Planet_17,8.022255e+26,9.548667e+06,3.768394e+04,planet,4.033311e-04,1.191491e+00,8.014048e+06
18,Planet_18,2.565610e+25,3.774910e+07,3.860587e+04,planet,1.289900e-05,3.810527e-02,9.906531e+08
19,Planet_19,6.762971e+26,5.674727e+07,2.139938e+04,planet,3.400186e-04,1.004458e+00,5.649541e+07
20,Planet_20,5.651455e+25,1.399304e+07,4.062158e+03,planet,2.841355e-05,8.393722e-02,1.667084e+08
21,Planet_21,9.788375e+26,2.766265e+07,3.429288e+04,planet,4.921254e-04,1.453801e+00,1.902781e+07
22,Planet_22,8.125206e+26,5.103354e+07,4.686882e+04,planet,4.085071e-04,1.206782e+00,4.228896e+07
23,Planet_23,1.295841e+27,5.962976e+07,7.320689e+03,planet,6.515039e-04,1.924625e+00,3.098253e+07
24,Planet_24,1.055561e+27,7.170056e+06,3.715380e+04,planet,5.306994e-04,1.567753e+00,4.573460e+06
25,Planet_25,5.972608e+26,4.161367e+07,1.480922e+04,planet,3.002819e-04,8.870709e-01,4.691132e+07
26,Planet_26,1.789205e+27,5.665448e+07,4.582617e+04,planet,8.995501e-04,2.657385e+00,2.131964e+07
27,Planet_27,6.148165e+26,2.283737e+07,2.698562e+04,planet,3.091083e-04,9.131451e-01,2.500958e+07
28,Planet_28,8.368065e+26,6.503467e+07,1.292234e+04,planet,4.207172e-04,1.242852e+00,5.232697e+07
29,Planet_29,1.753229e+26,6.941706e+07,2.226144e+04,planet,8.814623e-05,2.603951e-01,2.665836e+08
30,Planet_30,5.599745e+25,6.549439e+07,4.746196e+04,planet,2.815357e-05,8.316920e-02,7.874837e+08
31,Planet_31,1.401568e+26,4.421513e+07,3.420082e+04,planet,7.046595e-05,2.081653e-01,2.124039e+08
32,Planet_32,1.070945e+27,3.133649e+07,1.907978e+04,planet,5.384338e-04,1.590602e+00,1.970103e+07
33,Planet_33,5.568358e+26,2.617145e+07,3.118245e+04,planet,2.799577e-04,8.270303e-01,3.164510e+07
34,Planet_34,9.606730e+26,3.502940e+07,4.368312e+03,planet,4.829930e-04,1.426822e+00,2.455064e+07
35,Planet_35,1.599042e+26,1.782176e+07,3.994522e+04,planet,8.039429e-05,2.374949e-01,7.504059e+07
36,Planet_36,1.773434e+27,3.270607e+07,6.850987e+03,planet,8.916211e-04,2.633962e+00,1.241706e+07
37,Planet_37,1.840219e+27,3.266403e+07,3.640235e+04,planet,9.251983e-04,2.733153e+00,1.195104e+07
38,Planet_38,1.058310e+26,5.680750e+07,1.696230e+04,planet,5.320816e-05,1.571836e-01,3.614085e+08
39,Planet_39,1.622700e+27,5.136049e+07,1.304410e+04,planet,8.158369e-04,2.410085e+00,2.131065e+07
40,Planet_40,1.717197e+27,1.265777e+07,1.544079e+04,planet,8.633467e-04,2.550435e+00,4.962983e+06
41,Planet_41,4.891548e+26,9.967040e+06,3.367665e+04,planet,2.459300e-04,7.265084e-01,1.371910e+07
42,Planet_42,1.246499e+27,3.637427e+07,3.536702e+04,planet,6.266963e-04,1.851340e+00,1.964754e+07
43,Planet_43,1.870297e+27,6.452549e+07,4.539240e+04,planet,9.403203e-04,2.777825e+00,2.322878e+07
44,Planet_44,3.617291e+26,6.324351e+07,1.323842e+04,planet,1.818648e-04,5.372517e-01,1.177167e+08
45,Planet_45,7.262202e+26,6.275453e+07,4.981765e+04,planet,3.651183e-04,1.078606e+00,5.818117e+07
46,Planet_46,1.030228e+27,4.321214e+07,4.709085e+04,planet,5.179626e-04,1.530127e+00,2.824088e+07
47,Planet_47,1.482587e+26,2.811263e+07,4.332911e+04,planet,7.453932e-05,2.201986e-01,1.276694e+08
48,Planet_48,1.446991e+26,5.149319e+07,4.719022e+04,planet,7.274966e-05,2.149117e-01,2.396016e+08
49,Planet_49,1.263309e+27,5.058721e+07,4.363815e+04,planet,6.351476e-04,1.876306e+00,2.696106e+07
50,Planet_50,8.834575e+26,5.053455e+07,3.910788e+04,planet,4.441717e-04,1.312139e+00,3.851310e+07
51,Planet_51,7.073339e+26,1.331585e+07,4.378044e+03,planet,3.556229e-04,1.050555e+00,1.267506e+07
52,Planet_52,4.951080e+26,1.877496e+07,4.296559e+04,planet,2.489231e-04,7.353502e-01,2.553200e+07
53,Planet_53,1.581462e+27,1.092809e+07,4.850061e+04,planet,7.951040e-04,2.348838e+00,4.652550e+06
54,Planet_54,1.660933e+27,3.849685e+07,1.392143e+04,planet,8.350593e-04,2.466871e+00,1.560554e+07
55,Planet_55,1.727962e+27,5.514870e+07,1.470065e+04,planet,8.687591e-04,2.566424e+00,2.148854e+07
56,Planet_56,3.980141e+26,9.084355e+06,4.188817e+04,planet,2.001077e-04,5.911434e-01,1.536743e+07
57,Planet_57,5.167604e+26,4.588084e+07,4.397845e+04,planet,2.598091e-04,7.675090e-01,5.977889e+07
58,Planet_58,1.495500e+27,3.969679e+07,3.202692e+04,planet,7.518852e-04,2.221164e+00,1.787206e+07
59,Planet_59,2.414520e+26,3.033136e+07,1.756569e+04,planet,1.213936e-04,3.586122e-01,8.457985e+07
60,Planet_60,1.822662e+27,5.474418e+07,1.476827e+04,planet,9.163711e-04,2.707076e+00,2.022262e+07
61,Planet_61,1.476729e+27,5.198029e+07,1.638345e+04,planet,7.424478e-04,2.193285e+00,2.369975e+07
62,Planet_62,1.028088e+27,1.538379e+07,1.005160e+04,planet,5.168869e-04,1.526949e+00,1.007485e+07
63,Planet_63,1.608496e+27,3.198478e+07,1.833737e+04,planet,8.086959e-04,2.388990e+00,1.338841e+07
64,Planet_64,1.912122e+26,6.031792e+07,1.419367e+04,planet,9.613487e-05,2.839946e-01,2.123911e+08
65,Planet_65,7.401791e+26,4.860553e+07,3.064196e+04,planet,3.721363e-04,1.099338e+00,4.421346e+07
66,Planet_66,6.136173e+26,2.226606e+07,1.619147e+04,planet,3.085054e-04,9.113641e-01,2.443158e+07
67,Planet_67,1.686225e+27,2.914811e+07,4.902550e+04,planet,8.477752e-04,2.504435e+00,1.163860e+07
68,Planet_68,1.006718e+27,3.246869e+07,2.541250e+04,planet,5.061429e-04,1.495210e+00,2.171513e+07
69,Planet_69,2.405043e+26,3.028701e+07,4.751164e+03,planet,1.209172e-04,3.572048e-01,8.478894e+07
70,Planet_70,5.045762e+26,1.382014e+07,1.722144e+04,planet,2.536834e-04,7.494128e-01,1.844130e+07
71,Planet_71,5.849142e+26,2.040155e+07,4.901375e+04,planet,2.940745e-04,8.687334e-01,2.348424e+07
72,Planet_72,1.362539e+27,3.789555e+07,4.364704e+03,planet,6.850372e-04,2.023686e+00,1.872600e+07
73,Planet_73,1.293681e+27,6.261036e+07,4.297630e+04,planet,6.504176e-04,1.921416e+00,3.258553e+07
74,Planet_74,1.522112e+27,1.798135e+07,1.076769e+04,planet,7.652649e-04,2.260689e+00,7.953921e+06
75,Planet_75,6.978036e+26,3.763849e+07,2.529517e+04,planet,3.508314e-04,1.036400e+00,3.631656e+07
76,Planet_76,1.990474e+26,6.674422e+07,4.492830e+04,planet,1.000741e-04,2.956316e-01,2.257682e+08
77,Planet_77,2.666052e+26,1.821236e+07,2.553166e+04,planet,1.340398e-04,3.959706e-01,4.599422e+07
78,Planet_78,4.758446e+26,2.011517e+07,1.496884e+04,planet,2.392381e-04,7.067397e-01,2.846192e+07
79,Planet_79,6.976911e+26,1.376076e+07,3.810105e+04,planet,3.507748e-04,1.036233e+00,1.327960e+07
80,Planet_80,1.523108e+27,2.420322e+07,2.150498e+04,planet,7.657655e-04,2.262168e+00,1.069913e+07
81,Planet_81,1.186485e+27,5.159217e+07,4.915876e+04,planet,5.965232e-04,1.762205e+00,2.927706e+07
82,Planet_82,1.406916e+27,1.971475e+07,4.173308e+04,planet,7.073484e-04,2.089597e+00,9.434714e+06
83,Planet_83,5.715876e+26,3.557274e+07,1.116945e+03,planet,2.873743e-04,8.489402e-01,4.190253e+07
84,Planet_84,1.011878e+27,2.832417e+07,1.603585e+04,planet,5.087372e-04,1.502874e+00,1.884667e+07
85,Planet_85,1.430100e+27,4.817020e+07,2.825584e+04,planet,7.190045e-04,2.124030e+00,2.267868e+07
86,Planet_86,1.203743e+27,1.818103e+07,3.173064e+04,planet,6.051999e-04,1.787837e+00,1.016929e+07
87,Planet_87,1.261953e+27,6.533908e+07,1.228080e+04,planet,6.344661e-04,1.874293e+00,3.486065e+07
88,Planet_88,1.750611e+27,1.558115e+07,4.055423e+04,planet,8.801461e-04,2.600063e+00,5.992606e+06
89,Planet_89,1.789433e+27,1.907787e+07,1.367113e+04,planet,8.996647e-04,2.657723e+00,7.178276e+06
90,Planet_90,2.407865e+26,4.197796e+07,1.356105e+04,planet,1.210591e-04,3.576238e-01,1.173802e+08
91,Planet_91,1.688995e+27,1.403154e+07,4.741837e+03,planet,8.491678e-04,2.508549e+00,5.593488e+06
92,Planet_92,2.204911e+26,5.563873e+07,4.566334e+04,planet,1.108553e-04,3.274805e-01,1.698994e+08
93,Planet_93,1.778318e+27,2.915757e+07,1.476380e+04,planet,8.940764e-04,2.641215e+00,1.103946e+07
94,Planet_94,1.447453e+27,3.074820e+07,3.920882e+04,planet,7.277292e-04,2.149804e+00,1.430279e+07
95,Planet_95,1.311245e+26,6.028664e+07,4.683256e+04,planet,6.592486e-05,1.947504e-01,3.095585e+08
96,Planet_96,1.025179e+27,1.601488e+07,4.513527e+04,planet,5.154244e-04,1.522629e+00,1.051791e+07
97,Planet_97,4.759882e+26,6.116102e+07,4.866200e+04,planet,2.393103e-04,7.069529e-01,8.651357e+07
98,Planet_98,2.361089e+26,5.209784e+07,7.321147e+03,planet,1.187074e-04,3.506766e-01,1.485638e+08
99,Planet_99,1.440438e+27,4.498025e+07,6.990669e+03,planet,7.242019e-04,2.139384e+00,2.102486e+07
100,Planet_100,1.134344e+27,2.429395e+07,4.934172e+04,planet,5.703086e-04,1.684764e+00,1.441980e+07
101,Star_1,1.568800e+32,2.994700e+09,9.163643e+04,star,7.887379e+01,2.330032e+05,1.285262e+04
102,Star_2,6.517402e+31,4.333476e+09,8.256486e+04,star,3.276723e+01,9.679854e+04,4.476799e+04
103,Star_3,4.236534e+31,1.059965e+09,3.628389e+04,star,2.129982e+01,6.292236e+04,1.684560e+04
104,Star_4,4.983290e+31,7.153165e+08,1.799498e+04,star,2.505425e+01,7.401341e+04,9.664687e+03
105,Star_5,1.765603e+32,3.727989e+09,4.788099e+04,star,8.876837e+01,2.622330e+05,1.421632e+04
106,Star_6,3.881469e+31,6.128893e+09,1.822591e+04,star,1.951468e+01,5.764883e+04,1.063143e+05
107,Star_7,1.435155e+31,1.362076e+09,5.282552e+04,star,7.215460e+00,2.131538e+04,6.390110e+04
108,Star_8,1.553575e+32,3.868725e+09,1.419406e+04,star,7.810834e+01,2.307419e+05,1.676646e+04
109,Star_9,2.207503e+31,4.172725e+09,3.943538e+04,star,1.109856e+01,3.278655e+04,1.272694e+05
110,Star_10,1.321572e+32,6.661881e+09,8.603082e+04,star,6.644402e+01,1.962840e+05,3.394000e+04
111,Star_11,1.091355e+32,4.075891e+09,8.994006e+04,star,5.486955e+01,1.620916e+05,2.514561e+04
112,Star_12,6.277843e+31,6.668537e+09,4.827247e+04,star,3.156281e+01,9.324054e+04,7.151972e+04
113,Star_13,1.263222e+32,5.217765e+09,1.359392e+04,star,6.351040e+01,1.876178e+05,2.781061e+04
114,Star_14,5.049024e+31,3.165550e+09,4.520834e+04,star,2.538474e+01,7.498973e+04,4.221312e+04
115,Star_15,1.652815e+32,6.489796e+09,7.843705e+04,star,8.309779e+01,2.454814e+05,2.643702e+04
116,Star_16,4.705595e+31,6.845414e+09,6.943587e+04,star,2.365809e+01,6.988900e+04,9.794694e+04
117,Star_17,1.329665e+32,3.666360e+09,3.341326e+04,star,6.685095e+01,1.974862e+05,1.856515e+04
118,Star_18,1.068238e+32,5.649089e+09,7.246015e+04,star,5.370729e+01,1.586581e+05,3.560542e+04
119,Star_19,1.401438e+32,1.805618e+09,9.484350e+04,star,7.045940e+01,2.081460e+05,8.674765e+03
120,Star_20,1.436021e+31,5.576985e+09,5.556491e+04,star,7.219815e+00,2.132825e+04,2.614835e+05
121,Star_21,5.944926e+31,4.594562e+09,8.346231e+04,star,2.988902e+01,8.829595e+04,5.203593e+04
122,Star_22,1.879281e+32,4.879411e+09,6.081280e+04,star,9.448371e+01,2.791168e+05,1.748161e+04
123,Star_23,1.180255e+32,3.147258e+09,9.881469e+04,star,5.933914e+01,1.752953e+05,1.795403e+04
124,Star_24,9.167740e+31,2.042284e+09,9.313836e+04,star,4.609221e+01,1.361622e+05,1.499890e+04
125,Star_25,5.742860e+30,3.871950e+09,5.582262e+04,star,2.887310e+00,8.529480e+03,4.539491e+05
126,Star_26,1.440807e+32,1.947026e+09,1.789888e+04,star,7.243876e+01,2.139933e+05,9.098540e+03
127,Star_27,9.612340e+31,5.431325e+09,1.918246e+04,star,4.832750e+01,1.427656e+05,3.804366e+04
128,Star_28,1.411227e+32,6.108938e+09,8.776264e+04,star,7.095158e+01,2.095999e+05,2.914570e+04
129,Star_29,1.760013e+32,3.348066e+09,1.045503e+04,star,8.848732e+01,2.614027e+05,1.280808e+04
130,Star_30,1.185764e+32,6.219937e+09,2.427834e+04,star,5.961610e+01,1.761135e+05,3.531777e+04
131,Star_31,1.105790e+32,1.949471e+09,5.446112e+04,star,5.559529e+01,1.642355e+05,1.186997e+04
132,Star_32,1.452749e+32,1.899933e+09,3.109386e+04,star,7.303919e+01,2.157670e+05,8.805486e+03
133,Star_33,4.923345e+31,5.772708e+09,1.868792e+03,star,2.475287e+01,7.312310e+04,7.894507e+04
134,Star_34,1.912412e+32,2.066542e+09,5.739573e+04,star,9.614942e+01,2.840375e+05,7.275594e+03
135,Star_35,1.173529e+32,1.983517e+09,7.106023e+04,star,5.900097e+01,1.742963e+05,1.138014e+04
136,Star_36,4.670945e+31,6.429436e+09,8.180941e+04,star,2.348389e+01,6.937437e+04,9.267740e+04
137,Star_37,1.594639e+32,4.557477e+09,8.824698e+04,star,8.017289e+01,2.368409e+05,1.924278e+04
138,Star_38,8.221964e+31,4.747803e+09,2.564743e+04,star,4.133717e+01,1.221152e+05,3.887969e+04
139,Star_39,1.201585e+32,5.101442e+09,2.284725e+04,star,6.041152e+01,1.784633e+05,2.858539e+04
140,Star_40,4.668252e+31,1.460608e+09,3.986094e+04,star,2.347035e+01,6.933438e+04,2.106615e+04
141,Star_41,1.632753e+32,7.305219e+08,5.748012e+04,star,8.208916e+01,2.425018e+05,3.012439e+03
142,Star_42,2.302866e+31,3.549331e+09,8.056960e+04,star,1.157801e+01,3.420290e+04,1.037728e+05
143,Star_43,1.104665e+32,4.403705e+09,7.289342e+04,star,5.553870e+01,1.640683e+05,2.684067e+04
144,Star_44,1.638367e+32,4.229128e+09,2.774053e+04,star,8.237139e+01,2.433355e+05,1.737982e+04
145,Star_45,1.222671e+32,1.646898e+09,6.677756e+04,star,6.147164e+01,1.815950e+05,9.069074e+03
146,Star_46,2.203493e+31,4.032259e+09,5.851775e+04,star,1.107839e+01,3.272698e+04,1.232090e+05
147,Star_47,2.875699e+31,1.054952e+09,3.448150e+04,star,1.445802e+01,4.271081e+04,2.469988e+04
148,Star_48,5.355510e+31,2.239373e+09,6.104330e+04,star,2.692564e+01,7.954176e+04,2.815343e+04
149,Star_49,8.947742e+30,3.162145e+09,5.248526e+04,star,4.498614e+00,1.328947e+04,2.379436e+05
150,Star_50,1.161604e+32,2.195166e+09,4.903097e+04,star,5.840143e+01,1.725252e+05,1.272374e+04
151,Star_51,1.716094e+32,6.933065e+09,5.720833e+04,star,8.627922e+01,2.548797e+05,2.720132e+04
152,Star_52,1.237888e+32,5.054581e+09,6.228294e+04,star,6.223671e+01,1.838551e+05,2.749220e+04
153,Star_53,8.731703e+31,1.301241e+09,5.340356e+03,star,4.389996e+01,1.296860e+05,1.003378e+04
154,Star_54,1.369255e+32,4.494323e+09,5.766750e+04,star,6.884136e+01,2.033661e+05,2.209967e+04
155,Star_55,1.269907e+32,4.404861e+09,9.386916e+04,star,6.384651e+01,1.886107e+05,2.335425e+04
156,Star_56,1.367468e+32,1.257994e+09,1.846535e+04,star,6.875153e+01,2.031007e+05,6.193940e+03
157,Star_57,1.527592e+32,4.449769e+09,4.212770e+02,star,7.680202e+01,2.268829e+05,1.961262e+04
158,Star_58,1.068821e+32,5.654458e+09,1.824816e+04,star,5.373661e+01,1.587447e+05,3.561981e+04
159,Star_59,6.637433e+31,4.149164e+09,3.501828e+03,star,3.337070e+01,9.858129e+04,4.208876e+04
160,Star_60,1.526742e+32,1.524551e+09,8.608664e+04,star,7.675929e+01,2.267567e+05,6.723293e+03
161,Star_61,1.629258e+32,9.796773e+08,6.709805e+04,star,8.191340e+01,2.419826e+05,4.048545e+03
162,Star_62,9.271626e+31,3.426058e+09,9.012843e+04,star,4.661451e+01,1.377052e+05,2.487966e+04
163,Star_63,1.168861e+32,4.057778e+09,6.567760e+04,star,5.876629e+01,1.736031e+05,2.337389e+04
164,Star_64,1.169416e+31,3.315018e+09,4.618298e+04,star,5.879416e+00,1.736854e+04,1.908634e+05
165,Star_65,6.169922e+31,4.114366e+09,7.520860e+04,star,3.102022e+01,9.163766e+04,4.489821e+04
166,Star_66,1.979302e+32,1.334648e+09,7.435792e+03,star,9.951242e+01,2.939723e+05,4.540048e+03
167,Star_67,1.223459e+32,1.984904e+09,9.823311e+04,star,6.151125e+01,1.817120e+05,1.092335e+04
168,Star_68,1.442040e+32,1.225339e+09,3.735031e+04,star,7.250076e+01,2.141764e+05,5.721169e+03
169,Star_69,1.376840e+32,5.485722e+09,6.309909e+03,star,6.922271e+01,2.044927e+05,2.682601e+04
170,Star_70,7.194160e+31,1.019123e+09,5.170548e+04,star,3.616973e+01,1.068500e+05,9.537886e+03
171,Star_71,1.904072e+32,6.937559e+09,6.015104e+04,star,9.573013e+01,2.827989e+05,2.453177e+04
172,Star_72,1.330167e+32,2.621358e+09,5.513930e+04,star,6.687618e+01,1.975607e+05,1.326862e+04
173,Star_73,1.321720e+32,3.583713e+09,3.159795e+04,star,6.645149e+01,1.963061e+05,1.825574e+04
174,Star_74,1.314313e+31,4.482821e+09,7.922138e+04,star,6.607911e+00,1.952060e+04,2.296456e+05
175,Star_75,2.468401e+31,2.225163e+09,4.535005e+04,star,1.241026e+01,3.666148e+04,6.069485e+04
176,Star_76,1.530804e+32,5.973382e+09,5.409417e+04,star,7.696348e+01,2.273599e+05,2.627281e+04
177,Star_77,9.550743e+31,1.769597e+09,8.574019e+04,star,4.801781e+01,1.418507e+05,1.247506e+04
178,Star_78,2.623455e+31,2.391523e+09,9.772722e+03,star,1.318982e+01,3.896439e+04,6.137714e+04
179,Star_79,1.453673e+32,3.447147e+09,5.227354e+04,star,7.308564e+01,2.159042e+05,1.596609e+04
180,Star_80,5.808987e+31,3.026201e+09,3.983422e+04,star,2.920557e+01,8.627694e+04,3.507543e+04
181,Star_81,1.487778e+32,7.306093e+08,4.805013e+04,star,7.480032e+01,2.209696e+05,3.306379e+03
182,Star_82,2.877072e+31,2.836888e+09,5.332459e+04,star,1.446492e+01,4.273120e+04,6.638916e+04
183,Star_83,1.542693e+32,1.034879e+09,7.230739e+04,star,7.756121e+01,2.291256e+05,4.516646e+03
184,Star_84,2.354455e+31,3.100868e+09,8.299007e+04,star,1.183738e+01,3.496912e+04,8.867447e+04
185,Star_85,6.822861e+31,1.325443e+09,8.830707e+04,star,3.430297e+01,1.013353e+05,1.307977e+04
186,Star_86,7.605214e+31,3.871473e+09,6.169635e+04,star,3.823637e+01,1.129551e+05,3.427445e+04
187,Star_87,1.718609e+32,1.979796e+09,2.489799e+04,star,8.640568e+01,2.552533e+05,7.756203e+03
188,Star_88,6.516683e+31,4.835684e+09,8.066744e+04,star,3.276362e+01,9.678787e+04,4.996168e+04
189,Star_89,9.136468e+31,1.102326e+09,2.987534e+04,star,4.593498e+01,1.356978e+05,8.123388e+03
190,Star_90,1.883513e+32,4.381019e+09,2.321897e+04,star,9.469650e+01,2.797455e+05,1.566073e+04
191,Star_91,5.559988e+31,3.971788e+09,1.830453e+04,star,2.795369e+01,8.257873e+04,4.809698e+04
192,Star_92,1.022347e+32,6.726442e+09,9.259094e+03,star,5.140006e+01,1.518423e+05,4.429888e+04
193,Star_93,7.453982e+31,4.520644e+09,5.831052e+04,star,3.747603e+01,1.107089e+05,4.083360e+04
194,Star_94,1.663936e+32,4.204900e+09,1.179481e+04,star,8.365693e+01,2.471332e+05,1.701472e+04
195,Star_95,2.171032e+31,2.489390e+09,7.914105e+04,star,1.091519e+01,3.224486e+04,7.720269e+04
196,Star_96,4.931080e+31,6.537833e+09,5.230919e+04,star,2.479176e+01,7.323798e+04,8.926834e+04
197,Star_97,1.452331e+32,2.641289e+09,7.319742e+04,star,7.301815e+01,2.157048e+05,1.224492e+04
198,Star_98,1.736332e+32,5.321698e+09,9.584452e+03,star,8.729673e+01,2.578856e+05,2.063589e+04
199,Star_99,2.429597e+31,2.424120e+09,4.073199e+04,star,1.221517e+01,3.608516e+04,6.717775e+04
200,Star_100,9.169137e+31,9.891373e+08,3.784214e+04,star,4.609923e+01,1.361830e+05,7.263297e+03
201,RedGiant_1,1.724903e+31,5.979796e+11,3.015202e+04,red_giant,8.672212e+00,2.561881e+04,2.334142e+07
202,RedGiant_2,9.308551e+30,2.740823e+11,2.290535e+04,red_giant,4.680016e+00,1.382536e+04,1.982461e+07
203,RedGiant_3,3.787095e+30,1.879321e+11,3.853676e+04,red_giant,1.904020e+00,5.624715e+03,3.341185e+07
204,RedGiant_4,8.459221e+30,5.096645e+11,1.576931e+04,red_giant,4.253002e+00,1.256391e+04,4.056577e+07
205,RedGiant_5,1.044727e+31,3.173941e+11,6.386039e+03,red_giant,5.252523e+00,1.551662e+04,2.045511e+07
206,RedGiant_6,2.602635e+30,6.024881e+11,5.741232e+03,red_giant,1.308515e+00,3.865518e+03,1.558622e+08
207,RedGiant_7,1.098644e+31,3.561746e+11,4.170527e+04,red_giant,5.523599e+00,1.631741e+04,2.182789e+07
208,RedGiant_8,2.663715e+30,3.330206e+11,7.364461e+03,red_giant,1.339223e+00,3.956236e+03,8.417612e+07
209,RedGiant_9,8.891742e+30,6.161938e+11,1.214696e+04,red_giant,4.470459e+00,1.320630e+04,4.665908e+07
210,RedGiant_10,8.001962e+30,6.191742e+11,2.768353e+04,red_giant,4.023108e+00,1.188477e+04,5.209812e+07
211,RedGiant_11,3.226156e+30,2.196359e+11,4.671322e+04,red_giant,1.621999e+00,4.791590e+03,4.583779e+07
212,RedGiant_12,1.715869e+31,6.383027e+11,3.484182e+04,red_giant,8.626794e+00,2.548464e+04,2.504656e+07
213,RedGiant_13,1.652323e+31,1.234251e+11,2.789608e+04,red_giant,8.307306e+00,2.454083e+04,5.029376e+06
214,RedGiant_14,1.796417e+31,1.195980e+11,8.101006e+03,red_giant,9.031758e+00,2.668096e+04,4.482523e+06
215,RedGiant_15,3.391241e+30,4.132380e+11,2.321720e+04,red_giant,1.704998e+00,5.036780e+03,8.204408e+07
216,RedGiant_16,1.845921e+31,6.768358e+11,1.859791e+04,red_giant,9.280647e+00,2.741620e+04,2.468744e+07
217,RedGiant_17,6.242446e+30,8.308236e+10,2.905555e+04,red_giant,3.138485e+00,9.271481e+03,8.961067e+06
218,RedGiant_18,1.691994e+31,2.339625e+11,8.779901e+02,red_giant,8.506756e+00,2.513004e+04,9.310075e+06
219,RedGiant_19,1.285570e+31,4.321409e+11,4.105108e+04,red_giant,6.463398e+00,1.909370e+04,2.263265e+07
220,RedGiant_20,1.248580e+31,3.565152e+11,3.572888e+04,red_giant,6.277424e+00,1.854430e+04,1.922505e+07
221,RedGiant_21,1.171865e+31,6.642959e+11,2.420232e+04,red_giant,5.891730e+00,1.740492e+04,3.816714e+07
222,RedGiant_22,7.939692e+30,6.489524e+11,2.675813e+04,red_giant,3.991801e+00,1.179229e+04,5.503195e+07
223,RedGiant_23,1.562231e+30,1.792538e+11,1.351579e+03,red_giant,7.854355e-01,2.320276e+03,7.725537e+07
224,RedGiant_24,4.403385e+30,4.600403e+11,2.402588e+04,red_giant,2.213869e+00,6.540049e+03,7.034204e+07
225,RedGiant_25,1.171628e+31,3.716077e+11,2.091935e+04,red_giant,5.890539e+00,1.740140e+04,2.135505e+07
226,RedGiant_26,6.986166e+30,1.231542e+11,4.446310e+04,red_giant,3.512401e+00,1.037608e+04,1.186906e+07
227,RedGiant_27,8.112906e+30,1.967995e+11,4.841509e+04,red_giant,4.078887e+00,1.204955e+04,1.633252e+07
228,RedGiant_28,1.101146e+31,2.860482e+11,1.348708e+03,red_giant,5.536181e+00,1.635458e+04,1.749041e+07
229,RedGiant_29,1.499116e+31,4.299330e+11,4.982524e+03,red_giant,7.537034e+00,2.226535e+04,1.930951e+07
230,RedGiant_30,7.170566e+30,3.774166e+11,2.785592e+02,red_giant,3.605111e+00,1.064996e+04,3.543832e+07
231,RedGiant_31,1.573054e+31,1.032611e+11,2.529003e+03,red_giant,7.908767e+00,2.336350e+04,4.419760e+06
232,RedGiant_32,4.173999e+30,6.252593e+11,3.946324e+04,red_giant,2.098541e+00,6.199356e+03,1.008587e+08
233,RedGiant_33,1.830269e+31,1.683979e+11,4.068836e+03,red_giant,9.201954e+00,2.718374e+04,6.194803e+06
234,RedGiant_34,3.562270e+30,3.502353e+11,5.433123e+03,red_giant,1.790985e+00,5.290798e+03,6.619707e+07
235,RedGiant_35,1.421191e+31,6.267932e+11,2.441154e+04,red_giant,7.145255e+00,2.110799e+04,2.969460e+07
236,RedGiant_36,1.944984e+31,4.738856e+11,3.334336e+04,red_giant,9.778705e+00,2.888753e+04,1.640450e+07
237,RedGiant_37,1.022411e+31,8.877161e+10,4.786748e+04,red_giant,5.140329e+00,1.518518e+04,5.845936e+06
238,RedGiant_38,1.024436e+31,2.839068e+11,2.122230e+04,red_giant,5.150507e+00,1.521525e+04,1.865936e+07
239,RedGiant_39,1.164484e+31,1.861851e+11,4.432021e+04,red_giant,5.854622e+00,1.729529e+04,1.076507e+07
240,RedGiant_40,4.743595e+30,2.926469e+11,2.519240e+04,red_giant,2.384915e+00,7.045340e+03,4.153766e+07
241,RedGiant_41,2.369510e+30,6.321430e+11,3.633198e+04,red_giant,1.191307e+00,3.519272e+03,1.796232e+08
242,RedGiant_42,1.137227e+31,4.373702e+11,8.528215e+03,red_giant,5.717581e+00,1.689046e+04,2.589451e+07
243,RedGiant_43,1.990632e+30,5.120593e+11,4.943460e+04,red_giant,1.000820e+00,2.956550e+03,1.731949e+08
244,RedGiant_44,1.875768e+31,1.737209e+11,1.736448e+04,red_giant,9.430707e+00,2.785950e+04,6.235607e+06
245,RedGiant_45,5.262848e+30,5.211297e+11,1.175920e+04,red_giant,2.645977e+00,7.816550e+03,6.667003e+07
246,RedGiant_46,1.557418e+30,5.391671e+11,1.724250e+03,red_giant,7.830154e-01,2.313127e+03,2.330902e+08
247,RedGiant_47,1.386821e+30,6.720862e+11,1.276969e+04,red_giant,6.972456e-01,2.059752e+03,3.262947e+08
248,RedGiant_48,1.903209e+31,5.215161e+11,2.042185e+04,red_giant,9.568674e+00,2.826707e+04,1.844960e+07
249,RedGiant_49,5.137063e+30,5.784985e+11,3.973533e+04,red_giant,2.582736e+00,7.629730e+03,7.582161e+07
250,RedGiant_50,1.652785e+31,3.170303e+11,9.160967e+03,red_giant,8.309629e+00,2.454770e+04,1.291487e+07
251,RedGiant_51,7.603289e+30,5.613399e+11,3.002116e+04,red_giant,3.822669e+00,1.129265e+04,4.970844e+07
252,RedGiant_52,7.623245e+30,3.512457e+11,3.122855e+04,red_giant,3.832702e+00,1.132229e+04,3.102250e+07
253,RedGiant_53,1.429782e+31,3.538076e+11,3.263505e+03,red_giant,7.188447e+00,2.123558e+04,1.666107e+07
254,RedGiant_54,1.669707e+31,5.347443e+11,3.950363e+04,red_giant,8.394704e+00,2.479902e+04,2.156312e+07
255,RedGiant_55,1.301578e+31,2.500410e+11,3.680532e+04,red_giant,6.543883e+00,1.933146e+04,1.293441e+07
256,RedGiant_56,8.350715e+30,3.231692e+11,2.975090e+04,red_giant,4.198449e+00,1.240275e+04,2.605626e+07
257,RedGiant_57,1.035436e+30,1.652213e+11,3.603399e+04,red_giant,5.205813e-01,1.537863e+03,1.074357e+08
258,RedGiant_58,7.655059e+30,3.468375e+11,1.459304e+04,red_giant,3.848697e+00,1.136954e+04,3.050585e+07
259,RedGiant_59,9.046237e+30,2.027176e+11,2.802654e+04,red_giant,4.548133e+00,1.343576e+04,1.508791e+07
260,RedGiant_60,1.083818e+31,6.191237e+11,2.581412e+04,red_giant,5.449058e+00,1.609721e+04,3.846156e+07
261,RedGiant_61,1.882557e+31,1.382401e+11,1.619104e+04,red_giant,9.464843e+00,2.796034e+04,4.944148e+06
262,RedGiant_62,5.359563e+30,3.846587e+11,3.220610e+04,red_giant,2.694602e+00,7.960195e+03,4.832277e+07
263,RedGiant_63,1.547517e+31,2.348943e+11,2.033370e+04,red_giant,7.780379e+00,2.298422e+04,1.021981e+07
264,RedGiant_64,1.061615e+31,1.035603e+11,4.508236e+04,red_giant,5.337432e+00,1.576745e+04,6.567983e+06
265,RedGiant_65,1.306864e+31,3.904212e+11,5.656208e+01,red_giant,6.570460e+00,1.940997e+04,2.011447e+07
266,RedGiant_66,1.911991e+31,2.418911e+11,7.018499e+03,red_giant,9.612826e+00,2.839750e+04,8.518040e+06
267,RedGiant_67,1.775149e+31,6.605971e+11,4.842340e+04,red_giant,8.924830e+00,2.636508e+04,2.505576e+07
268,RedGiant_68,1.890588e+31,4.846888e+11,2.764420e+04,red_giant,9.505219e+00,2.807962e+04,1.726123e+07
269,RedGiant_69,1.935168e+31,4.113777e+11,3.917434e+04,red_giant,9.729353e+00,2.874174e+04,1.431290e+07
270,RedGiant_70,1.681033e+31,5.906596e+11,4.816075e+04,red_giant,8.451651e+00,2.496725e+04,2.365738e+07
271,RedGiant_71,1.291269e+31,1.211679e+11,3.734375e+04,red_giant,6.492052e+00,1.917834e+04,6.317954e+06
272,RedGiant_72,1.245300e+31,7.442715e+10,1.660001e+04,red_giant,6.260934e+00,1.849559e+04,4.024048e+06
273,RedGiant_73,1.267384e+31,1.194017e+11,3.819056e+04,red_giant,6.371966e+00,1.882359e+04,6.343195e+06
274,RedGiant_74,1.243980e+31,2.726942e+11,2.690531e+04,red_giant,6.254297e+00,1.847598e+04,1.475939e+07
275,RedGiant_75,1.659012e+31,4.318742e+11,3.567694e+03,red_giant,8.340936e+00,2.464018e+04,1.752723e+07
276,RedGiant_76,1.908366e+31,2.129130e+11,4.547216e+04,red_giant,9.594602e+00,2.834367e+04,7.511837e+06
277,RedGiant_77,1.806225e+31,2.683744e+11,1.540133e+04,red_giant,9.081072e+00,2.682663e+04,1.000403e+07
278,RedGiant_78,1.474749e+31,6.764358e+11,7.630905e+03,red_giant,7.414523e+00,2.190344e+04,3.088263e+07
279,RedGiant_79,1.008833e+31,9.680421e+10,1.797532e+04,red_giant,5.072061e+00,1.498351e+04,6.460716e+06
280,RedGiant_80,1.937781e+31,6.608362e+11,1.230194e+04,red_giant,9.742491e+00,2.878055e+04,2.296121e+07
281,RedGiant_81,9.199551e+30,4.613376e+11,8.757404e+03,red_giant,4.625214e+00,1.366347e+04,3.376431e+07
282,RedGiant_82,4.540865e+30,4.656130e+11,2.333442e+04,red_giant,2.282989e+00,6.744238e+03,6.903863e+07
283,RedGiant_83,1.128576e+30,4.095668e+11,6.263580e+03,red_giant,5.674087e-01,1.676197e+03,2.443429e+08
284,RedGiant_84,7.572563e+30,3.561432e+11,1.748192e+04,red_giant,3.807221e+00,1.124701e+04,3.166557e+07
285,RedGiant_85,1.336414e+31,3.121082e+11,7.683455e+03,red_giant,6.719023e+00,1.984884e+04,1.572425e+07
286,RedGiant_86,8.562018e+30,1.272997e+11,3.686021e+04,red_giant,4.304685e+00,1.271658e+04,1.001052e+07
287,RedGiant_87,1.482527e+31,3.017385e+11,8.119176e+03,red_giant,7.453631e+00,2.201897e+04,1.370357e+07
288,RedGiant_88,1.591154e+31,1.624480e+11,2.849336e+04,red_giant,7.999769e+00,2.363233e+04,6.873974e+06
289,RedGiant_89,1.619865e+31,2.005962e+11,9.685718e+02,red_giant,8.144118e+00,2.405875e+04,8.337764e+06
290,RedGiant_90,9.982482e+30,5.923516e+11,2.010560e+04,red_giant,5.018845e+00,1.482630e+04,3.995276e+07
291,RedGiant_91,2.999775e+30,1.566024e+11,1.282788e+04,red_giant,1.508183e+00,4.455363e+03,3.514919e+07
292,RedGiant_92,9.965359e+30,5.790960e+11,4.897588e+04,red_giant,5.010236e+00,1.480087e+04,3.912580e+07
293,RedGiant_93,1.797357e+31,4.522641e+11,2.573210e+04,red_giant,9.036484e+00,2.669492e+04,1.694196e+07
294,RedGiant_94,9.144436e+30,3.096957e+11,4.271381e+04,red_giant,4.597504e+00,1.358161e+04,2.280258e+07
295,RedGiant_95,7.404094e+30,3.706660e+11,1.338245e+04,red_giant,3.722521e+00,1.099680e+04,3.370672e+07
296,RedGiant_96,7.886875e+30,5.415036e+11,4.195857e+04,red_giant,3.965247e+00,1.171384e+04,4.622768e+07
297,RedGiant_97,5.160917e+30,2.006840e+11,1.287550e+04,red_giant,2.594730e+00,7.665160e+03,2.618132e+07
298,RedGiant_98,1.097278e+31,1.957623e+11,8.320812e+03,red_giant,5.516732e+00,1.629712e+04,1.201208e+07
299,RedGiant_99,1.149718e+31,1.525093e+11,4.437726e+04,red_giant,5.780384e+00,1.707598e+04,8.931213e+06
300,RedGiant_100,1.450299e+31,5.814969e+11,2.781757e+04,red_giant,7.291597e+00,2.154030e+04,2.699576e+07
301,MainSeq_1,2.156780e+31,9.021790e+09,4.589917e+03,main_sequence,1.084354e+01,3.203319e+04,2.816388e+05
302,MainSeq_2,8.645242e+31,8.268321e+08,1.223104e+05,main_sequence,4.346527e+01,1.284019e+05,6.439407e+03
303,MainSeq_3,8.447444e+31,8.161089e+09,1.476676e+05,main_sequence,4.247081e+01,1.254642e+05,6.504718e+04
304,MainSeq_4,1.492006e+31,2.922317e+09,8.394956e+04,main_sequence,7.501285e+00,2.215975e+04,1.318750e+05
305,MainSeq_5,2.638199e+31,8.675724e+09,1.731432e+04,main_sequence,1.326394e+01,3.918337e+04,2.214134e+05
306,MainSeq_6,9.231774e+31,8.064979e+08,3.071227e+04,main_sequence,4.641415e+01,1.371133e+05,5.881983e+03
307,MainSeq_7,6.913953e+31,5.689470e+09,1.521654e+05,main_sequence,3.476095e+01,1.026883e+05,5.540526e+04
308,MainSeq_8,1.762452e+30,2.702874e+09,1.068866e+05,main_sequence,8.860994e-01,2.617650e+03,1.032558e+06
309,MainSeq_9,7.318744e+30,8.857699e+09,9.092777e+04,main_sequence,3.679610e+00,1.087003e+04,8.148732e+05
310,MainSeq_10,8.960217e+31,8.675038e+09,8.581132e+04,main_sequence,4.504885e+01,1.330800e+05,6.518664e+04
311,MainSeq_11,6.426746e+31,9.742001e+09,1.882232e+05,main_sequence,3.231144e+01,9.545208e+04,1.020617e+05
312,MainSeq_12,8.677642e+31,3.493955e+08,1.941368e+05,main_sequence,4.362817e+01,1.288831e+05,2.710948e+03
313,MainSeq_13,6.660638e+31,2.536167e+09,1.482436e+05,main_sequence,3.348737e+01,9.892592e+04,2.563703e+04
314,MainSeq_14,3.499489e+31,9.670805e+09,1.498655e+04,main_sequence,1.759421e+01,5.197553e+04,1.860646e+05
315,MainSeq_15,9.855812e+31,1.116271e+09,1.191106e+05,main_sequence,4.955160e+01,1.463817e+05,7.625758e+03
316,MainSeq_16,6.046498e+31,2.053217e+09,5.469427e+04,main_sequence,3.039969e+01,8.980453e+04,2.286318e+04
317,MainSeq_17,2.613858e+31,4.762821e+09,7.375929e+04,main_sequence,1.314157e+01,3.882186e+04,1.226840e+05
318,MainSeq_18,5.842939e+31,9.710089e+09,1.495772e+05,main_sequence,2.937626e+01,8.678120e+04,1.118916e+05
319,MainSeq_19,2.256199e+30,5.996500e+09,1.384061e+05,main_sequence,1.134338e+00,3.350979e+03,1.789477e+06
320,MainSeq_20,5.197088e+31,2.548581e+08,1.577560e+05,main_sequence,2.612915e+01,7.718882e+04,3.301749e+03
321,MainSeq_21,4.392304e+31,2.384452e+09,1.646733e+05,main_sequence,2.208298e+01,6.523591e+04,3.655123e+04
322,MainSeq_22,3.725153e+31,3.825440e+09,1.082222e+05,main_sequence,1.872877e+01,5.532716e+04,6.914217e+04
323,MainSeq_23,1.366469e+31,1.785547e+09,9.846115e+04,main_sequence,6.870129e+00,2.029523e+04,8.797863e+04
324,MainSeq_24,3.758188e+31,3.435787e+09,4.502370e+04,main_sequence,1.889486e+01,5.581782e+04,6.155359e+04
325,MainSeq_25,5.917146e+31,4.113031e+09,1.262351e+05,main_sequence,2.974935e+01,8.788335e+04,4.680102e+04
326,MainSeq_26,6.047907e+31,3.464975e+09,1.767083e+05,main_sequence,3.040677e+01,8.982545e+04,3.857454e+04
327,MainSeq_27,6.831035e+31,4.495267e+09,5.300081e+04,main_sequence,3.434407e+01,1.014567e+05,4.430724e+04
328,MainSeq_28,5.110394e+31,4.347223e+09,1.695327e+05,main_sequence,2.569329e+01,7.590122e+04,5.727475e+04
329,MainSeq_29,2.133102e+30,1.259527e+09,1.116820e+05,main_sequence,1.072449e+00,3.168151e+03,3.975592e+05
330,MainSeq_30,3.694264e+31,6.092973e+09,6.994590e+04,main_sequence,1.857348e+01,5.486840e+04,1.110470e+05
331,MainSeq_31,3.952070e+31,1.984490e+09,9.641018e+04,main_sequence,1.986963e+01,5.869741e+04,3.380883e+04
332,MainSeq_32,9.450217e+31,3.125766e+09,7.252259e+04,main_sequence,4.751240e+01,1.403576e+05,2.227001e+04
333,MainSeq_33,2.518645e+31,2.523396e+09,1.400343e+05,main_sequence,1.266287e+01,3.740772e+04,6.745655e+04
334,MainSeq_34,5.086188e+31,8.364876e+09,4.799278e+04,main_sequence,2.557158e+01,7.554169e+04,1.107319e+05
335,MainSeq_35,1.166640e+31,2.726749e+09,6.341746e+04,main_sequence,5.865458e+00,1.732731e+04,1.573672e+05
336,MainSeq_36,1.981523e+31,5.175582e+09,9.112016e+04,main_sequence,9.962410e+00,2.943022e+04,1.758594e+05
337,MainSeq_37,6.007228e+31,7.785866e+09,4.982516e+04,main_sequence,3.020225e+01,8.922127e+04,8.726468e+04
338,MainSeq_38,1.851834e+31,8.160459e+09,7.959747e+03,main_sequence,9.310376e+00,2.750403e+04,2.967005e+05
339,MainSeq_39,5.453136e+31,1.232381e+09,6.750099e+04,main_sequence,2.741647e+01,8.099172e+04,1.521613e+04
340,MainSeq_40,4.431172e+31,7.892163e+09,1.801264e+05,main_sequence,2.227839e+01,6.581318e+04,1.199177e+05
341,MainSeq_41,6.771625e+30,2.913878e+09,8.142163e+04,main_sequence,3.404537e+00,1.005743e+04,2.897238e+05
342,MainSeq_42,6.003342e+31,5.191265e+09,1.641828e+05,main_sequence,3.018272e+01,8.916356e+04,5.822182e+04
343,MainSeq_43,8.274113e+29,9.216383e+09,1.364475e+05,main_sequence,4.159936e-01,1.228898e+03,7.499715e+06
344,MainSeq_44,6.452764e+31,5.881689e+09,1.197061e+05,main_sequence,3.244225e+01,9.583852e+04,6.137083e+04
345,MainSeq_45,5.168390e+31,5.434322e+09,5.458674e+04,main_sequence,2.598487e+01,7.676258e+04,7.079389e+04
346,MainSeq_46,3.702420e+31,8.786973e+09,1.828343e+05,main_sequence,1.861448e+01,5.498952e+04,1.597936e+05
347,MainSeq_47,9.449832e+31,1.733780e+09,1.117957e+04,main_sequence,4.751047e+01,1.403519e+05,1.235309e+04
348,MainSeq_48,4.856412e+31,2.655835e+09,6.594379e+04,main_sequence,2.441635e+01,7.212898e+04,3.682064e+04
349,MainSeq_49,7.642350e+30,3.729410e+09,2.155617e+04,main_sequence,3.842308e+00,1.135066e+04,3.285632e+05
350,MainSeq_50,9.082087e+30,6.421040e+09,6.700889e+04,main_sequence,4.566158e+00,1.348901e+04,4.760202e+05
351,MainSeq_51,3.286391e+31,2.687259e+09,7.780565e+04,main_sequence,1.652283e+01,4.881054e+04,5.505489e+04
352,MainSeq_52,5.259973e+31,8.472203e+08,8.742427e+04,main_sequence,2.644531e+01,7.812280e+04,1.084473e+04
353,MainSeq_53,9.027627e+31,5.886871e+09,1.286191e+05,main_sequence,4.538777e+01,1.340812e+05,4.390526e+04
354,MainSeq_54,4.013902e+31,1.270284e+08,1.945437e+05,main_sequence,2.018050e+01,5.961576e+04,2.130785e+03
355,MainSeq_55,1.385783e+31,8.638978e+09,6.774018e+04,main_sequence,6.967236e+00,2.058210e+04,4.197326e+05
356,MainSeq_56,8.206246e+31,4.761537e+09,1.397120e+05,main_sequence,4.125815e+01,1.218818e+05,3.906685e+04
357,MainSeq_57,3.369064e+31,1.145972e+09,9.142512e+04,main_sequence,1.693848e+01,5.003841e+04,2.290185e+04
358,MainSeq_58,6.218677e+31,8.232331e+09,1.463333e+05,main_sequence,3.126534e+01,9.236178e+04,8.913135e+04
359,MainSeq_59,1.168617e+31,6.103472e+09,3.306309e+04,main_sequence,5.875402e+00,1.735668e+04,3.516498e+05
360,MainSeq_60,7.339674e+31,3.317611e+09,1.580955e+03,main_sequence,3.690133e+01,1.090112e+05,3.043368e+04
361,MainSeq_61,1.220266e+30,7.749979e+09,1.420469e+05,main_sequence,6.135072e-01,1.812378e+03,4.276138e+06
362,MainSeq_62,4.952747e+31,6.428351e+09,1.250516e+04,main_sequence,2.490069e+01,7.355979e+04,8.738946e+04
363,MainSeq_63,7.188498e+31,9.013357e+09,7.338720e+04,main_sequence,3.614127e+01,1.067659e+05,8.442171e+04
364,MainSeq_64,2.171131e+31,3.642411e+08,4.794818e+04,main_sequence,1.091569e+01,3.224633e+04,1.129558e+04
365,MainSeq_65,3.349348e+29,3.200400e+09,5.075264e+04,main_sequence,1.683936e-01,4.974559e+02,6.433535e+06
366,MainSeq_66,1.430617e+31,1.877381e+09,3.505959e+04,main_sequence,7.192642e+00,2.124797e+04,8.835577e+04
367,MainSeq_67,9.772834e+31,3.521048e+09,1.731765e+05,main_sequence,4.913441e+01,1.451493e+05,2.425812e+04
368,MainSeq_68,8.150433e+31,7.603801e+09,1.575872e+05,main_sequence,4.097754e+01,1.210528e+05,6.281391e+04
369,MainSeq_69,3.773823e+30,4.568288e+08,1.854372e+05,main_sequence,1.897347e+00,5.605003e+03,8.150375e+04
370,MainSeq_70,5.098331e+31,9.653994e+09,9.672068e+04,main_sequence,2.563263e+01,7.572204e+04,1.274925e+05
371,MainSeq_71,2.077904e+31,9.777721e+09,6.314217e+04,main_sequence,1.044698e+01,3.086169e+04,3.168238e+05
372,MainSeq_72,3.655910e+31,4.278289e+09,7.343008e+04,main_sequence,1.838064e+01,5.429874e+04,7.879168e+04
373,MainSeq_73,8.521727e+31,6.525005e+09,1.588747e+05,main_sequence,4.284428e+01,1.265674e+05,5.155359e+04
374,MainSeq_74,7.753733e+31,6.896329e+09,9.496391e+04,main_sequence,3.898307e+01,1.151609e+05,5.988428e+04
375,MainSeq_75,8.658016e+31,1.126979e+09,1.410946e+05,main_sequence,4.352949e+01,1.285916e+05,8.764019e+03
376,MainSeq_76,9.533983e+31,3.585866e+09,1.065228e+05,main_sequence,4.793355e+01,1.416018e+05,2.532359e+04
377,MainSeq_77,6.234923e+31,2.087449e+09,8.406188e+04,main_sequence,3.134702e+01,9.260307e+04,2.254190e+04
378,MainSeq_78,8.144187e+31,4.109179e+08,6.724602e+04,main_sequence,4.094614e+01,1.209601e+05,3.397137e+03
379,MainSeq_79,1.793196e+31,2.267564e+09,2.347054e+03,main_sequence,9.015567e+00,2.663313e+04,8.514075e+04
380,MainSeq_80,4.535112e+31,7.884548e+09,9.109666e+04,main_sequence,2.280097e+01,6.735694e+04,1.170562e+05
381,MainSeq_81,9.619798e+31,1.618384e+09,1.692366e+05,main_sequence,4.836500e+01,1.428763e+05,1.132717e+04
382,MainSeq_82,5.455706e+30,7.053110e+09,1.881420e+05,main_sequence,2.742939e+00,8.102989e+03,8.704331e+05
383,MainSeq_83,7.369894e+31,7.540712e+09,4.047201e+04,main_sequence,3.705326e+01,1.094600e+05,6.889010e+04
384,MainSeq_84,5.518521e+31,5.869777e+09,1.898889e+05,main_sequence,2.774520e+01,8.196285e+04,7.161510e+04
385,MainSeq_85,5.795233e+31,8.137244e+09,1.138834e+05,main_sequence,2.913642e+01,8.607266e+04,9.453924e+04
386,MainSeq_86,5.264113e+31,7.879738e+09,6.114255e+04,main_sequence,2.646613e+01,7.818429e+04,1.007842e+05
387,MainSeq_87,1.101769e+31,8.138174e+09,6.257930e+04,main_sequence,5.539313e+00,1.636383e+04,4.973270e+05
388,MainSeq_88,5.679405e+31,5.792624e+08,1.863190e+05,main_sequence,2.855407e+01,8.435234e+04,6.867177e+03
389,MainSeq_89,9.647781e+30,2.209361e+09,1.721037e+05,main_sequence,4.850569e+00,1.432919e+04,1.541860e+05
390,MainSeq_90,7.728839e+30,2.777430e+09,1.584042e+04,main_sequence,3.885791e+00,1.147912e+04,2.419549e+05
391,MainSeq_91,1.820856e+31,4.231356e+09,1.729072e+05,main_sequence,9.154632e+00,2.704394e+04,1.564622e+05
392,MainSeq_92,7.256731e+31,5.961388e+08,1.777502e+04,main_sequence,3.648432e+01,1.077793e+05,5.531106e+03
393,MainSeq_93,2.041114e+31,1.203458e+09,1.165092e+05,main_sequence,1.026201e+01,3.031528e+04,3.969805e+04
394,MainSeq_94,4.968640e+31,4.843948e+09,7.959217e+03,main_sequence,2.498059e+01,7.379584e+04,6.563985e+04
395,MainSeq_95,9.924883e+31,6.972477e+09,1.622701e+05,main_sequence,4.989886e+01,1.474075e+05,4.730068e+04
396,MainSeq_96,6.915122e+31,6.098415e+08,9.973793e+03,main_sequence,3.476683e+01,1.027056e+05,5.937762e+03
397,MainSeq_97,2.313292e+31,3.573138e+09,4.580838e+04,main_sequence,1.163043e+01,3.435775e+04,1.039980e+05
398,MainSeq_98,7.613005e+31,8.939268e+09,1.535936e+05,main_sequence,3.827554e+01,1.130708e+05,7.905904e+04
399,MainSeq_99,9.183845e+31,2.511924e+09,5.480168e+04,main_sequence,4.617318e+01,1.364014e+05,1.841568e+04
400,MainSeq_100,7.943828e+31,1.686724e+09,1.575733e+05,main_sequence,3.993880e+01,1.179843e+05,1.429617e+04
401,WhiteDwarf_1,1.178412e+30,9.129827e+06,1.879015e+06,white_dwarf,5.924644e-01,1.750215e+03,5.216403e+03
402,WhiteDwarf_2,2.602455e+30,9.099647e+06,1.982698e+06,white_dwarf,1.308424e+00,3.865250e+03,2.354219e+03
403,WhiteDwarf_3,2.581802e+30,7.725129e+06,3.178788e+06,white_dwarf,1.298040e+00,3.834575e+03,2.014599e+03
404,WhiteDwarf_4,1.037710e+30,5.898673e+06,3.693224e+06,white_dwarf,5.217245e-01,1.541240e+03,3.827225e+03
405,WhiteDwarf_5,9.224457e+29,5.156165e+06,4.546344e+06,white_dwarf,4.637736e-01,1.370046e+03,3.763498e+03
406,WhiteDwarf_6,1.615284e+30,9.055611e+06,3.167940e+06,white_dwarf,8.121088e-01,2.399072e+03,3.774630e+03
407,WhiteDwarf_7,1.765351e+30,5.824963e+06,2.086070e+05,white_dwarf,8.875571e-01,2.621956e+03,2.221610e+03
408,WhiteDwarf_8,1.644225e+30,9.213740e+06,2.386605e+06,white_dwarf,8.266589e-01,2.442055e+03,3.772945e+03
409,WhiteDwarf_9,8.341063e+29,9.961307e+06,4.648343e+06,white_dwarf,4.193597e-01,1.238841e+03,8.040824e+03
410,WhiteDwarf_10,1.496112e+30,9.465585e+06,4.163990e+06,white_dwarf,7.521930e-01,2.222073e+03,4.259798e+03
411,WhiteDwarf_11,1.330092e+30,7.851940e+06,3.619552e+06,white_dwarf,6.687240e-01,1.975495e+03,3.974669e+03
412,WhiteDwarf_12,1.549334e+30,6.306294e+06,1.346088e+06,white_dwarf,7.789512e-01,2.301120e+03,2.740532e+03
413,WhiteDwarf_13,6.936733e+29,5.308875e+06,1.281960e+06,white_dwarf,3.487548e-01,1.030266e+03,5.152918e+03
414,WhiteDwarf_14,6.203782e+29,8.930635e+06,1.443752e+06,white_dwarf,3.119046e-01,9.214057e+02,9.692403e+03
415,WhiteDwarf_15,4.920326e+29,8.704939e+06,2.323183e+05,white_dwarf,2.473769e-01,7.307825e+02,1.191180e+04
416,WhiteDwarf_16,1.491939e+30,5.436024e+06,1.467249e+06,white_dwarf,7.500952e-01,2.215876e+03,2.453216e+03
417,WhiteDwarf_17,2.387238e+30,7.626820e+06,3.192192e+06,white_dwarf,1.200220e+00,3.545603e+03,2.151065e+03
418,WhiteDwarf_18,1.286782e+30,7.649604e+06,1.170775e+06,white_dwarf,6.469492e-01,1.911170e+03,4.002577e+03
419,WhiteDwarf_19,2.236712e+30,6.432069e+06,2.931484e+06,white_dwarf,1.124541e+00,3.322036e+03,1.936183e+03
420,WhiteDwarf_20,1.974492e+30,6.776070e+06,1.998349e+06,white_dwarf,9.927059e-01,2.932579e+03,2.310618e+03
421,WhiteDwarf_21,7.936292e+29,7.292373e+06,4.050912e+06,white_dwarf,3.990092e-01,1.178724e+03,6.186670e+03
422,WhiteDwarf_22,5.458872e+29,9.305796e+06,1.673401e+05,white_dwarf,2.744531e-01,8.107692e+02,1.147774e+04
423,WhiteDwarf_23,2.116192e+30,9.436067e+06,2.367936e+06,white_dwarf,1.063948e+00,3.143037e+03,3.002213e+03
424,WhiteDwarf_24,1.307715e+30,5.070846e+06,4.119285e+06,white_dwarf,6.574734e-01,1.942260e+03,2.610797e+03
425,WhiteDwarf_25,1.123479e+30,7.406742e+06,1.011342e+06,white_dwarf,5.648462e-01,1.668627e+03,4.438824e+03
426,WhiteDwarf_26,2.671979e+30,7.692848e+06,2.101241e+06,white_dwarf,1.343378e+00,3.968508e+03,1.938474e+03
427,WhiteDwarf_27,1.066966e+30,9.306787e+06,2.962357e+06,white_dwarf,5.364332e-01,1.584692e+03,5.872932e+03
428,WhiteDwarf_28,6.098410e+29,5.819836e+06,3.965974e+06,white_dwarf,3.066069e-01,9.057554e+02,6.425395e+03
429,WhiteDwarf_29,2.530317e+30,5.396808e+06,3.461243e+06,white_dwarf,1.272155e+00,3.758108e+03,1.436044e+03
430,WhiteDwarf_30,2.218642e+30,6.901395e+06,3.566469e+06,white_dwarf,1.115456e+00,3.295198e+03,2.094379e+03
431,WhiteDwarf_31,2.532642e+30,6.671728e+06,4.290196e+05,white_dwarf,1.273324e+00,3.761561e+03,1.773660e+03
432,WhiteDwarf_32,1.336531e+30,9.211583e+06,2.405615e+06,white_dwarf,6.719610e-01,1.985058e+03,4.640461e+03
433,WhiteDwarf_33,4.106824e+29,8.768777e+06,3.228762e+06,white_dwarf,2.064768e-01,6.099586e+02,1.437602e+04
434,WhiteDwarf_34,1.674509e+30,5.614935e+06,3.514730e+06,white_dwarf,8.418850e-01,2.487035e+03,2.257683e+03
435,WhiteDwarf_35,1.968159e+30,9.770321e+06,4.094665e+06,white_dwarf,9.895219e-01,2.923173e+03,3.342368e+03
436,WhiteDwarf_36,2.265515e+30,7.992008e+06,2.896708e+06,white_dwarf,1.139022e+00,3.364815e+03,2.375170e+03
437,WhiteDwarf_37,8.685131e+29,7.302092e+06,9.535960e+05,white_dwarf,4.366582e-01,1.289944e+03,5.660784e+03
438,WhiteDwarf_38,2.521629e+30,6.446661e+06,2.568115e+06,white_dwarf,1.267787e+00,3.745204e+03,1.721311e+03
439,WhiteDwarf_39,7.495125e+29,6.889152e+06,4.870658e+06,white_dwarf,3.768288e-01,1.113200e+03,6.188603e+03
440,WhiteDwarf_40,1.701889e+30,6.055085e+06,2.202847e+06,white_dwarf,8.556508e-01,2.527701e+03,2.395491e+03
441,WhiteDwarf_41,2.248773e+30,6.130387e+06,4.672730e+06,white_dwarf,1.130605e+00,3.339950e+03,1.835473e+03
442,WhiteDwarf_42,1.690622e+30,6.225915e+06,6.476395e+05,white_dwarf,8.499861e-01,2.510967e+03,2.479489e+03
443,WhiteDwarf_43,1.188002e+30,9.199946e+06,2.544475e+06,white_dwarf,5.972863e-01,1.764459e+03,5.214031e+03
444,WhiteDwarf_44,2.079988e+30,9.162071e+06,2.783200e+06,white_dwarf,1.045746e+00,3.089265e+03,2.965777e+03
445,WhiteDwarf_45,2.346471e+30,8.507091e+06,1.552066e+06,white_dwarf,1.179724e+00,3.485054e+03,2.441021e+03
446,WhiteDwarf_46,3.793506e+29,9.637454e+06,4.687170e+06,white_dwarf,1.907243e-01,5.634237e+02,1.710516e+04
447,WhiteDwarf_47,2.577523e+30,9.283893e+06,2.639588e+06,white_dwarf,1.295889e+00,3.828219e+03,2.425120e+03
448,WhiteDwarf_48,2.503898e+30,9.626251e+06,3.720801e+06,white_dwarf,1.258873e+00,3.718869e+03,2.588489e+03
449,WhiteDwarf_49,1.323164e+30,7.410022e+06,2.404156e+06,white_dwarf,6.652410e-01,1.965206e+03,3.770608e+03
450,WhiteDwarf_50,2.436656e+30,5.226290e+06,1.702420e+06,white_dwarf,1.225066e+00,3.618999e+03,1.444126e+03
451,WhiteDwarf_51,2.292772e+30,8.402756e+06,1.530970e+06,white_dwarf,1.152726e+00,3.405298e+03,2.467554e+03
452,WhiteDwarf_52,2.192238e+30,5.725515e+06,1.752375e+06,white_dwarf,1.102181e+00,3.255982e+03,1.758461e+03
453,WhiteDwarf_53,2.698359e+30,8.120544e+06,3.787916e+06,white_dwarf,1.356641e+00,4.007689e+03,2.026241e+03
454,WhiteDwarf_54,1.077048e+30,7.696400e+06,1.867732e+06,white_dwarf,5.415024e-01,1.599667e+03,4.811252e+03
455,WhiteDwarf_55,3.541229e+29,5.914996e+06,2.163748e+06,white_dwarf,1.780407e-01,5.259546e+02,1.124621e+04
456,WhiteDwarf_56,5.662032e+29,7.520253e+06,3.340370e+05,white_dwarf,2.846673e-01,8.409431e+02,8.942642e+03
457,WhiteDwarf_57,1.898813e+30,8.085505e+06,8.073958e+05,white_dwarf,9.546572e-01,2.820178e+03,2.867019e+03
458,WhiteDwarf_58,1.929031e+30,8.087826e+06,1.409170e+06,white_dwarf,9.698498e-01,2.865059e+03,2.822918e+03
459,WhiteDwarf_59,2.773085e+30,5.250436e+06,4.844579e+06,white_dwarf,1.394211e+00,4.118675e+03,1.274788e+03
460,WhiteDwarf_60,2.458623e+30,5.347653e+06,4.583258e+06,white_dwarf,1.236110e+00,3.651626e+03,1.464458e+03
461,WhiteDwarf_61,7.217021e+29,8.913017e+06,4.289367e+06,white_dwarf,3.628467e-01,1.071895e+03,8.315195e+03
462,WhiteDwarf_62,2.489510e+30,7.321621e+06,2.546732e+06,white_dwarf,1.251639e+00,3.697500e+03,1.980154e+03
463,WhiteDwarf_63,2.457260e+30,5.937110e+06,4.144065e+06,white_dwarf,1.235425e+00,3.649601e+03,1.626783e+03
464,WhiteDwarf_64,1.083270e+30,6.232674e+06,4.225134e+06,white_dwarf,5.446304e-01,1.608907e+03,3.873855e+03
465,WhiteDwarf_65,1.679802e+30,8.543680e+06,1.559197e+06,white_dwarf,8.445459e-01,2.494896e+03,3.424464e+03
466,WhiteDwarf_66,1.478539e+30,7.704039e+06,1.241303e+06,white_dwarf,7.433578e-01,2.195973e+03,3.508258e+03
467,WhiteDwarf_67,7.521947e+29,8.924834e+06,4.095231e+06,white_dwarf,3.781773e-01,1.117184e+03,7.988691e+03
468,WhiteDwarf_68,2.235507e+30,7.712320e+06,6.220462e+05,white_dwarf,1.123935e+00,3.320246e+03,2.322816e+03
469,WhiteDwarf_69,1.272756e+30,5.349216e+06,4.343262e+06,white_dwarf,6.398973e-01,1.890338e+03,2.829767e+03
470,WhiteDwarf_70,2.567625e+30,5.584115e+06,2.964613e+06,white_dwarf,1.290912e+00,3.813518e+03,1.464295e+03
471,WhiteDwarf_71,1.382331e+30,6.115984e+06,2.000327e+05,white_dwarf,6.949879e-01,2.053082e+03,2.978928e+03
472,WhiteDwarf_72,2.712324e+30,7.609959e+06,1.583056e+06,white_dwarf,1.363662e+00,4.028431e+03,1.889063e+03
473,WhiteDwarf_73,1.797837e+30,5.690589e+06,4.230702e+06,white_dwarf,9.038899e-01,2.670205e+03,2.131143e+03
474,WhiteDwarf_74,1.189530e+30,5.880298e+06,3.910404e+06,white_dwarf,5.980541e-01,1.766727e+03,3.328356e+03
475,WhiteDwarf_75,2.459729e+30,5.899095e+06,3.420250e+06,white_dwarf,1.236666e+00,3.653269e+03,1.614744e+03
476,WhiteDwarf_76,1.218445e+30,6.193517e+06,3.010526e+06,white_dwarf,6.125919e-01,1.809674e+03,3.422449e+03
477,WhiteDwarf_77,1.680019e+30,5.364589e+06,1.305070e+06,white_dwarf,8.446552e-01,2.495218e+03,2.149947e+03
478,WhiteDwarf_78,1.290346e+30,7.193127e+06,2.755230e+06,white_dwarf,6.487410e-01,1.916463e+03,3.753334e+03
479,WhiteDwarf_79,1.920789e+30,7.807262e+06,2.828830e+06,white_dwarf,9.657057e-01,2.852817e+03,2.736685e+03
480,WhiteDwarf_80,2.663688e+30,5.299302e+06,4.320636e+06,white_dwarf,1.339210e+00,3.956195e+03,1.339495e+03
481,WhiteDwarf_81,2.544243e+30,5.151278e+06,3.775294e+06,white_dwarf,1.279157e+00,3.778792e+03,1.363208e+03
482,WhiteDwarf_82,5.633188e+29,5.422756e+06,5.719490e+05,white_dwarf,2.832171e-01,8.366592e+02,6.481440e+03
483,WhiteDwarf_83,4.948936e+29,8.632158e+06,9.660270e+05,white_dwarf,2.488153e-01,7.350319e+02,1.174392e+04
484,WhiteDwarf_84,1.162663e+30,5.457431e+06,2.867775e+06,white_dwarf,5.845464e-01,1.726824e+03,3.160386e+03
485,WhiteDwarf_85,1.973684e+30,8.439547e+06,4.999563e+06,white_dwarf,9.922994e-01,2.931378e+03,2.879037e+03
486,WhiteDwarf_86,1.646616e+30,5.008381e+06,2.618997e+06,white_dwarf,8.278615e-01,2.445608e+03,2.047909e+03
487,WhiteDwarf_87,2.065600e+30,5.616584e+06,4.447234e+06,white_dwarf,1.038512e+00,3.067895e+03,1.830762e+03
488,WhiteDwarf_88,1.952466e+30,6.289967e+06,3.607492e+05,white_dwarf,9.816318e-01,2.899864e+03,2.169056e+03
489,WhiteDwarf_89,5.709472e+29,6.798399e+06,4.823161e+06,white_dwarf,2.870524e-01,8.479891e+02,8.017083e+03
490,WhiteDwarf_90,1.795600e+30,5.570751e+06,6.347406e+05,white_dwarf,9.027654e-01,2.666883e+03,2.088862e+03
491,WhiteDwarf_91,2.778349e+30,5.939181e+06,2.503763e+06,white_dwarf,1.396857e+00,4.126492e+03,1.439281e+03
492,WhiteDwarf_92,7.903868e+29,8.666785e+06,8.098702e+05,white_dwarf,3.973790e-01,1.173908e+03,7.382850e+03
493,WhiteDwarf_93,1.061577e+30,6.512346e+06,3.720899e+06,white_dwarf,5.337237e-01,1.576687e+03,4.130398e+03
494,WhiteDwarf_94,1.669828e+30,6.646313e+06,1.358268e+06,white_dwarf,8.395316e-01,2.480083e+03,2.679876e+03
495,WhiteDwarf_95,1.756630e+30,7.555352e+06,4.856692e+05,white_dwarf,8.831722e-01,2.609003e+03,2.895878e+03
496,WhiteDwarf_96,1.643346e+30,9.567815e+06,2.411714e+06,white_dwarf,8.262173e-01,2.440751e+03,3.920030e+03
497,WhiteDwarf_97,1.230231e+30,9.231758e+06,2.382928e+06,white_dwarf,6.185172e-01,1.827178e+03,5.052468e+03
498,WhiteDwarf_98,2.539053e+30,9.392027e+06,4.345464e+06,white_dwarf,1.276548e+00,3.771083e+03,2.490538e+03
499,WhiteDwarf_99,2.222848e+30,5.335944e+06,9.155976e+05,white_dwarf,1.117571e+00,3.301446e+03,1.616245e+03
500,WhiteDwarf_100,8.305012e+29,6.714912e+06,8.480321e+05,white_dwarf,4.175471e-01,1.233487e+03,5.443845e+03
501,WhiteDwarf_101,1.280694e+30,7.197441e+06,4.387704e+06,white_dwarf,6.438881e-01,1.902127e+03,3.783891e+03
502,WhiteDwarf_102,1.849834e+30,7.973803e+06,2.536108e+06,white_dwarf,9.300319e-01,2.747432e+03,2.902275e+03
503,WhiteDwarf_103,2.076245e+30,5.354137e+06,9.471104e+05,white_dwarf,1.043864e+00,3.083706e+03,1.736267e+03
504,WhiteDwarf_104,1.074043e+30,8.422739e+06,1.113804e+06,white_dwarf,5.399914e-01,1.595203e+03,5.280042e+03
505,WhiteDwarf_105,1.799956e+30,9.259359e+06,4.448248e+06,white_dwarf,9.049554e-01,2.673353e+03,3.463576e+03
506,WhiteDwarf_106,6.670883e+29,9.082413e+06,3.322498e+06,white_dwarf,3.353888e-01,9.907810e+02,9.166922e+03
507,WhiteDwarf_107,1.551674e+30,5.007651e+06,2.191333e+06,white_dwarf,7.801279e-01,2.304597e+03,2.172897e+03
508,WhiteDwarf_108,2.238923e+30,6.740259e+06,1.185724e+06,white_dwarf,1.125653e+00,3.325320e+03,2.026950e+03
509,WhiteDwarf_109,2.367821e+30,9.576184e+06,4.331319e+06,white_dwarf,1.190458e+00,3.516764e+03,2.723011e+03
510,WhiteDwarf_110,1.509493e+30,5.290484e+06,3.574477e+06,white_dwarf,7.589204e-01,2.241947e+03,2.359772e+03
511,WhiteDwarf_111,8.322521e+29,7.574167e+06,9.539786e+05,white_dwarf,4.184274e-01,1.236087e+03,6.127533e+03
512,WhiteDwarf_112,1.263959e+30,8.348557e+06,3.301188e+06,white_dwarf,6.354746e-01,1.877272e+03,4.447174e+03
513,WhiteDwarf_113,5.025666e+29,9.454310e+06,3.511965e+06,white_dwarf,2.526730e-01,7.464280e+02,1.266607e+04
514,WhiteDwarf_114,2.123705e+30,6.488898e+06,1.770623e+05,white_dwarf,1.067725e+00,3.154194e+03,2.057228e+03
515,WhiteDwarf_115,1.813824e+30,7.445681e+06,1.370531e+06,white_dwarf,9.119276e-01,2.693950e+03,2.763853e+03
516,WhiteDwarf_116,1.916603e+30,6.921543e+06,4.566728e+06,white_dwarf,9.636015e-01,2.846601e+03,2.431512e+03
517,WhiteDwarf_117,2.342997e+30,7.207870e+06,1.547205e+06,white_dwarf,1.177978e+00,3.479895e+03,2.071290e+03
518,WhiteDwarf_118,3.881862e+29,8.576626e+06,3.149872e+06,white_dwarf,1.951665e-01,5.765466e+02,1.487586e+04
519,WhiteDwarf_119,1.589654e+30,6.118501e+06,3.341809e+06,white_dwarf,7.992227e-01,2.361005e+03,2.591481e+03
520,WhiteDwarf_120,1.917976e+30,9.507583e+06,2.224859e+06,white_dwarf,9.642914e-01,2.848639e+03,3.337588e+03
521,WhiteDwarf_121,2.473944e+30,6.618474e+06,2.457869e+06,white_dwarf,1.243813e+00,3.674381e+03,1.801249e+03
522,WhiteDwarf_122,2.554919e+30,8.074597e+06,4.295075e+06,white_dwarf,1.284525e+00,3.794648e+03,2.127891e+03
523,WhiteDwarf_123,2.005215e+30,6.097509e+06,1.298087e+06,white_dwarf,1.008153e+00,2.978210e+03,2.047374e+03
524,WhiteDwarf_124,8.204412e+29,6.684188e+06,4.271342e+06,white_dwarf,4.124893e-01,1.218546e+03,5.485382e+03
525,WhiteDwarf_125,2.235379e+30,7.553700e+06,9.586794e+05,white_dwarf,1.123871e+00,3.320057e+03,2.275172e+03
526,WhiteDwarf_126,1.500750e+30,5.295198e+06,4.210300e+06,white_dwarf,7.545249e-01,2.228962e+03,2.375634e+03
527,WhiteDwarf_127,1.571329e+30,7.789998e+06,3.431821e+06,white_dwarf,7.900094e-01,2.333788e+03,3.337921e+03
528,WhiteDwarf_128,6.919599e+29,5.382828e+06,1.223998e+06,white_dwarf,3.478933e-01,1.027721e+03,5.237636e+03
529,WhiteDwarf_129,1.468480e+30,5.095926e+06,4.293932e+06,white_dwarf,7.383008e-01,2.181034e+03,2.336473e+03
530,WhiteDwarf_130,2.407873e+30,9.448982e+06,2.835533e+06,white_dwarf,1.210595e+00,3.576251e+03,2.642147e+03
531,WhiteDwarf_131,2.501241e+30,9.413144e+06,3.148084e+06,white_dwarf,1.257537e+00,3.714924e+03,2.533873e+03
532,WhiteDwarf_132,2.427370e+30,8.536377e+06,8.798900e+05,white_dwarf,1.220397e+00,3.605208e+03,2.367790e+03
533,WhiteDwarf_133,2.183315e+30,9.003542e+06,1.476999e+06,white_dwarf,1.097695e+00,3.242730e+03,2.776532e+03
534,WhiteDwarf_134,2.029964e+30,5.942182e+06,2.337672e+06,white_dwarf,1.020595e+00,3.014968e+03,1.970894e+03
535,WhiteDwarf_135,8.049137e+29,6.454251e+06,3.844091e+06,white_dwarf,4.046826e-01,1.195484e+03,5.398862e+03
536,WhiteDwarf_136,6.975050e+29,6.384647e+06,4.357568e+06,white_dwarf,3.506812e-01,1.035957e+03,6.163044e+03
537,WhiteDwarf_137,2.357155e+30,6.985334e+06,4.822536e+06,white_dwarf,1.185096e+00,3.500922e+03,1.995284e+03
538,WhiteDwarf_138,1.455664e+30,7.839928e+06,2.114578e+06,white_dwarf,7.318570e-01,2.161998e+03,3.626242e+03
539,WhiteDwarf_139,1.340725e+30,8.730984e+06,1.094133e+06,white_dwarf,6.740697e-01,1.991287e+03,4.384593e+03
540,WhiteDwarf_140,6.015777e+29,8.388550e+06,2.481520e+06,white_dwarf,3.024523e-01,8.934825e+02,9.388600e+03
541,WhiteDwarf_141,7.118484e+29,6.579023e+06,4.311782e+06,white_dwarf,3.578926e-01,1.057260e+03,6.222710e+03
542,WhiteDwarf_142,2.761878e+30,9.136823e+06,2.619415e+05,white_dwarf,1.388576e+00,4.102030e+03,2.227391e+03
543,WhiteDwarf_143,1.544239e+30,9.210645e+06,2.068843e+06,white_dwarf,7.763899e-01,2.293554e+03,4.015883e+03
544,WhiteDwarf_144,2.467473e+30,8.312683e+06,3.876340e+06,white_dwarf,1.240560e+00,3.664771e+03,2.268268e+03
545,WhiteDwarf_145,7.425173e+29,8.565952e+06,4.351529e+06,white_dwarf,3.733119e-01,1.102810e+03,7.767384e+03
546,WhiteDwarf_146,2.778831e+30,6.889926e+06,1.259942e+05,white_dwarf,1.397100e+00,4.127209e+03,1.669391e+03
547,WhiteDwarf_147,1.496186e+30,5.089253e+06,2.182824e+06,white_dwarf,7.522300e-01,2.222183e+03,2.290204e+03
548,WhiteDwarf_148,5.365696e+29,9.694702e+06,2.873583e+06,white_dwarf,2.697685e-01,7.969304e+02,1.216506e+04
549,WhiteDwarf_149,1.511584e+30,6.516617e+06,2.999929e+06,white_dwarf,7.599720e-01,2.245053e+03,2.902656e+03
550,WhiteDwarf_150,8.259483e+29,9.258878e+06,4.634331e+06,white_dwarf,4.152581e-01,1.226725e+03,7.547640e+03
551,NeutronStar_1,3.906723e+30,1.259657e+04,7.558374e+06,neutron_star,1.964164e+00,5.802390e+03,2.170928e+00
552,NeutronStar_2,2.209335e+30,1.495693e+04,7.583450e+06,neutron_star,1.110777e+00,3.281375e+03,4.558130e+00
553,NeutronStar_3,3.971901e+30,1.329508e+04,9.962841e+06,neutron_star,1.996934e+00,5.899195e+03,2.253710e+00
554,NeutronStar_4,3.171808e+30,1.224286e+04,1.115234e+06,neutron_star,1.594675e+00,4.710871e+03,2.598852e+00
555,NeutronStar_5,2.735835e+30,1.066944e+04,8.981971e+06,neutron_star,1.375483e+00,4.063350e+03,2.625773e+00
556,NeutronStar_6,2.928728e+30,1.476516e+04,7.361481e+06,neutron_star,1.472462e+00,4.349840e+03,3.394414e+00
557,NeutronStar_7,2.982651e+30,1.196799e+04,8.413409e+06,neutron_star,1.499573e+00,4.429929e+03,2.701622e+00
558,NeutronStar_8,2.706074e+30,1.158689e+04,4.587620e+06,neutron_star,1.360520e+00,4.019147e+03,2.882922e+00
559,NeutronStar_9,3.032411e+30,1.060147e+04,1.576596e+06,neutron_star,1.524591e+00,4.503834e+03,2.353875e+00
560,NeutronStar_10,3.506805e+30,1.315446e+04,4.481589e+06,neutron_star,1.763100e+00,5.208419e+03,2.525615e+00
561,NeutronStar_11,4.130307e+30,1.401951e+04,4.090141e+06,neutron_star,2.076575e+00,6.134465e+03,2.285369e+00
562,NeutronStar_12,2.295083e+30,1.215555e+04,1.418113e+06,neutron_star,1.153888e+00,3.408731e+03,3.566004e+00
563,NeutronStar_13,3.551923e+30,1.334268e+04,2.739995e+06,neutron_star,1.785783e+00,5.275430e+03,2.529212e+00
564,NeutronStar_14,3.129269e+30,1.198855e+04,7.799946e+06,neutron_star,1.573287e+00,4.647690e+03,2.579463e+00
565,NeutronStar_15,2.632684e+30,1.418356e+04,9.454574e+06,neutron_star,1.323622e+00,3.910147e+03,3.627374e+00
566,NeutronStar_16,2.392362e+30,1.279272e+04,9.287002e+06,neutron_star,1.202796e+00,3.553213e+03,3.600325e+00
567,NeutronStar_17,2.218051e+30,1.494200e+04,5.195082e+06,neutron_star,1.115159e+00,3.294320e+03,4.535684e+00
568,NeutronStar_18,2.994826e+30,1.331626e+04,8.475513e+06,neutron_star,1.505694e+00,4.448012e+03,2.993756e+00
569,NeutronStar_19,2.892093e+30,1.397908e+04,4.607481e+06,neutron_star,1.454044e+00,4.295429e+03,3.254408e+00
570,NeutronStar_20,3.203553e+30,1.070212e+04,3.340115e+06,neutron_star,1.610635e+00,4.758020e+03,2.249280e+00
571,NeutronStar_21,2.738847e+30,1.304674e+04,2.033384e+06,neutron_star,1.376997e+00,4.067823e+03,3.207302e+00
572,NeutronStar_22,3.973108e+30,1.218392e+04,9.530072e+06,neutron_star,1.997541e+00,5.900988e+03,2.064725e+00
573,NeutronStar_23,3.931851e+30,1.141329e+04,4.649821e+06,neutron_star,1.976798e+00,5.839712e+03,1.954427e+00
574,NeutronStar_24,3.039457e+30,1.417832e+04,9.654633e+06,neutron_star,1.528133e+00,4.514298e+03,3.140758e+00
575,NeutronStar_25,3.004706e+30,1.134772e+04,8.415258e+06,neutron_star,1.510662e+00,4.462686e+03,2.542800e+00
576,NeutronStar_26,4.049334e+30,1.476254e+04,6.913858e+06,neutron_star,2.035864e+00,6.014200e+03,2.454613e+00
577,NeutronStar_27,2.771387e+30,1.255535e+04,4.505021e+06,neutron_star,1.393357e+00,4.116153e+03,3.050264e+00
578,NeutronStar_28,4.203682e+30,1.457886e+04,6.787495e+06,neutron_star,2.113465e+00,6.243443e+03,2.335067e+00
579,NeutronStar_29,3.264498e+30,1.195515e+04,3.097042e+06,neutron_star,1.641276e+00,4.848538e+03,2.465723e+00
580,NeutronStar_30,2.539796e+30,1.011648e+04,8.263252e+06,neutron_star,1.276921e+00,3.772187e+03,2.681861e+00
581,NeutronStar_31,2.949602e+30,1.054606e+04,3.971844e+06,neutron_star,1.482957e+00,4.380844e+03,2.407312e+00
582,NeutronStar_32,3.669686e+30,1.415900e+04,8.458161e+06,neutron_star,1.844991e+00,5.450336e+03,2.597821e+00
583,NeutronStar_33,3.658456e+30,1.093725e+04,2.425143e+06,neutron_star,1.839344e+00,5.433655e+03,2.012872e+00
584,NeutronStar_34,2.549345e+30,1.019689e+04,4.877173e+06,neutron_star,1.281722e+00,3.786369e+03,2.693053e+00
585,NeutronStar_35,3.459212e+30,1.456799e+04,1.704791e+06,neutron_star,1.739172e+00,5.137733e+03,2.835490e+00
586,NeutronStar_36,4.136863e+30,1.233198e+04,2.496524e+06,neutron_star,2.079871e+00,6.144201e+03,2.007092e+00
587,NeutronStar_37,4.278348e+30,1.208003e+04,9.384868e+06,neutron_star,2.151004e+00,6.354339e+03,1.901068e+00
588,NeutronStar_38,2.487555e+30,1.022867e+04,3.945917e+06,neutron_star,1.250656e+00,3.694596e+03,2.768548e+00
589,NeutronStar_39,2.627849e+30,1.030898e+04,5.367687e+06,neutron_star,1.321191e+00,3.902965e+03,2.641320e+00
590,NeutronStar_40,2.497550e+30,1.391642e+04,2.288585e+06,neutron_star,1.255681e+00,3.709442e+03,3.751622e+00
591,NeutronStar_41,2.441383e+30,1.402365e+04,5.153292e+06,neutron_star,1.227443e+00,3.626021e+03,3.867503e+00
592,NeutronStar_42,3.526957e+30,1.246912e+04,8.033774e+06,neutron_star,1.773231e+00,5.238350e+03,2.380353e+00
593,NeutronStar_43,4.441905e+30,1.056367e+04,6.520114e+06,neutron_star,2.233235e+00,6.597259e+03,1.601221e+00
594,NeutronStar_44,4.141093e+30,1.068944e+04,4.522300e+06,neutron_star,2.081997e+00,6.150484e+03,1.737984e+00
595,NeutronStar_45,4.326246e+30,1.035976e+04,2.640613e+06,neutron_star,2.175086e+00,6.425479e+03,1.612294e+00
596,NeutronStar_46,2.876422e+30,1.189459e+04,7.939503e+06,neutron_star,1.446165e+00,4.272155e+03,2.784215e+00
597,NeutronStar_47,3.853864e+30,1.143357e+04,7.633382e+06,neutron_star,1.937589e+00,5.723883e+03,1.997521e+00
598,NeutronStar_48,3.953593e+30,1.071186e+04,2.578358e+06,neutron_star,1.987729e+00,5.872002e+03,1.824226e+00
599,NeutronStar_49,3.129125e+30,1.452889e+04,1.037074e+06,neutron_star,1.573215e+00,4.647476e+03,3.126190e+00
600,NeutronStar_50,3.422058e+30,1.331797e+04,6.321088e+06,neutron_star,1.720492e+00,5.082550e+03,2.620333e+00
601,NeutronStar_51,4.163074e+30,1.328528e+04,2.551144e+06,neutron_star,2.093049e+00,6.183131e+03,2.148633e+00
602,NeutronStar_52,2.799283e+30,1.423347e+04,3.433372e+06,neutron_star,1.407382e+00,4.157584e+03,3.423495e+00
603,NeutronStar_53,3.471262e+30,1.257133e+04,3.961279e+06,neutron_star,1.745230e+00,5.155630e+03,2.438369e+00
604,NeutronStar_54,3.203381e+30,1.156175e+04,9.294663e+06,neutron_star,1.610548e+00,4.757764e+03,2.430080e+00
605,NeutronStar_55,3.987829e+30,1.174856e+04,3.988705e+06,neutron_star,2.004942e+00,5.922852e+03,1.983598e+00
606,NeutronStar_56,4.451956e+30,1.374145e+04,2.935601e+06,neutron_star,2.238288e+00,6.612187e+03,2.078200e+00
607,NeutronStar_57,3.410579e+30,1.415329e+04,8.550574e+06,neutron_star,1.714720e+00,5.065501e+03,2.794054e+00
608,NeutronStar_58,2.779846e+30,1.291085e+04,3.995210e+06,neutron_star,1.397610e+00,4.128717e+03,3.127086e+00
609,NeutronStar_59,2.662479e+30,1.217782e+04,5.267549e+06,neutron_star,1.338602e+00,3.954399e+03,3.079562e+00
610,NeutronStar_60,4.397796e+30,1.282943e+04,4.783133e+06,neutron_star,2.211059e+00,6.531747e+03,1.964165e+00
611,NeutronStar_61,3.678201e+30,1.242670e+04,4.346018e+06,neutron_star,1.849272e+00,5.462982e+03,2.274710e+00
612,NeutronStar_62,3.355944e+30,1.473490e+04,2.263546e+06,neutron_star,1.687252e+00,4.984356e+03,2.956229e+00
613,NeutronStar_63,3.235680e+30,1.315486e+04,2.530938e+06,neutron_star,1.626787e+00,4.805735e+03,2.737326e+00
614,NeutronStar_64,3.775140e+30,1.437817e+04,2.613506e+06,neutron_star,1.898009e+00,5.606959e+03,2.564343e+00
615,NeutronStar_65,2.361862e+30,1.448697e+04,6.864418e+06,neutron_star,1.187462e+00,3.507913e+03,4.129798e+00
616,NeutronStar_66,3.969337e+30,1.103334e+04,2.426736e+06,neutron_star,1.995644e+00,5.895386e+03,1.871521e+00
617,NeutronStar_67,3.839333e+30,1.249643e+04,8.283731e+06,neutron_star,1.930283e+00,5.702300e+03,2.191472e+00
618,NeutronStar_68,3.807125e+30,1.039084e+04,9.502443e+06,neutron_star,1.914090e+00,5.654463e+03,1.837635e+00
619,NeutronStar_69,3.424026e+30,1.271401e+04,9.197262e+06,neutron_star,1.721481e+00,5.085474e+03,2.500065e+00
620,NeutronStar_70,3.343945e+30,1.475120e+04,6.998552e+06,neutron_star,1.681219e+00,4.966535e+03,2.970119e+00
621,NeutronStar_71,4.278558e+30,1.377876e+04,6.459428e+06,neutron_star,2.151110e+00,6.354652e+03,2.168295e+00
622,NeutronStar_72,2.492281e+30,1.470174e+04,3.053635e+06,neutron_star,1.253032e+00,3.701616e+03,3.971708e+00
623,NeutronStar_73,3.385158e+30,1.051880e+04,1.896808e+06,neutron_star,1.701939e+00,5.027744e+03,2.092151e+00
624,NeutronStar_74,4.423536e+30,1.125817e+04,7.478615e+06,neutron_star,2.224000e+00,6.569977e+03,1.713578e+00
625,NeutronStar_75,3.723798e+30,1.274436e+04,4.850558e+06,neutron_star,1.872196e+00,5.530705e+03,2.304293e+00
626,NeutronStar_76,2.720818e+30,1.432350e+04,5.965605e+06,neutron_star,1.367933e+00,4.041046e+03,3.544503e+00
627,NeutronStar_77,2.303757e+30,1.354479e+04,7.530766e+06,neutron_star,1.158249e+00,3.421614e+03,3.958598e+00
628,NeutronStar_78,4.240411e+30,1.191171e+04,2.814405e+06,neutron_star,2.131931e+00,6.297995e+03,1.891349e+00
629,NeutronStar_79,4.263633e+30,1.346208e+04,5.077688e+06,neutron_star,2.143606e+00,6.332484e+03,2.125877e+00
630,NeutronStar_80,2.329290e+30,1.364256e+04,6.827151e+06,neutron_star,1.171086e+00,3.459536e+03,3.943465e+00
631,NeutronStar_81,3.904643e+30,1.070798e+04,3.810053e+06,neutron_star,1.963119e+00,5.799301e+03,1.846426e+00
632,NeutronStar_82,3.731696e+30,1.470639e+04,1.657668e+06,neutron_star,1.876167e+00,5.542434e+03,2.653417e+00
633,NeutronStar_83,2.694491e+30,1.097714e+04,2.550934e+06,neutron_star,1.354697e+00,4.001945e+03,2.742952e+00
634,NeutronStar_84,3.575487e+30,1.289194e+04,2.886944e+06,neutron_star,1.797630e+00,5.310428e+03,2.427666e+00
635,NeutronStar_85,2.649409e+30,1.185546e+04,9.326935e+06,neutron_star,1.332031e+00,3.934988e+03,3.012833e+00
636,NeutronStar_86,2.945247e+30,1.350874e+04,7.927718e+06,neutron_star,1.480768e+00,4.374375e+03,3.088153e+00
637,NeutronStar_87,4.556212e+30,1.286014e+04,4.036935e+06,neutron_star,2.290705e+00,6.767032e+03,1.900410e+00
638,NeutronStar_88,2.772137e+30,1.304829e+04,7.553357e+06,neutron_star,1.393734e+00,4.117267e+03,3.169163e+00
639,NeutronStar_89,2.643018e+30,1.295084e+04,6.620083e+06,neutron_star,1.328817e+00,3.925495e+03,3.299162e+00
640,NeutronStar_90,3.192832e+30,1.129878e+04,7.129878e+06,neutron_star,1.605245e+00,4.742097e+03,2.382655e+00
641,NeutronStar_91,2.477296e+30,1.399338e+04,9.662077e+06,neutron_star,1.245498e+00,3.679359e+03,3.803211e+00
642,NeutronStar_92,4.260024e+30,1.311086e+04,4.791689e+06,neutron_star,2.141792e+00,6.327124e+03,2.072168e+00
643,NeutronStar_93,3.289703e+30,1.301030e+04,4.423666e+06,neutron_star,1.653948e+00,4.885972e+03,2.662787e+00
644,NeutronStar_94,2.189721e+30,1.495566e+04,3.652571e+06,neutron_star,1.100915e+00,3.252244e+03,4.598567e+00
645,NeutronStar_95,3.245994e+30,1.360542e+04,8.903528e+06,neutron_star,1.631973e+00,4.821054e+03,2.822085e+00
646,NeutronStar_96,2.806524e+30,1.396342e+04,3.071529e+06,neutron_star,1.411022e+00,4.168339e+03,3.349877e+00
647,NeutronStar_97,2.897705e+30,1.108416e+04,2.523095e+06,neutron_star,1.456865e+00,4.303765e+03,2.575457e+00
648,NeutronStar_98,4.172586e+30,1.116770e+04,8.844835e+06,neutron_star,2.097831e+00,6.197259e+03,1.802038e+00
649,NeutronStar_99,4.287859e+30,1.201509e+04,3.993731e+06,neutron_star,2.155786e+00,6.368465e+03,1.886653e+00
650,NeutronStar_100,3.694256e+30,1.022206e+04,7.371104e+06,neutron_star,1.857344e+00,5.486828e+03,1.863018e+00
651,NeutronStar_101,2.864813e+30,1.067613e+04,8.151145e+06,neutron_star,1.440328e+00,4.254913e+03,2.509130e+00
652,NeutronStar_102,2.732690e+30,1.194166e+04,1.412834e+06,neutron_star,1.373902e+00,4.058679e+03,2.942253e+00
653,NeutronStar_103,2.988688e+30,1.030542e+04,1.971133e+06,neutron_star,1.502608e+00,4.438896e+03,2.321618e+00
654,NeutronStar_104,3.835738e+30,1.132439e+04,3.683015e+06,neutron_star,1.928476e+00,5.696961e+03,1.987795e+00
655,NeutronStar_105,3.561660e+30,1.294845e+04,1.508414e+06,neutron_star,1.790679e+00,5.289891e+03,2.447772e+00
656,NeutronStar_106,2.802398e+30,1.094666e+04,1.617234e+06,neutron_star,1.408948e+00,4.162211e+03,2.630011e+00
657,NeutronStar_107,3.456298e+30,1.280049e+04,4.332273e+06,neutron_star,1.737706e+00,5.133404e+03,2.493568e+00
658,NeutronStar_108,3.519350e+30,1.333645e+04,6.657839e+06,neutron_star,1.769407e+00,5.227052e+03,2.551429e+00
659,NeutronStar_109,3.281889e+30,1.268838e+04,7.976209e+06,neutron_star,1.650019e+00,4.874366e+03,2.603082e+00
660,NeutronStar_110,3.025132e+30,1.382982e+04,9.494409e+06,neutron_star,1.520931e+00,4.493024e+03,3.078066e+00
661,NeutronStar_111,3.598066e+30,1.222935e+04,4.428299e+06,neutron_star,1.808982e+00,5.343962e+03,2.288443e+00
662,NeutronStar_112,2.559679e+30,1.006423e+04,2.043035e+06,neutron_star,1.286917e+00,3.801717e+03,2.647286e+00
663,NeutronStar_113,2.471144e+30,1.418276e+04,7.759626e+06,neutron_star,1.242405e+00,3.670222e+03,3.864279e+00
664,NeutronStar_114,3.849877e+30,1.132189e+04,8.384383e+06,neutron_star,1.935584e+00,5.717961e+03,1.980058e+00
665,NeutronStar_115,2.430157e+30,1.202874e+04,6.073379e+06,neutron_star,1.221798e+00,3.609347e+03,3.332664e+00
666,NeutronStar_116,3.393670e+30,1.099904e+04,7.380523e+06,neutron_star,1.706219e+00,5.040387e+03,2.182181e+00
667,NeutronStar_117,3.981089e+30,1.384705e+04,2.210099e+06,neutron_star,2.001553e+00,5.912840e+03,2.341860e+00
668,NeutronStar_118,3.910661e+30,1.485712e+04,6.529425e+06,neutron_star,1.966144e+00,5.808239e+03,2.557939e+00
669,NeutronStar_119,2.566250e+30,1.261680e+04,7.024490e+06,neutron_star,1.290221e+00,3.811477e+03,3.310212e+00
670,NeutronStar_120,3.217450e+30,1.404684e+04,9.068031e+06,neutron_star,1.617622e+00,4.778660e+03,2.939493e+00
671,NeutronStar_121,3.407995e+30,1.436301e+04,1.246310e+06,neutron_star,1.713421e+00,5.061663e+03,2.837608e+00
672,NeutronStar_122,4.045223e+30,1.356691e+04,1.456385e+06,neutron_star,2.033797e+00,6.008095e+03,2.258105e+00
673,NeutronStar_123,4.527955e+30,1.241260e+04,2.227501e+06,neutron_star,2.276498e+00,6.725063e+03,1.845723e+00
674,NeutronStar_124,3.035472e+30,1.167114e+04,5.797230e+06,neutron_star,1.526130e+00,4.508380e+03,2.588765e+00
675,NeutronStar_125,2.336617e+30,1.266256e+04,6.516706e+06,neutron_star,1.174770e+00,3.470418e+03,3.648712e+00
676,NeutronStar_126,3.979817e+30,1.133774e+04,9.613707e+06,neutron_star,2.000913e+00,5.910951e+03,1.918090e+00
677,NeutronStar_127,3.335544e+30,1.429618e+04,1.256021e+06,neutron_star,1.676995e+00,4.954056e+03,2.885753e+00
678,NeutronStar_128,2.677045e+30,1.320257e+04,7.284621e+06,neutron_star,1.345925e+00,3.976032e+03,3.320539e+00
679,NeutronStar_129,2.931955e+30,1.274191e+04,3.245403e+06,neutron_star,1.474085e+00,4.354634e+03,2.926058e+00
680,NeutronStar_130,2.375895e+30,1.118010e+04,9.814341e+06,neutron_star,1.194517e+00,3.528755e+03,3.168286e+00
681,NeutronStar_131,4.167135e+30,1.355331e+04,2.575241e+06,neutron_star,2.095090e+00,6.189162e+03,2.189846e+00
682,NeutronStar_132,3.002643e+30,1.175476e+04,8.175720e+06,neutron_star,1.509624e+00,4.459621e+03,2.635820e+00
683,NeutronStar_133,2.659787e+30,1.021310e+04,4.135640e+06,neutron_star,1.337249e+00,3.950402e+03,2.585333e+00
684,NeutronStar_134,3.154852e+30,1.322644e+04,4.472846e+06,neutron_star,1.586150e+00,4.685687e+03,2.822732e+00
685,NeutronStar_135,3.249503e+30,1.244284e+04,1.242979e+06,neutron_star,1.633737e+00,4.826266e+03,2.578150e+00
686,NeutronStar_136,2.452377e+30,1.071535e+04,8.125684e+06,neutron_star,1.232970e+00,3.642349e+03,2.941880e+00
687,NeutronStar_137,3.294040e+30,1.289019e+04,5.685934e+06,neutron_star,1.656129e+00,4.892414e+03,2.634730e+00
688,NeutronStar_138,3.238018e+30,1.428521e+04,3.459854e+06,neutron_star,1.627963e+00,4.809208e+03,2.970386e+00
689,NeutronStar_139,3.063125e+30,1.018801e+04,9.557728e+06,neutron_star,1.540032e+00,4.549451e+03,2.239393e+00
690,NeutronStar_140,3.094847e+30,1.260650e+04,7.834386e+06,neutron_star,1.555982e+00,4.596566e+03,2.742590e+00
691,NeutronStar_141,2.555268e+30,1.442567e+04,6.044762e+06,neutron_star,1.284700e+00,3.795166e+03,3.801064e+00
692,NeutronStar_142,2.746835e+30,1.089984e+04,8.881677e+06,neutron_star,1.381013e+00,4.079687e+03,2.671735e+00
693,NeutronStar_143,3.052883e+30,1.163618e+04,1.724910e+06,neutron_star,1.534883e+00,4.534240e+03,2.566291e+00
694,NeutronStar_144,3.424926e+30,1.031724e+04,3.064538e+06,neutron_star,1.721933e+00,5.086809e+03,2.028235e+00
695,NeutronStar_145,4.175023e+30,1.009639e+04,1.940702e+06,neutron_star,2.099056e+00,6.200878e+03,1.628219e+00
696,NeutronStar_146,4.483154e+30,1.075847e+04,5.643865e+06,neutron_star,2.253974e+00,6.658525e+03,1.615743e+00
697,NeutronStar_147,3.604920e+30,1.388437e+04,1.066692e+06,neutron_star,1.812428e+00,5.354143e+03,2.593202e+00
698,NeutronStar_148,2.951934e+30,1.126623e+04,9.302179e+06,neutron_star,1.484130e+00,4.384307e+03,2.569672e+00
699,NeutronStar_149,3.242545e+30,1.085383e+04,4.725779e+06,neutron_star,1.630239e+00,4.815932e+03,2.253735e+00
700,NeutronStar_150,2.702540e+30,1.063808e+04,9.475379e+06,neutron_star,1.358743e+00,4.013899e+03,2.650311e+00
701,StellarBH_1,1.132070e+32,4.244000e+05,2.270972e+07,stellar_bh,5.691652e+01,1.681386e+05,2.524108e+00
702,StellarBH_2,1.825575e+32,1.927985e+06,3.198164e+07,stellar_bh,9.178356e+01,2.711402e+05,7.110657e+00
703,StellarBH_3,8.885264e+30,3.229006e+04,3.971065e+07,stellar_bh,4.467202e+00,1.319668e+04,2.446832e+00
704,StellarBH_4,6.373046e+31,5.849571e+05,3.481118e+07,stellar_bh,3.204146e+01,9.465452e+04,6.179917e+00
705,StellarBH_5,1.526915e+32,1.079421e+06,2.177410e+07,stellar_bh,7.676799e+01,2.267823e+05,4.759721e+00
706,StellarBH_6,8.512456e+31,1.129748e+06,1.277255e+07,stellar_bh,4.279767e+01,1.264297e+05,8.935781e+00
707,StellarBH_7,1.457102e+32,1.233471e+06,3.386393e+07,stellar_bh,7.325803e+01,2.164135e+05,5.699603e+00
708,StellarBH_8,9.540362e+30,3.607131e+04,3.295837e+07,stellar_bh,4.796562e+00,1.416965e+04,2.545674e+00
709,StellarBH_9,1.590979e+32,5.131281e+05,2.217308e+07,stellar_bh,7.998887e+01,2.362972e+05,2.171537e+00
710,StellarBH_10,1.378071e+32,7.520520e+05,2.721881e+07,stellar_bh,6.928462e+01,2.046755e+05,3.674362e+00
711,StellarBH_11,3.919984e+31,3.354498e+05,2.829947e+07,stellar_bh,1.970832e+01,5.822086e+04,5.761676e+00
712,StellarBH_12,1.514101e+32,8.909162e+05,4.333685e+07,stellar_bh,7.612372e+01,2.248791e+05,3.961756e+00
713,StellarBH_13,1.142497e+32,1.409551e+06,4.169082e+07,stellar_bh,5.744076e+01,1.696873e+05,8.306759e+00
714,StellarBH_14,1.360633e+32,3.124231e+05,2.541391e+07,stellar_bh,6.840790e+01,2.020856e+05,1.545994e+00
715,StellarBH_15,7.597130e+31,5.061372e+05,3.422239e+07,stellar_bh,3.819572e+01,1.128350e+05,4.485640e+00
716,StellarBH_16,1.600348e+32,1.351013e+06,4.850746e+07,stellar_bh,8.045992e+01,2.376888e+05,5.683959e+00
717,StellarBH_17,6.631546e+31,7.989454e+05,3.996839e+07,stellar_bh,3.334111e+01,9.849385e+04,8.111627e+00
718,StellarBH_18,4.924069e+31,7.259532e+05,1.032889e+07,stellar_bh,2.475651e+01,7.313385e+04,9.926363e+00
719,StellarBH_19,8.141867e+31,1.063320e+06,1.556853e+07,stellar_bh,4.093447e+01,1.209256e+05,8.793172e+00
720,StellarBH_20,4.759312e+31,6.230323e+05,1.162120e+07,stellar_bh,2.392817e+01,7.068683e+04,8.813979e+00
721,StellarBH_21,1.389402e+32,1.308783e+06,1.520285e+07,stellar_bh,6.985428e+01,2.063584e+05,6.342281e+00
722,StellarBH_22,5.184771e+31,1.536447e+05,3.216966e+07,stellar_bh,2.606723e+01,7.700589e+04,1.995233e+00
723,StellarBH_23,1.188207e+32,2.744352e+05,4.525856e+07,stellar_bh,5.973892e+01,1.764763e+05,1.555082e+00
724,StellarBH_24,1.406883e+32,1.821509e+06,1.351339e+07,stellar_bh,7.073318e+01,2.089548e+05,8.717241e+00
725,StellarBH_25,1.282931e+32,1.780331e+06,4.294215e+07,stellar_bh,6.450130e+01,1.905450e+05,9.343361e+00
726,StellarBH_26,6.737182e+31,2.441313e+05,1.752369e+07,stellar_bh,3.387221e+01,1.000628e+05,2.439781e+00
727,StellarBH_27,1.175205e+32,7.101385e+05,2.854147e+07,stellar_bh,5.908521e+01,1.745452e+05,4.068508e+00
728,StellarBH_28,2.474067e+31,1.177506e+05,1.669115e+07,stellar_bh,1.243875e+01,3.674564e+04,3.204477e+00
729,StellarBH_29,6.148437e+31,3.396312e+05,1.233825e+07,stellar_bh,3.091220e+01,9.131856e+04,3.719192e+00
730,StellarBH_30,1.146853e+32,1.455353e+06,1.181306e+07,stellar_bh,5.765979e+01,1.703343e+05,8.544100e+00
731,StellarBH_31,1.929234e+32,2.769646e+06,3.959309e+07,stellar_bh,9.699518e+01,2.865360e+05,9.665960e+00
732,StellarBH_32,1.152391e+32,7.519354e+05,1.049859e+07,stellar_bh,5.793820e+01,1.711568e+05,4.393255e+00
733,StellarBH_33,1.275858e+32,1.511270e+06,4.386402e+07,stellar_bh,6.414568e+01,1.894945e+05,7.975274e+00
734,StellarBH_34,1.507699e+32,3.359347e+05,3.798093e+07,stellar_bh,7.580187e+01,2.239283e+05,1.500188e+00
735,StellarBH_35,9.877611e+31,3.651345e+05,3.759891e+07,stellar_bh,4.966119e+01,1.467054e+05,2.488896e+00
736,StellarBH_36,9.344947e+31,1.255049e+06,3.651510e+07,stellar_bh,4.698314e+01,1.387942e+05,9.042523e+00
737,StellarBH_37,1.442716e+32,1.864101e+06,3.783972e+07,stellar_bh,7.253472e+01,2.142767e+05,8.699504e+00
738,StellarBH_38,1.200180e+32,1.323730e+06,2.888436e+07,stellar_bh,6.034086e+01,1.782545e+05,7.426064e+00
739,StellarBH_39,1.243942e+32,9.883259e+05,3.446419e+07,stellar_bh,6.254107e+01,1.847542e+05,5.349409e+00
740,StellarBH_40,1.875812e+32,2.483444e+06,1.295132e+07,stellar_bh,9.430929e+01,2.786016e+05,8.913963e+00
741,StellarBH_41,9.515402e+31,2.586455e+05,1.055491e+07,stellar_bh,4.784013e+01,1.413258e+05,1.830137e+00
742,StellarBH_42,8.436896e+31,7.529636e+05,3.682877e+07,stellar_bh,4.241778e+01,1.253075e+05,6.008927e+00
743,StellarBH_43,1.097150e+32,3.324166e+05,3.954646e+07,stellar_bh,5.516087e+01,1.629522e+05,2.039964e+00
744,StellarBH_44,8.881703e+31,2.477497e+05,3.437198e+07,stellar_bh,4.465411e+01,1.319139e+05,1.878117e+00
745,StellarBH_45,7.695126e+31,2.528736e+05,3.896330e+07,stellar_bh,3.868841e+01,1.142905e+05,2.212552e+00
746,StellarBH_46,1.685978e+32,2.235755e+06,4.406186e+07,stellar_bh,8.476511e+01,2.504069e+05,8.928487e+00
747,StellarBH_47,1.146610e+31,1.468847e+05,1.602813e+07,stellar_bh,5.764756e+00,1.702982e+04,8.625150e+00
748,StellarBH_48,1.501344e+32,1.493181e+06,4.662977e+07,stellar_bh,7.548233e+01,2.229844e+05,6.696350e+00
749,StellarBH_49,1.624858e+32,6.717792e+05,4.425362e+07,stellar_bh,8.169221e+01,2.413291e+05,2.783664e+00
750,StellarBH_50,3.806378e+31,3.134907e+05,2.187525e+07,stellar_bh,1.913714e+01,5.653354e+04,5.545217e+00
751,StellarBH_51,1.907221e+32,1.483264e+06,1.352852e+07,stellar_bh,9.588845e+01,2.832666e+05,5.236282e+00
752,StellarBH_52,7.358625e+31,6.384230e+05,4.620464e+07,stellar_bh,3.699661e+01,1.092927e+05,5.841408e+00
753,StellarBH_53,5.310118e+31,3.136969e+05,3.702676e+07,stellar_bh,2.669742e+01,7.886757e+04,3.977514e+00
754,StellarBH_54,2.600167e+31,2.879388e+05,3.760581e+07,stellar_bh,1.307274e+01,3.861851e+04,7.455979e+00
755,StellarBH_55,1.850890e+32,2.450171e+06,1.749729e+07,stellar_bh,9.305633e+01,2.749002e+05,8.912948e+00
756,StellarBH_56,9.912482e+31,6.642413e+05,2.761554e+07,stellar_bh,4.983651e+01,1.472234e+05,4.511793e+00
757,StellarBH_57,8.076499e+30,1.075985e+05,2.802310e+07,stellar_bh,4.060583e+00,1.199548e+04,8.969927e+00
758,StellarBH_58,4.668156e+31,2.308720e+05,3.948316e+07,stellar_bh,2.346986e+01,6.933295e+04,3.329903e+00
759,StellarBH_59,1.861270e+32,2.398985e+06,2.721099e+07,stellar_bh,9.357818e+01,2.764418e+05,8.678083e+00
760,StellarBH_60,1.042346e+32,1.363279e+06,3.684950e+07,stellar_bh,5.240553e+01,1.548126e+05,8.805995e+00
761,StellarBH_61,1.505843e+32,1.859887e+06,2.125565e+07,stellar_bh,7.570855e+01,2.236526e+05,8.315964e+00
762,StellarBH_62,1.310347e+32,3.273404e+05,2.358602e+07,stellar_bh,6.587970e+01,1.946170e+05,1.681972e+00
763,StellarBH_63,1.853299e+31,2.242122e+05,3.543482e+07,stellar_bh,9.317742e+00,2.752579e+04,8.145533e+00
764,StellarBH_64,5.304134e+31,2.130177e+05,2.842202e+07,stellar_bh,2.666734e+01,7.877870e+04,2.704001e+00
765,StellarBH_65,7.910142e+31,8.765326e+05,2.244555e+07,stellar_bh,3.976944e+01,1.174840e+05,7.460870e+00
766,StellarBH_66,5.947386e+31,8.138274e+05,3.963892e+07,stellar_bh,2.990139e+01,8.833248e+04,9.213230e+00
767,StellarBH_67,8.337981e+31,5.997116e+05,1.738243e+07,stellar_bh,4.192047e+01,1.238384e+05,4.842696e+00
768,StellarBH_68,1.074544e+31,6.090153e+04,1.463715e+07,stellar_bh,5.402433e+00,1.595947e+04,3.816012e+00
769,StellarBH_69,1.958587e+32,2.188968e+06,4.020067e+07,stellar_bh,9.847095e+01,2.908956e+05,7.524924e+00
770,StellarBH_70,1.098419e+32,1.175685e+06,1.117393e+07,stellar_bh,5.522468e+01,1.631407e+05,7.206572e+00
771,StellarBH_71,5.500316e+31,7.315438e+05,3.429870e+07,stellar_bh,2.765368e+01,8.169246e+04,8.954852e+00
772,StellarBH_72,2.059071e+31,2.485150e+05,3.623838e+07,stellar_bh,1.035229e+01,3.058199e+04,8.126188e+00
773,StellarBH_73,4.181274e+31,3.089479e+05,4.976938e+07,stellar_bh,2.102199e+01,6.210162e+04,4.974876e+00
774,StellarBH_74,8.860610e+31,8.420271e+05,1.440012e+07,stellar_bh,4.454806e+01,1.316006e+05,6.398352e+00
775,StellarBH_75,3.933050e+31,2.460800e+05,1.777303e+07,stellar_bh,1.977401e+01,5.841492e+04,4.212622e+00
776,StellarBH_76,5.473330e+31,4.645452e+05,2.614595e+07,stellar_bh,2.751800e+01,8.129165e+04,5.714550e+00
777,StellarBH_77,1.345447e+32,1.190894e+06,1.602820e+07,stellar_bh,6.764442e+01,1.998302e+05,5.959533e+00
778,StellarBH_78,1.344682e+32,1.698583e+06,1.710585e+07,stellar_bh,6.760594e+01,1.997165e+05,8.504972e+00
779,StellarBH_79,9.915246e+31,3.403427e+05,2.844673e+07,stellar_bh,4.985041e+01,1.472644e+05,2.311099e+00
780,StellarBH_80,7.115306e+31,2.688767e+05,3.723290e+07,stellar_bh,3.577328e+01,1.056788e+05,2.544283e+00
781,StellarBH_81,9.722371e+31,8.863181e+05,4.674327e+07,stellar_bh,4.888070e+01,1.443998e+05,6.137947e+00
782,StellarBH_82,1.676552e+32,1.369494e+06,1.494814e+07,stellar_bh,8.429123e+01,2.490070e+05,5.499822e+00
783,StellarBH_83,4.834928e+31,3.130738e+05,3.980959e+07,stellar_bh,2.430833e+01,7.180989e+04,4.359759e+00
784,StellarBH_84,7.351280e+31,6.554223e+05,4.989395e+07,stellar_bh,3.695968e+01,1.091836e+05,6.002939e+00
785,StellarBH_85,3.820630e+31,3.725752e+05,1.639405e+07,stellar_bh,1.920880e+01,5.674522e+04,6.565755e+00
786,StellarBH_86,1.027594e+32,9.251998e+05,3.951738e+07,stellar_bh,5.166385e+01,1.526215e+05,6.062053e+00
787,StellarBH_87,1.395593e+32,1.440757e+06,1.380697e+07,stellar_bh,7.016555e+01,2.072779e+05,6.950848e+00
788,StellarBH_88,1.550749e+32,1.697683e+06,4.457934e+07,stellar_bh,7.796629e+01,2.303223e+05,7.370904e+00
789,StellarBH_89,1.898095e+32,1.465969e+06,2.913564e+07,stellar_bh,9.542963e+01,2.819112e+05,5.200108e+00
790,StellarBH_90,3.646054e+31,4.323212e+05,1.540567e+07,stellar_bh,1.833109e+01,5.415236e+04,7.983422e+00
791,StellarBH_91,3.322421e+31,1.264796e+05,4.822320e+07,stellar_bh,1.670398e+01,4.934566e+04,2.563136e+00
792,StellarBH_92,1.485008e+32,2.059816e+06,1.209276e+07,stellar_bh,7.466103e+01,2.205581e+05,9.339108e+00
793,StellarBH_93,5.965300e+31,3.149620e+05,3.639009e+07,stellar_bh,2.999145e+01,8.859854e+04,3.554934e+00
794,StellarBH_94,3.844015e+31,4.355210e+05,4.856164e+07,stellar_bh,1.932637e+01,5.709254e+04,7.628334e+00
795,StellarBH_95,4.545790e+31,1.121561e+05,3.712475e+07,stellar_bh,2.285465e+01,6.751553e+04,1.661190e+00
796,StellarBH_96,2.338414e+31,2.410395e+05,2.857994e+07,stellar_bh,1.175673e+01,3.473087e+04,6.940209e+00
797,StellarBH_97,7.206507e+31,8.873872e+05,3.495780e+07,stellar_bh,3.623181e+01,1.070333e+05,8.290754e+00
798,StellarBH_98,1.768750e+31,4.895293e+04,3.389112e+07,stellar_bh,8.892659e+00,2.627004e+04,1.863451e+00
799,StellarBH_99,3.416929e+31,3.050174e+05,4.322615e+07,stellar_bh,1.717913e+01,5.074933e+04,6.010274e+00
800,StellarBH_100,1.682436e+32,1.715584e+06,4.793375e+07,stellar_bh,8.458705e+01,2.498808e+05,6.865608e+00
801,IMBH_1,1.409229e+35,3.455001e+09,7.148702e+07,imbh,7.085114e+04,2.093032e+08,1.650716e+01
802,IMBH_2,8.691974e+34,1.991540e+08,9.031795e+07,imbh,4.370022e+04,1.290960e+08,1.542682e+00
803,IMBH_3,1.940272e+35,4.960075e+09,6.635170e+07,imbh,9.755011e+04,2.881754e+08,1.721200e+01
804,IMBH_4,1.586911e+35,1.096444e+09,5.570997e+07,imbh,7.978439e+04,2.356932e+08,4.651998e+00
805,IMBH_5,9.012984e+34,2.631822e+09,9.212784e+07,imbh,4.531415e+04,1.338637e+08,1.966045e+01
806,IMBH_6,5.998047e+34,1.345928e+09,5.943742e+07,imbh,3.015609e+04,8.908491e+07,1.510837e+01
807,IMBH_7,1.824989e+35,3.257920e+09,7.769092e+07,imbh,9.175410e+04,2.710532e+08,1.201948e+01
808,IMBH_8,7.946004e+34,2.248103e+09,8.463965e+07,imbh,3.994975e+04,1.180166e+08,1.904904e+01
809,IMBH_9,3.580998e+34,9.878635e+08,6.491371e+07,imbh,1.800401e+04,5.318613e+07,1.857371e+01
810,IMBH_10,3.009090e+34,8.402751e+08,8.322794e+07,imbh,1.512866e+04,4.469197e+07,1.880148e+01
811,IMBH_11,1.983538e+35,5.540654e+09,7.598784e+07,imbh,9.972541e+04,2.946015e+08,1.880728e+01
812,IMBH_12,6.347709e+34,6.877959e+08,6.089070e+07,imbh,3.191407e+04,9.427822e+07,7.295385e+00
813,IMBH_13,4.103462e+33,9.973938e+07,9.771349e+07,imbh,2.063078e+03,6.094593e+06,1.636523e+01
814,IMBH_14,1.978187e+35,2.300230e+09,8.788345e+07,imbh,9.945637e+04,2.938067e+08,7.829058e+00
815,IMBH_15,4.260544e+34,7.378263e+08,6.437005e+07,imbh,2.142053e+04,6.327897e+07,1.165990e+01
816,IMBH_16,1.638450e+35,4.187493e+09,7.679756e+07,imbh,8.237554e+04,2.433478e+08,1.720785e+01
817,IMBH_17,7.738591e+34,2.273831e+09,8.216517e+07,imbh,3.890694e+04,1.149360e+08,1.978345e+01
818,IMBH_18,8.793957e+34,1.610449e+09,5.988562e+07,imbh,4.421296e+04,1.306107e+08,1.233015e+01
819,IMBH_19,5.716127e+34,6.132352e+08,8.599924e+07,imbh,2.873870e+04,8.489775e+07,7.223221e+00
820,IMBH_20,1.763073e+35,1.592568e+09,7.983628e+07,imbh,8.864116e+04,2.618572e+08,6.081817e+00
821,IMBH_21,1.973057e+35,3.482139e+09,9.482379e+07,imbh,9.919845e+04,2.930448e+08,1.188262e+01
822,IMBH_22,9.538849e+34,2.183025e+09,5.570566e+07,imbh,4.795801e+04,1.416740e+08,1.540879e+01
823,IMBH_23,7.305828e+34,1.654238e+09,8.829188e+07,imbh,3.673116e+04,1.085085e+08,1.524524e+01
824,IMBH_24,1.592089e+35,3.273977e+09,7.566899e+07,imbh,8.004469e+04,2.364621e+08,1.384567e+01
825,IMBH_25,1.954431e+35,1.741181e+09,6.376455e+07,imbh,9.826197e+04,2.902783e+08,5.998315e+00
826,IMBH_26,8.086885e+34,2.083790e+09,9.318436e+07,imbh,4.065804e+04,1.201090e+08,1.734916e+01
827,IMBH_27,8.262743e+34,2.379112e+09,7.126945e+07,imbh,4.154220e+04,1.227209e+08,1.938636e+01
828,IMBH_28,2.312339e+34,4.279096e+08,5.107620e+07,imbh,1.162563e+04,3.434360e+07,1.245966e+01
829,IMBH_29,1.438475e+35,8.589835e+08,9.080977e+07,imbh,7.232153e+04,2.136469e+08,4.020575e+00
830,IMBH_30,1.017564e+35,1.640592e+09,5.518124e+07,imbh,5.115956e+04,1.511318e+08,1.085537e+01
831,IMBH_31,4.814605e+34,2.829808e+08,7.139192e+07,imbh,2.420616e+04,7.150805e+07,3.957328e+00
832,IMBH_32,1.337852e+35,5.842254e+08,9.843992e+07,imbh,6.726255e+04,1.987021e+08,2.940208e+00
833,IMBH_33,8.816914e+34,1.841697e+09,6.745696e+07,imbh,4.432838e+04,1.309516e+08,1.406394e+01
834,IMBH_34,1.044975e+35,2.205027e+09,6.108743e+07,imbh,5.253772e+04,1.552031e+08,1.420736e+01
835,IMBH_35,5.685815e+34,1.399432e+09,9.514206e+07,imbh,2.858630e+04,8.444754e+07,1.657161e+01
836,IMBH_36,1.511070e+35,5.051008e+08,5.620439e+07,imbh,7.597135e+04,2.244290e+08,2.250604e+00
837,IMBH_37,1.098328e+35,5.057367e+08,5.468115e+07,imbh,5.522012e+04,1.631272e+08,3.100259e+00
838,IMBH_38,7.939980e+34,1.456648e+09,9.704296e+07,imbh,3.991946e+04,1.179271e+08,1.235210e+01
839,IMBH_39,1.907630e+35,8.220404e+08,6.187333e+07,imbh,9.590902e+04,2.833274e+08,2.901380e+00
840,IMBH_40,1.500418e+34,4.190889e+08,7.056658e+07,imbh,7.543582e+03,2.228470e+07,1.880613e+01
841,IMBH_41,1.592489e+35,2.725923e+09,6.351616e+07,imbh,8.006482e+04,2.365216e+08,1.152505e+01
842,IMBH_42,1.495740e+35,4.349001e+09,7.498810e+07,imbh,7.520062e+04,2.221521e+08,1.957668e+01
843,IMBH_43,1.058372e+35,3.536737e+08,7.744998e+07,imbh,5.321127e+04,1.571928e+08,2.249936e+00
844,IMBH_44,9.022172e+34,5.808628e+08,8.756381e+07,imbh,4.536034e+04,1.340002e+08,4.334791e+00
845,IMBH_45,1.733241e+34,4.208103e+08,9.316917e+07,imbh,8.714134e+03,2.574266e+07,1.634681e+01
846,IMBH_46,4.048738e+34,1.095967e+09,7.777751e+07,imbh,2.035565e+04,6.013315e+07,1.822568e+01
847,IMBH_47,8.784655e+34,2.054336e+09,9.944637e+07,imbh,4.416619e+04,1.304725e+08,1.574535e+01
848,IMBH_48,1.047778e+35,6.489153e+08,7.783115e+07,imbh,5.267863e+04,1.556193e+08,4.169889e+00
849,IMBH_49,6.294012e+34,2.727998e+08,9.864068e+07,imbh,3.164410e+04,9.348068e+07,2.918248e+00
850,IMBH_50,1.333676e+35,1.526796e+09,5.446929e+07,imbh,6.705261e+04,1.980819e+08,7.707904e+00
851,IMBH_51,1.934893e+35,1.759926e+09,8.209763e+07,imbh,9.727967e+04,2.873764e+08,6.124115e+00
852,IMBH_52,1.483189e+35,1.877914e+09,5.251991e+07,imbh,7.456960e+04,2.202880e+08,8.524813e+00
853,IMBH_53,1.421346e+35,1.091793e+09,7.629168e+07,imbh,7.146032e+04,2.111028e+08,5.171852e+00
854,IMBH_54,7.894143e+34,1.989690e+09,5.869299e+07,imbh,3.968901e+04,1.172463e+08,1.697017e+01
855,IMBH_55,1.922102e+35,1.739267e+09,6.976887e+07,imbh,9.663658e+04,2.854767e+08,6.092502e+00
856,IMBH_56,1.504051e+34,3.153003e+08,9.878070e+07,imbh,7.561843e+03,2.233864e+07,1.411457e+01
857,IMBH_57,8.148348e+34,1.348696e+09,9.326183e+07,imbh,4.096706e+04,1.210219e+08,1.114423e+01
858,IMBH_58,8.084001e+34,4.141882e+08,6.542114e+07,imbh,4.064354e+04,1.200662e+08,3.449666e+00
859,IMBH_59,1.618087e+35,4.634399e+09,6.193685e+07,imbh,8.135178e+04,2.403235e+08,1.928401e+01
860,IMBH_60,1.989117e+34,4.011786e+08,6.647265e+07,imbh,1.000059e+04,2.954301e+07,1.357948e+01
861,IMBH_61,3.896205e+33,4.933138e+07,6.138221e+07,imbh,1.958876e+03,5.786769e+06,8.524857e+00
862,IMBH_62,7.799178e+34,3.348023e+08,8.476858e+07,imbh,3.921155e+04,1.158359e+08,2.890316e+00
863,IMBH_63,1.515830e+35,2.871020e+09,7.182649e+07,imbh,7.621067e+04,2.251360e+08,1.275238e+01
864,IMBH_64,1.132690e+35,1.456729e+09,5.065274e+07,imbh,5.694772e+04,1.682308e+08,8.659111e+00
865,IMBH_65,1.796034e+35,2.342812e+09,9.286763e+07,imbh,9.029836e+04,2.667528e+08,8.782708e+00
866,IMBH_66,2.274968e+34,4.607279e+08,5.157077e+07,imbh,1.143775e+04,3.378856e+07,1.363562e+01
867,IMBH_67,7.748202e+33,9.911122e+07,7.245498e+07,imbh,3.895526e+03,1.150788e+07,8.612467e+00
868,IMBH_68,1.592133e+35,4.449543e+09,7.979122e+07,imbh,8.004690e+04,2.364687e+08,1.881663e+01
869,IMBH_69,3.354868e+34,8.133543e+08,7.855641e+07,imbh,1.686711e+04,4.982758e+07,1.632338e+01
870,IMBH_70,1.063345e+35,8.773638e+08,6.850477e+07,imbh,5.346127e+04,1.579314e+08,5.555349e+00
871,IMBH_71,1.752112e+35,3.108747e+09,6.585522e+07,imbh,8.809011e+04,2.602293e+08,1.194618e+01
872,IMBH_72,6.257425e+34,2.897900e+08,5.166413e+07,imbh,3.146016e+04,9.293728e+07,3.118125e+00
873,IMBH_73,1.155903e+35,3.305400e+09,7.688263e+07,imbh,5.811477e+04,1.716784e+08,1.925344e+01
874,IMBH_74,1.768491e+35,2.198654e+09,8.586757e+07,imbh,8.891358e+04,2.626620e+08,8.370659e+00
875,IMBH_75,1.593613e+35,3.259067e+09,5.715903e+07,imbh,8.012132e+04,2.366885e+08,1.376943e+01
876,IMBH_76,1.884495e+35,4.887322e+09,6.776081e+07,imbh,9.474587e+04,2.798913e+08,1.746150e+01
877,IMBH_77,5.440375e+34,5.539404e+08,5.958949e+07,imbh,2.735232e+04,8.080220e+07,6.855511e+00
878,IMBH_78,7.567469e+34,1.959364e+09,5.403676e+07,imbh,3.804660e+04,1.123945e+08,1.743292e+01
879,IMBH_79,6.595583e+34,1.792126e+09,9.244658e+07,imbh,3.316030e+04,9.795971e+07,1.829452e+01
880,IMBH_80,1.336635e+34,1.018764e+08,8.349021e+07,imbh,6.720136e+03,1.985213e+07,5.131763e+00
881,IMBH_81,5.758271e+33,1.691922e+08,6.888795e+07,imbh,2.895058e+03,8.552369e+06,1.978308e+01
882,IMBH_82,1.620870e+35,4.292056e+09,9.390144e+07,imbh,8.149171e+04,2.407368e+08,1.782883e+01
883,IMBH_83,1.733881e+35,4.366251e+09,6.727214e+07,imbh,8.717350e+04,2.575215e+08,1.695489e+01
884,IMBH_84,1.004155e+35,1.588412e+09,7.755229e+07,imbh,5.048544e+04,1.491404e+08,1.065045e+01
885,IMBH_85,9.907386e+33,2.331610e+08,9.611819e+07,imbh,4.981089e+03,1.471477e+07,1.584538e+01
886,IMBH_86,1.895928e+35,2.112215e+09,9.452708e+07,imbh,9.532064e+04,2.815892e+08,7.501051e+00
887,IMBH_87,1.792105e+35,4.841930e+09,6.440026e+07,imbh,9.010083e+04,2.661692e+08,1.819117e+01
888,IMBH_88,1.464659e+35,2.883815e+09,6.031063e+07,imbh,7.363795e+04,2.175358e+08,1.325673e+01
889,IMBH_89,2.428137e+34,6.273171e+07,9.111991e+07,imbh,1.220783e+04,3.606347e+07,1.739481e+00
890,IMBH_90,1.101719e+35,2.496618e+09,7.228048e+07,imbh,5.539058e+04,1.636308e+08,1.525763e+01
891,IMBH_91,3.038466e+34,7.960239e+08,8.390301e+07,imbh,1.527635e+04,4.512827e+07,1.763914e+01
892,IMBH_92,1.078225e+35,1.191615e+09,7.118546e+07,imbh,5.420940e+04,1.601414e+08,7.441014e+00
893,IMBH_93,5.570403e+34,7.936058e+08,6.633714e+07,imbh,2.800605e+04,8.273341e+07,9.592326e+00
894,IMBH_94,1.762097e+35,2.538059e+09,8.929867e+07,imbh,8.859211e+04,2.617123e+08,9.697899e+00
895,IMBH_95,1.207777e+35,1.949461e+09,9.949310e+07,imbh,6.072285e+04,1.793830e+08,1.086759e+01
896,IMBH_96,8.668093e+33,1.033192e+08,9.825176e+07,imbh,4.358016e+03,1.287413e+07,8.025338e+00
897,IMBH_97,4.277556e+34,3.439122e+08,6.336453e+07,imbh,2.150606e+04,6.353164e+07,5.413244e+00
898,IMBH_98,8.560556e+34,1.951985e+09,9.659216e+07,imbh,4.303949e+04,1.271441e+08,1.535254e+01
899,IMBH_99,3.164055e+34,7.168352e+08,9.738273e+07,imbh,1.590777e+04,4.699356e+07,1.525390e+01
900,IMBH_100,8.357209e+34,4.591461e+08,9.093751e+07,imbh,4.201714e+04,1.241239e+08,3.699093e+00
901,SMBH_1,5.774742e+38,2.100389e+13,1.090083e+08,smbh,2.903339e+08,8.576831e+11,2.448910e+01
902,SMBH_2,1.535526e+40,5.491392e+14,1.121903e+08,smbh,7.720090e+09,2.280612e+13,2.407859e+01
903,SMBH_3,5.600585e+39,1.789089e+14,1.415583e+08,smbh,2.815779e+09,8.318168e+12,2.150821e+01
904,SMBH_4,9.386881e+39,1.263178e+14,1.276502e+08,smbh,4.719397e+09,1.394170e+13,9.060430e+00
905,SMBH_5,1.604026e+40,2.026225e+14,1.223146e+08,smbh,8.064484e+09,2.382351e+13,8.505151e+00
906,SMBH_6,1.032373e+40,4.187274e+14,2.298989e+08,smbh,5.190411e+09,1.533313e+13,2.730867e+01
907,SMBH_7,6.862396e+39,4.726891e+14,1.841005e+08,smbh,3.450174e+09,1.019225e+13,4.637731e+01
908,SMBH_8,1.458153e+40,3.293729e+14,1.352585e+08,smbh,7.331085e+09,2.165695e+13,1.520865e+01
909,SMBH_9,5.034343e+39,1.759015e+14,1.087751e+08,smbh,2.531092e+09,7.477167e+12,2.352515e+01
910,SMBH_10,2.854799e+39,1.056481e+14,2.012174e+08,smbh,1.435294e+09,4.240039e+12,2.491678e+01
911,SMBH_11,9.565634e+39,6.576855e+13,1.155055e+08,smbh,4.809268e+09,1.420719e+13,4.629245e+00
912,SMBH_12,8.169926e+39,3.312296e+14,1.651546e+08,smbh,4.107555e+09,1.213424e+13,2.729711e+01
913,SMBH_13,1.365031e+40,4.752926e+14,1.890936e+08,smbh,6.862899e+09,2.027387e+13,2.344360e+01
914,SMBH_14,1.258095e+40,9.192631e+14,1.082961e+08,smbh,6.325264e+09,1.868563e+13,4.919626e+01
915,SMBH_15,1.104576e+40,1.357690e+14,1.122061e+08,smbh,5.553422e+09,1.640551e+13,8.275819e+00
916,SMBH_16,3.946259e+39,2.656512e+14,2.174143e+08,smbh,1.984042e+09,5.861111e+12,4.532437e+01
917,SMBH_17,1.318701e+40,5.203336e+14,2.451986e+08,smbh,6.629971e+09,1.958577e+13,2.656692e+01
918,SMBH_18,5.496030e+39,2.080470e+14,2.381416e+08,smbh,2.763213e+09,8.162880e+12,2.548696e+01
919,SMBH_19,1.043082e+39,1.323665e+13,1.451407e+08,smbh,5.244251e+08,1.549218e+12,8.544086e+00
920,SMBH_20,1.010912e+40,3.924207e+14,2.160575e+08,smbh,5.082516e+09,1.501440e+13,2.613630e+01
921,SMBH_21,1.521310e+40,8.626279e+14,1.355546e+08,smbh,7.648617e+09,2.259498e+13,3.817785e+01
922,SMBH_22,2.495850e+39,1.531639e+14,2.320759e+08,smbh,1.254826e+09,3.706916e+12,4.131842e+01
923,SMBH_23,1.914878e+40,1.324532e+15,1.509630e+08,smbh,9.627343e+09,2.844039e+13,4.657221e+01
924,SMBH_24,1.437199e+40,7.542531e+14,1.965270e+08,smbh,7.225739e+09,2.134575e+13,3.533505e+01
925,SMBH_25,1.287336e+40,6.602843e+13,1.560320e+08,smbh,6.472280e+09,1.911993e+13,3.453382e+00
926,SMBH_26,3.269554e+39,1.956661e+14,1.786709e+08,smbh,1.643818e+09,4.856046e+12,4.029330e+01
927,SMBH_27,6.512820e+39,4.829594e+14,1.515789e+08,smbh,3.274419e+09,9.673049e+12,4.992835e+01
928,SMBH_28,1.301124e+40,1.652523e+14,2.156784e+08,smbh,6.541600e+09,1.932471e+13,8.551345e+00
929,SMBH_29,1.867036e+40,3.607743e+14,1.644346e+08,smbh,9.386810e+09,2.772982e+13,1.301033e+01
930,SMBH_30,1.539931e+40,3.435401e+14,2.237154e+08,smbh,7.742235e+09,2.287154e+13,1.502042e+01
931,SMBH_31,1.501386e+40,6.126404e+14,2.114659e+08,smbh,7.548448e+09,2.229907e+13,2.747381e+01
932,SMBH_32,2.032911e+39,7.900307e+13,1.448348e+08,smbh,1.022077e+09,3.019345e+12,2.616563e+01
933,SMBH_33,5.121396e+39,6.380578e+13,1.446695e+08,smbh,2.574860e+09,7.606462e+12,8.388365e+00
934,SMBH_34,1.730374e+40,9.964909e+14,2.259430e+08,smbh,8.699720e+09,2.570007e+13,3.877385e+01
935,SMBH_35,7.690519e+39,4.720148e+14,2.361298e+08,smbh,3.866526e+09,1.142221e+13,4.132431e+01
936,SMBH_36,1.575458e+40,7.624687e+14,1.201460e+08,smbh,7.920856e+09,2.339921e+13,3.258523e+01
937,SMBH_37,1.871052e+40,1.376951e+15,2.338639e+08,smbh,9.406996e+09,2.778946e+13,4.954941e+01
938,SMBH_38,1.858158e+40,1.084260e+15,1.563760e+08,smbh,9.342174e+09,2.759796e+13,3.928767e+01
939,SMBH_39,1.899329e+40,1.247838e+15,1.402119e+08,smbh,9.549166e+09,2.820945e+13,4.423475e+01
940,SMBH_40,1.829854e+40,3.723530e+14,1.407801e+08,smbh,9.199869e+09,2.717758e+13,1.370074e+01
941,SMBH_41,7.041576e+39,4.904725e+14,1.046548e+08,smbh,3.540259e+09,1.045837e+13,4.689759e+01
942,SMBH_42,1.433096e+40,1.205525e+14,2.258866e+08,smbh,7.205108e+09,2.128480e+13,5.663785e+00
943,SMBH_43,1.680830e+40,4.604653e+14,1.598042e+08,smbh,8.450628e+09,2.496422e+13,1.844501e+01
944,SMBH_44,9.205524e+39,4.639829e+14,1.379178e+08,smbh,4.628217e+09,1.367234e+13,3.393588e+01
945,SMBH_45,3.446996e+39,2.136865e+14,1.862069e+08,smbh,1.733030e+09,5.119589e+12,4.173899e+01
946,SMBH_46,5.544201e+39,3.309080e+14,1.736272e+08,smbh,2.787431e+09,8.234424e+12,4.018592e+01
947,SMBH_47,1.059888e+40,2.550384e+14,2.206212e+08,smbh,5.328750e+09,1.574180e+13,1.620135e+01
948,SMBH_48,1.661884e+40,1.014724e+15,1.119977e+08,smbh,8.355374e+09,2.468283e+13,4.111052e+01
949,SMBH_49,9.257880e+39,2.102242e+14,2.388554e+08,smbh,4.654540e+09,1.375010e+13,1.528892e+01
950,SMBH_50,1.986060e+38,1.412979e+13,1.289764e+08,smbh,9.985217e+07,2.949759e+11,4.790151e+01
951,SMBH_51,1.245903e+40,7.619179e+14,1.442386e+08,smbh,6.263968e+09,1.850456e+13,4.117461e+01
952,SMBH_52,8.264062e+39,4.254688e+13,1.389385e+08,smbh,4.154883e+09,1.227405e+13,3.466409e+00
953,SMBH_53,1.540636e+40,1.209406e+14,2.207988e+08,smbh,7.745783e+09,2.288202e+13,5.285399e+00
954,SMBH_54,1.051320e+40,7.222778e+14,2.326795e+08,smbh,5.285670e+09,1.561454e+13,4.625675e+01
955,SMBH_55,1.030474e+40,4.837572e+14,1.865907e+08,smbh,5.180865e+09,1.530493e+13,3.160793e+01
956,SMBH_56,2.242533e+39,1.476363e+14,1.018464e+08,smbh,1.127467e+09,3.330682e+12,4.432616e+01
957,SMBH_57,6.727415e+39,4.382032e+14,1.247319e+08,smbh,3.382310e+09,9.991772e+12,4.385641e+01
958,SMBH_58,9.211922e+39,2.907981e+14,2.321553e+08,smbh,4.631434e+09,1.368184e+13,2.125431e+01
959,SMBH_59,2.783914e+39,6.242386e+13,2.052147e+08,smbh,1.399655e+09,4.134759e+12,1.509734e+01
960,SMBH_60,9.499120e+39,3.026838e+14,1.953969e+08,smbh,4.775827e+09,1.410840e+13,2.145416e+01
961,SMBH_61,1.075826e+40,1.703554e+14,1.884269e+08,smbh,5.408881e+09,1.597852e+13,1.066152e+01
962,SMBH_62,7.935663e+39,5.830134e+13,1.868478e+08,smbh,3.989775e+09,1.178630e+13,4.946534e+00
963,SMBH_63,6.044601e+39,1.909125e+14,2.422982e+08,smbh,3.039015e+09,8.977635e+12,2.126534e+01
964,SMBH_64,3.088974e+39,8.102599e+13,2.372099e+08,smbh,1.553029e+09,4.587843e+12,1.766102e+01
965,SMBH_65,1.742387e+40,2.612105e+14,1.368337e+08,smbh,8.760113e+09,2.587848e+13,1.009373e+01
966,SMBH_66,4.738727e+39,1.906455e+14,1.563156e+08,smbh,2.382467e+09,7.038109e+12,2.708759e+01
967,SMBH_67,1.607998e+40,5.561911e+14,1.261709e+08,smbh,8.084454e+09,2.388250e+13,2.328865e+01
968,SMBH_68,4.739536e+38,3.293366e+13,2.207966e+08,smbh,2.382874e+08,7.039310e+11,4.678534e+01
969,SMBH_69,9.350097e+39,7.493147e+13,1.601080e+08,smbh,4.700903e+09,1.388706e+13,5.395775e+00
970,SMBH_70,4.792353e+39,3.149261e+14,2.089005e+08,smbh,2.409428e+09,7.117756e+12,4.424514e+01
971,SMBH_71,5.805341e+39,3.019393e+14,1.722742e+08,smbh,2.918724e+09,8.622279e+12,3.501850e+01
972,SMBH_72,1.364478e+40,4.675707e+14,2.138535e+08,smbh,6.860119e+09,2.026566e+13,2.307207e+01
973,SMBH_73,1.136300e+40,6.226135e+14,2.273157e+08,smbh,5.712923e+09,1.687670e+13,3.689191e+01
974,SMBH_74,4.125039e+39,1.680522e+14,1.592845e+08,smbh,2.073926e+09,6.126641e+12,2.742975e+01
975,SMBH_75,1.862051e+40,2.017445e+14,2.259576e+08,smbh,9.361744e+09,2.765578e+13,7.294842e+00
976,SMBH_76,8.338138e+39,4.444124e+14,1.812423e+08,smbh,4.192126e+09,1.238407e+13,3.588581e+01
977,SMBH_77,7.998842e+39,5.487082e+14,1.557851e+08,smbh,4.021540e+09,1.188014e+13,4.618702e+01
978,SMBH_78,6.586773e+39,3.557317e+14,1.624714e+08,smbh,3.311600e+09,9.782886e+12,3.636265e+01
979,SMBH_79,1.919345e+40,1.396543e+15,1.355422e+08,smbh,9.649801e+09,2.850673e+13,4.898995e+01
980,SMBH_80,1.134105e+39,4.080570e+13,1.530372e+08,smbh,5.701886e+08,1.684409e+12,2.422553e+01
981,SMBH_81,1.217516e+40,7.143680e+14,1.352875e+08,smbh,6.121246e+09,1.808294e+13,3.950509e+01
982,SMBH_82,8.401555e+39,1.186562e+14,1.778911e+08,smbh,4.224010e+09,1.247826e+13,9.509031e+00
983,SMBH_83,2.821175e+39,1.164506e+14,2.235505e+08,smbh,1.418389e+09,4.190100e+12,2.779184e+01
984,SMBH_84,1.297573e+40,2.684444e+14,2.448493e+08,smbh,6.523744e+09,1.927197e+13,1.392927e+01
985,SMBH_85,4.350298e+38,1.578814e+13,1.528479e+08,smbh,2.187179e+08,6.461202e+11,2.443530e+01
986,SMBH_86,1.845440e+40,4.597448e+14,1.613949e+08,smbh,9.278229e+09,2.740906e+13,1.677346e+01
987,SMBH_87,1.987339e+40,7.588189e+14,2.408382e+08,smbh,9.991651e+09,2.951660e+13,2.570820e+01
988,SMBH_88,1.228780e+40,7.925014e+14,1.913162e+08,smbh,6.177877e+09,1.825023e+13,4.342419e+01
989,SMBH_89,8.217921e+39,2.231383e+14,1.919097e+08,smbh,4.131685e+09,1.220552e+13,1.828175e+01
990,SMBH_90,5.587587e+39,3.014656e+14,2.466981e+08,smbh,2.809245e+09,8.298864e+12,3.632613e+01
991,SMBH_91,1.226856e+39,3.969738e+13,1.298978e+08,smbh,6.168205e+08,1.822166e+12,2.178582e+01
992,SMBH_92,1.846601e+40,1.356741e+15,1.646116e+08,smbh,9.284067e+09,2.742631e+13,4.946859e+01
993,SMBH_93,1.764320e+40,8.825701e+14,2.351808e+08,smbh,8.870389e+09,2.620425e+13,3.368042e+01
994,SMBH_94,2.545660e+39,1.795019e+14,2.364897e+08,smbh,1.279869e+09,3.780895e+12,4.747603e+01
995,SMBH_95,1.653697e+40,4.493536e+14,1.694180e+08,smbh,8.314213e+09,2.456124e+13,1.829523e+01
996,SMBH_96,1.592557e+40,4.113770e+14,1.343520e+08,smbh,8.006824e+09,2.365317e+13,1.739204e+01
997,SMBH_97,9.672523e+39,1.893102e+14,1.236462e+08,smbh,4.863008e+09,1.436594e+13,1.317771e+01
998,SMBH_98,1.979704e+40,4.273931e+14,1.493683e+08,smbh,9.953262e+09,2.940320e+13,1.453560e+01
999,SMBH_99,3.830727e+39,1.692474e+14,1.071930e+08,smbh,1.925956e+09,5.689519e+12,2.974723e+01
1000,SMBH_100,1.287814e+39,7.171512e+13,1.684185e+08,smbh,6.474681e+08,1.912703e+12,3.749413e+01
