ring,T_proxy_K,v_obs_kms,q_k,v_pred_kms,residual_kms
0,200,10.0,,10.0,0.0
1,168,,0.84,10.91089451179962,
2,141,,0.8392857142857143,11.909826683508275,
3,118,,0.8368794326241135,13.018891098082388,
4,99,,0.8389830508474576,14.21338109037403,
