{
  "seg": 0.12469478268209766,
  "gr": 0.21598487139158862,
  "sr": 0.05945739909776715,
  "grsr": 0.2795189572723906
}
