{
  "N_pairs": 21,
  "N_Seg_better": 18,
  "share_Seg_better": 0.8571428571428571,
  "binom_two_sided_p": 0.001489639282226563
}
