{
  "N_pairs": 427,
  "N_Seg_better": 73,
  "share_Seg_better": 0.17096018735362997,
  "binom_two_sided_p": 2.47260388073675e-45
}
