{
  "seg": 9.217427787387277e-05,
  "gr": 0.22129487139158893,
  "sr": 9.217427787387277e-05,
  "grsr": 9.217427787387277e-05
}
