{
  "N_pairs": 427,
  "N_Seg_better": 79,
  "share_Seg_better": 0.18501170960187355,
  "binom_two_sided_p": 2.391910227896907e-41
}
