{
  "seg": 0.006887069227330054,
  "gr": 0.21907487139158893,
  "sr": 0.0016263251341396036,
  "grsr": 0.22465587139158893
}
