{
  "seg": 0.01988033419242272,
  "gr": 0.22240487139158893,
  "sr": 0.001784236702120297,
  "grsr": 0.22476787139158894
}
