{
  "seg": 0.005535210725430717,
  "gr": 0.21598487139158895,
  "sr": 0.0016263251341396036,
  "grsr": 0.22467687439637002
}
