{
  "seg": 0.0024140067876171328,
  "gr": 0.06143725733167407,
  "sr": 0.0016263251341396036,
  "grsr": 0.10703969612703135
}
