{
  "N_pairs": 187,
  "N_Seg_better": 89,
  "share_Seg_better": 0.47593582887700536,
  "binom_two_sided_p": 0.5586523317417762
}
