{
  "N_pairs": 143,
  "N_Seg_better": 73,
  "share_Seg_better": 0.5104895104895105,
  "binom_two_sided_p": 0.8672499070975925
}
