{
  "N_pairs": 167,
  "N_Seg_better": 85,
  "share_Seg_better": 0.5089820359281437,
  "binom_two_sided_p": 0.8770668107775486
}
