r_over_rs,D_GR,D_SSZ,Xi
1.000000000,0.000000000,0.555027710,0.801711847
1.001000250,0.031610925,0.554928947,0.802032505
1.002000500,0.044682280,0.554830379,0.802352644
1.003000750,0.054697099,0.554732005,0.802672265
1.004001000,0.063127300,0.554633825,0.802991370
1.005001250,0.070543336,0.554535839,0.803309958
1.006001500,0.077237926,0.554438045,0.803628032
1.007001750,0.083385051,0.554340444,0.803945591
1.008002001,0.089098130,0.554243035,0.804262636
1.009002251,0.094455985,0.554145818,0.804579169
1.010002501,0.099516036,0.554048792,0.804895189
1.011002751,0.104321655,0.553951957,0.805210699
1.012003001,0.108906554,0.553855312,0.805525699
1.013003251,0.113297558,0.553758858,0.805840189
1.014003501,0.117516429,0.553662592,0.806154170
1.015003751,0.121581109,0.553566516,0.806467644
1.016004001,0.125506603,0.553470628,0.806780611
1.017004251,0.129305611,0.553374929,0.807093072
1.018004501,0.132988993,0.553279417,0.807405028
1.019004751,0.136566126,0.553184093,0.807716479
1.020005001,0.140045172,0.553088955,0.808027426
1.021005251,0.143433288,0.552994004,0.808337871
1.022005501,0.146736791,0.552899239,0.808647813
1.023005751,0.149961292,0.552804660,0.808957254
1.024006002,0.153111800,0.552710266,0.809266195
1.025006252,0.156192811,0.552616057,0.809574636
1.026006502,0.159208376,0.552522032,0.809882579
1.027006752,0.162162162,0.552428191,0.810190023
1.028007002,0.165057504,0.552334534,0.810496971
1.029007252,0.167897440,0.552241059,0.810803422
1.030007502,0.170684753,0.552147768,0.811109377
1.031007752,0.173421994,0.552054659,0.811414838
1.032008002,0.176111514,0.551961731,0.811719804
1.033008252,0.178755481,0.551868986,0.812024278
1.034008502,0.181355903,0.551776421,0.812328259
1.035008752,0.183914641,0.551684037,0.812631749
1.036009002,0.186433426,0.551591833,0.812934747
1.037009252,0.188913868,0.551499809,0.813237256
1.038009502,0.191357473,0.551407964,0.813539276
1.039009752,0.193765648,0.551316299,0.813840807
1.040010003,0.196139711,0.551224812,0.814141850
1.041010253,0.198480899,0.551133503,0.814442407
1.042010503,0.200790375,0.551042372,0.814742478
1.043010753,0.203069233,0.550951419,0.815042063
1.044011003,0.205318505,0.550860642,0.815341164
1.045011253,0.207539166,0.550770043,0.815639781
1.046011503,0.209732136,0.550679619,0.815937916
1.047011753,0.211898286,0.550589372,0.816235568
1.048012003,0.214038443,0.550499299,0.816532739
1.049012253,0.216153391,0.550409402,0.816829429
1.050012503,0.218243873,0.550319680,0.817125640
1.051012753,0.220310598,0.550230131,0.817421371
1.052013003,0.222354238,0.550140757,0.817716625
1.053013253,0.224375436,0.550051556,0.818011401
1.054013503,0.226374803,0.549962528,0.818305700
1.055013753,0.228352924,0.549873673,0.818599523
1.056014004,0.230310357,0.549784991,0.818892871
1.057014254,0.232247635,0.549696480,0.819185745
1.058014504,0.234165268,0.549608141,0.819478145
1.059014754,0.236063746,0.549519973,0.819770072
1.060015004,0.237943537,0.549431975,0.820061527
1.061015254,0.239805090,0.549344148,0.820352511
1.062015504,0.241648837,0.549256492,0.820643024
1.063015754,0.243475193,0.549169004,0.820933068
1.064016004,0.245284554,0.549081687,0.821222642
1.065016254,0.247077304,0.548994538,0.821511748
1.066016504,0.248853812,0.548907557,0.821800387
1.067016754,0.250614431,0.548820745,0.822088559
1.068017004,0.252359505,0.548734100,0.822376265
1.069017254,0.254089361,0.548647623,0.822663505
1.070017504,0.255804319,0.548561313,0.822950282
1.071017754,0.257504684,0.548475170,0.823236594
1.072018005,0.259190752,0.548389192,0.823522443
1.073018255,0.260862810,0.548303381,0.823807830
1.074018505,0.262521134,0.548217736,0.824092756
1.075018755,0.264165991,0.548132255,0.824377221
1.076019005,0.265797639,0.548046939,0.824661226
1.077019255,0.267416329,0.547961788,0.824944771
1.078019505,0.269022303,0.547876801,0.825227858
1.079019755,0.270615795,0.547791978,0.825510487
1.080020005,0.272197033,0.547707318,0.825792659
1.081020255,0.273766238,0.547622821,0.826074375
1.082020505,0.275323622,0.547538486,0.826355636
1.083020755,0.276869394,0.547454314,0.826636441
1.084021005,0.278403754,0.547370304,0.826916792
1.085021255,0.279926899,0.547286455,0.827196690
1.086021505,0.281439018,0.547202768,0.827476136
1.087021755,0.282940295,0.547119242,0.827755129
1.088022006,0.284430910,0.547035876,0.828033671
1.089022256,0.285911036,0.546952670,0.828311763
1.090022506,0.287380844,0.546869624,0.828589405
1.091022756,0.288840498,0.546786737,0.828866599
1.092023006,0.290290159,0.546704010,0.829143343
1.093023256,0.291729983,0.546621441,0.829419641
1.094023506,0.293160122,0.546539031,0.829695491
1.095023756,0.294580724,0.546456778,0.829970896
1.096024006,0.295991934,0.546374684,0.830245855
1.097024256,0.297393893,0.546292746,0.830520369
1.098024506,0.298786737,0.546210966,0.830794440
1.099024756,0.300170600,0.546129343,0.831068067
1.100025006,0.301545613,0.546047875,0.831341252
1.101025256,0.302911903,0.545966564,0.831613995
1.102025506,0.304269595,0.545885409,0.831886297
1.103025756,0.305618809,0.545804408,0.832158159
1.104026007,0.306959664,0.545723563,0.832429581
1.105026257,0.308292276,0.545642872,0.832700564
1.106026507,0.309616758,0.545562336,0.832971109
1.107026757,0.310933219,0.545481954,0.833241216
1.108027007,0.312241769,0.545401725,0.833510887
1.109027257,0.313542511,0.545321649,0.833780121
1.110027507,0.314835550,0.545241727,0.834048920
1.111027757,0.316120986,0.545161957,0.834317285
1.112028007,0.317398918,0.545082339,0.834585215
1.113028257,0.318669442,0.545002873,0.834852712
1.114028507,0.319932653,0.544923559,0.835119777
1.115028757,0.321188642,0.544844396,0.835386410
1.116029007,0.322437501,0.544765384,0.835652611
1.117029257,0.323679318,0.544686523,0.835918382
1.118029507,0.324914179,0.544607812,0.836183723
1.119029757,0.326142170,0.544529251,0.836448635
1.120030008,0.327363373,0.544450840,0.836713119
1.121030258,0.328577871,0.544372578,0.836977175
1.122030508,0.329785743,0.544294465,0.837240804
1.123030758,0.330987067,0.544216500,0.837504007
1.124031008,0.332181919,0.544138684,0.837766784
1.125031258,0.333370377,0.544061016,0.838029136
1.126031508,0.334552512,0.543983496,0.838291064
1.127031758,0.335728397,0.543906123,0.838552568
1.128032008,0.336898104,0.543828898,0.838813650
1.129032258,0.338061702,0.543751819,0.839074309
1.130032508,0.339219259,0.543674886,0.839334547
1.131032758,0.340370842,0.543598100,0.839594364
1.132033008,0.341516518,0.543521459,0.839853760
1.133033258,0.342656350,0.543444964,0.840112738
1.134033508,0.343790403,0.543368614,0.840371296
1.135033758,0.344918738,0.543292409,0.840629436
1.136034009,0.346041417,0.543216348,0.840887159
1.137034259,0.347158499,0.543140432,0.841144465
1.138034509,0.348270044,0.543064659,0.841401355
1.139034759,0.349376110,0.542989031,0.841657830
1.140035009,0.350476754,0.542913545,0.841913890
1.141035259,0.351572031,0.542838203,0.842169535
1.142035509,0.352661997,0.542763003,0.842424768
1.143035759,0.353746705,0.542687946,0.842679587
1.144036009,0.354826210,0.542613031,0.842933995
1.145036259,0.355900563,0.542538257,0.843187991
1.146036509,0.356969816,0.542463625,0.843441576
1.147036759,0.358034019,0.542389134,0.843694752
1.148037009,0.359093221,0.542314784,0.843947517
1.149037259,0.360147473,0.542240575,0.844199874
1.150037509,0.361196822,0.542166506,0.844451823
1.151037759,0.362241315,0.542092576,0.844703365
1.152038010,0.363280999,0.542018787,0.844954500
1.153038260,0.364315920,0.541945137,0.845205229
1.154038510,0.365346123,0.541871626,0.845455552
1.155038760,0.366371653,0.541798253,0.845705470
1.156039010,0.367392552,0.541725020,0.845954984
1.157039260,0.368408865,0.541651924,0.846204095
1.158039510,0.369420633,0.541578966,0.846452803
1.159039760,0.370427899,0.541506146,0.846701109
1.160040010,0.371430703,0.541433463,0.846949013
1.161040260,0.372429087,0.541360917,0.847196516
1.162040510,0.373423089,0.541288508,0.847443619
1.163040760,0.374412749,0.541216235,0.847690323
1.164041010,0.375398106,0.541144098,0.847936627
1.165041260,0.376379198,0.541072098,0.848182533
1.166041510,0.377356063,0.541000232,0.848428042
1.167041760,0.378328737,0.540928502,0.848673153
1.168042011,0.379297258,0.540856907,0.848917869
1.169042261,0.380261661,0.540785447,0.849162188
1.170042511,0.381221981,0.540714121,0.849406112
1.171042761,0.382178254,0.540642929,0.849649642
1.172043011,0.383130514,0.540571871,0.849892778
1.173043261,0.384078795,0.540500946,0.850135521
1.174043511,0.385023131,0.540430155,0.850377871
1.175043761,0.385963555,0.540359497,0.850619830
1.176044011,0.386900098,0.540288971,0.850861397
1.177044261,0.387832795,0.540218578,0.851102573
1.178044511,0.388761675,0.540148317,0.851343360
1.179044761,0.389686771,0.540078188,0.851583757
1.180045011,0.390608113,0.540008190,0.851823765
1.181045261,0.391525732,0.539938324,0.852063385
1.182045511,0.392439658,0.539868589,0.852302618
1.183045761,0.393349920,0.539798984,0.852541464
1.184046012,0.394256548,0.539729510,0.852779923
1.185046262,0.395159571,0.539660166,0.853017997
1.186046512,0.396059017,0.539590952,0.853255686
1.187046762,0.396954914,0.539521868,0.853492991
1.188047012,0.397847291,0.539452913,0.853729912
1.189047262,0.398736174,0.539384087,0.853966449
1.190047512,0.399621590,0.539315390,0.854202604
1.191047762,0.400503567,0.539246821,0.854438378
1.192048012,0.401382131,0.539178381,0.854673770
1.193048262,0.402257307,0.539110068,0.854908781
1.194048512,0.403129122,0.539041884,0.855143412
1.195048762,0.403997601,0.538973827,0.855377664
1.196049012,0.404862769,0.538905897,0.855611537
1.197049262,0.405724651,0.538838094,0.855845032
1.198049512,0.406583271,0.538770418,0.856078149
1.199049762,0.407438654,0.538702868,0.856310890
1.200050013,0.408290823,0.538635444,0.856543254
1.201050263,0.409139802,0.538568146,0.856775242
1.202050513,0.409985615,0.538500974,0.857006855
1.203050763,0.410828285,0.538433927,0.857238093
1.204051013,0.411667833,0.538367005,0.857468958
1.205051263,0.412504284,0.538300208,0.857699449
1.206051513,0.413337658,0.538233536,0.857929567
1.207051763,0.414167979,0.538166987,0.858159314
1.208052013,0.414995268,0.538100563,0.858388688
1.209052263,0.415819546,0.538034263,0.858617692
1.210052513,0.416640834,0.537968086,0.858846326
1.211052763,0.417459154,0.537902032,0.859074590
1.212053013,0.418274527,0.537836102,0.859302484
1.213053263,0.419086972,0.537770294,0.859530010
1.214053513,0.419896510,0.537704608,0.859757169
1.215053763,0.420703162,0.537639045,0.859983959
1.216054014,0.421506947,0.537573604,0.860210384
1.217054264,0.422307884,0.537508284,0.860436441
1.218054514,0.423105994,0.537443086,0.860662134
1.219054764,0.423901295,0.537378010,0.860887461
1.220055014,0.424693806,0.537313054,0.861112424
1.221055264,0.425483546,0.537248219,0.861337023
1.222055514,0.426270534,0.537183504,0.861561259
1.223055764,0.427054788,0.537118909,0.861785133
1.224056014,0.427836327,0.537054435,0.862008644
1.225056264,0.428615167,0.536990080,0.862231794
1.226056514,0.429391327,0.536925845,0.862454583
1.227056764,0.430164825,0.536861728,0.862677012
1.228057014,0.430935678,0.536797731,0.862899081
1.229057264,0.431703904,0.536733853,0.863120791
1.230057514,0.432469518,0.536670093,0.863342142
1.231057764,0.433232539,0.536606451,0.863563136
1.232058015,0.433992982,0.536542927,0.863783772
1.233058265,0.434750865,0.536479521,0.864004051
1.234058515,0.435506204,0.536416232,0.864223974
1.235058765,0.436259014,0.536353061,0.864443542
1.236059015,0.437009313,0.536290006,0.864662754
1.237059265,0.437757115,0.536227069,0.864881612
1.238059515,0.438502437,0.536164247,0.865100116
1.239059765,0.439245293,0.536101543,0.865318267
1.240060015,0.439985701,0.536038954,0.865536064
1.241060265,0.440723674,0.535976481,0.865753510
1.242060515,0.441459227,0.535914123,0.865970604
1.243060765,0.442192376,0.535851881,0.866187347
1.244061015,0.442923136,0.535789754,0.866403739
1.245061265,0.443651521,0.535727742,0.866619782
1.246061515,0.444377545,0.535665844,0.866835475
1.247061765,0.445101224,0.535604061,0.867050819
1.248062016,0.445822570,0.535542391,0.867265815
1.249062266,0.446541599,0.535480836,0.867480464
1.250062516,0.447258324,0.535419394,0.867694765
1.251062766,0.447972758,0.535358066,0.867908720
1.252063016,0.448684917,0.535296851,0.868122328
1.253063266,0.449394812,0.535235749,0.868335592
1.254063516,0.450102459,0.535174760,0.868548510
1.255063766,0.450807869,0.535113883,0.868761084
1.256064016,0.451511056,0.535053118,0.868973314
1.257064266,0.452212033,0.534992466,0.869185202
1.258064516,0.452910814,0.534931925,0.869396746
1.259064766,0.453607410,0.534871496,0.869607948
1.260065016,0.454301834,0.534811178,0.869818809
1.261065266,0.454994100,0.534750971,0.870029329
1.262065516,0.455684219,0.534690875,0.870239509
1.263065766,0.456372204,0.534630890,0.870449348
1.264066017,0.457058068,0.534571015,0.870658848
1.265066267,0.457741821,0.534511251,0.870868010
1.266066517,0.458423476,0.534451596,0.871076833
1.267066767,0.459103046,0.534392051,0.871285318
1.268067017,0.459780541,0.534332616,0.871493467
1.269067267,0.460455974,0.534273290,0.871701278
1.270067517,0.461129357,0.534214073,0.871908754
1.271067767,0.461800699,0.534154965,0.872115894
1.272068017,0.462470014,0.534095966,0.872322699
1.273068267,0.463137312,0.534037075,0.872529170
1.274068517,0.463802604,0.533978292,0.872735307
1.275068767,0.464465902,0.533919617,0.872941111
1.276069017,0.465127216,0.533861050,0.873146581
1.277069267,0.465786558,0.533802590,0.873351720
1.278069517,0.466443938,0.533744238,0.873556526
1.279069767,0.467099366,0.533685993,0.873761002
1.280070018,0.467752855,0.533627854,0.873965147
1.281070268,0.468404413,0.533569822,0.874168961
1.282070518,0.469054051,0.533511897,0.874372446
1.283070768,0.469701780,0.533454078,0.874575602
1.284071018,0.470347610,0.533396365,0.874778430
1.285071268,0.470991551,0.533338758,0.874980929
1.286071518,0.471633614,0.533281256,0.875183102
1.287071768,0.472273807,0.533223860,0.875384947
1.288072018,0.472912142,0.533166569,0.875586465
1.289072268,0.473548628,0.533109382,0.875787658
1.290072518,0.474183274,0.533052301,0.875988526
1.291072768,0.474816090,0.532995324,0.876189068
1.292073018,0.475447087,0.532938451,0.876389287
1.293073268,0.476076273,0.532881682,0.876589181
1.294073518,0.476703657,0.532825018,0.876788752
1.295073768,0.477329250,0.532768456,0.876988001
1.296074019,0.477953060,0.532711999,0.877186927
1.297074269,0.478575097,0.532655644,0.877385532
1.298074519,0.479195370,0.532599393,0.877583815
1.299074769,0.479813888,0.532543244,0.877781778
1.300075019,0.480430659,0.532487198,0.877979421
1.301075269,0.481045693,0.532431254,0.878176744
1.302075519,0.481658998,0.532375413,0.878373748
1.303075769,0.482270584,0.532319674,0.878570434
1.304076019,0.482880459,0.532264036,0.878766801
1.305076269,0.483488632,0.532208500,0.878962851
1.306076519,0.484095110,0.532153065,0.879158583
1.307076769,0.484699904,0.532097732,0.879354000
1.308077019,0.485303020,0.532042499,0.879549100
1.309077269,0.485904468,0.531987367,0.879743885
1.310077519,0.486504255,0.531932336,0.879938354
1.311077769,0.487102391,0.531877405,0.880132510
1.312078020,0.487698883,0.531822574,0.880326351
1.313078270,0.488293739,0.531767843,0.880519879
1.314078520,0.488886967,0.531713212,0.880713094
1.315078770,0.489478575,0.531658681,0.880905996
1.316079020,0.490068572,0.531604248,0.881098586
1.317079270,0.490656964,0.531549915,0.881290865
1.318079520,0.491243761,0.531495681,0.881482833
1.319079770,0.491828969,0.531441546,0.881674491
1.320080020,0.492412596,0.531387509,0.881865839
1.321080270,0.492994650,0.531333570,0.882056877
1.322080520,0.493575139,0.531279730,0.882247606
1.323080770,0.494154069,0.531225988,0.882438027
1.324081020,0.494731449,0.531172343,0.882628140
1.325081270,0.495307286,0.531118796,0.882817946
1.326081520,0.495881587,0.531065346,0.883007444
1.327081770,0.496454359,0.531011993,0.883196636
1.328082021,0.497025610,0.530958738,0.883385523
1.329082271,0.497595347,0.530905579,0.883574103
1.330082521,0.498163576,0.530852517,0.883762379
1.331082771,0.498730306,0.530799551,0.883950350
1.332083021,0.499295543,0.530746681,0.884138018
1.333083271,0.499859294,0.530693908,0.884325381
1.334083521,0.500421565,0.530641230,0.884512442
1.335083771,0.500982365,0.530588648,0.884699201
1.336084021,0.501541700,0.530536161,0.884885657
1.337084271,0.502099575,0.530483769,0.885071812
1.338084521,0.502655999,0.530431473,0.885257666
1.339084771,0.503210978,0.530379271,0.885443219
1.340085021,0.503764518,0.530327164,0.885628472
1.341085271,0.504316627,0.530275152,0.885813426
1.342085521,0.504867310,0.530223233,0.885998080
1.343085771,0.505416574,0.530171409,0.886182436
1.344086022,0.505964426,0.530119679,0.886366494
1.345086272,0.506510871,0.530068042,0.886550254
1.346086522,0.507055917,0.530016499,0.886733717
1.347086772,0.507599570,0.529965050,0.886916883
1.348087022,0.508141835,0.529913693,0.887099753
1.349087272,0.508682720,0.529862430,0.887282327
1.350087522,0.509222230,0.529811259,0.887464607
1.351087772,0.509760371,0.529760181,0.887646591
1.352088022,0.510297150,0.529709196,0.887828281
1.353088272,0.510832572,0.529658302,0.888009677
1.354088522,0.511366644,0.529607501,0.888190780
1.355088772,0.511899372,0.529556791,0.888371590
1.356089022,0.512430761,0.529506174,0.888552108
1.357089272,0.512960818,0.529455647,0.888732333
1.358089522,0.513489547,0.529405212,0.888912268
1.359089772,0.514016956,0.529354868,0.889091911
1.360090023,0.514543050,0.529304616,0.889271264
1.361090273,0.515067835,0.529254454,0.889450326
1.362090523,0.515591315,0.529204382,0.889629099
1.363090773,0.516113498,0.529154401,0.889807583
1.364091023,0.516634388,0.529104510,0.889985779
1.365091273,0.517153991,0.529054710,0.890163686
1.366091523,0.517672313,0.529004999,0.890341306
1.367091773,0.518189359,0.528955378,0.890518638
1.368092023,0.518705135,0.528905846,0.890695684
1.369092273,0.519219646,0.528856404,0.890872443
1.370092523,0.519732898,0.528807051,0.891048916
1.371092773,0.520244895,0.528757787,0.891225104
1.372093023,0.520755644,0.528708611,0.891401007
1.373093273,0.521265149,0.528659525,0.891576626
1.374093523,0.521773416,0.528610527,0.891751961
1.375093773,0.522280450,0.528561617,0.891927012
1.376094024,0.522786256,0.528512795,0.892101780
1.377094274,0.523290840,0.528464061,0.892276265
1.378094524,0.523794206,0.528415415,0.892450468
1.379094774,0.524296360,0.528366857,0.892624390
1.380095024,0.524797306,0.528318386,0.892798030
1.381095274,0.525297050,0.528270002,0.892971390
1.382095524,0.525795597,0.528221705,0.893144469
1.383095774,0.526292951,0.528173496,0.893317268
1.384096024,0.526789118,0.528125373,0.893489788
1.385096274,0.527284103,0.528077336,0.893662029
1.386096524,0.527777910,0.528029386,0.893833991
1.387096774,0.528270544,0.527981522,0.894005675
1.388097024,0.528762010,0.527933745,0.894177082
1.389097274,0.529252313,0.527886053,0.894348211
1.390097524,0.529741458,0.527838447,0.894519064
1.391097774,0.530229448,0.527790926,0.894689640
1.392098025,0.530716290,0.527743491,0.894859941
1.393098275,0.531201988,0.527696141,0.895029966
1.394098525,0.531686546,0.527648876,0.895199716
1.395098775,0.532169969,0.527601696,0.895369192
1.396099025,0.532652261,0.527554601,0.895538393
1.397099275,0.533133427,0.527507590,0.895707321
1.398099525,0.533613472,0.527460663,0.895875976
1.399099775,0.534092400,0.527413821,0.896044358
1.400100025,0.534570215,0.527367063,0.896212468
1.401100275,0.535046923,0.527320389,0.896380306
1.402100525,0.535522527,0.527273798,0.896547872
1.403100775,0.535997031,0.527227291,0.896715168
1.404101025,0.536470441,0.527180868,0.896882193
1.405101275,0.536942760,0.527134527,0.897048947
1.406101525,0.537413994,0.527088270,0.897215433
1.407101775,0.537884145,0.527042095,0.897381649
1.408102026,0.538353218,0.526996004,0.897547596
1.409102276,0.538821218,0.526949995,0.897713275
1.410102526,0.539288149,0.526904068,0.897878685
1.411102776,0.539754015,0.526858224,0.898043829
1.412103026,0.540218820,0.526812461,0.898208705
1.413103276,0.540682568,0.526766781,0.898373315
1.414103526,0.541145264,0.526721182,0.898537658
1.415103776,0.541606911,0.526675665,0.898701736
1.416104026,0.542067513,0.526630230,0.898865549
1.417104276,0.542527075,0.526584875,0.899029096
1.418104526,0.542985601,0.526539602,0.899192379
1.419104776,0.543443094,0.526494410,0.899355398
1.420105026,0.543899559,0.526449299,0.899518154
1.421105276,0.544354999,0.526404268,0.899680646
1.422105526,0.544809419,0.526359318,0.899842875
1.423105776,0.545262822,0.526314448,0.900004842
1.424106027,0.545715212,0.526269659,0.900166547
1.425106277,0.546166593,0.526224949,0.900327991
1.426106527,0.546616969,0.526180319,0.900489173
1.427106777,0.547066343,0.526135769,0.900650095
1.428107027,0.547514720,0.526091299,0.900810757
1.429107277,0.547962104,0.526046908,0.900971159
1.430107527,0.548408497,0.526002596,0.901131301
1.431107777,0.548853904,0.525958363,0.901291185
1.432108027,0.549298329,0.525914210,0.901450810
1.433108277,0.549741774,0.525870135,0.901610177
1.434108527,0.550184244,0.525826139,0.901769286
1.435108777,0.550625743,0.525782221,0.901928138
1.436109027,0.551066274,0.525738381,0.902086732
1.437109277,0.551505840,0.525694620,0.902245071
1.438109527,0.551944445,0.525650937,0.902403153
1.439109777,0.552382094,0.525607332,0.902560980
1.440110028,0.552818788,0.525563804,0.902718552
1.441110278,0.553254533,0.525520354,0.902875868
1.442110528,0.553689330,0.525476981,0.903032931
1.443110778,0.554123185,0.525433686,0.903189739
1.444111028,0.554556100,0.525390468,0.903346294
1.445111278,0.554988078,0.525347327,0.903502595
1.446111528,0.555419124,0.525304262,0.903658644
1.447111778,0.555849240,0.525261275,0.903814441
1.448112028,0.556278430,0.525218364,0.903969985
1.449112278,0.556706697,0.525175529,0.904125278
1.450112528,0.557134045,0.525132770,0.904280320
1.451112778,0.557560477,0.525090088,0.904435111
1.452113028,0.557985997,0.525047482,0.904589652
1.453113278,0.558410607,0.525004951,0.904743943
1.454113528,0.558834311,0.524962496,0.904897984
1.455113778,0.559257112,0.524920116,0.905051776
1.456114029,0.559679013,0.524877812,0.905205320
1.457114279,0.560100018,0.524835583,0.905358615
1.458114529,0.560520130,0.524793429,0.905511663
1.459114779,0.560939352,0.524751350,0.905664463
1.460115029,0.561357687,0.524709346,0.905817015
1.461115279,0.561775138,0.524667417,0.905969321
1.462115529,0.562191709,0.524625562,0.906121381
1.463115779,0.562607403,0.524583781,0.906273195
1.464116029,0.563022222,0.524542074,0.906424764
1.465116279,0.563436170,0.524500442,0.906576087
1.466116529,0.563849250,0.524458883,0.906727165
1.467116779,0.564261465,0.524417399,0.906878000
1.468117029,0.564672818,0.524375987,0.907028590
1.469117279,0.565083312,0.524334650,0.907178937
1.470117529,0.565492949,0.524293386,0.907329041
1.471117779,0.565901734,0.524252194,0.907478902
1.472118030,0.566309669,0.524211076,0.907628520
1.473118280,0.566716757,0.524170031,0.907777897
1.474118530,0.567123001,0.524129059,0.907927032
1.475118780,0.567528404,0.524088159,0.908075926
1.476119030,0.567932969,0.524047332,0.908224579
1.477119280,0.568336698,0.524006578,0.908372992
1.478119530,0.568739595,0.523965895,0.908521164
1.479119780,0.569141662,0.523925285,0.908669098
1.480120030,0.569542903,0.523884746,0.908816791
1.481120280,0.569943320,0.523844279,0.908964247
1.482120530,0.570342915,0.523803884,0.909111463
1.483120780,0.570741693,0.523763561,0.909258442
1.484121030,0.571139655,0.523723309,0.909405183
1.485121280,0.571536805,0.523683128,0.909551686
1.486121530,0.571933144,0.523643018,0.909697953
1.487121780,0.572328677,0.523602980,0.909843983
1.488122031,0.572723405,0.523563012,0.909989777
1.489122281,0.573117332,0.523523115,0.910135335
1.490122531,0.573510460,0.523483288,0.910280658
1.491122781,0.573902791,0.523443532,0.910425746
1.492123031,0.574294329,0.523403846,0.910570599
1.493123281,0.574685077,0.523364231,0.910715218
1.494123531,0.575075036,0.523324685,0.910859603
1.495123781,0.575464210,0.523285209,0.911003754
1.496124031,0.575852601,0.523245804,0.911147673
1.497124281,0.576240211,0.523206467,0.911291359
1.498124531,0.576627044,0.523167201,0.911434812
1.499124781,0.577013102,0.523128003,0.911578033
1.500125031,0.577398388,0.523088875,0.911721023
1.501125281,0.577782903,0.523049816,0.911863782
1.502125531,0.578166652,0.523010826,0.912006309
1.503125781,0.578549635,0.522971905,0.912148607
1.504126032,0.578931857,0.522933053,0.912290674
1.505126282,0.579313318,0.522894269,0.912432511
1.506126532,0.579694023,0.522855554,0.912574119
1.507126782,0.580073973,0.522816907,0.912715498
1.508127032,0.580453170,0.522778328,0.912856648
1.509127282,0.580831618,0.522739817,0.912997570
1.510127532,0.581209319,0.522701374,0.913138265
1.511127782,0.581586275,0.522662999,0.913278731
1.512128032,0.581962488,0.522624692,0.913418971
1.513128282,0.582337961,0.522586452,0.913558984
1.514128532,0.582712697,0.522548280,0.913698770
1.515128782,0.583086698,0.522510175,0.913838330
1.516129032,0.583459966,0.522472137,0.913977665
1.517129282,0.583832504,0.522434166,0.914116774
1.518129532,0.584204313,0.522396262,0.914255658
1.519129782,0.584575397,0.522358425,0.914394318
1.520130033,0.584945758,0.522320654,0.914532754
1.521130283,0.585315398,0.522282950,0.914670965
1.522130533,0.585684319,0.522245312,0.914808953
1.523130783,0.586052524,0.522207741,0.914946718
1.524131033,0.586420014,0.522170236,0.915084261
1.525131283,0.586786793,0.522132797,0.915221580
1.526131533,0.587152863,0.522095423,0.915358678
1.527131783,0.587518225,0.522058116,0.915495554
1.528132033,0.587882883,0.522020874,0.915632209
1.529132283,0.588246837,0.521983698,0.915768642
1.530132533,0.588610092,0.521946587,0.915904855
1.531132783,0.588972648,0.521909541,0.916040848
1.532133033,0.589334508,0.521872561,0.916176621
1.533133283,0.589695674,0.521835645,0.916312174
1.534133533,0.590056149,0.521798795,0.916447508
1.535133783,0.590415935,0.521762009,0.916582623
1.536134034,0.590775033,0.521725288,0.916717520
1.537134284,0.591133446,0.521688631,0.916852199
1.538134534,0.591491176,0.521652039,0.916986659
1.539134784,0.591848225,0.521615511,0.917120903
1.540135034,0.592204596,0.521579048,0.917254929
1.541135284,0.592560290,0.521542648,0.917388739
1.542135534,0.592915310,0.521506312,0.917522332
1.543135784,0.593269658,0.521470040,0.917655709
1.544136034,0.593623335,0.521433832,0.917788870
1.545136284,0.593976344,0.521397688,0.917921816
1.546136534,0.594328688,0.521361606,0.918054547
1.547136784,0.594680367,0.521325589,0.918187064
1.548137034,0.595031385,0.521289634,0.918319366
1.549137284,0.595381742,0.521253742,0.918451454
1.550137534,0.595731442,0.521217914,0.918583329
1.551137784,0.596080486,0.521182148,0.918714990
1.552138035,0.596428876,0.521146445,0.918846438
1.553138285,0.596776615,0.521110805,0.918977674
1.554138535,0.597123704,0.521075227,0.919108698
1.555138785,0.597470145,0.521039711,0.919239509
1.556139035,0.597815940,0.521004258,0.919370110
1.557139285,0.598161092,0.520968867,0.919500499
1.558139535,0.598505602,0.520933538,0.919630677
1.559139785,0.598849472,0.520898271,0.919760644
1.560140035,0.599192704,0.520863065,0.919890402
1.561140285,0.599535300,0.520827922,0.920019949
1.562140535,0.599877262,0.520792840,0.920149287
1.563140785,0.600218592,0.520757819,0.920278416
1.564141035,0.600559292,0.520722860,0.920407337
1.565141285,0.600899363,0.520687962,0.920536048
1.566141535,0.601238808,0.520653125,0.920664552
1.567141785,0.601577629,0.520618348,0.920792847
1.568142036,0.601915827,0.520583633,0.920920936
1.569142286,0.602253405,0.520548979,0.921048817
1.570142536,0.602590363,0.520514385,0.921176491
1.571142786,0.602926705,0.520479852,0.921303959
1.572143036,0.603262431,0.520445379,0.921431221
1.573143286,0.603597544,0.520410967,0.921558276
1.574143536,0.603932046,0.520376614,0.921685127
1.575143786,0.604265938,0.520342322,0.921811772
1.576144036,0.604599222,0.520308090,0.921938213
1.577144286,0.604931900,0.520273917,0.922064449
1.578144536,0.605263974,0.520239805,0.922190481
1.579144786,0.605595445,0.520205751,0.922316309
1.580145036,0.605926316,0.520171758,0.922441933
1.581145286,0.606256588,0.520137824,0.922567355
1.582145536,0.606586263,0.520103949,0.922692573
1.583145786,0.606915342,0.520070133,0.922817590
1.584146037,0.607243828,0.520036377,0.922942403
1.585146287,0.607571723,0.520002679,0.923067016
1.586146537,0.607899027,0.519969040,0.923191426
1.587146787,0.608225742,0.519935460,0.923315636
1.588147037,0.608551871,0.519901939,0.923439644
1.589147287,0.608877416,0.519868476,0.923563452
1.590147537,0.609202377,0.519835071,0.923687060
1.591147787,0.609526756,0.519801725,0.923810468
1.592148037,0.609850556,0.519768437,0.923933676
1.593148287,0.610173778,0.519735207,0.924056685
1.594148537,0.610496423,0.519702035,0.924179496
1.595148787,0.610818493,0.519668921,0.924302107
1.596149037,0.611139991,0.519635865,0.924424520
1.597149287,0.611460917,0.519602866,0.924546736
1.598149537,0.611781273,0.519569925,0.924668754
1.599149787,0.612101061,0.519537041,0.924790574
1.600150038,0.612420283,0.519504215,0.924912197
1.601150288,0.612738940,0.519471446,0.925033624
1.602150538,0.613057033,0.519438734,0.925154854
1.603150788,0.613374565,0.519406079,0.925275889
1.604151038,0.613691537,0.519373481,0.925396727
1.605151288,0.614007951,0.519340939,0.925517370
1.606151538,0.614323808,0.519308455,0.925637818
1.607151788,0.614639110,0.519276027,0.925758072
1.608152038,0.614953858,0.519243655,0.925878131
1.609152288,0.615268054,0.519211340,0.925997995
1.610152538,0.615581700,0.519179081,0.926117666
1.611152788,0.615894797,0.519146878,0.926237143
1.612153038,0.616207346,0.519114732,0.926356428
1.613153288,0.616519350,0.519082641,0.926475519
1.614153538,0.616830810,0.519050606,0.926594417
1.615153788,0.617141727,0.519018627,0.926713124
1.616154039,0.617452102,0.518986703,0.926831638
1.617154289,0.617761939,0.518954836,0.926949961
1.618154539,0.618071237,0.518923023,0.927068092
1.619154789,0.618379998,0.518891266,0.927186033
1.620155039,0.618688225,0.518859564,0.927303782
1.621155289,0.618995918,0.518827917,0.927421341
1.622155539,0.619303079,0.518796325,0.927538710
1.623155789,0.619609709,0.518764789,0.927655890
1.624156039,0.619915810,0.518733307,0.927772880
1.625156289,0.620221384,0.518701879,0.927889680
1.626156539,0.620526432,0.518670507,0.928006292
1.627156789,0.620830955,0.518639188,0.928122715
1.628157039,0.621134954,0.518607925,0.928238950
1.629157289,0.621438432,0.518576715,0.928354997
1.630157539,0.621741390,0.518545560,0.928470856
1.631157789,0.622043829,0.518514459,0.928586528
1.632158040,0.622345751,0.518483412,0.928702013
1.633158290,0.622647156,0.518452419,0.928817311
1.634158540,0.622948047,0.518421479,0.928932423
1.635158790,0.623248425,0.518390594,0.929047348
1.636159040,0.623548291,0.518359762,0.929162088
1.637159290,0.623847647,0.518328983,0.929276642
1.638159540,0.624146494,0.518298258,0.929391011
1.639159790,0.624444834,0.518267586,0.929505195
1.640160040,0.624742667,0.518236968,0.929619194
1.641160290,0.625039996,0.518206402,0.929733009
1.642160540,0.625336821,0.518175890,0.929846639
1.643160790,0.625633145,0.518145431,0.929960087
1.644161040,0.625928967,0.518115024,0.930073350
1.645161290,0.626224291,0.518084670,0.930186431
1.646161540,0.626519117,0.518054369,0.930299328
1.647161790,0.626813446,0.518024120,0.930412043
1.648162041,0.627107280,0.517993924,0.930524576
1.649162291,0.627400621,0.517963780,0.930636927
1.650162541,0.627693469,0.517933688,0.930749096
1.651162791,0.627985826,0.517903649,0.930861084
1.652163041,0.628277693,0.517873661,0.930972890
1.653163291,0.628569071,0.517843726,0.931084516
1.654163541,0.628859963,0.517813842,0.931195961
1.655163791,0.629150368,0.517784010,0.931307226
1.656164041,0.629440289,0.517754230,0.931418311
1.657164291,0.629729727,0.517724501,0.931529217
1.658164541,0.630018683,0.517694824,0.931639943
1.659164791,0.630307158,0.517665198,0.931750490
1.660165041,0.630595154,0.517635624,0.931860858
1.661165291,0.630882672,0.517606100,0.931971048
1.662165541,0.631169713,0.517576628,0.932081060
1.663165791,0.631456279,0.517547207,0.932190894
1.664166042,0.631742370,0.517517837,0.932300550
1.665166292,0.632027989,0.517488517,0.932410028
1.666166542,0.632313135,0.517459248,0.932519330
1.667166792,0.632597811,0.517430030,0.932628455
1.668167042,0.632882018,0.517400863,0.932737404
1.669167292,0.633165757,0.517371746,0.932846176
1.670167542,0.633449030,0.517342679,0.932954772
1.671167792,0.633731837,0.517313662,0.933063193
1.672168042,0.634014179,0.517284696,0.933171439
1.673168292,0.634296059,0.517255780,0.933279509
1.674168542,0.634577476,0.517226913,0.933387405
1.675168792,0.634858434,0.517198097,0.933495126
1.676169042,0.635138931,0.517169331,0.933602673
1.677169292,0.635418971,0.517140614,0.933710046
1.678169542,0.635698553,0.517111946,0.933817246
1.679169792,0.635977680,0.517083329,0.933924272
1.680170043,0.636256353,0.517054760,0.934031125
1.681170293,0.636534571,0.517026242,0.934137805
1.682170543,0.636812338,0.516997772,0.934244313
1.683170793,0.637089654,0.516969351,0.934350648
1.684171043,0.637366519,0.516940980,0.934456812
1.685171293,0.637642937,0.516912658,0.934562804
1.686171543,0.637918906,0.516884384,0.934668624
1.687171793,0.638194429,0.516856159,0.934774273
1.688172043,0.638469508,0.516827983,0.934879752
1.689172293,0.638744142,0.516799856,0.934985060
1.690172543,0.639018333,0.516771777,0.935090197
1.691172793,0.639292082,0.516743747,0.935195165
1.692173043,0.639565391,0.516715765,0.935299963
1.693173293,0.639838260,0.516687831,0.935404591
1.694173543,0.640110692,0.516659945,0.935509050
1.695173793,0.640382685,0.516632108,0.935613340
1.696174044,0.640654243,0.516604318,0.935717462
1.697174294,0.640925366,0.516576577,0.935821415
1.698174544,0.641196055,0.516548883,0.935925200
1.699174794,0.641466311,0.516521237,0.936028817
1.700175044,0.641736136,0.516493639,0.936132267
1.701175294,0.642005530,0.516466088,0.936235550
1.702175544,0.642274495,0.516438585,0.936338665
1.703175794,0.642543032,0.516411129,0.936441614
1.704176044,0.642811141,0.516383721,0.936544396
1.705176294,0.643078824,0.516356359,0.936647012
1.706176544,0.643346082,0.516329045,0.936749462
1.707176794,0.643612916,0.516301778,0.936851746
1.708177044,0.643879328,0.516274558,0.936953865
1.709177294,0.644145317,0.516247385,0.937055819
1.710177544,0.644410886,0.516220258,0.937157608
1.711177794,0.644676035,0.516193178,0.937259232
1.712178045,0.644940765,0.516166145,0.937360692
1.713178295,0.645205078,0.516139159,0.937461988
1.714178545,0.645468974,0.516112218,0.937563120
1.715178795,0.645732455,0.516085325,0.937664088
1.716179045,0.645995522,0.516058477,0.937764893
1.717179295,0.646258175,0.516031676,0.937865536
1.718179545,0.646520416,0.516004921,0.937966015
1.719179795,0.646782245,0.515978212,0.938066332
1.720180045,0.647043664,0.515951548,0.938166487
1.721180295,0.647304674,0.515924931,0.938266480
1.722180545,0.647565276,0.515898360,0.938366311
1.723180795,0.647825471,0.515871834,0.938465981
1.724181045,0.648085259,0.515845354,0.938565489
1.725181295,0.648344643,0.515818919,0.938664837
1.726181545,0.648603622,0.515792530,0.938764024
1.727181795,0.648862198,0.515766186,0.938863050
1.728182046,0.649120371,0.515739887,0.938961916
1.729182296,0.649378144,0.515713634,0.939060623
1.730182546,0.649635517,0.515687426,0.939159170
1.731182796,0.649892490,0.515661262,0.939257557
1.732183046,0.650149065,0.515635144,0.939355786
1.733183296,0.650405243,0.515609071,0.939453855
1.734183546,0.650661025,0.515583042,0.939551766
1.735183796,0.650916411,0.515557058,0.939649519
1.736184046,0.651171404,0.515531119,0.939747113
1.737184296,0.651426003,0.515505224,0.939844550
1.738184546,0.651680209,0.515479374,0.939941829
1.739184796,0.651934025,0.515453568,0.940038951
1.740185046,0.652187450,0.515427807,0.940135916
1.741185296,0.652440485,0.515402089,0.940232724
1.742185546,0.652693132,0.515376416,0.940329375
1.743185796,0.652945392,0.515350787,0.940425870
1.744186047,0.653197265,0.515325202,0.940522210
1.745186297,0.653448752,0.515299661,0.940618393
1.746186547,0.653699855,0.515274164,0.940714421
1.747186797,0.653950573,0.515248710,0.940810293
1.748187047,0.654200909,0.515223300,0.940906011
1.749187297,0.654450864,0.515197934,0.941001573
1.750187547,0.654700437,0.515172611,0.941096981
1.751187797,0.654949630,0.515147332,0.941192235
1.752188047,0.655198444,0.515122096,0.941287335
1.753188297,0.655446880,0.515096903,0.941382281
1.754188547,0.655694938,0.515071753,0.941477073
1.755188797,0.655942620,0.515046647,0.941571712
1.756189047,0.656189927,0.515021583,0.941666199
1.757189297,0.656436859,0.514996563,0.941760532
1.758189547,0.656683417,0.514971585,0.941854713
1.759189797,0.656929603,0.514946651,0.941948741
1.760190048,0.657175417,0.514921759,0.942042618
1.761190298,0.657420860,0.514896909,0.942136342
1.762190548,0.657665932,0.514872103,0.942229915
1.763190798,0.657910636,0.514847338,0.942323337
1.764191048,0.658154971,0.514822616,0.942416608
1.765191298,0.658398939,0.514797937,0.942509727
1.766191548,0.658642540,0.514773300,0.942602697
1.767191798,0.658885776,0.514748705,0.942695515
1.768192048,0.659128647,0.514724152,0.942788184
1.769192298,0.659371153,0.514699641,0.942880703
1.770192548,0.659613297,0.514675172,0.942973072
1.771192798,0.659855079,0.514650745,0.943065292
1.772193048,0.660096499,0.514626360,0.943157363
1.773193298,0.660337559,0.514602016,0.943249285
1.774193548,0.660578259,0.514577714,0.943341058
1.775193798,0.660818600,0.514553454,0.943432683
1.776194049,0.661058584,0.514529235,0.943524160
1.777194299,0.661298210,0.514505058,0.943615489
1.778194549,0.661537480,0.514480922,0.943706670
1.779194799,0.661776395,0.514456828,0.943797703
1.780195049,0.662014955,0.514432774,0.943888590
1.781195299,0.662253162,0.514408762,0.943979329
1.782195549,0.662491015,0.514384791,0.944069922
1.783195799,0.662728517,0.514360861,0.944160368
1.784196049,0.662965667,0.514336971,0.944250668
1.785196299,0.663202467,0.514313123,0.944340822
1.786196549,0.663438917,0.514289315,0.944430830
1.787196799,0.663675019,0.514265548,0.944520693
1.788197049,0.663910772,0.514241822,0.944610410
1.789197299,0.664146179,0.514218136,0.944699982
1.790197549,0.664381239,0.514194491,0.944789409
1.791197799,0.664615953,0.514170886,0.944878692
1.792198050,0.664850323,0.514147321,0.944967830
1.793198300,0.665084349,0.514123797,0.945056824
1.794198550,0.665318032,0.514100313,0.945145675
1.795198800,0.665551372,0.514076869,0.945234381
1.796199050,0.665784371,0.514053465,0.945322944
1.797199300,0.666017030,0.514030101,0.945411364
1.798199550,0.666249348,0.514006777,0.945499641
1.799199800,0.666481327,0.513983493,0.945587775
1.800200050,0.666712968,0.513960248,0.945675767
1.801200300,0.666944271,0.513937043,0.945763616
1.802200550,0.667175237,0.513913878,0.945851323
1.803200800,0.667405868,0.513890753,0.945938889
1.804201050,0.667636163,0.513867666,0.946026313
1.805201300,0.667866123,0.513844620,0.946113595
1.806201550,0.668095750,0.513821612,0.946200736
1.807201800,0.668325044,0.513798644,0.946287737
1.808202051,0.668554006,0.513775715,0.946374596
1.809202301,0.668782636,0.513752825,0.946461316
1.810202551,0.669010936,0.513729974,0.946547895
1.811202801,0.669238905,0.513707163,0.946634334
1.812203051,0.669466546,0.513684390,0.946720633
1.813203301,0.669693858,0.513661656,0.946806792
1.814203551,0.669920843,0.513638960,0.946892813
1.815203801,0.670147500,0.513616304,0.946978694
1.816204051,0.670373831,0.513593686,0.947064436
1.817204301,0.670599837,0.513571106,0.947150040
1.818204551,0.670825519,0.513548565,0.947235505
1.819204801,0.671050876,0.513526063,0.947320832
1.820205051,0.671275910,0.513503599,0.947406021
1.821205301,0.671500622,0.513481173,0.947491073
1.822205551,0.671725012,0.513458785,0.947575986
1.823205801,0.671949081,0.513436436,0.947660763
1.824206052,0.672172829,0.513414124,0.947745402
1.825206302,0.672396258,0.513391851,0.947829905
1.826206552,0.672619369,0.513369615,0.947914270
1.827206802,0.672842161,0.513347418,0.947998500
1.828207052,0.673064635,0.513325258,0.948082593
1.829207302,0.673286793,0.513303136,0.948166550
1.830207552,0.673508635,0.513281052,0.948250371
1.831207802,0.673730162,0.513259005,0.948334057
1.832208052,0.673951374,0.513236996,0.948417608
1.833208302,0.674172272,0.513215024,0.948501023
1.834208552,0.674392857,0.513193090,0.948584304
1.835208802,0.674613130,0.513171193,0.948667450
1.836209052,0.674833091,0.513149333,0.948750461
1.837209302,0.675052741,0.513127511,0.948833338
1.838209552,0.675272080,0.513105726,0.948916081
1.839209802,0.675491110,0.513083977,0.948998691
1.840210053,0.675709830,0.513062266,0.949081166
1.841210303,0.675928243,0.513040592,0.949163509
1.842210553,0.676146348,0.513018954,0.949245718
1.843210803,0.676364146,0.512997354,0.949327794
1.844211053,0.676581637,0.512975790,0.949409738
1.845211303,0.676798823,0.512954263,0.949491549
1.846211553,0.677015704,0.512932772,0.949573227
1.847211803,0.677232281,0.512911318,0.949654774
1.848212053,0.677448555,0.512889901,0.949736189
1.849212303,0.677664525,0.512868519,0.949817472
1.850212553,0.677880194,0.512847175,0.949898624
1.851212803,0.678095560,0.512825866,0.949979644
1.852213053,0.678310626,0.512804594,0.950060533
1.853213303,0.678525392,0.512783358,0.950141292
1.854213553,0.678739858,0.512762158,0.950221920
1.855213803,0.678954025,0.512740994,0.950302418
1.856214054,0.679167894,0.512719866,0.950382785
1.857214304,0.679381466,0.512698774,0.950463022
1.858214554,0.679594740,0.512677718,0.950543130
1.859214804,0.679807718,0.512656697,0.950623108
1.860215054,0.680020401,0.512635712,0.950702957
1.861215304,0.680232788,0.512614763,0.950782677
1.862215554,0.680444882,0.512593850,0.950862268
1.863215804,0.680656681,0.512572972,0.950941730
1.864216054,0.680868188,0.512552129,0.951021063
1.865216304,0.681079402,0.512531322,0.951100269
1.866216554,0.681290324,0.512510550,0.951179346
1.867216804,0.681500955,0.512489814,0.951258295
1.868217054,0.681711296,0.512469112,0.951337117
1.869217304,0.681921346,0.512448446,0.951415811
1.870217554,0.682131108,0.512427815,0.951494378
1.871217804,0.682340580,0.512407219,0.951572818
1.872218055,0.682549765,0.512386658,0.951651131
1.873218305,0.682758663,0.512366131,0.951729317
1.874218555,0.682967273,0.512345640,0.951807377
1.875218805,0.683175598,0.512325183,0.951885311
1.876219055,0.683383637,0.512304762,0.951963119
1.877219305,0.683591391,0.512284374,0.952040800
1.878219555,0.683798860,0.512264022,0.952118357
1.879219805,0.684006046,0.512243703,0.952195788
1.880220055,0.684212949,0.512223420,0.952273093
1.881220305,0.684419570,0.512203170,0.952350274
1.882220555,0.684625908,0.512182955,0.952427330
1.883220805,0.684831966,0.512162775,0.952504261
1.884221055,0.685037743,0.512142628,0.952581067
1.885221305,0.685243239,0.512122516,0.952657750
1.886221555,0.685448456,0.512102438,0.952734309
1.887221805,0.685653395,0.512082394,0.952810743
1.888222056,0.685858055,0.512062384,0.952887054
1.889222306,0.686062437,0.512042407,0.952963242
1.890222556,0.686266543,0.512022465,0.953039307
1.891222806,0.686470371,0.512002556,0.953115248
1.892223056,0.686673924,0.511982682,0.953191067
1.893223306,0.686877202,0.511962840,0.953266763
1.894223556,0.687080205,0.511943033,0.953342337
1.895223806,0.687282934,0.511923259,0.953417788
1.896224056,0.687485389,0.511903518,0.953493118
1.897224306,0.687687571,0.511883811,0.953568325
1.898224556,0.687889481,0.511864138,0.953643411
1.899224806,0.688091119,0.511844497,0.953718376
1.900225056,0.688292486,0.511824890,0.953793219
1.901225306,0.688493582,0.511805316,0.953867942
1.902225556,0.688694407,0.511785776,0.953942543
1.903225806,0.688894964,0.511766268,0.954017024
1.904226057,0.689095251,0.511746793,0.954091385
1.905226307,0.689295270,0.511727352,0.954165625
1.906226557,0.689495021,0.511707943,0.954239745
1.907226807,0.689694505,0.511688567,0.954313745
1.908227057,0.689893722,0.511669224,0.954387626
1.909227307,0.690092673,0.511649914,0.954461387
1.910227557,0.690291359,0.511630636,0.954535029
1.911227807,0.690489779,0.511611391,0.954608552
1.912228057,0.690687935,0.511592179,0.954681955
1.913228307,0.690885827,0.511572999,0.954755241
1.914228557,0.691083455,0.511553851,0.954828407
1.915228807,0.691280821,0.511534736,0.954901456
1.916229057,0.691477924,0.511515653,0.954974386
1.917229307,0.691674766,0.511496603,0.955047198
1.918229557,0.691871347,0.511477584,0.955119892
1.919229807,0.692067666,0.511458598,0.955192469
1.920230058,0.692263726,0.511439644,0.955264929
1.921230308,0.692459526,0.511420722,0.955337271
1.922230558,0.692655067,0.511401833,0.955409497
1.923230808,0.692850350,0.511382975,0.955481605
1.924231058,0.693045374,0.511364148,0.955553597
1.925231308,0.693240141,0.511345354,0.955625473
1.926231558,0.693434652,0.511326592,0.955697232
1.927231808,0.693628906,0.511307861,0.955768876
1.928232058,0.693822904,0.511289162,0.955840403
1.929232308,0.694016647,0.511270494,0.955911815
1.930232558,0.694210135,0.511251858,0.955983111
1.931232808,0.694403368,0.511233254,0.956054292
1.932233058,0.694596348,0.511214680,0.956125358
1.933233308,0.694789075,0.511196139,0.956196309
1.934233558,0.694981549,0.511177628,0.956267145
1.935233808,0.695173771,0.511159149,0.956337867
1.936234059,0.695365741,0.511140701,0.956408475
1.937234309,0.695557460,0.511122285,0.956478968
1.938234559,0.695748929,0.511103899,0.956549347
1.939234809,0.695940147,0.511085545,0.956619612
1.940235059,0.696131116,0.511067221,0.956689764
1.941235309,0.696321836,0.511048928,0.956759802
1.942235559,0.696512307,0.511030667,0.956829727
1.943235809,0.696702530,0.511012436,0.956899539
1.944236059,0.696892505,0.510994236,0.956969238
1.945236309,0.697082234,0.510976066,0.957038824
1.946236559,0.697271716,0.510957928,0.957108298
1.947236809,0.697460951,0.510939819,0.957177660
1.948237059,0.697649942,0.510921742,0.957246909
1.949237309,0.697838687,0.510903695,0.957316046
1.950237559,0.698027187,0.510885678,0.957385072
1.951237809,0.698215444,0.510867692,0.957453986
1.952238060,0.698403457,0.510849736,0.957522788
1.953238310,0.698591226,0.510831811,0.957591479
1.954238560,0.698778754,0.510813915,0.957660059
1.955238810,0.698966039,0.510796050,0.957728528
1.956239060,0.699153082,0.510778215,0.957796887
1.957239310,0.699339885,0.510760411,0.957865135
1.958239560,0.699526447,0.510742636,0.957933272
1.959239810,0.699712768,0.510724891,0.958001300
1.960240060,0.699898850,0.510707176,0.958069217
1.961240310,0.700084693,0.510689491,0.958137024
1.962240560,0.700270297,0.510671836,0.958204722
1.963240810,0.700455663,0.510654210,0.958272311
1.964241060,0.700640791,0.510636614,0.958339790
1.965241310,0.700825681,0.510619048,0.958407160
1.966241560,0.701010335,0.510601512,0.958474421
1.967241810,0.701194753,0.510584005,0.958541573
1.968242061,0.701378935,0.510566527,0.958608617
1.969242311,0.701562881,0.510549079,0.958675552
1.970242561,0.701746593,0.510531661,0.958742379
1.971242811,0.701930070,0.510514272,0.958809098
1.972243061,0.702113313,0.510496912,0.958875709
1.973243311,0.702296322,0.510479581,0.958942212
1.974243561,0.702479099,0.510462280,0.959008608
1.975243811,0.702661643,0.510445007,0.959074896
1.976244061,0.702843954,0.510427764,0.959141078
1.977244311,0.703026034,0.510410550,0.959207152
1.978244561,0.703207883,0.510393365,0.959273119
1.979244811,0.703389502,0.510376209,0.959338980
1.980245061,0.703570889,0.510359081,0.959404734
1.981245311,0.703752047,0.510341983,0.959470382
1.982245561,0.703932976,0.510324913,0.959535923
1.983245811,0.704113676,0.510307872,0.959601359
1.984246062,0.704294147,0.510290860,0.959666689
1.985246312,0.704474390,0.510273876,0.959731913
1.986246562,0.704654406,0.510256921,0.959797032
1.987246812,0.704834195,0.510239995,0.959862045
1.988247062,0.705013757,0.510223097,0.959926953
1.989247312,0.705193092,0.510206227,0.959991757
1.990247562,0.705372202,0.510189386,0.960056455
1.991247812,0.705551087,0.510172574,0.960121049
1.992248062,0.705729746,0.510155789,0.960185538
1.993248312,0.705908181,0.510139033,0.960249924
1.994248562,0.706086393,0.510122305,0.960314205
1.995248812,0.706264380,0.510105605,0.960378382
1.996249062,0.706442145,0.510088933,0.960442455
1.997249312,0.706619686,0.510072289,0.960506425
1.998249562,0.706797006,0.510055673,0.960570291
1.999249812,0.706974103,0.510039086,0.960634054
2.000250063,0.707150980,0.510022526,0.960697714
2.001250313,0.707327635,0.510005994,0.960761271
2.002250563,0.707504069,0.509989489,0.960824725
2.003250813,0.707680284,0.509973013,0.960888076
2.004251063,0.707856279,0.509956564,0.960951325
2.005251313,0.708032054,0.509940143,0.961014472
2.006251563,0.708207611,0.509923749,0.961077517
2.007251813,0.708382950,0.509907383,0.961140459
2.008252063,0.708558070,0.509891045,0.961203300
2.009252313,0.708732973,0.509874734,0.961266040
2.010252563,0.708907659,0.509858450,0.961328677
2.011252813,0.709082128,0.509842194,0.961391214
2.012253063,0.709256380,0.509825965,0.961453649
2.013253313,0.709430417,0.509809764,0.961515984
2.014253563,0.709604238,0.509793589,0.961578217
2.015253813,0.709777845,0.509777442,0.961640350
2.016254064,0.709951236,0.509761322,0.961702383
2.017254314,0.710124414,0.509745229,0.961764315
2.018254564,0.710297377,0.509729163,0.961826147
2.019254814,0.710470127,0.509713124,0.961887879
2.020255064,0.710642665,0.509697112,0.961949512
2.021255314,0.710814989,0.509681127,0.962011044
2.022255564,0.710987102,0.509665169,0.962072477
2.023255814,0.711159002,0.509649237,0.962133811
2.024256064,0.711330692,0.509633332,0.962195045
2.025256314,0.711502170,0.509617454,0.962256181
2.026256564,0.711673438,0.509601603,0.962317218
2.027256814,0.711844495,0.509585778,0.962378156
2.028257064,0.712015343,0.509569980,0.962438995
2.029257314,0.712185982,0.509554209,0.962499736
2.030257564,0.712356411,0.509538464,0.962560379
2.031257814,0.712526632,0.509522745,0.962620924
2.032258065,0.712696645,0.509507053,0.962681370
2.033258315,0.712866450,0.509491387,0.962741719
2.034258565,0.713036048,0.509475747,0.962801971
2.035258815,0.713205439,0.509460133,0.962862125
2.036259065,0.713374623,0.509444546,0.962922182
2.037259315,0.713543601,0.509428985,0.962982141
2.038259565,0.713712373,0.509413450,0.963042004
2.039259815,0.713880940,0.509397941,0.963101770
2.040260065,0.714049302,0.509382458,0.963161439
2.041260315,0.714217459,0.509367001,0.963221012
2.042260565,0.714385412,0.509351571,0.963280488
2.043260815,0.714553161,0.509336165,0.963339868
2.044261065,0.714720706,0.509320786,0.963399153
2.045261315,0.714888049,0.509305433,0.963458341
2.046261565,0.715055189,0.509290105,0.963517434
2.047261815,0.715222126,0.509274803,0.963576431
2.048262066,0.715388862,0.509259527,0.963635332
2.049262316,0.715555396,0.509244276,0.963694139
2.050262566,0.715721728,0.509229051,0.963752850
2.051262816,0.715887860,0.509213851,0.963811466
2.052263066,0.716053792,0.509198677,0.963869988
2.053263316,0.716219523,0.509183529,0.963928415
2.054263566,0.716385055,0.509168405,0.963986747
2.055263816,0.716550388,0.509153307,0.964044985
2.056264066,0.716715521,0.509138235,0.964103129
2.057264316,0.716880456,0.509123187,0.964161179
2.058264566,0.717045193,0.509108165,0.964219135
2.059264816,0.717209732,0.509093168,0.964276997
2.060265066,0.717374074,0.509078196,0.964334766
2.061265316,0.717538218,0.509063250,0.964392441
2.062265566,0.717702166,0.509048328,0.964450023
2.063265816,0.717865917,0.509033431,0.964507512
2.064266067,0.718029473,0.509018560,0.964564908
2.065266317,0.718192832,0.509003713,0.964622211
2.066266567,0.718355997,0.508988891,0.964679422
2.067266817,0.718518967,0.508974094,0.964736540
2.068267067,0.718681742,0.508959322,0.964793565
2.069267317,0.718844323,0.508944574,0.964850499
2.070267567,0.719006710,0.508929851,0.964907340
2.071267817,0.719168903,0.508915153,0.964964089
2.072268067,0.719330904,0.508900479,0.965020747
2.073268317,0.719492712,0.508885830,0.965077313
2.074268567,0.719654327,0.508871206,0.965133788
2.075268817,0.719815751,0.508856606,0.965190171
2.076269067,0.719976983,0.508842030,0.965246463
2.077269317,0.720138023,0.508827479,0.965302664
2.078269567,0.720298872,0.508812952,0.965358774
2.079269817,0.720459531,0.508798450,0.965414793
2.080270068,0.720620000,0.508783972,0.965470722
2.081270318,0.720780279,0.508769518,0.965526560
2.082270568,0.720940368,0.508755088,0.965582308
2.083270818,0.721100268,0.508740682,0.965637966
2.084271068,0.721259979,0.508726301,0.965693534
2.085271318,0.721419501,0.508711943,0.965749012
2.086271568,0.721578835,0.508697610,0.965804400
2.087271818,0.721737982,0.508683300,0.965859699
2.088272068,0.721896941,0.508669015,0.965914908
2.089272318,0.722055713,0.508654753,0.965970028
2.090272568,0.722214298,0.508640516,0.966025059
2.091272818,0.722372696,0.508626302,0.966080001
2.092273068,0.722530909,0.508612112,0.966134854
2.093273318,0.722688936,0.508597945,0.966189618
2.094273568,0.722846777,0.508583803,0.966244294
2.095273818,0.723004433,0.508569684,0.966298882
2.096274069,0.723161904,0.508555588,0.966353381
2.097274319,0.723319191,0.508541516,0.966407792
2.098274569,0.723476294,0.508527468,0.966462115
2.099274819,0.723633213,0.508513443,0.966516350
2.100275069,0.723789948,0.508499442,0.966570497
2.101275319,0.723946501,0.508485464,0.966624557
2.102275569,0.724102871,0.508471509,0.966678529
2.103275819,0.724259058,0.508457578,0.966732414
2.104276069,0.724415063,0.508443670,0.966786212
2.105276319,0.724570886,0.508429785,0.966839923
2.106276569,0.724726528,0.508415924,0.966893548
2.107276819,0.724881989,0.508402085,0.966947085
2.108277069,0.725037269,0.508388270,0.967000536
2.109277319,0.725192369,0.508374478,0.967053900
2.110277569,0.725347288,0.508360709,0.967107178
2.111277819,0.725502028,0.508346963,0.967160370
2.112278070,0.725656588,0.508333240,0.967213476
2.113278320,0.725810968,0.508319540,0.967266496
2.114278570,0.725965170,0.508305862,0.967319431
2.115278820,0.726119194,0.508292208,0.967372279
2.116279070,0.726273039,0.508278576,0.967425043
2.117279320,0.726426707,0.508264968,0.967477721
2.118279570,0.726580196,0.508251382,0.967530313
2.119279820,0.726733509,0.508237818,0.967582821
2.120280070,0.726886644,0.508224277,0.967635244
2.121280320,0.727039603,0.508210759,0.967687582
2.122280570,0.727192386,0.508197264,0.967739835
2.123280820,0.727344993,0.508183791,0.967792004
2.124281070,0.727497424,0.508170340,0.967844089
2.125281320,0.727649679,0.508156912,0.967896089
2.126281570,0.727801760,0.508143507,0.967948005
2.127281820,0.727953666,0.508130123,0.967999837
2.128282071,0.728105397,0.508116762,0.968051586
2.129282321,0.728256954,0.508103424,0.968103250
2.130282571,0.728408338,0.508090108,0.968154832
2.131282821,0.728559548,0.508076813,0.968206329
2.132283071,0.728710584,0.508063542,0.968257744
2.133283321,0.728861448,0.508050292,0.968309075
2.134283571,0.729012139,0.508037064,0.968360323
2.135283821,0.729162658,0.508023859,0.968411489
2.136284071,0.729313005,0.508010675,0.968462572
2.137284321,0.729463181,0.507997514,0.968513572
2.138284571,0.729613185,0.507984374,0.968564489
2.139284821,0.729763018,0.507971256,0.968615325
2.140285071,0.729912680,0.507958161,0.968666078
2.141285321,0.730062172,0.507945087,0.968716749
2.142285571,0.730211493,0.507932035,0.968767338
2.143285821,0.730360645,0.507919005,0.968817845
2.144286072,0.730509627,0.507905996,0.968868271
2.145286322,0.730658440,0.507893009,0.968918615
2.146286572,0.730807084,0.507880044,0.968968877
2.147286822,0.730955559,0.507867100,0.969019059
2.148287072,0.731103866,0.507854178,0.969069159
2.149287322,0.731252004,0.507841278,0.969119178
2.150287572,0.731399975,0.507828399,0.969169116
2.151287822,0.731547779,0.507815542,0.969218974
2.152288072,0.731695415,0.507802706,0.969268751
2.153288322,0.731842885,0.507789891,0.969318447
2.154288572,0.731990187,0.507777098,0.969368063
2.155288822,0.732137324,0.507764326,0.969417599
2.156289072,0.732284294,0.507751576,0.969467055
2.157289322,0.732431099,0.507738846,0.969516431
2.158289572,0.732577738,0.507726138,0.969565726
2.159289822,0.732724212,0.507713451,0.969614943
2.160290073,0.732870522,0.507700785,0.969664079
2.161290323,0.733016666,0.507688141,0.969713136
2.162290573,0.733162646,0.507675517,0.969762114
2.163290823,0.733308463,0.507662915,0.969811013
2.164291073,0.733454115,0.507650333,0.969859832
2.165291323,0.733599604,0.507637773,0.969908573
2.166291573,0.733744930,0.507625233,0.969957234
2.167291823,0.733890094,0.507612714,0.970005818
2.168292073,0.734035094,0.507600216,0.970054322
2.169292323,0.734179932,0.507587739,0.970102748
2.170292573,0.734324608,0.507575283,0.970151096
2.171292823,0.734469123,0.507562847,0.970199365
2.172293073,0.734613476,0.507550433,0.970247557
2.173293323,0.734757667,0.507538039,0.970295670
2.174293573,0.734901698,0.507525665,0.970343706
2.175293823,0.735045568,0.507513312,0.970391664
2.176294074,0.735189278,0.507500980,0.970439545
2.177294324,0.735332828,0.507488668,0.970487348
2.178294574,0.735476218,0.507476377,0.970535074
2.179294824,0.735619448,0.507464106,0.970582722
2.180295074,0.735762519,0.507451856,0.970630294
2.181295324,0.735905431,0.507439626,0.970677788
2.182295574,0.736048185,0.507427417,0.970725206
2.183295824,0.736190780,0.507415227,0.970772547
2.184296074,0.736333216,0.507403058,0.970819812
2.185296324,0.736475495,0.507390910,0.970867000
2.186296574,0.736617617,0.507378781,0.970914112
2.187296824,0.736759580,0.507366673,0.970961148
2.188297074,0.736901387,0.507354585,0.971008107
2.189297324,0.737043037,0.507342517,0.971054991
2.190297574,0.737184531,0.507330469,0.971101799
2.191297824,0.737325868,0.507318441,0.971148531
2.192298075,0.737467049,0.507306433,0.971195187
2.193298325,0.737608074,0.507294446,0.971241768
2.194298575,0.737748944,0.507282478,0.971288274
2.195298825,0.737889659,0.507270530,0.971334705
2.196299075,0.738030218,0.507258602,0.971381060
2.197299325,0.738170623,0.507246693,0.971427341
2.198299575,0.738310874,0.507234805,0.971473547
2.199299825,0.738450970,0.507222936,0.971519677
2.200300075,0.738590912,0.507211088,0.971565734
2.201300325,0.738730701,0.507199258,0.971611716
2.202300575,0.738870337,0.507187449,0.971657623
2.203300825,0.739009819,0.507175659,0.971703457
2.204301075,0.739149148,0.507163889,0.971749216
2.205301325,0.739288325,0.507152138,0.971794901
2.206301575,0.739427349,0.507140407,0.971840512
2.207301825,0.739566222,0.507128695,0.971886050
2.208302076,0.739704942,0.507117003,0.971931514
2.209302326,0.739843511,0.507105331,0.971976904
2.210302576,0.739981929,0.507093677,0.972022221
2.211302826,0.740120195,0.507082044,0.972067465
2.212303076,0.740258311,0.507070429,0.972112635
2.213303326,0.740396276,0.507058834,0.972157733
2.214303576,0.740534091,0.507047258,0.972202757
2.215303826,0.740671756,0.507035701,0.972247709
2.216304076,0.740809271,0.507024164,0.972292588
2.217304326,0.740946636,0.507012645,0.972337395
2.218304576,0.741083852,0.507001146,0.972382129
2.219304826,0.741220919,0.506989666,0.972426790
2.220305076,0.741357837,0.506978205,0.972471380
2.221305326,0.741494607,0.506966763,0.972515897
2.222305576,0.741631228,0.506955340,0.972560342
2.223305826,0.741767701,0.506943937,0.972604716
2.224306077,0.741904027,0.506932552,0.972649018
2.225306327,0.742040205,0.506921186,0.972693248
2.226306577,0.742176235,0.506909838,0.972737406
2.227306827,0.742312119,0.506898510,0.972781493
2.228307077,0.742447856,0.506887201,0.972825509
2.229307327,0.742583446,0.506875910,0.972869454
2.230307577,0.742718889,0.506864638,0.972913328
2.231307827,0.742854187,0.506853385,0.972957130
2.232308077,0.742989339,0.506842151,0.973000862
2.233308327,0.743124345,0.506830935,0.973044523
2.234308577,0.743259206,0.506819738,0.973088114
2.235308827,0.743393922,0.506808559,0.973131634
2.236309077,0.743528493,0.506797399,0.973175083
2.237309327,0.743662919,0.506786258,0.973218463
2.238309577,0.743797201,0.506775135,0.973261772
2.239309827,0.743931338,0.506764030,0.973305011
2.240310078,0.744065332,0.506752944,0.973348180
2.241310328,0.744199182,0.506741876,0.973391280
2.242310578,0.744332888,0.506730827,0.973434310
2.243310828,0.744466452,0.506719796,0.973477270
2.244311078,0.744599872,0.506708784,0.973520160
2.245311328,0.744733150,0.506697789,0.973562982
2.246311578,0.744866285,0.506686813,0.973605734
2.247311828,0.744999277,0.506675855,0.973648417
2.248312078,0.745132128,0.506664916,0.973691031
2.249312328,0.745264837,0.506653994,0.973733576
2.250312578,0.745397405,0.506643091,0.973776052
2.251312828,0.745529831,0.506632206,0.973818459
2.252313078,0.745662116,0.506621339,0.973860798
2.253313328,0.745794260,0.506610490,0.973903069
2.254313578,0.745926263,0.506599658,0.973945271
2.255313828,0.746058126,0.506588845,0.973987405
2.256314079,0.746189849,0.506578050,0.974029471
2.257314329,0.746321432,0.506567273,0.974071468
2.258314579,0.746452875,0.506556513,0.974113398
2.259314829,0.746584179,0.506545772,0.974155260
2.260315079,0.746715343,0.506535048,0.974197054
2.261315329,0.746846368,0.506524342,0.974238781
2.262315579,0.746977255,0.506513654,0.974280440
2.263315829,0.747108003,0.506502984,0.974322032
2.264316079,0.747238612,0.506492331,0.974363557
2.265316329,0.747369084,0.506481696,0.974405014
2.266316579,0.747499417,0.506471078,0.974446405
2.267316829,0.747629613,0.506460479,0.974487728
2.268317079,0.747759672,0.506449897,0.974528985
2.269317329,0.747889593,0.506439332,0.974570175
2.270317579,0.748019377,0.506428785,0.974611298
2.271317829,0.748149024,0.506418255,0.974652355
2.272318080,0.748278535,0.506407743,0.974693345
2.273318330,0.748407909,0.506397248,0.974734269
2.274318580,0.748537148,0.506386771,0.974775127
2.275318830,0.748666250,0.506376311,0.974815919
2.276319080,0.748795217,0.506365868,0.974856645
2.277319330,0.748924048,0.506355443,0.974897305
2.278319580,0.749052744,0.506345035,0.974937900
2.279319830,0.749181305,0.506334644,0.974978428
2.280320080,0.749309731,0.506324271,0.975018891
2.281320330,0.749438022,0.506313914,0.975059289
2.282320580,0.749566180,0.506303575,0.975099621
2.283320830,0.749694203,0.506293253,0.975139889
2.284321080,0.749822092,0.506282948,0.975180091
2.285321330,0.749949847,0.506272661,0.975220228
2.286321580,0.750077469,0.506262390,0.975260300
2.287321830,0.750204957,0.506252136,0.975300307
2.288322081,0.750332313,0.506241899,0.975340250
2.289322331,0.750459535,0.506231680,0.975380128
2.290322581,0.750586625,0.506221477,0.975419941
2.291322831,0.750713582,0.506211291,0.975459690
2.292323081,0.750840408,0.506201122,0.975499375
2.293323331,0.750967101,0.506190970,0.975538996
2.294323581,0.751093662,0.506180834,0.975578552
2.295323831,0.751220092,0.506170716,0.975618045
2.296324081,0.751346390,0.506160614,0.975657474
2.297324331,0.751472558,0.506150529,0.975696839
2.298324581,0.751598594,0.506140461,0.975736140
2.299324831,0.751724499,0.506130409,0.975775378
2.300325081,0.751850274,0.506120374,0.975814552
2.301325331,0.751975919,0.506110355,0.975853663
2.302325581,0.752101433,0.506100354,0.975892711
2.303325831,0.752226818,0.506090368,0.975931696
2.304326082,0.752352072,0.506080400,0.975970617
2.305326332,0.752477198,0.506070448,0.976009476
2.306326582,0.752602194,0.506060512,0.976048272
2.307326832,0.752727060,0.506050593,0.976087005
2.308327082,0.752851798,0.506040690,0.976125675
2.309327332,0.752976408,0.506030803,0.976164283
2.310327582,0.753100888,0.506020933,0.976202829
2.311327832,0.753225241,0.506011080,0.976241312
2.312328082,0.753349465,0.506001242,0.976279733
2.313328332,0.753473562,0.505991421,0.976318091
2.314328582,0.753597531,0.505981617,0.976356388
2.315328832,0.753721372,0.505971828,0.976394623
2.316329082,0.753845086,0.505962056,0.976432796
2.317329332,0.753968673,0.505952299,0.976470907
2.318329582,0.754092133,0.505942559,0.976508957
2.319329832,0.754215467,0.505932835,0.976546945
2.320330083,0.754338674,0.505923128,0.976584871
2.321330333,0.754461755,0.505913436,0.976622737
2.322330583,0.754584709,0.505903760,0.976660541
2.323330833,0.754707538,0.505894100,0.976698284
2.324331083,0.754830241,0.505884457,0.976735965
2.325331333,0.754952819,0.505874829,0.976773586
2.326331583,0.755075271,0.505865217,0.976811147
2.327331833,0.755197598,0.505855621,0.976848646
2.328332083,0.755319801,0.505846041,0.976886085
2.329332333,0.755441878,0.505836477,0.976923463
2.330332583,0.755563832,0.505826929,0.976960781
2.331332833,0.755685660,0.505817396,0.976998038
2.332333083,0.755807365,0.505807879,0.977035235
2.333333333,0.755928946,0.505798378,0.977072372
2.334333583,0.756050403,0.505788893,0.977109449
2.335333833,0.756171737,0.505779424,0.977146466
2.336334084,0.756292947,0.505769970,0.977183423
2.337334334,0.756414034,0.505760531,0.977220321
2.338334584,0.756534998,0.505751109,0.977257158
2.339334834,0.756655840,0.505741702,0.977293936
2.340335084,0.756776559,0.505732310,0.977330655
2.341335334,0.756897155,0.505722934,0.977367314
2.342335584,0.757017629,0.505713574,0.977403914
2.343335834,0.757137982,0.505704229,0.977440455
2.344336084,0.757258212,0.505694899,0.977476937
2.345336334,0.757378321,0.505685585,0.977513360
2.346336584,0.757498309,0.505676286,0.977549723
2.347336834,0.757618175,0.505667003,0.977586028
2.348337084,0.757737920,0.505657735,0.977622275
2.349337334,0.757857544,0.505648482,0.977658462
2.350337584,0.757977048,0.505639245,0.977694592
2.351337834,0.758096431,0.505630023,0.977730662
2.352338085,0.758215694,0.505620816,0.977766675
2.353338335,0.758334837,0.505611624,0.977802629
2.354338585,0.758453860,0.505602448,0.977838525
2.355338835,0.758572763,0.505593287,0.977874363
2.356339085,0.758691546,0.505584141,0.977910143
2.357339335,0.758810210,0.505575010,0.977945865
2.358339585,0.758928755,0.505565894,0.977981529
2.359339835,0.759047181,0.505556793,0.978017136
2.360340085,0.759165488,0.505547707,0.978052685
2.361340335,0.759283677,0.505538637,0.978088177
2.362340585,0.759401747,0.505529581,0.978123611
2.363340835,0.759519699,0.505520540,0.978158988
2.364341085,0.759637532,0.505511514,0.978194308
2.365341335,0.759755248,0.505502503,0.978229571
2.366341585,0.759872846,0.505493507,0.978264776
2.367341835,0.759990326,0.505484526,0.978299925
2.368342086,0.760107690,0.505475560,0.978335017
2.369342336,0.760224935,0.505466608,0.978370052
2.370342586,0.760342064,0.505457672,0.978405030
2.371342836,0.760459076,0.505448750,0.978439952
2.372343086,0.760575972,0.505439842,0.978474817
2.373343336,0.760692751,0.505430950,0.978509626
2.374343586,0.760809413,0.505422072,0.978544379
2.375343836,0.760925960,0.505413209,0.978579076
2.376344086,0.761042391,0.505404361,0.978613716
2.377344336,0.761158705,0.505395527,0.978648300
2.378344586,0.761274905,0.505386707,0.978682829
2.379344836,0.761390989,0.505377903,0.978717302
2.380345086,0.761506957,0.505369113,0.978751718
2.381345336,0.761622811,0.505360337,0.978786080
2.382345586,0.761738549,0.505351576,0.978820385
2.383345836,0.761854173,0.505342829,0.978854636
2.384346087,0.761969683,0.505334097,0.978888830
2.385346337,0.762085078,0.505325379,0.978922970
2.386346587,0.762200359,0.505316676,0.978957054
2.387346837,0.762315526,0.505307987,0.978991083
2.388347087,0.762430579,0.505299312,0.979025057
2.389347337,0.762545518,0.505290652,0.979058977
2.390347587,0.762660344,0.505282006,0.979092841
2.391347837,0.762775057,0.505273374,0.979126651
2.392348087,0.762889656,0.505264756,0.979160405
2.393348337,0.763004142,0.505256153,0.979194106
2.394348587,0.763118516,0.505247564,0.979227752
2.395348837,0.763232777,0.505238989,0.979261343
2.396349087,0.763346925,0.505230428,0.979294880
2.397349337,0.763460962,0.505221882,0.979328363
2.398349587,0.763574886,0.505213349,0.979361792
2.399349837,0.763688698,0.505204831,0.979395166
2.400350088,0.763802398,0.505196326,0.979428487
2.401350338,0.763915987,0.505187836,0.979461754
2.402350588,0.764029464,0.505179360,0.979494967
2.403350838,0.764142830,0.505170897,0.979528126
2.404351088,0.764256085,0.505162449,0.979561232
2.405351338,0.764369229,0.505154015,0.979594284
2.406351588,0.764482262,0.505145594,0.979627283
2.407351838,0.764595185,0.505137188,0.979660228
2.408352088,0.764707997,0.505128795,0.979693120
2.409352338,0.764820698,0.505120416,0.979725959
2.410352588,0.764933290,0.505112051,0.979758745
2.411352838,0.765045772,0.505103700,0.979791477
2.412353088,0.765158143,0.505095362,0.979824157
2.413353338,0.765270406,0.505087039,0.979856784
2.414353588,0.765382559,0.505078729,0.979889358
2.415353838,0.765494602,0.505070432,0.979921880
2.416354089,0.765606536,0.505062150,0.979954349
2.417354339,0.765718362,0.505053881,0.979986765
2.418354589,0.765830078,0.505045626,0.980019129
2.419354839,0.765941686,0.505037384,0.980051441
2.420355089,0.766053186,0.505029156,0.980083700
2.421355339,0.766164577,0.505020942,0.980115907
2.422355589,0.766275860,0.505012741,0.980148063
2.423355839,0.766387035,0.505004553,0.980180166
2.424356089,0.766498102,0.504996379,0.980212217
2.425356339,0.766609061,0.504988219,0.980244216
2.426356589,0.766719913,0.504980072,0.980276164
2.427356839,0.766830657,0.504971939,0.980308060
2.428357089,0.766941295,0.504963818,0.980339905
2.429357339,0.767051825,0.504955712,0.980371697
2.430357589,0.767162248,0.504947618,0.980403439
2.431357839,0.767272565,0.504939538,0.980435129
2.432358090,0.767382775,0.504931472,0.980466768
2.433358340,0.767492879,0.504923418,0.980498356
2.434358590,0.767602876,0.504915378,0.980529893
2.435358840,0.767712768,0.504907352,0.980561378
2.436359090,0.767822553,0.504899338,0.980592813
2.437359340,0.767932233,0.504891338,0.980624197
2.438359590,0.768041807,0.504883350,0.980655530
2.439359840,0.768151275,0.504875376,0.980686813
2.440360090,0.768260638,0.504867416,0.980718045
2.441360340,0.768369896,0.504859468,0.980749226
2.442360590,0.768479049,0.504851533,0.980780357
2.443360840,0.768588097,0.504843612,0.980811438
2.444361090,0.768697041,0.504835703,0.980842468
2.445361340,0.768805880,0.504827808,0.980873448
2.446361590,0.768914614,0.504819925,0.980904378
2.447361840,0.769023245,0.504812056,0.980935258
2.448362091,0.769131771,0.504804199,0.980966089
2.449362341,0.769240193,0.504796356,0.980996869
2.450362591,0.769348512,0.504788525,0.981027599
2.451362841,0.769456727,0.504780707,0.981058280
2.452363091,0.769564838,0.504772903,0.981088911
2.453363341,0.769672846,0.504765111,0.981119493
2.454363591,0.769780751,0.504757331,0.981150025
2.455363841,0.769888553,0.504749565,0.981180508
2.456364091,0.769996252,0.504741812,0.981210942
2.457364341,0.770103848,0.504734071,0.981241326
2.458364591,0.770211342,0.504726343,0.981271661
2.459364841,0.770318733,0.504718628,0.981301947
2.460365091,0.770426022,0.504710925,0.981332185
2.461365341,0.770533209,0.504703235,0.981362373
2.462365591,0.770640294,0.504695558,0.981392512
2.463365841,0.770747277,0.504687894,0.981422603
2.464366092,0.770854159,0.504680242,0.981452645
2.465366342,0.770960939,0.504672602,0.981482639
2.466366592,0.771067617,0.504664976,0.981512584
2.467366842,0.771174194,0.504657362,0.981542480
2.468367092,0.771280671,0.504649760,0.981572328
2.469367342,0.771387046,0.504642171,0.981602128
2.470367592,0.771493320,0.504634594,0.981631880
2.471367842,0.771599494,0.504627030,0.981661584
2.472368092,0.771705568,0.504619479,0.981691239
2.473368342,0.771811541,0.504611939,0.981720847
2.474368592,0.771917413,0.504604413,0.981750407
2.475368842,0.772023186,0.504596898,0.981779919
2.476369092,0.772128859,0.504589396,0.981809383
2.477369342,0.772234432,0.504581907,0.981838799
2.478369592,0.772339905,0.504574429,0.981868168
2.479369842,0.772445279,0.504566964,0.981897490
2.480370093,0.772550554,0.504559512,0.981926764
2.481370343,0.772655729,0.504552071,0.981955991
2.482370593,0.772760806,0.504544643,0.981985170
2.483370843,0.772865783,0.504537227,0.982014303
2.484371093,0.772970662,0.504529823,0.982043388
2.485371343,0.773075442,0.504522432,0.982072426
2.486371593,0.773180123,0.504515052,0.982101417
2.487371843,0.773284706,0.504507685,0.982130362
2.488372093,0.773389191,0.504500330,0.982159259
2.489372343,0.773493578,0.504492987,0.982188110
2.490372593,0.773597867,0.504485656,0.982216914
2.491372843,0.773702058,0.504478337,0.982245672
2.492373093,0.773806152,0.504471030,0.982274383
2.493373343,0.773910148,0.504463735,0.982303047
2.494373593,0.774014047,0.504456453,0.982331666
2.495373843,0.774117848,0.504449182,0.982360238
2.496374094,0.774221552,0.504441923,0.982388763
2.497374344,0.774325160,0.504434676,0.982417243
2.498374594,0.774428671,0.504427441,0.982445677
2.499374844,0.774532085,0.504420218,0.982474064
2.500375094,0.774635402,0.504413007,0.982502406
2.501375344,0.774738623,0.504405808,0.982530702
2.502375594,0.774841748,0.504398620,0.982558952
2.503375844,0.774944777,0.504391445,0.982587156
2.504376094,0.775047709,0.504384281,0.982615315
2.505376344,0.775150546,0.504377129,0.982643428
2.506376594,0.775253287,0.504369989,0.982671496
2.507376844,0.775355933,0.504362860,0.982699519
2.508377094,0.775458483,0.504355743,0.982727496
2.509377344,0.775560938,0.504348638,0.982755428
2.510377594,0.775663298,0.504341545,0.982783314
2.511377844,0.775765562,0.504334463,0.982811156
2.512378095,0.775867732,0.504327393,0.982838953
2.513378345,0.775969807,0.504320335,0.982866704
2.514378595,0.776071787,0.504313288,0.982894411
2.515378845,0.776173673,0.504306253,0.982922073
2.516379095,0.776275465,0.504299229,0.982949690
2.517379345,0.776377162,0.504292217,0.982977263
2.518379595,0.776478765,0.504285216,0.983004791
2.519379845,0.776580275,0.504278227,0.983032274
2.520380095,0.776681690,0.504271250,0.983059713
2.521380345,0.776783012,0.504264284,0.983087108
2.522380595,0.776884240,0.504257329,0.983114458
2.523380845,0.776985375,0.504250386,0.983141764
2.524381095,0.777086416,0.504243454,0.983169026
2.525381345,0.777187365,0.504236534,0.983196244
2.526381595,0.777288220,0.504229625,0.983223418
2.527381845,0.777388983,0.504222727,0.983250548
2.528382096,0.777489652,0.504215841,0.983277634
2.529382346,0.777590229,0.504208966,0.983304676
2.530382596,0.777690714,0.504202102,0.983331675
2.531382846,0.777791106,0.504195250,0.983358629
2.532383096,0.777891406,0.504188409,0.983385541
2.533383346,0.777991613,0.504181579,0.983412408
2.534383596,0.778091729,0.504174760,0.983439233
2.535383846,0.778191753,0.504167953,0.983466014
2.536384096,0.778291685,0.504161157,0.983492751
2.537384346,0.778391526,0.504154372,0.983519446
2.538384596,0.778491275,0.504147598,0.983546097
2.539384846,0.778590933,0.504140835,0.983572705
2.540385096,0.778690499,0.504134084,0.983599270
2.541385346,0.778789975,0.504127343,0.983625792
2.542385596,0.778889359,0.504120614,0.983652271
2.543385846,0.778988653,0.504113895,0.983678708
2.544386097,0.779087856,0.504107188,0.983705101
2.545386347,0.779186968,0.504100491,0.983731452
2.546386597,0.779285990,0.504093806,0.983757761
2.547386847,0.779384922,0.504087132,0.983784026
2.548387097,0.779483763,0.504080468,0.983810250
2.549387347,0.779582514,0.504073816,0.983836431
2.550387597,0.779681176,0.504067175,0.983862569
2.551387847,0.779779747,0.504060544,0.983888666
2.552388097,0.779878229,0.504053924,0.983914720
2.553388347,0.779976621,0.504047316,0.983940732
2.554388597,0.780074924,0.504040718,0.983966702
2.555388847,0.780173137,0.504034131,0.983992630
2.556389097,0.780271262,0.504027554,0.984018516
2.557389347,0.780369297,0.504020989,0.984044360
2.558389597,0.780467243,0.504014434,0.984070162
2.559389847,0.780565100,0.504007890,0.984095923
2.560390098,0.780662869,0.504001357,0.984121642
2.561390348,0.780760549,0.503994835,0.984147319
2.562390598,0.780858141,0.503988323,0.984172955
2.563390848,0.780955644,0.503981822,0.984198549
2.564391098,0.781053059,0.503975332,0.984224102
2.565391348,0.781150386,0.503968852,0.984249614
2.566391598,0.781247625,0.503962383,0.984275084
2.567391848,0.781344776,0.503955925,0.984300513
2.568392098,0.781441839,0.503949477,0.984325902
2.569392348,0.781538815,0.503943040,0.984351249
2.570392598,0.781635704,0.503936613,0.984376555
2.571392848,0.781732504,0.503930197,0.984401820
2.572393098,0.781829218,0.503923791,0.984427044
2.573393348,0.781925845,0.503917396,0.984452228
2.574393598,0.782022384,0.503911012,0.984477370
2.575393848,0.782118837,0.503904638,0.984502472
2.576394099,0.782215203,0.503898274,0.984527534
2.577394349,0.782311482,0.503891921,0.984552555
2.578394599,0.782407674,0.503885579,0.984577535
2.579394849,0.782503781,0.503879246,0.984602476
2.580395099,0.782599801,0.503872925,0.984627375
2.581395349,0.782695734,0.503866613,0.984652235
2.582395599,0.782791582,0.503860312,0.984677054
2.583395849,0.782887344,0.503854021,0.984701833
2.584396099,0.782983020,0.503847741,0.984726573
2.585396349,0.783078610,0.503841471,0.984751272
2.586396599,0.783174115,0.503835211,0.984775931
2.587396849,0.783269534,0.503828962,0.984800550
2.588397099,0.783364868,0.503822722,0.984825130
2.589397349,0.783460116,0.503816493,0.984849669
2.590397599,0.783555280,0.503810274,0.984874169
2.591397849,0.783650358,0.503804066,0.984898630
2.592398100,0.783745352,0.503797867,0.984923051
2.593398350,0.783840260,0.503791679,0.984947432
2.594398600,0.783935085,0.503785501,0.984971774
2.595398850,0.784029824,0.503779333,0.984996077
2.596399100,0.784124479,0.503773175,0.985020340
2.597399350,0.784219050,0.503767028,0.985044564
2.598399600,0.784313537,0.503760890,0.985068749
2.599399850,0.784407939,0.503754763,0.985092895
2.600400100,0.784502258,0.503748645,0.985117001
2.601400350,0.784596493,0.503742538,0.985141069
2.602400600,0.784690644,0.503736440,0.985165098
2.603400850,0.784784711,0.503730353,0.985189088
2.604401100,0.784878695,0.503724276,0.985213039
2.605401350,0.784972595,0.503718208,0.985236951
2.606401600,0.785066412,0.503712151,0.985260825
2.607401850,0.785160146,0.503706103,0.985284660
2.608402101,0.785253797,0.503700066,0.985308457
2.609402351,0.785347365,0.503694038,0.985332215
2.610402601,0.785440850,0.503688020,0.985355935
2.611402851,0.785534253,0.503682012,0.985379616
2.612403101,0.785627572,0.503676014,0.985403259
2.613403351,0.785720810,0.503670026,0.985426864
2.614403601,0.785813964,0.503664047,0.985450431
2.615403851,0.785907037,0.503658079,0.985473959
2.616404101,0.786000027,0.503652120,0.985497450
2.617404351,0.786092936,0.503646171,0.985520902
2.618404601,0.786185762,0.503640232,0.985544317
2.619404851,0.786278507,0.503634302,0.985567694
2.620405101,0.786371170,0.503628383,0.985591032
2.621405351,0.786463751,0.503622472,0.985614334
2.622405601,0.786556250,0.503616572,0.985637597
2.623405851,0.786648669,0.503610681,0.985660823
2.624406102,0.786741006,0.503604800,0.985684011
2.625406352,0.786833262,0.503598929,0.985707162
2.626406602,0.786925436,0.503593067,0.985730275
2.627406852,0.787017530,0.503587215,0.985753351
2.628407102,0.787109543,0.503581372,0.985776390
2.629407352,0.787201475,0.503575540,0.985799392
2.630407602,0.787293327,0.503569716,0.985822356
2.631407852,0.787385098,0.503563902,0.985845283
2.632408102,0.787476788,0.503558098,0.985868173
2.633408352,0.787568399,0.503552303,0.985891026
2.634408602,0.787659929,0.503546518,0.985913842
2.635408852,0.787751379,0.503540742,0.985936621
2.636409102,0.787842749,0.503534976,0.985959363
2.637409352,0.787934039,0.503529219,0.985982069
2.638409602,0.788025249,0.503523472,0.986004738
2.639409852,0.788116380,0.503517734,0.986027370
2.640410103,0.788207431,0.503512005,0.986049965
2.641410353,0.788298402,0.503506286,0.986072524
2.642410603,0.788389294,0.503500576,0.986095047
2.643410853,0.788480107,0.503494875,0.986117533
2.644411103,0.788570841,0.503489184,0.986139983
2.645411353,0.788661496,0.503483503,0.986162396
2.646411603,0.788752072,0.503477830,0.986184773
2.647411853,0.788842569,0.503472167,0.986207114
2.648412103,0.788932987,0.503466513,0.986229419
2.649412353,0.789023327,0.503460869,0.986251688
2.650412603,0.789113588,0.503455233,0.986273921
2.651412853,0.789203771,0.503449607,0.986296118
2.652413103,0.789293875,0.503443990,0.986318279
2.653413353,0.789383901,0.503438382,0.986340404
2.654413603,0.789473849,0.503432784,0.986362493
2.655413853,0.789563720,0.503427195,0.986384547
2.656414104,0.789653512,0.503421615,0.986406565
2.657414354,0.789743226,0.503416044,0.986428547
2.658414604,0.789832863,0.503410482,0.986450494
2.659414854,0.789922422,0.503404929,0.986472405
2.660415104,0.790011904,0.503399385,0.986494281
2.661415354,0.790101308,0.503393851,0.986516122
2.662415604,0.790190635,0.503388325,0.986537927
2.663415854,0.790279885,0.503382809,0.986559697
2.664416104,0.790369058,0.503377301,0.986581431
2.665416354,0.790458153,0.503371803,0.986603131
2.666416604,0.790547172,0.503366314,0.986624795
2.667416854,0.790636114,0.503360833,0.986646425
2.668417104,0.790724980,0.503355362,0.986668019
2.669417354,0.790813769,0.503349900,0.986689579
2.670417604,0.790902481,0.503344446,0.986711104
2.671417854,0.790991117,0.503339002,0.986732593
2.672418105,0.791079677,0.503333566,0.986754049
2.673418355,0.791168161,0.503328139,0.986775469
2.674418605,0.791256568,0.503322721,0.986796855
2.675418855,0.791344900,0.503317313,0.986818206
2.676419105,0.791433155,0.503311913,0.986839523
2.677419355,0.791521335,0.503306521,0.986860805
2.678419605,0.791609439,0.503301139,0.986882053
2.679419855,0.791697468,0.503295765,0.986903266
2.680420105,0.791785421,0.503290401,0.986924445
2.681420355,0.791873299,0.503285045,0.986945590
2.682420605,0.791961102,0.503279697,0.986966701
2.683420855,0.792048829,0.503274359,0.986987777
2.684421105,0.792136481,0.503269029,0.987008820
2.685421355,0.792224059,0.503263708,0.987029828
2.686421605,0.792311561,0.503258396,0.987050803
2.687421855,0.792398989,0.503253093,0.987071743
2.688422106,0.792486341,0.503247798,0.987092650
2.689422356,0.792573620,0.503242512,0.987113523
2.690422606,0.792660824,0.503237234,0.987134362
2.691422856,0.792747953,0.503231965,0.987155167
2.692423106,0.792835008,0.503226705,0.987175939
2.693423356,0.792921989,0.503221453,0.987196677
2.694423606,0.793008896,0.503216210,0.987217382
2.695423856,0.793095729,0.503210976,0.987238053
2.696424106,0.793182488,0.503205750,0.987258691
2.697424356,0.793269173,0.503200533,0.987279295
2.698424606,0.793355784,0.503195324,0.987299866
2.699424856,0.793442322,0.503190124,0.987320404
2.700425106,0.793528786,0.503184932,0.987340908
2.701425356,0.793615177,0.503179749,0.987361380
2.702425606,0.793701494,0.503174574,0.987381818
2.703425856,0.793787738,0.503169408,0.987402223
2.704426107,0.793873909,0.503164250,0.987422595
2.705426357,0.793960007,0.503159101,0.987442935
2.706426607,0.794046032,0.503153960,0.987463241
2.707426857,0.794131984,0.503148827,0.987483515
2.708427107,0.794217863,0.503143703,0.987503755
2.709427357,0.794303670,0.503138588,0.987523963
2.710427607,0.794389404,0.503133480,0.987544139
2.711427857,0.794475066,0.503128381,0.987564282
2.712428107,0.794560655,0.503123291,0.987584392
2.713428357,0.794646172,0.503118209,0.987604469
2.714428607,0.794731616,0.503113135,0.987624515
2.715428857,0.794816989,0.503108069,0.987644527
2.716429107,0.794902289,0.503103012,0.987664508
2.717429357,0.794987518,0.503097963,0.987684456
2.718429607,0.795072674,0.503092922,0.987704372
2.719429857,0.795157759,0.503087889,0.987724255
2.720430108,0.795242772,0.503082865,0.987744107
2.721430358,0.795327714,0.503077849,0.987763926
2.722430608,0.795412584,0.503072841,0.987783713
2.723430858,0.795497383,0.503067841,0.987803469
2.724431108,0.795582111,0.503062850,0.987823192
2.725431358,0.795666767,0.503057867,0.987842884
2.726431608,0.795751352,0.503052891,0.987862543
2.727431858,0.795835866,0.503047924,0.987882171
2.728432108,0.795920310,0.503042965,0.987901767
2.729432358,0.796004682,0.503038015,0.987921332
2.730432608,0.796088984,0.503033072,0.987940864
2.731432858,0.796173215,0.503028137,0.987960366
2.732433108,0.796257375,0.503023211,0.987979835
2.733433358,0.796341465,0.503018293,0.987999273
2.734433608,0.796425485,0.503013382,0.988018680
2.735433858,0.796509434,0.503008480,0.988038055
2.736434109,0.796593313,0.503003585,0.988057399
2.737434359,0.796677122,0.502998699,0.988076712
2.738434609,0.796760861,0.502993821,0.988095994
2.739434859,0.796844530,0.502988950,0.988115244
2.740435109,0.796928129,0.502984088,0.988134463
2.741435359,0.797011658,0.502979234,0.988153651
2.742435609,0.797095118,0.502974387,0.988172808
2.743435859,0.797178508,0.502969549,0.988191935
2.744436109,0.797261829,0.502964718,0.988211030
2.745436359,0.797345080,0.502959895,0.988230094
2.746436609,0.797428262,0.502955081,0.988249127
2.747436859,0.797511375,0.502950274,0.988268130
2.748437109,0.797594418,0.502945474,0.988287102
2.749437359,0.797677392,0.502940683,0.988306043
2.750437609,0.797760298,0.502935900,0.988324954
2.751437859,0.797843134,0.502931124,0.988343834
2.752438110,0.797925902,0.502926357,0.988362684
2.753438360,0.798008601,0.502921597,0.988381503
2.754438610,0.798091232,0.502916844,0.988400291
2.755438860,0.798173794,0.502912100,0.988419049
2.756439110,0.798256287,0.502907363,0.988437777
2.757439360,0.798338712,0.502902635,0.988456475
2.758439610,0.798421069,0.502897913,0.988475142
2.759439860,0.798503358,0.502893200,0.988493780
2.760440110,0.798585578,0.502888494,0.988512387
2.761440360,0.798667731,0.502883796,0.988530964
2.762440610,0.798749815,0.502879106,0.988549511
2.763440860,0.798831832,0.502874423,0.988568027
2.764441110,0.798913781,0.502869748,0.988586514
2.765441360,0.798995662,0.502865081,0.988604971
2.766441610,0.799077476,0.502860421,0.988623399
2.767441860,0.799159222,0.502855769,0.988641796
2.768442111,0.799240901,0.502851125,0.988660164
2.769442361,0.799322512,0.502846488,0.988678502
2.770442611,0.799404056,0.502841858,0.988696810
2.771442861,0.799485533,0.502837237,0.988715089
2.772443111,0.799566943,0.502832623,0.988733338
2.773443361,0.799648286,0.502828016,0.988751558
2.774443611,0.799729562,0.502823417,0.988769748
2.775443861,0.799810771,0.502818825,0.988787909
2.776444111,0.799891914,0.502814241,0.988806040
2.777444361,0.799972990,0.502809665,0.988824142
2.778444611,0.800053999,0.502805096,0.988842215
2.779444861,0.800134941,0.502800534,0.988860259
2.780445111,0.800215818,0.502795980,0.988878273
2.781445361,0.800296628,0.502791433,0.988896258
2.782445611,0.800377371,0.502786894,0.988914214
2.783445861,0.800458049,0.502782362,0.988932142
2.784446112,0.800538660,0.502777838,0.988950040
2.785446362,0.800619206,0.502773321,0.988967909
2.786446612,0.800699685,0.502768811,0.988985749
2.787446862,0.800780099,0.502764309,0.989003561
2.788447112,0.800860447,0.502759814,0.989021343
2.789447362,0.800940729,0.502755326,0.989039097
2.790447612,0.801020945,0.502750846,0.989056823
2.791447862,0.801101097,0.502746373,0.989074519
2.792448112,0.801181182,0.502741907,0.989092187
2.793448362,0.801261203,0.502737449,0.989109826
2.794448612,0.801341158,0.502732998,0.989127437
2.795448862,0.801421048,0.502728554,0.989145020
2.796449112,0.801500872,0.502724118,0.989162573
2.797449362,0.801580632,0.502719689,0.989180099
2.798449612,0.801660327,0.502715267,0.989197596
2.799449862,0.801739957,0.502710852,0.989215065
2.800450113,0.801819522,0.502706444,0.989232506
2.801450363,0.801899023,0.502702044,0.989249918
2.802450613,0.801978458,0.502697651,0.989267302
2.803450863,0.802057830,0.502693265,0.989284659
2.804451113,0.802137136,0.502688886,0.989301987
2.805451363,0.802216379,0.502684515,0.989319287
2.806451613,0.802295557,0.502680150,0.989336559
2.807451863,0.802374671,0.502675793,0.989353803
2.808452113,0.802453721,0.502671443,0.989371019
2.809452363,0.802532706,0.502667099,0.989388208
2.810452613,0.802611628,0.502662763,0.989405368
2.811452863,0.802690486,0.502658434,0.989422501
2.812453113,0.802769280,0.502654113,0.989439606
2.813453363,0.802848010,0.502649798,0.989456684
2.814453613,0.802926677,0.502645490,0.989473734
2.815453863,0.803005280,0.502641189,0.989490756
2.816454114,0.803083819,0.502636896,0.989507751
2.817454364,0.803162295,0.502632609,0.989524718
2.818454614,0.803240708,0.502628329,0.989541658
2.819454864,0.803319057,0.502624057,0.989558571
2.820455114,0.803397343,0.502619791,0.989575456
2.821455364,0.803475566,0.502615532,0.989592314
2.822455614,0.803553726,0.502611281,0.989609144
2.823455864,0.803631823,0.502607036,0.989625948
2.824456114,0.803709858,0.502602798,0.989642724
2.825456364,0.803787829,0.502598567,0.989659473
2.826456614,0.803865737,0.502594343,0.989676195
2.827456864,0.803943583,0.502590126,0.989692890
2.828457114,0.804021367,0.502585916,0.989709558
2.829457364,0.804099087,0.502581712,0.989726199
2.830457614,0.804176746,0.502577516,0.989742813
2.831457864,0.804254342,0.502573326,0.989759400
2.832458115,0.804331876,0.502569143,0.989775960
2.833458365,0.804409347,0.502564967,0.989792494
2.834458615,0.804486756,0.502560798,0.989809001
2.835458865,0.804564104,0.502556636,0.989825481
2.836459115,0.804641389,0.502552481,0.989841934
2.837459365,0.804718613,0.502548332,0.989858361
2.838459615,0.804795774,0.502544190,0.989874762
2.839459865,0.804872874,0.502540055,0.989891136
2.840460115,0.804949912,0.502535926,0.989907483
2.841460365,0.805026889,0.502531805,0.989923804
2.842460615,0.805103804,0.502527690,0.989940098
2.843460865,0.805180658,0.502523581,0.989956366
2.844461115,0.805257450,0.502519480,0.989972608
2.845461365,0.805334181,0.502515385,0.989988824
2.846461615,0.805410850,0.502511297,0.990005013
2.847461865,0.805487459,0.502507215,0.990021176
2.848462116,0.805564006,0.502503141,0.990037314
2.849462366,0.805640493,0.502499072,0.990053424
2.850462616,0.805716918,0.502495011,0.990069509
2.851462866,0.805793283,0.502490956,0.990085568
2.852463116,0.805869587,0.502486908,0.990101601
2.853463366,0.805945830,0.502482866,0.990117608
2.854463616,0.806022013,0.502478831,0.990133589
2.855463866,0.806098135,0.502474803,0.990149545
2.856464116,0.806174196,0.502470781,0.990165474
2.857464366,0.806250197,0.502466766,0.990181378
2.858464616,0.806326138,0.502462757,0.990197256
2.859464866,0.806402018,0.502458755,0.990213108
2.860465116,0.806477839,0.502454759,0.990228935
2.861465366,0.806553599,0.502450770,0.990244736
2.862465616,0.806629299,0.502446787,0.990260511
2.863465866,0.806704939,0.502442811,0.990276261
2.864466117,0.806780519,0.502438842,0.990291986
2.865466367,0.806856039,0.502434879,0.990307685
2.866466617,0.806931500,0.502430922,0.990323359
2.867466867,0.807006901,0.502426972,0.990339007
2.868467117,0.807082242,0.502423028,0.990354630
2.869467367,0.807157524,0.502419091,0.990370228
2.870467617,0.807232746,0.502415160,0.990385801
2.871467867,0.807307909,0.502411235,0.990401348
2.872468117,0.807383012,0.502407317,0.990416870
2.873468367,0.807458056,0.502403406,0.990432367
2.874468617,0.807533041,0.502399500,0.990447840
2.875468867,0.807607967,0.502395601,0.990463287
2.876469117,0.807682834,0.502391709,0.990478709
2.877469367,0.807757642,0.502387823,0.990494106
2.878469617,0.807832391,0.502383943,0.990509478
2.879469867,0.807907081,0.502380069,0.990524826
2.880470118,0.807981712,0.502376202,0.990540148
2.881470368,0.808056285,0.502372341,0.990555446
2.882470618,0.808130799,0.502368487,0.990570719
2.883470868,0.808205254,0.502364639,0.990585967
2.884471118,0.808279651,0.502360797,0.990601191
2.885471368,0.808353990,0.502356961,0.990616390
2.886471618,0.808428270,0.502353131,0.990631565
2.887471868,0.808502492,0.502349308,0.990646715
2.888472118,0.808576656,0.502345491,0.990661840
2.889472368,0.808650761,0.502341681,0.990676941
2.890472618,0.808724809,0.502337876,0.990692018
2.891472868,0.808798798,0.502334078,0.990707070
2.892473118,0.808872730,0.502330286,0.990722098
2.893473368,0.808946603,0.502326500,0.990737101
2.894473618,0.809020419,0.502322720,0.990752081
2.895473868,0.809094177,0.502318946,0.990767036
2.896474119,0.809167878,0.502315179,0.990781967
2.897474369,0.809241521,0.502311418,0.990796873
2.898474619,0.809315106,0.502307663,0.990811756
2.899474869,0.809388634,0.502303914,0.990826615
2.900475119,0.809462105,0.502300171,0.990841449
2.901475369,0.809535518,0.502296434,0.990856260
2.902475619,0.809608874,0.502292703,0.990871046
2.903475869,0.809682173,0.502288979,0.990885809
2.904476119,0.809755414,0.502285260,0.990900548
2.905476369,0.809828599,0.502281548,0.990915263
2.906476619,0.809901727,0.502277842,0.990929954
2.907476869,0.809974798,0.502274141,0.990944622
2.908477119,0.810047811,0.502270447,0.990959265
2.909477369,0.810120769,0.502266759,0.990973885
2.910477619,0.810193669,0.502263076,0.990988482
2.911477869,0.810266513,0.502259400,0.991003055
2.912478120,0.810339300,0.502255730,0.991017604
2.913478370,0.810412031,0.502252066,0.991032129
2.914478620,0.810484705,0.502248407,0.991046632
2.915478870,0.810557323,0.502244755,0.991061110
2.916479120,0.810629884,0.502241109,0.991075566
2.917479370,0.810702390,0.502237468,0.991089998
2.918479620,0.810774839,0.502233834,0.991104406
2.919479870,0.810847232,0.502230206,0.991118792
2.920480120,0.810919569,0.502226583,0.991133154
2.921480370,0.810991850,0.502222966,0.991147493
2.922480620,0.811064075,0.502219355,0.991161808
2.923480870,0.811136244,0.502215751,0.991176101
2.924481120,0.811208358,0.502212152,0.991190370
2.925481370,0.811280415,0.502208558,0.991204616
2.926481620,0.811352418,0.502204971,0.991218840
2.927481870,0.811424364,0.502201390,0.991233040
2.928482121,0.811496255,0.502197814,0.991247217
2.929482371,0.811568091,0.502194244,0.991261372
2.930482621,0.811639871,0.502190680,0.991275503
2.931482871,0.811711596,0.502187122,0.991289612
2.932483121,0.811783265,0.502183570,0.991303698
2.933483371,0.811854880,0.502180024,0.991317761
2.934483621,0.811926439,0.502176483,0.991331801
2.935483871,0.811997943,0.502172948,0.991345819
2.936484121,0.812069392,0.502169419,0.991359814
2.937484371,0.812140786,0.502165895,0.991373786
2.938484621,0.812212126,0.502162378,0.991387736
2.939484871,0.812283410,0.502158866,0.991401663
2.940485121,0.812354640,0.502155359,0.991415567
2.941485371,0.812425815,0.502151859,0.991429449
2.942485621,0.812496936,0.502148364,0.991443309
2.943485871,0.812568002,0.502144875,0.991457146
2.944486122,0.812639013,0.502141392,0.991470961
2.945486372,0.812709970,0.502137914,0.991484754
2.946486622,0.812780873,0.502134442,0.991498524
2.947486872,0.812851721,0.502130976,0.991512272
2.948487122,0.812922515,0.502127515,0.991525998
2.949487372,0.812993255,0.502124060,0.991539701
2.950487622,0.813063941,0.502120610,0.991553383
2.951487872,0.813134573,0.502117166,0.991567042
2.952488122,0.813205151,0.502113728,0.991580679
2.953488372,0.813275675,0.502110296,0.991594294
2.954488622,0.813346145,0.502106869,0.991607888
2.955488872,0.813416561,0.502103447,0.991621459
2.956489122,0.813486923,0.502100031,0.991635008
2.957489372,0.813557232,0.502096621,0.991648535
2.958489622,0.813627487,0.502093216,0.991662041
2.959489872,0.813697689,0.502089817,0.991675524
2.960490123,0.813767837,0.502086424,0.991688986
2.961490373,0.813837932,0.502083036,0.991702426
2.962490623,0.813907973,0.502079653,0.991715844
2.963490873,0.813977961,0.502076276,0.991729241
2.964491123,0.814047896,0.502072904,0.991742616
2.965491373,0.814117778,0.502069538,0.991755969
2.966491623,0.814187606,0.502066178,0.991769300
2.967491873,0.814257382,0.502062823,0.991782611
2.968492123,0.814327104,0.502059473,0.991795899
2.969492373,0.814396774,0.502056129,0.991809166
2.970492623,0.814466391,0.502052790,0.991822412
2.971492873,0.814535954,0.502049457,0.991835636
2.972493123,0.814605466,0.502046129,0.991848839
2.973493373,0.814674924,0.502042807,0.991862020
2.974493623,0.814744330,0.502039490,0.991875181
2.975493873,0.814813683,0.502036179,0.991888320
2.976494124,0.814882984,0.502032872,0.991901437
2.977494374,0.814952232,0.502029572,0.991914534
2.978494624,0.815021428,0.502026276,0.991927609
2.979494874,0.815090571,0.502022986,0.991940663
2.980495124,0.815159663,0.502019702,0.991953696
2.981495374,0.815228702,0.502016422,0.991966708
2.982495624,0.815297689,0.502013148,0.991979699
2.983495874,0.815366623,0.502009880,0.991992669
2.984496124,0.815435506,0.502006616,0.992005617
2.985496374,0.815504337,0.502003359,0.992018545
2.986496624,0.815573116,0.502000106,0.992031452
2.987496874,0.815641843,0.501996859,0.992044339
2.988497124,0.815710518,0.501993616,0.992057204
2.989497374,0.815779142,0.501990380,0.992070049
2.990497624,0.815847714,0.501987148,0.992082872
2.991497874,0.815916234,0.501983922,0.992095675
2.992498125,0.815984703,0.501980701,0.992108458
2.993498375,0.816053120,0.501977485,0.992121219
2.994498625,0.816121486,0.501974275,0.992133960
2.995498875,0.816189800,0.501971070,0.992146681
2.996499125,0.816258063,0.501967870,0.992159381
2.997499375,0.816326275,0.501964675,0.992172060
2.998499625,0.816394436,0.501961485,0.992184719
2.999499875,0.816462545,0.501958301,0.992197357
3.000500125,0.816530604,0.501955122,0.992209975
3.001500375,0.816598611,0.501951947,0.992222572
3.002500625,0.816666568,0.501948779,0.992235149
3.003500875,0.816734473,0.501945615,0.992247706
3.004501125,0.816802328,0.501942456,0.992260243
3.005501375,0.816870131,0.501939303,0.992272759
3.006501625,0.816937885,0.501936155,0.992285255
3.007501875,0.817005587,0.501933012,0.992297731
3.008502126,0.817073239,0.501929874,0.992310186
3.009502376,0.817140840,0.501926741,0.992322622
3.010502626,0.817208391,0.501923613,0.992335037
3.011502876,0.817275891,0.501920490,0.992347432
3.012503126,0.817343341,0.501917373,0.992359807
3.013503376,0.817410740,0.501914260,0.992372162
3.014503626,0.817478090,0.501911153,0.992384498
3.015503876,0.817545389,0.501908050,0.992396813
3.016504126,0.817612638,0.501904953,0.992409108
3.017504376,0.817679836,0.501901861,0.992421384
3.018504626,0.817746985,0.501898774,0.992433639
3.019504876,0.817814084,0.501895691,0.992445875
3.020505126,0.817881133,0.501892614,0.992458091
3.021505376,0.817948132,0.501889542,0.992470287
3.022505626,0.818015081,0.501886475,0.992482464
3.023505876,0.818081980,0.501883413,0.992494621
3.024506127,0.818148830,0.501880356,0.992506758
3.025506377,0.818215629,0.501877303,0.992518875
3.026506627,0.818282380,0.501874256,0.992530973
3.027506877,0.818349081,0.501871214,0.992543052
3.028507127,0.818415732,0.501868177,0.992555111
3.029507377,0.818482334,0.501865144,0.992567150
3.030507627,0.818548886,0.501862117,0.992579170
3.031507877,0.818615389,0.501859094,0.992591170
3.032508127,0.818681843,0.501856077,0.992603151
3.033508377,0.818748248,0.501853064,0.992615113
3.034508627,0.818814603,0.501850056,0.992627055
3.035508877,0.818880910,0.501847054,0.992638978
3.036509127,0.818947167,0.501844056,0.992650882
3.037509377,0.819013376,0.501841063,0.992662766
3.038509627,0.819079535,0.501838074,0.992674632
3.039509877,0.819145646,0.501835091,0.992686478
3.040510128,0.819211707,0.501832113,0.992698305
3.041510378,0.819277720,0.501829139,0.992710113
3.042510628,0.819343684,0.501826170,0.992721901
3.043510878,0.819409600,0.501823206,0.992733671
3.044511128,0.819475467,0.501820247,0.992745421
3.045511378,0.819541285,0.501817293,0.992757153
3.046511628,0.819607055,0.501814343,0.992768866
3.047511878,0.819672777,0.501811399,0.992780559
3.048512128,0.819738450,0.501808459,0.992792234
3.049512378,0.819804075,0.501805524,0.992803890
3.050512628,0.819869651,0.501802594,0.992815527
3.051512878,0.819935179,0.501799668,0.992827145
3.052513128,0.820000659,0.501796747,0.992838745
3.053513378,0.820066091,0.501793831,0.992850325
3.054513628,0.820131475,0.501790920,0.992861887
3.055513878,0.820196811,0.501788014,0.992873431
3.056514129,0.820262099,0.501785112,0.992884955
3.057514379,0.820327339,0.501782215,0.992896461
3.058514629,0.820392531,0.501779322,0.992907948
3.059514879,0.820457675,0.501776435,0.992919417
3.060515129,0.820522772,0.501773552,0.992930867
3.061515379,0.820587821,0.501770674,0.992942299
3.062515629,0.820652822,0.501767800,0.992953712
3.063515879,0.820717776,0.501764931,0.992965107
3.064516129,0.820782682,0.501762067,0.992976483
3.065516379,0.820847540,0.501759208,0.992987841
3.066516629,0.820912351,0.501756353,0.992999181
3.067516879,0.820977115,0.501753502,0.993010502
3.068517129,0.821041832,0.501750657,0.993021805
3.069517379,0.821106501,0.501747816,0.993033090
3.070517629,0.821171123,0.501744980,0.993044356
3.071517879,0.821235698,0.501742148,0.993055604
3.072518130,0.821300225,0.501739321,0.993066834
3.073518380,0.821364706,0.501736498,0.993078046
3.074518630,0.821429140,0.501733681,0.993089240
3.075518880,0.821493526,0.501730867,0.993100415
3.076519130,0.821557866,0.501728059,0.993111573
3.077519380,0.821622159,0.501725254,0.993122712
3.078519630,0.821686405,0.501722455,0.993133834
3.079519880,0.821750605,0.501719660,0.993144937
3.080520130,0.821814757,0.501716869,0.993156023
3.081520380,0.821878863,0.501714083,0.993167091
3.082520630,0.821942923,0.501711302,0.993178140
3.083520880,0.822006935,0.501708525,0.993189172
3.084521130,0.822070902,0.501705753,0.993200186
3.085521380,0.822134822,0.501702985,0.993211182
3.086521630,0.822198695,0.501700222,0.993222161
3.087521880,0.822262522,0.501697463,0.993233121
3.088522131,0.822326303,0.501694709,0.993244064
3.089522381,0.822390038,0.501691959,0.993254989
3.090522631,0.822453726,0.501689213,0.993265897
3.091522881,0.822517369,0.501686473,0.993276787
3.092523131,0.822580965,0.501683736,0.993287659
3.093523381,0.822644515,0.501681004,0.993298514
3.094523631,0.822708019,0.501678277,0.993309351
3.095523881,0.822771477,0.501675554,0.993320171
3.096524131,0.822834890,0.501672835,0.993330973
3.097524381,0.822898256,0.501670121,0.993341758
3.098524631,0.822961577,0.501667411,0.993352525
3.099524881,0.823024852,0.501664705,0.993363275
3.100525131,0.823088081,0.501662004,0.993374007
3.101525381,0.823151265,0.501659308,0.993384722
3.102525631,0.823214403,0.501656616,0.993395420
3.103525881,0.823277496,0.501653928,0.993406100
3.104526132,0.823340543,0.501651244,0.993416764
3.105526382,0.823403545,0.501648565,0.993427410
3.106526632,0.823466501,0.501645891,0.993438038
3.107526882,0.823529412,0.501643220,0.993448650
3.108527132,0.823592277,0.501640554,0.993459244
3.109527382,0.823655098,0.501637893,0.993469821
3.110527632,0.823717873,0.501635235,0.993480382
3.111527882,0.823780603,0.501632582,0.993490925
3.112528132,0.823843288,0.501629933,0.993501451
3.113528382,0.823905928,0.501627289,0.993511960
3.114528632,0.823968523,0.501624649,0.993522452
3.115528882,0.824031073,0.501622013,0.993532927
3.116529132,0.824093578,0.501619382,0.993543385
3.117529382,0.824156038,0.501616754,0.993553826
3.118529632,0.824218454,0.501614131,0.993564250
3.119529882,0.824280825,0.501611513,0.993574658
3.120530133,0.824343151,0.501608898,0.993585048
3.121530383,0.824405432,0.501606288,0.993595422
3.122530633,0.824467669,0.501603682,0.993605779
3.123530883,0.824529861,0.501601081,0.993616119
3.124531133,0.824592009,0.501598483,0.993626443
3.125531383,0.824654112,0.501595890,0.993636750
3.126531633,0.824716171,0.501593301,0.993647040
3.127531883,0.824778185,0.501590716,0.993657314
3.128532133,0.824840155,0.501588136,0.993667571
3.129532383,0.824902081,0.501585559,0.993677811
3.130532633,0.824963963,0.501582987,0.993688035
3.131532883,0.825025801,0.501580419,0.993698242
3.132533133,0.825087594,0.501577855,0.993708433
3.133533383,0.825149343,0.501575296,0.993718607
3.134533633,0.825211049,0.501572740,0.993728765
3.135533883,0.825272710,0.501570189,0.993738906
3.136534134,0.825334327,0.501567642,0.993749031
3.137534384,0.825395901,0.501565099,0.993759140
3.138534634,0.825457431,0.501562560,0.993769232
3.139534884,0.825518916,0.501560025,0.993779308
3.140535134,0.825580359,0.501557495,0.993789368
3.141535384,0.825641757,0.501554968,0.993799411
3.142535634,0.825703112,0.501552446,0.993809438
3.143535884,0.825764423,0.501549927,0.993819449
3.144536134,0.825825691,0.501547413,0.993829444
3.145536384,0.825886915,0.501544903,0.993839423
3.146536634,0.825948096,0.501542397,0.993849385
3.147536884,0.826009233,0.501539895,0.993859331
3.148537134,0.826070327,0.501537397,0.993869262
3.149537384,0.826131377,0.501534903,0.993879176
3.150537634,0.826192385,0.501532414,0.993889074
3.151537884,0.826253349,0.501529928,0.993898956
3.152538135,0.826314270,0.501527446,0.993908822
3.153538385,0.826375148,0.501524969,0.993918673
3.154538635,0.826435982,0.501522495,0.993928507
3.155538885,0.826496774,0.501520026,0.993938325
3.156539135,0.826557523,0.501517560,0.993948128
3.157539385,0.826618228,0.501515099,0.993957915
3.158539635,0.826678891,0.501512641,0.993967685
3.159539885,0.826739511,0.501510188,0.993977440
3.160540135,0.826800088,0.501507738,0.993987180
3.161540385,0.826860623,0.501505292,0.993996903
3.162540635,0.826921114,0.501502851,0.994006611
3.163540885,0.826981563,0.501500413,0.994016303
3.164541135,0.827041970,0.501497980,0.994025979
3.165541385,0.827102333,0.501495550,0.994035640
3.166541635,0.827162655,0.501493124,0.994045285
3.167541885,0.827222933,0.501490702,0.994054915
3.168542136,0.827283170,0.501488285,0.994064529
3.169542386,0.827343364,0.501485871,0.994074127
3.170542636,0.827403515,0.501483461,0.994083710
3.171542886,0.827463624,0.501481055,0.994093278
3.172543136,0.827523691,0.501478653,0.994102830
3.173543386,0.827583716,0.501476254,0.994112366
3.174543636,0.827643699,0.501473860,0.994121887
3.175543886,0.827703639,0.501471470,0.994131393
3.176544136,0.827763538,0.501469083,0.994140883
3.177544386,0.827823394,0.501466700,0.994150358
3.178544636,0.827883208,0.501464322,0.994159818
3.179544886,0.827942981,0.501461947,0.994169262
3.180545136,0.828002711,0.501459576,0.994178691
3.181545386,0.828062400,0.501457208,0.994188105
3.182545636,0.828122047,0.501454845,0.994197503
3.183545886,0.828181652,0.501452486,0.994206887
3.184546137,0.828241215,0.501450130,0.994216255
3.185546387,0.828300736,0.501447778,0.994225608
3.186546637,0.828360216,0.501445430,0.994234946
3.187546887,0.828419655,0.501443086,0.994244269
3.188547137,0.828479052,0.501440745,0.994253577
3.189547387,0.828538407,0.501438409,0.994262869
3.190547637,0.828597721,0.501436076,0.994272147
3.191547887,0.828656993,0.501433747,0.994281410
3.192548137,0.828716224,0.501431422,0.994290657
3.193548387,0.828775414,0.501429100,0.994299890
3.194548637,0.828834562,0.501426783,0.994309108
3.195548887,0.828893670,0.501424469,0.994318311
3.196549137,0.828952736,0.501422159,0.994327499
3.197549387,0.829011760,0.501419853,0.994336672
3.198549637,0.829070744,0.501417550,0.994345830
3.199549887,0.829129687,0.501415251,0.994354974
3.200550138,0.829188588,0.501412956,0.994364103
3.201550388,0.829247449,0.501410665,0.994373217
3.202550638,0.829306269,0.501408377,0.994382316
3.203550888,0.829365048,0.501406093,0.994391400
3.204551138,0.829423785,0.501403813,0.994400470
3.205551388,0.829482483,0.501401536,0.994409525
3.206551638,0.829541139,0.501399263,0.994418566
3.207551888,0.829599755,0.501396994,0.994427592
3.208552138,0.829658329,0.501394729,0.994436603
3.209552388,0.829716864,0.501392467,0.994445600
3.210552638,0.829775357,0.501390209,0.994454582
3.211552888,0.829833811,0.501387955,0.994463550
3.212553138,0.829892223,0.501385704,0.994472503
3.213553388,0.829950595,0.501383457,0.994481442
3.214553638,0.830008927,0.501381214,0.994490366
3.215553888,0.830067218,0.501378974,0.994499276
3.216554139,0.830125469,0.501376738,0.994508171
3.217554389,0.830183680,0.501374505,0.994517052
3.218554639,0.830241851,0.501372276,0.994525919
3.219554889,0.830299981,0.501370051,0.994534771
3.220555139,0.830358071,0.501367829,0.994543609
3.221555389,0.830416121,0.501365611,0.994552433
3.222555639,0.830474131,0.501363397,0.994561242
3.223555889,0.830532100,0.501361186,0.994570037
3.224556139,0.830590030,0.501358979,0.994578818
3.225556389,0.830647920,0.501356775,0.994587585
3.226556639,0.830705770,0.501354575,0.994596337
3.227556889,0.830763580,0.501352379,0.994605076
3.228557139,0.830821350,0.501350186,0.994613800
3.229557389,0.830879081,0.501347997,0.994622510
3.230557639,0.830936771,0.501345811,0.994631206
3.231557889,0.830994422,0.501343629,0.994639888
3.232558140,0.831052033,0.501341450,0.994648556
3.233558390,0.831109605,0.501339275,0.994657210
3.234558640,0.831167137,0.501337104,0.994665850
3.235558890,0.831224629,0.501334935,0.994674476
3.236559140,0.831282082,0.501332771,0.994683089
3.237559390,0.831339496,0.501330610,0.994691687
3.238559640,0.831396870,0.501328452,0.994700271
3.239559890,0.831454204,0.501326299,0.994708841
3.240560140,0.831511500,0.501324148,0.994717398
3.241560390,0.831568756,0.501322001,0.994725940
3.242560640,0.831625973,0.501319858,0.994734469
3.243560890,0.831683150,0.501317718,0.994742984
3.244561140,0.831740289,0.501315581,0.994751486
3.245561390,0.831797388,0.501313448,0.994759973
3.246561640,0.831854448,0.501311318,0.994768447
3.247561890,0.831911469,0.501309192,0.994776907
3.248562141,0.831968451,0.501307070,0.994785353
3.249562391,0.832025394,0.501304950,0.994793786
3.250562641,0.832082298,0.501302835,0.994802205
3.251562891,0.832139163,0.501300722,0.994810611
3.252563141,0.832195990,0.501298613,0.994819003
3.253563391,0.832252777,0.501296508,0.994827381
3.254563641,0.832309526,0.501294406,0.994835746
3.255563891,0.832366236,0.501292307,0.994844097
3.256564141,0.832422907,0.501290212,0.994852435
3.257564391,0.832479540,0.501288120,0.994860759
3.258564641,0.832536134,0.501286032,0.994869070
3.259564891,0.832592690,0.501283947,0.994877367
3.260565141,0.832649207,0.501281865,0.994885651
3.261565391,0.832705685,0.501279787,0.994893922
3.262565641,0.832762125,0.501277712,0.994902179
3.263565891,0.832818527,0.501275641,0.994910423
3.264566142,0.832874890,0.501273572,0.994918653
3.265566392,0.832931215,0.501271508,0.994926871
3.266566642,0.832987501,0.501269446,0.994935075
3.267566892,0.833043750,0.501267388,0.994943265
3.268567142,0.833099960,0.501265333,0.994951443
3.269567392,0.833156132,0.501263282,0.994959607
3.270567642,0.833212265,0.501261234,0.994967758
3.271567892,0.833268361,0.501259189,0.994975895
3.272568142,0.833324419,0.501257148,0.994984020
3.273568392,0.833380438,0.501255110,0.994992132
3.274568642,0.833436420,0.501253075,0.995000230
3.275568892,0.833492363,0.501251044,0.995008315
3.276569142,0.833548269,0.501249015,0.995016387
3.277569392,0.833604137,0.501246991,0.995024447
3.278569642,0.833659967,0.501244969,0.995032493
3.279569892,0.833715759,0.501242951,0.995040526
3.280570143,0.833771514,0.501240936,0.995048546
3.281570393,0.833827231,0.501238924,0.995056553
3.282570643,0.833882910,0.501236916,0.995064547
3.283570893,0.833938551,0.501234910,0.995072529
3.284571143,0.833994155,0.501232908,0.995080497
3.285571393,0.834049721,0.501230910,0.995088452
3.286571643,0.834105250,0.501228914,0.995096395
3.287571893,0.834160741,0.501226922,0.995104325
3.288572143,0.834216195,0.501224933,0.995112242
3.289572393,0.834271612,0.501222947,0.995120146
3.290572643,0.834326991,0.501220965,0.995128037
3.291572893,0.834382332,0.501218986,0.995135916
3.292573143,0.834437637,0.501217010,0.995143782
3.293573393,0.834492904,0.501215037,0.995151635
3.294573643,0.834548134,0.501213067,0.995159475
3.295573893,0.834603327,0.501211101,0.995167303
3.296574144,0.834658483,0.501209137,0.995175118
3.297574394,0.834713601,0.501207177,0.995182921
3.298574644,0.834768683,0.501205221,0.995190710
3.299574894,0.834823727,0.501203267,0.995198488
3.300575144,0.834878735,0.501201316,0.995206252
3.301575394,0.834933705,0.501199369,0.995214004
3.302575644,0.834988639,0.501197425,0.995221744
3.303575894,0.835043536,0.501195484,0.995229471
3.304576144,0.835098396,0.501193546,0.995237186
3.305576394,0.835153219,0.501191611,0.995244888
3.306576644,0.835208005,0.501189680,0.995252577
3.307576894,0.835262755,0.501187751,0.995260254
3.308577144,0.835317468,0.501185826,0.995267919
3.309577394,0.835372144,0.501183904,0.995275572
3.310577644,0.835426784,0.501181985,0.995283212
3.311577894,0.835481387,0.501180069,0.995290839
3.312578145,0.835535953,0.501178156,0.995298455
3.313578395,0.835590483,0.501176246,0.995306058
3.314578645,0.835644977,0.501174340,0.995313648
3.315578895,0.835699434,0.501172436,0.995321227
3.316579145,0.835753855,0.501170536,0.995328793
3.317579395,0.835808239,0.501168638,0.995336347
3.318579645,0.835862587,0.501166744,0.995343889
3.319579895,0.835916899,0.501164853,0.995351418
3.320580145,0.835971175,0.501162965,0.995358936
3.321580395,0.836025414,0.501161080,0.995366441
3.322580645,0.836079617,0.501159198,0.995373934
3.323580895,0.836133784,0.501157319,0.995381415
3.324581145,0.836187915,0.501155443,0.995388884
3.325581395,0.836242010,0.501153570,0.995396340
3.326581645,0.836296069,0.501151700,0.995403785
3.327581895,0.836350092,0.501149834,0.995411218
3.328582146,0.836404079,0.501147970,0.995418638
3.329582396,0.836458030,0.501146109,0.995426047
3.330582646,0.836511945,0.501144252,0.995433444
3.331582896,0.836565824,0.501142397,0.995440829
3.332583146,0.836619667,0.501140545,0.995448201
3.333583396,0.836673475,0.501138697,0.995455562
3.334583646,0.836727247,0.501136851,0.995462911
3.335583896,0.836780983,0.501135009,0.995470248
3.336584146,0.836834684,0.501133169,0.995477573
3.337584396,0.836888349,0.501131332,0.995484887
3.338584646,0.836941978,0.501129499,0.995492188
3.339584896,0.836995572,0.501127668,0.995499478
3.340585146,0.837049130,0.501125840,0.995506756
3.341585396,0.837102653,0.501124016,0.995514022
3.342585646,0.837156140,0.501122194,0.995521276
3.343585896,0.837209592,0.501120375,0.995528519
3.344586147,0.837263009,0.501118559,0.995535750
3.345586397,0.837316390,0.501116746,0.995542969
3.346586647,0.837369736,0.501114936,0.995550177
3.347586897,0.837423046,0.501113129,0.995557373
3.348587147,0.837476322,0.501111325,0.995564557
3.349587397,0.837529562,0.501109524,0.995571730
3.350587647,0.837582767,0.501107726,0.995578891
3.351587897,0.837635937,0.501105931,0.995586040
3.352588147,0.837689072,0.501104138,0.995593178
3.353588397,0.837742171,0.501102349,0.995600305
3.354588647,0.837795236,0.501100562,0.995607420
3.355588897,0.837848266,0.501098779,0.995614523
3.356589147,0.837901260,0.501096998,0.995621615
3.357589397,0.837954220,0.501095220,0.995628695
3.358589647,0.838007145,0.501093445,0.995635764
3.359589897,0.838060035,0.501091673,0.995642822
3.360590148,0.838112890,0.501089904,0.995649868
3.361590398,0.838165711,0.501088137,0.995656903
3.362590648,0.838218496,0.501086374,0.995663926
3.363590898,0.838271247,0.501084613,0.995670938
3.364591148,0.838323964,0.501082855,0.995677939
3.365591398,0.838376645,0.501081101,0.995684928
3.366591648,0.838429292,0.501079348,0.995691906
3.367591898,0.838481905,0.501077599,0.995698873
3.368592148,0.838534483,0.501075853,0.995705828
3.369592398,0.838587026,0.501074109,0.995712773
3.370592648,0.838639535,0.501072369,0.995719706
3.371592898,0.838692010,0.501070631,0.995726627
3.372593148,0.838744450,0.501068896,0.995733538
3.373593398,0.838796855,0.501067163,0.995740437
3.374593648,0.838849227,0.501065434,0.995747326
3.375593898,0.838901564,0.501063707,0.995754203
3.376594149,0.838953867,0.501061984,0.995761069
3.377594399,0.839006135,0.501060263,0.995767924
3.378594649,0.839058370,0.501058544,0.995774767
3.379594899,0.839110570,0.501056829,0.995781600
3.380595149,0.839162736,0.501055116,0.995788422
3.381595399,0.839214868,0.501053407,0.995795233
3.382595649,0.839266966,0.501051699,0.995802032
3.383595899,0.839319030,0.501049995,0.995808821
3.384596149,0.839371059,0.501048294,0.995815599
3.385596399,0.839423055,0.501046595,0.995822365
3.386596649,0.839475017,0.501044899,0.995829121
3.387596899,0.839526945,0.501043206,0.995835866
3.388597149,0.839578840,0.501041515,0.995842600
3.389597399,0.839630700,0.501039827,0.995849323
3.390597649,0.839682527,0.501038142,0.995856035
3.391597899,0.839734319,0.501036460,0.995862736
3.392598150,0.839786078,0.501034780,0.995869427
3.393598400,0.839837804,0.501033104,0.995876107
3.394598650,0.839889495,0.501031429,0.995882775
3.395598900,0.839941154,0.501029758,0.995889434
3.396599150,0.839992778,0.501028089,0.995896081
3.397599400,0.840044369,0.501026423,0.995902717
3.398599650,0.840095926,0.501024760,0.995909343
3.399599900,0.840147450,0.501023100,0.995915958
3.400600150,0.840198941,0.501021442,0.995922563
3.401600400,0.840250398,0.501019787,0.995929157
3.402600650,0.840301821,0.501018134,0.995935740
3.403600900,0.840353211,0.501016484,0.995942312
3.404601150,0.840404568,0.501014837,0.995948874
3.405601400,0.840455892,0.501013193,0.995955425
3.406601650,0.840507182,0.501011551,0.995961966
3.407601900,0.840558439,0.501009912,0.995968496
3.408602151,0.840609663,0.501008275,0.995975015
3.409602401,0.840660854,0.501006642,0.995981524
3.410602651,0.840712011,0.501005010,0.995988022
3.411602901,0.840763136,0.501003382,0.995994510
3.412603151,0.840814227,0.501001756,0.996000988
3.413603401,0.840865285,0.501000133,0.996007455
3.414603651,0.840916311,0.500998512,0.996013911
3.415603901,0.840967303,0.500996894,0.996020357
3.416604151,0.841018262,0.500995279,0.996026793
3.417604401,0.841069189,0.500993666,0.996033218
3.418604651,0.841120083,0.500992056,0.996039633
3.419604901,0.841170943,0.500990449,0.996046037
3.420605151,0.841221771,0.500988844,0.996052431
3.421605401,0.841272566,0.500987242,0.996058815
3.422605651,0.841323329,0.500985642,0.996065188
3.423605901,0.841374058,0.500984045,0.996071551
3.424606152,0.841424755,0.500982451,0.996077904
3.425606402,0.841475420,0.500980859,0.996084247
3.426606652,0.841526051,0.500979269,0.996090579
3.427606902,0.841576650,0.500977683,0.996096901
3.428607152,0.841627217,0.500976099,0.996103213
3.429607402,0.841677751,0.500974517,0.996109515
3.430607652,0.841728252,0.500972938,0.996115806
3.431607902,0.841778721,0.500971362,0.996122087
3.432608152,0.841829158,0.500969788,0.996128358
3.433608402,0.841879562,0.500968216,0.996134619
3.434608652,0.841929934,0.500966648,0.996140870
3.435608902,0.841980274,0.500965081,0.996147111
3.436609152,0.842030581,0.500963518,0.996153341
3.437609402,0.842080856,0.500961957,0.996159562
3.438609652,0.842131098,0.500960398,0.996165772
3.439609902,0.842181309,0.500958842,0.996171973
3.440610153,0.842231487,0.500957288,0.996178163
3.441610403,0.842281633,0.500955737,0.996184344
3.442610653,0.842331747,0.500954189,0.996190514
3.443610903,0.842381829,0.500952643,0.996196675
3.444611153,0.842431879,0.500951099,0.996202825
3.445611403,0.842481896,0.500949559,0.996208966
3.446611653,0.842531882,0.500948020,0.996215096
3.447611903,0.842581836,0.500946484,0.996221217
3.448612153,0.842631758,0.500944951,0.996227328
3.449612403,0.842681648,0.500943420,0.996233429
3.450612653,0.842731506,0.500941891,0.996239520
3.451612903,0.842781332,0.500940365,0.996245601
3.452613153,0.842831127,0.500938842,0.996251672
3.453613403,0.842880889,0.500937320,0.996257734
3.454613653,0.842930620,0.500935802,0.996263785
3.455613903,0.842980319,0.500934286,0.996269827
3.456614154,0.843029987,0.500932772,0.996275859
3.457614404,0.843079623,0.500931261,0.996281882
3.458614654,0.843129227,0.500929752,0.996287895
3.459614904,0.843178799,0.500928246,0.996293898
3.460615154,0.843228341,0.500926742,0.996299891
3.461615404,0.843277850,0.500925240,0.996305874
3.462615654,0.843327328,0.500923741,0.996311848
3.463615904,0.843376775,0.500922245,0.996317812
3.464616154,0.843426190,0.500920751,0.996323767
3.465616404,0.843475573,0.500919259,0.996329712
3.466616654,0.843524925,0.500917770,0.996335647
3.467616904,0.843574246,0.500916283,0.996341573
3.468617154,0.843623536,0.500914798,0.996347489
3.469617404,0.843672794,0.500913316,0.996353396
3.470617654,0.843722021,0.500911837,0.996359293
3.471617904,0.843771217,0.500910359,0.996365180
3.472618155,0.843820382,0.500908885,0.996371058
3.473618405,0.843869515,0.500907412,0.996376927
3.474618655,0.843918617,0.500905942,0.996382786
3.475618905,0.843967688,0.500904474,0.996388635
3.476619155,0.844016728,0.500903009,0.996394475
3.477619405,0.844065737,0.500901546,0.996400306
3.478619655,0.844114715,0.500900086,0.996406127
3.479619905,0.844163662,0.500898627,0.996411939
3.480620155,0.844212578,0.500897172,0.996417741
3.481620405,0.844261463,0.500895718,0.996423534
3.482620655,0.844310318,0.500894267,0.996429318
3.483620905,0.844359141,0.500892818,0.996435092
3.484621155,0.844407933,0.500891372,0.996440857
3.485621405,0.844456695,0.500889928,0.996446613
3.486621655,0.844505426,0.500888486,0.996452359
3.487621905,0.844554126,0.500887047,0.996458096
3.488622156,0.844602795,0.500885610,0.996463824
3.489622406,0.844651434,0.500884175,0.996469542
3.490622656,0.844700042,0.500882743,0.996475251
3.491622906,0.844748619,0.500881313,0.996480951
3.492623156,0.844797166,0.500879885,0.996486642
3.493623406,0.844845682,0.500878460,0.996492323
3.494623656,0.844894167,0.500877037,0.996497996
3.495623906,0.844942622,0.500875616,0.996503659
3.496624156,0.844991047,0.500874198,0.996509313
3.497624406,0.845039441,0.500872781,0.996514958
3.498624656,0.845087804,0.500871367,0.996520594
3.499624906,0.845136138,0.500869956,0.996526220
3.500625156,0.845184440,0.500868547,0.996531838
3.501625406,0.845232713,0.500867140,0.996537446
3.502625656,0.845280955,0.500865735,0.996543046
3.503625906,0.845329167,0.500864333,0.996548636
3.504626157,0.845377348,0.500862932,0.996554217
3.505626407,0.845425500,0.500861535,0.996559790
3.506626657,0.845473621,0.500860139,0.996565353
3.507626907,0.845521712,0.500858746,0.996570907
3.508627157,0.845569773,0.500857354,0.996576453
3.509627407,0.845617803,0.500855966,0.996581989
3.510627657,0.845665804,0.500854579,0.996587516
3.511627907,0.845713774,0.500853195,0.996593035
3.512628157,0.845761715,0.500851813,0.996598544
3.513628407,0.845809625,0.500850433,0.996604045
3.514628657,0.845857506,0.500849055,0.996609536
3.515628907,0.845905356,0.500847680,0.996615019
3.516629157,0.845953177,0.500846307,0.996620493
3.517629407,0.846000968,0.500844936,0.996625958
3.518629657,0.846048728,0.500843567,0.996631415
3.519629907,0.846096459,0.500842201,0.996636862
3.520630158,0.846144160,0.500840836,0.996642301
3.521630408,0.846191832,0.500839474,0.996647730
3.522630658,0.846239474,0.500838115,0.996653152
3.523630908,0.846287085,0.500836757,0.996658564
3.524631158,0.846334668,0.500835402,0.996663967
3.525631408,0.846382220,0.500834048,0.996669362
3.526631658,0.846429743,0.500832697,0.996674748
3.527631908,0.846477236,0.500831349,0.996680126
3.528632158,0.846524700,0.500830002,0.996685494
3.529632408,0.846572134,0.500828658,0.996690854
3.530632658,0.846619539,0.500827315,0.996696206
3.531632908,0.846666914,0.500825975,0.996701548
3.532633158,0.846714259,0.500824637,0.996706882
3.533633408,0.846761576,0.500823302,0.996712208
3.534633658,0.846808862,0.500821968,0.996717524
3.535633908,0.846856120,0.500820637,0.996722833
3.536634159,0.846903348,0.500819307,0.996728132
3.537634409,0.846950546,0.500817980,0.996733423
3.538634659,0.846997716,0.500816655,0.996738706
3.539634909,0.847044856,0.500815332,0.996743980
3.540635159,0.847091967,0.500814012,0.996749245
3.541635409,0.847139048,0.500812693,0.996754502
3.542635659,0.847186100,0.500811377,0.996759750
3.543635909,0.847233124,0.500810063,0.996764990
3.544636159,0.847280118,0.500808751,0.996770222
3.545636409,0.847327083,0.500807441,0.996775445
3.546636659,0.847374018,0.500806133,0.996780659
3.547636909,0.847420925,0.500804827,0.996785865
3.548637159,0.847467803,0.500803523,0.996791063
3.549637409,0.847514652,0.500802222,0.996796252
3.550637659,0.847561471,0.500800923,0.996801433
3.551637909,0.847608262,0.500799625,0.996806606
3.552638160,0.847655024,0.500798330,0.996811770
3.553638410,0.847701757,0.500797037,0.996816926
3.554638660,0.847748461,0.500795746,0.996822073
3.555638910,0.847795136,0.500794457,0.996827212
3.556639160,0.847841783,0.500793171,0.996832343
3.557639410,0.847888400,0.500791886,0.996837465
3.558639660,0.847934989,0.500790603,0.996842580
3.559639910,0.847981549,0.500789323,0.996847686
3.560640160,0.848028081,0.500788044,0.996852783
3.561640410,0.848074584,0.500786768,0.996857873
3.562640660,0.848121058,0.500785494,0.996862954
3.563640910,0.848167503,0.500784221,0.996868027
3.564641160,0.848213920,0.500782951,0.996873092
3.565641410,0.848260308,0.500781683,0.996878148
3.566641660,0.848306668,0.500780417,0.996883197
3.567641910,0.848352999,0.500779153,0.996888237
3.568642161,0.848399302,0.500777891,0.996893269
3.569642411,0.848445576,0.500776631,0.996898293
3.570642661,0.848491821,0.500775373,0.996903309
3.571642911,0.848538039,0.500774117,0.996908317
3.572643161,0.848584228,0.500772864,0.996913316
3.573643411,0.848630388,0.500771612,0.996918308
3.574643661,0.848676520,0.500770362,0.996923292
3.575643911,0.848722624,0.500769115,0.996928267
3.576644161,0.848768700,0.500767869,0.996933234
3.577644411,0.848814747,0.500766625,0.996938194
3.578644661,0.848860766,0.500765384,0.996943145
3.579644911,0.848906757,0.500764144,0.996948088
3.580645161,0.848952720,0.500762906,0.996953024
3.581645411,0.848998655,0.500761671,0.996957951
3.582645661,0.849044561,0.500760437,0.996962870
3.583645911,0.849090439,0.500759206,0.996967782
3.584646162,0.849136289,0.500757976,0.996972685
3.585646412,0.849182112,0.500756748,0.996977581
3.586646662,0.849227906,0.500755523,0.996982469
3.587646912,0.849273672,0.500754299,0.996987348
3.588647162,0.849319410,0.500753077,0.996992220
3.589647412,0.849365120,0.500751858,0.996997084
3.590647662,0.849410803,0.500750640,0.997001940
3.591647912,0.849456457,0.500749424,0.997006789
3.592648162,0.849502084,0.500748211,0.997011629
3.593648412,0.849547682,0.500746999,0.997016462
3.594648662,0.849593253,0.500745789,0.997021286
3.595648912,0.849638796,0.500744581,0.997026103
3.596649162,0.849684311,0.500743375,0.997030912
3.597649412,0.849729799,0.500742172,0.997035714
3.598649662,0.849775259,0.500740970,0.997040507
3.599649912,0.849820691,0.500739770,0.997045293
3.600650163,0.849866095,0.500738571,0.997050071
3.601650413,0.849911472,0.500737375,0.997054842
3.602650663,0.849956821,0.500736181,0.997059605
3.603650913,0.850002143,0.500734989,0.997064360
3.604651163,0.850047437,0.500733799,0.997069107
3.605651413,0.850092704,0.500732610,0.997073847
3.606651663,0.850137942,0.500731424,0.997078579
3.607651913,0.850183154,0.500730239,0.997083303
3.608652163,0.850228338,0.500729057,0.997088020
3.609652413,0.850273495,0.500727876,0.997092729
3.610652663,0.850318624,0.500726697,0.997097430
3.611652913,0.850363726,0.500725520,0.997102124
3.612653163,0.850408800,0.500724345,0.997106810
3.613653413,0.850453847,0.500723172,0.997111489
3.614653663,0.850498867,0.500722001,0.997116160
3.615653913,0.850543859,0.500720832,0.997120823
3.616654164,0.850588824,0.500719664,0.997125479
3.617654414,0.850633762,0.500718499,0.997130128
3.618654664,0.850678673,0.500717335,0.997134769
3.619654914,0.850723557,0.500716174,0.997139402
3.620655164,0.850768413,0.500715014,0.997144028
3.621655414,0.850813242,0.500713856,0.997148647
3.622655664,0.850858044,0.500712700,0.997153258
3.623655914,0.850902820,0.500711546,0.997157861
3.624656164,0.850947568,0.500710394,0.997162457
3.625656414,0.850992288,0.500709243,0.997167046
3.626656664,0.851036982,0.500708095,0.997171627
3.627656914,0.851081649,0.500706948,0.997176201
3.628657164,0.851126289,0.500705803,0.997180768
3.629657414,0.851170902,0.500704660,0.997185327
3.630657664,0.851215488,0.500703519,0.997189878
3.631657914,0.851260048,0.500702380,0.997194423
3.632658165,0.851304580,0.500701242,0.997198960
3.633658415,0.851349085,0.500700107,0.997203489
3.634658665,0.851393564,0.500698973,0.997208012
3.635658915,0.851438016,0.500697841,0.997212527
3.636659165,0.851482441,0.500696711,0.997217034
3.637659415,0.851526839,0.500695583,0.997221535
3.638659665,0.851571211,0.500694456,0.997226028
3.639659915,0.851615556,0.500693332,0.997230514
3.640660165,0.851659874,0.500692209,0.997234992
3.641660415,0.851704166,0.500691088,0.997239464
3.642660665,0.851748431,0.500689969,0.997243928
3.643660915,0.851792669,0.500688852,0.997248385
3.644661165,0.851836881,0.500687736,0.997252835
3.645661415,0.851881066,0.500686622,0.997257277
3.646661665,0.851925225,0.500685510,0.997261712
3.647661915,0.851969357,0.500684400,0.997266141
3.648662166,0.852013463,0.500683292,0.997270562
3.649662416,0.852057542,0.500682186,0.997274975
3.650662666,0.852101595,0.500681081,0.997279382
3.651662916,0.852145622,0.500679978,0.997283782
3.652663166,0.852189622,0.500678877,0.997288174
3.653663416,0.852233595,0.500677778,0.997292560
3.654663666,0.852277543,0.500676680,0.997296938
3.655663916,0.852321464,0.500675584,0.997301309
3.656664166,0.852365359,0.500674490,0.997305673
3.657664416,0.852409227,0.500673398,0.997310030
3.658664666,0.852453069,0.500672308,0.997314380
3.659664916,0.852496885,0.500671219,0.997318723
3.660665166,0.852540675,0.500670132,0.997323059
3.661665416,0.852584439,0.500669047,0.997327388
3.662665666,0.852628176,0.500667964,0.997331710
3.663665916,0.852671888,0.500666882,0.997336025
3.664666167,0.852715573,0.500665802,0.997340333
3.665666417,0.852759232,0.500664724,0.997344634
3.666666667,0.852802865,0.500663648,0.997348928
3.667666917,0.852846473,0.500662573,0.997353215
3.668667167,0.852890054,0.500661500,0.997357496
3.669667417,0.852933609,0.500660429,0.997361769
3.670667667,0.852977138,0.500659360,0.997366035
3.671667917,0.853020641,0.500658292,0.997370295
3.672668167,0.853064119,0.500657226,0.997374547
3.673668417,0.853107570,0.500656162,0.997378793
3.674668667,0.853150996,0.500655099,0.997383032
3.675668917,0.853194395,0.500654038,0.997387264
3.676669167,0.853237769,0.500652979,0.997391489
3.677669417,0.853281117,0.500651922,0.997395707
3.678669667,0.853324440,0.500650866,0.997399919
3.679669917,0.853367736,0.500649813,0.997404123
3.680670168,0.853411007,0.500648760,0.997408321
3.681670418,0.853454252,0.500647710,0.997412512
3.682670668,0.853497472,0.500646661,0.997416697
3.683670918,0.853540666,0.500645614,0.997420874
3.684671168,0.853583834,0.500644569,0.997425045
3.685671418,0.853626976,0.500643525,0.997429209
3.686671668,0.853670093,0.500642483,0.997433366
3.687671918,0.853713185,0.500641443,0.997437517
3.688672168,0.853756251,0.500640404,0.997441661
3.689672418,0.853799291,0.500639367,0.997445798
3.690672668,0.853842306,0.500638332,0.997449928
3.691672918,0.853885295,0.500637298,0.997454052
3.692673168,0.853928259,0.500636266,0.997458169
3.693673418,0.853971198,0.500635236,0.997462280
3.694673668,0.854014111,0.500634208,0.997466384
3.695673918,0.854056999,0.500633181,0.997470481
3.696674169,0.854099861,0.500632155,0.997474571
3.697674419,0.854142698,0.500631132,0.997478655
3.698674669,0.854185510,0.500630110,0.997482733
3.699674919,0.854228296,0.500629090,0.997486803
3.700675169,0.854271057,0.500628071,0.997490868
3.701675419,0.854313793,0.500627054,0.997494925
3.702675669,0.854356504,0.500626039,0.997498976
3.703675919,0.854399189,0.500625025,0.997503021
3.704676169,0.854441849,0.500624013,0.997507059
3.705676419,0.854484485,0.500623003,0.997511090
3.706676669,0.854527095,0.500621994,0.997515115
3.707676919,0.854569679,0.500620987,0.997519133
3.708677169,0.854612239,0.500619982,0.997523145
3.709677419,0.854654774,0.500618978,0.997527151
3.710677669,0.854697284,0.500617975,0.997531149
3.711677919,0.854739768,0.500616975,0.997535142
3.712678170,0.854782228,0.500615976,0.997539128
3.713678420,0.854824663,0.500614979,0.997543107
3.714678670,0.854867072,0.500613983,0.997547081
3.715678920,0.854909457,0.500612989,0.997551047
3.716679170,0.854951817,0.500611996,0.997555007
3.717679420,0.854994152,0.500611005,0.997558961
3.718679670,0.855036462,0.500610016,0.997562909
3.719679920,0.855078747,0.500609028,0.997566850
3.720680170,0.855121008,0.500608042,0.997570785
3.721680420,0.855163243,0.500607058,0.997574713
3.722680670,0.855205454,0.500606075,0.997578635
3.723680920,0.855247640,0.500605094,0.997582551
3.724681170,0.855289801,0.500604114,0.997586460
3.725681420,0.855331938,0.500603136,0.997590363
3.726681670,0.855374050,0.500602159,0.997594260
3.727681920,0.855416137,0.500601184,0.997598150
3.728682171,0.855458200,0.500600211,0.997602034
3.729682421,0.855500238,0.500599239,0.997605912
3.730682671,0.855542251,0.500598269,0.997609784
3.731682921,0.855584240,0.500597300,0.997613649
3.732683171,0.855626204,0.500596333,0.997617508
3.733683421,0.855668144,0.500595368,0.997621361
3.734683671,0.855710059,0.500594404,0.997625207
3.735683921,0.855751950,0.500593442,0.997629048
3.736684171,0.855793816,0.500592481,0.997632882
3.737684421,0.855835658,0.500591522,0.997636710
3.738684671,0.855877475,0.500590564,0.997640531
3.739684921,0.855919268,0.500589608,0.997644347
3.740685171,0.855961037,0.500588653,0.997648156
3.741685421,0.856002781,0.500587700,0.997651960
3.742685671,0.856044500,0.500586749,0.997655757
3.743685921,0.856086196,0.500585799,0.997659548
3.744686172,0.856127867,0.500584850,0.997663332
3.745686422,0.856169514,0.500583903,0.997667111
3.746686672,0.856211137,0.500582958,0.997670884
3.747686922,0.856252735,0.500582014,0.997674650
3.748687172,0.856294309,0.500581072,0.997678411
3.749687422,0.856335859,0.500580131,0.997682165
3.750687672,0.856377385,0.500579192,0.997685913
3.751687922,0.856418887,0.500578254,0.997689655
3.752688172,0.856460364,0.500577318,0.997693391
3.753688422,0.856501818,0.500576383,0.997697122
3.754688672,0.856543247,0.500575450,0.997700846
3.755688922,0.856584652,0.500574518,0.997704564
3.756689172,0.856626033,0.500573588,0.997708276
3.757689422,0.856667390,0.500572660,0.997711982
3.758689672,0.856708724,0.500571733,0.997715682
3.759689922,0.856750033,0.500570807,0.997719376
3.760690173,0.856791318,0.500569883,0.997723064
3.761690423,0.856832579,0.500568960,0.997726746
3.762690673,0.856873817,0.500568039,0.997730422
3.763690923,0.856915030,0.500567119,0.997734092
3.764691173,0.856956219,0.500566201,0.997737757
3.765691423,0.856997385,0.500565285,0.997741415
3.766691673,0.857038527,0.500564369,0.997745067
3.767691923,0.857079645,0.500563456,0.997748714
3.768692173,0.857120739,0.500562544,0.997752354
3.769692423,0.857161810,0.500561633,0.997755989
3.770692673,0.857202856,0.500560724,0.997759618
3.771692923,0.857243879,0.500559816,0.997763241
3.772693173,0.857284879,0.500558910,0.997766858
3.773693423,0.857325854,0.500558005,0.997770469
3.774693673,0.857366806,0.500557101,0.997774075
3.775693923,0.857407734,0.500556199,0.997777674
3.776694174,0.857448639,0.500555299,0.997781268
3.777694424,0.857489520,0.500554400,0.997784856
3.778694674,0.857530377,0.500553502,0.997788438
3.779694924,0.857571211,0.500552606,0.997792015
3.780695174,0.857612022,0.500551712,0.997795585
3.781695424,0.857652808,0.500550819,0.997799150
3.782695674,0.857693572,0.500549927,0.997802709
3.783695924,0.857734311,0.500549037,0.997806263
3.784696174,0.857775028,0.500548148,0.997809810
3.785696424,0.857815720,0.500547260,0.997813352
3.786696674,0.857856390,0.500546374,0.997816888
3.787696924,0.857897036,0.500545490,0.997820418
3.788697174,0.857937659,0.500544607,0.997823943
3.789697424,0.857978258,0.500543725,0.997827462
3.790697674,0.858018834,0.500542845,0.997830975
3.791697924,0.858059386,0.500541966,0.997834483
3.792698175,0.858099916,0.500541089,0.997837985
3.793698425,0.858140422,0.500540213,0.997841481
3.794698675,0.858180904,0.500539338,0.997844972
3.795698925,0.858221364,0.500538465,0.997848457
3.796699175,0.858261800,0.500537593,0.997851936
3.797699425,0.858302213,0.500536723,0.997855410
3.798699675,0.858342603,0.500535854,0.997858878
3.799699925,0.858382970,0.500534987,0.997862340
3.800700175,0.858423313,0.500534121,0.997865797
3.801700425,0.858463634,0.500533256,0.997869248
3.802700675,0.858503931,0.500532393,0.997872694
3.803700925,0.858544205,0.500531531,0.997876134
3.804701175,0.858584457,0.500530670,0.997879569
3.805701425,0.858624685,0.500529811,0.997882998
3.806701675,0.858664890,0.500528954,0.997886421
3.807701925,0.858705072,0.500528097,0.997889839
3.808702176,0.858745231,0.500527242,0.997893252
3.809702426,0.858785367,0.500526389,0.997896659
3.810702676,0.858825481,0.500525537,0.997900060
3.811702926,0.858865571,0.500524686,0.997903456
3.812703176,0.858905638,0.500523837,0.997906846
3.813703426,0.858945683,0.500522989,0.997910231
3.814703676,0.858985704,0.500522142,0.997913610
3.815703926,0.859025703,0.500521297,0.997916984
3.816704176,0.859065679,0.500520453,0.997920353
3.817704426,0.859105632,0.500519610,0.997923716
3.818704676,0.859145563,0.500518769,0.997927074
3.819704926,0.859185470,0.500517929,0.997930426
3.820705176,0.859225355,0.500517091,0.997933773
3.821705426,0.859265217,0.500516254,0.997937114
3.822705676,0.859305057,0.500515418,0.997940450
3.823705926,0.859344874,0.500514584,0.997943780
3.824706177,0.859384668,0.500513751,0.997947106
3.825706427,0.859424439,0.500512919,0.997950425
3.826706677,0.859464188,0.500512089,0.997953740
3.827706927,0.859503914,0.500511260,0.997957049
3.828707177,0.859543618,0.500510432,0.997960353
3.829707427,0.859583299,0.500509606,0.997963651
3.830707677,0.859622957,0.500508781,0.997966944
3.831707927,0.859662593,0.500507958,0.997970232
3.832708177,0.859702207,0.500507135,0.997973514
3.833708427,0.859741798,0.500506314,0.997976791
3.834708677,0.859781366,0.500505495,0.997980063
3.835708927,0.859820912,0.500504676,0.997983330
3.836709177,0.859860436,0.500503860,0.997986591
3.837709427,0.859899937,0.500503044,0.997989847
3.838709677,0.859939415,0.500502230,0.997993097
3.839709927,0.859978872,0.500501417,0.997996343
3.840710178,0.860018306,0.500500605,0.997999583
3.841710428,0.860057718,0.500499795,0.998002818
3.842710678,0.860097107,0.500498986,0.998006048
3.843710928,0.860136474,0.500498178,0.998009272
3.844711178,0.860175819,0.500497371,0.998012491
3.845711428,0.860215141,0.500496566,0.998015705
3.846711678,0.860254441,0.500495763,0.998018914
3.847711928,0.860293719,0.500494960,0.998022118
3.848712178,0.860332975,0.500494159,0.998025316
3.849712428,0.860372209,0.500493359,0.998028510
3.850712678,0.860411420,0.500492560,0.998031698
3.851712928,0.860450610,0.500491763,0.998034881
3.852713178,0.860489777,0.500490967,0.998038059
3.853713428,0.860528922,0.500490172,0.998041231
3.854713678,0.860568045,0.500489379,0.998044399
3.855713928,0.860607146,0.500488587,0.998047562
3.856714179,0.860646225,0.500487796,0.998050719
3.857714429,0.860685281,0.500487006,0.998053871
3.858714679,0.860724316,0.500486218,0.998057018
3.859714929,0.860763329,0.500485431,0.998060160
3.860715179,0.860802320,0.500484645,0.998063297
3.861715429,0.860841288,0.500483860,0.998066429
3.862715679,0.860880235,0.500483077,0.998069556
3.863715929,0.860919160,0.500482295,0.998072678
3.864716179,0.860958063,0.500481515,0.998075795
3.865716429,0.860996944,0.500480735,0.998078906
3.866716679,0.861035804,0.500479957,0.998082013
3.867716929,0.861074641,0.500479180,0.998085115
3.868717179,0.861113457,0.500478405,0.998088211
3.869717429,0.861152251,0.500477630,0.998091303
3.870717679,0.861191023,0.500476857,0.998094389
3.871717929,0.861229773,0.500476085,0.998097471
3.872718180,0.861268501,0.500475315,0.998100548
3.873718430,0.861307208,0.500474545,0.998103619
3.874718680,0.861345893,0.500473777,0.998106686
3.875718930,0.861384556,0.500473010,0.998109748
3.876719180,0.861423198,0.500472244,0.998112804
3.877719430,0.861461818,0.500471480,0.998115856
3.878719680,0.861500416,0.500470717,0.998118903
3.879719930,0.861538993,0.500469955,0.998121945
3.880720180,0.861577548,0.500469194,0.998124982
3.881720430,0.861616081,0.500468435,0.998128014
3.882720680,0.861654593,0.500467677,0.998131042
3.883720930,0.861693083,0.500466920,0.998134064
3.884721180,0.861731552,0.500466164,0.998137081
3.885721430,0.861769999,0.500465409,0.998140094
3.886721680,0.861808425,0.500464656,0.998143102
3.887721930,0.861846830,0.500463904,0.998146105
3.888722181,0.861885212,0.500463153,0.998149103
3.889722431,0.861923574,0.500462403,0.998152096
3.890722681,0.861961914,0.500461655,0.998155084
3.891722931,0.862000232,0.500460908,0.998158067
3.892723181,0.862038529,0.500460162,0.998161046
3.893723431,0.862076805,0.500459417,0.998164020
3.894723681,0.862115059,0.500458673,0.998166989
3.895723931,0.862153292,0.500457931,0.998169953
3.896724181,0.862191504,0.500457190,0.998172913
3.897724431,0.862229695,0.500456450,0.998175867
3.898724681,0.862267864,0.500455711,0.998178817
3.899724931,0.862306012,0.500454973,0.998181762
3.900725181,0.862344138,0.500454237,0.998184703
3.901725431,0.862382244,0.500453501,0.998187638
3.902725681,0.862420328,0.500452767,0.998190569
3.903725931,0.862458391,0.500452035,0.998193495
3.904726182,0.862496432,0.500451303,0.998196416
3.905726432,0.862534453,0.500450572,0.998199333
3.906726682,0.862572453,0.500449843,0.998202245
3.907726932,0.862610431,0.500449115,0.998205152
3.908727182,0.862648388,0.500448388,0.998208055
3.909727432,0.862686324,0.500447662,0.998210952
3.910727682,0.862724239,0.500446938,0.998213846
3.911727932,0.862762134,0.500446214,0.998216734
3.912728182,0.862800007,0.500445492,0.998219618
3.913728432,0.862837858,0.500444771,0.998222497
3.914728682,0.862875689,0.500444051,0.998225371
3.915728932,0.862913499,0.500443332,0.998228241
3.916729182,0.862951288,0.500442615,0.998231106
3.917729432,0.862989057,0.500441899,0.998233967
3.918729682,0.863026804,0.500441183,0.998236823
3.919729932,0.863064530,0.500440469,0.998239674
3.920730183,0.863102235,0.500439756,0.998242521
3.921730433,0.863139920,0.500439044,0.998245363
3.922730683,0.863177583,0.500438334,0.998248200
3.923730933,0.863215226,0.500437624,0.998251033
3.924731183,0.863252848,0.500436916,0.998253861
3.925731433,0.863290449,0.500436209,0.998256685
3.926731683,0.863328029,0.500435503,0.998259504
3.927731933,0.863365589,0.500434798,0.998262319
3.928732183,0.863403128,0.500434094,0.998265129
3.929732433,0.863440646,0.500433392,0.998267934
3.930732683,0.863478143,0.500432690,0.998270735
3.931732933,0.863515620,0.500431990,0.998273532
3.932733183,0.863553076,0.500431291,0.998276324
3.933733433,0.863590511,0.500430593,0.998279111
3.934733683,0.863627925,0.500429896,0.998281894
3.935733933,0.863665319,0.500429200,0.998284673
3.936734184,0.863702693,0.500428505,0.998287446
3.937734434,0.863740045,0.500427812,0.998290216
3.938734684,0.863777378,0.500427119,0.998292981
3.939734934,0.863814689,0.500426428,0.998295741
3.940735184,0.863851980,0.500425738,0.998298497
3.941735434,0.863889251,0.500425049,0.998301249
3.942735684,0.863926501,0.500424361,0.998303996
3.943735934,0.863963730,0.500423674,0.998306739
3.944736184,0.864000939,0.500422988,0.998309477
3.945736434,0.864038128,0.500422304,0.998312211
3.946736684,0.864075296,0.500421620,0.998314940
3.947736934,0.864112443,0.500420938,0.998317665
3.948737184,0.864149571,0.500420257,0.998320386
3.949737434,0.864186677,0.500419576,0.998323102
3.950737684,0.864223764,0.500418897,0.998325813
3.951737934,0.864260830,0.500418219,0.998328521
3.952738185,0.864297876,0.500417542,0.998331224
3.953738435,0.864334901,0.500416867,0.998333922
3.954738685,0.864371906,0.500416192,0.998336617
3.955738935,0.864408891,0.500415518,0.998339307
3.956739185,0.864445856,0.500414846,0.998341992
3.957739435,0.864482800,0.500414174,0.998344673
3.958739685,0.864519724,0.500413504,0.998347350
3.959739935,0.864556628,0.500412835,0.998350023
3.960740185,0.864593511,0.500412167,0.998352691
3.961740435,0.864630375,0.500411500,0.998355355
3.962740685,0.864667218,0.500410834,0.998358015
3.963740935,0.864704041,0.500410169,0.998360670
3.964741185,0.864740844,0.500409505,0.998363321
3.965741435,0.864777626,0.500408842,0.998365968
3.966741685,0.864814389,0.500408180,0.998368610
3.967741935,0.864851132,0.500407520,0.998371248
3.968742186,0.864887854,0.500406860,0.998373882
3.969742436,0.864924556,0.500406202,0.998376512
3.970742686,0.864961239,0.500405544,0.998379137
3.971742936,0.864997901,0.500404888,0.998381758
3.972743186,0.865034543,0.500404233,0.998384375
3.973743436,0.865071166,0.500403579,0.998386988
3.974743686,0.865107768,0.500402925,0.998389596
3.975743936,0.865144350,0.500402273,0.998392201
3.976744186,0.865180913,0.500401622,0.998394801
3.977744436,0.865217455,0.500400972,0.998397396
3.978744686,0.865253978,0.500400323,0.998399988
3.979744936,0.865290480,0.500399675,0.998402575
3.980745186,0.865326963,0.500399029,0.998405159
3.981745436,0.865363426,0.500398383,0.998407738
3.982745686,0.865399869,0.500397738,0.998410313
3.983745936,0.865436292,0.500397094,0.998412883
3.984746187,0.865472696,0.500396452,0.998415450
3.985746437,0.865509079,0.500395810,0.998418012
3.986746687,0.865545443,0.500395169,0.998420571
3.987746937,0.865581787,0.500394530,0.998423125
3.988747187,0.865618112,0.500393891,0.998425675
3.989747437,0.865654416,0.500393254,0.998428221
3.990747687,0.865690701,0.500392617,0.998430762
3.991747937,0.865726966,0.500391982,0.998433300
3.992748187,0.865763212,0.500391348,0.998435834
3.993748437,0.865799437,0.500390714,0.998438363
3.994748687,0.865835643,0.500390082,0.998440888
3.995748937,0.865871830,0.500389451,0.998443410
3.996749187,0.865907997,0.500388820,0.998445927
3.997749437,0.865944144,0.500388191,0.998448440
3.998749687,0.865980272,0.500387563,0.998450949
3.999749937,0.866016380,0.500386936,0.998453454
4.000750188,0.866052468,0.500386309,0.998455955
4.001750438,0.866088537,0.500385684,0.998458452
4.002750688,0.866124587,0.500385060,0.998460945
4.003750938,0.866160617,0.500384437,0.998463434
4.004751188,0.866196627,0.500383815,0.998465919
4.005751438,0.866232618,0.500383194,0.998468399
4.006751688,0.866268590,0.500382573,0.998470876
4.007751938,0.866304542,0.500381954,0.998473349
4.008752188,0.866340474,0.500381336,0.998475818
4.009752438,0.866376388,0.500380719,0.998478283
4.010752688,0.866412281,0.500380103,0.998480743
4.011752938,0.866448156,0.500379488,0.998483200
4.012753188,0.866484011,0.500378874,0.998485653
4.013753438,0.866519847,0.500378260,0.998488102
4.014753688,0.866555663,0.500377648,0.998490547
4.015753938,0.866591460,0.500377037,0.998492988
4.016754189,0.866627238,0.500376427,0.998495425
4.017754439,0.866662996,0.500375818,0.998497858
4.018754689,0.866698735,0.500375210,0.998500287
4.019754939,0.866734455,0.500374602,0.998502712
4.020755189,0.866770156,0.500373996,0.998505134
4.021755439,0.866805837,0.500373391,0.998507551
4.022755689,0.866841500,0.500372787,0.998509965
4.023755939,0.866877143,0.500372183,0.998512374
4.024756189,0.866912766,0.500371581,0.998514780
4.025756439,0.866948371,0.500370980,0.998517182
4.026756689,0.866983957,0.500370379,0.998519580
4.027756939,0.867019523,0.500369780,0.998521974
4.028757189,0.867055070,0.500369181,0.998524364
4.029757439,0.867090599,0.500368584,0.998526750
4.030757689,0.867126108,0.500367987,0.998529133
4.031757939,0.867161598,0.500367392,0.998531511
4.032758190,0.867197069,0.500366797,0.998533886
4.033758440,0.867232521,0.500366204,0.998536257
4.034758690,0.867267953,0.500365611,0.998538624
4.035758940,0.867303367,0.500365020,0.998540987
4.036759190,0.867338762,0.500364429,0.998543346
4.037759440,0.867374138,0.500363839,0.998545702
4.038759690,0.867409495,0.500363250,0.998548054
4.039759940,0.867444833,0.500362662,0.998550402
4.040760190,0.867480152,0.500362076,0.998552746
4.041760440,0.867515452,0.500361490,0.998555086
4.042760690,0.867550734,0.500360905,0.998557423
4.043760940,0.867585996,0.500360321,0.998559756
4.044761190,0.867621239,0.500359737,0.998562085
4.045761440,0.867656464,0.500359155,0.998564410
4.046761690,0.867691670,0.500358574,0.998566732
4.047761940,0.867726857,0.500357994,0.998569050
4.048762191,0.867762025,0.500357414,0.998571364
4.049762441,0.867797174,0.500356836,0.998573674
4.050762691,0.867832305,0.500356259,0.998575980
4.051762941,0.867867417,0.500355682,0.998578283
4.052763191,0.867902510,0.500355106,0.998580582
4.053763441,0.867937584,0.500354532,0.998582878
4.054763691,0.867972640,0.500353958,0.998585169
4.055763941,0.868007677,0.500353385,0.998587457
4.056764191,0.868042695,0.500352813,0.998589742
4.057764441,0.868077694,0.500352242,0.998592022
4.058764691,0.868112675,0.500351672,0.998594299
4.059764941,0.868147637,0.500351103,0.998596572
4.060765191,0.868182581,0.500350535,0.998598842
4.061765441,0.868217506,0.500349968,0.998601108
4.062765691,0.868252412,0.500349402,0.998603370
4.063765941,0.868287300,0.500348836,0.998605628
4.064766192,0.868322169,0.500348272,0.998607883
4.065766442,0.868357020,0.500347708,0.998610134
4.066766692,0.868391852,0.500347145,0.998612382
4.067766942,0.868426666,0.500346584,0.998614626
4.068767192,0.868461461,0.500346023,0.998616866
4.069767442,0.868496237,0.500345463,0.998619103
4.070767692,0.868530995,0.500344904,0.998621336
4.071767942,0.868565735,0.500344346,0.998623566
4.072768192,0.868600456,0.500343788,0.998625792
4.073768442,0.868635159,0.500343232,0.998628014
4.074768692,0.868669843,0.500342677,0.998630232
4.075768942,0.868704509,0.500342122,0.998632448
4.076769192,0.868739157,0.500341568,0.998634659
4.077769442,0.868773786,0.500341016,0.998636867
4.078769692,0.868808397,0.500340464,0.998639071
4.079769942,0.868842989,0.500339913,0.998641272
4.080770193,0.868877563,0.500339363,0.998643469
4.081770443,0.868912119,0.500338814,0.998645663
4.082770693,0.868946656,0.500338265,0.998647853
4.083770943,0.868981176,0.500337718,0.998650040
4.084771193,0.869015677,0.500337171,0.998652223
4.085771443,0.869050159,0.500336626,0.998654402
4.086771693,0.869084624,0.500336081,0.998656578
4.087771943,0.869119070,0.500335537,0.998658751
4.088772193,0.869153498,0.500334994,0.998660920
4.089772443,0.869187907,0.500334452,0.998663085
4.090772693,0.869222299,0.500333911,0.998665247
4.091772943,0.869256672,0.500333371,0.998667406
4.092773193,0.869291028,0.500332831,0.998669561
4.093773443,0.869325365,0.500332293,0.998671712
4.094773693,0.869359684,0.500331755,0.998673860
4.095773943,0.869393984,0.500331218,0.998676005
4.096774194,0.869428267,0.500330682,0.998678146
4.097774444,0.869462532,0.500330147,0.998680283
4.098774694,0.869496778,0.500329613,0.998682418
4.099774944,0.869531007,0.500329079,0.998684548
4.100775194,0.869565217,0.500328547,0.998686676
4.101775444,0.869599410,0.500328015,0.998688799
4.102775694,0.869633584,0.500327484,0.998690920
4.103775944,0.869667741,0.500326954,0.998693037
4.104776194,0.869701879,0.500326425,0.998695150
4.105776444,0.869736000,0.500325897,0.998697260
4.106776694,0.869770102,0.500325370,0.998699367
4.107776944,0.869804187,0.500324843,0.998701470
4.108777194,0.869838253,0.500324318,0.998703570
4.109777444,0.869872302,0.500323793,0.998705667
4.110777694,0.869906333,0.500323269,0.998707760
4.111777944,0.869940346,0.500322746,0.998709850
4.112778195,0.869974341,0.500322224,0.998711936
4.113778445,0.870008318,0.500321702,0.998714019
4.114778695,0.870042277,0.500321182,0.998716098
4.115778945,0.870076219,0.500320662,0.998718175
4.116779195,0.870110143,0.500320143,0.998720248
4.117779445,0.870144048,0.500319625,0.998722317
4.118779695,0.870177937,0.500319108,0.998724383
4.119779945,0.870211807,0.500318591,0.998726446
4.120780195,0.870245659,0.500318076,0.998728506
4.121780445,0.870279494,0.500317561,0.998730562
4.122780695,0.870313311,0.500317047,0.998732615
4.123780945,0.870347111,0.500316534,0.998734664
4.124781195,0.870380892,0.500316022,0.998736710
4.125781445,0.870414656,0.500315511,0.998738753
4.126781695,0.870448403,0.500315000,0.998740793
4.127781945,0.870482131,0.500314490,0.998742829
4.128782196,0.870515842,0.500313981,0.998744862
4.129782446,0.870549536,0.500313473,0.998746892
4.130782696,0.870583211,0.500312966,0.998748918
4.131782946,0.870616870,0.500312460,0.998750942
4.132783196,0.870650510,0.500311954,0.998752961
4.133783446,0.870684133,0.500311449,0.998754978
4.134783696,0.870717738,0.500310945,0.998756991
4.135783946,0.870751326,0.500310442,0.998759002
4.136784196,0.870784897,0.500309940,0.998761008
4.137784446,0.870818449,0.500309438,0.998763012
4.138784696,0.870851985,0.500308938,0.998765012
4.139784946,0.870885502,0.500308438,0.998767009
4.140785196,0.870919003,0.500307939,0.998769003
4.141785446,0.870952486,0.500307440,0.998770994
4.142785696,0.870985951,0.500306943,0.998772982
4.143785946,0.871019399,0.500306446,0.998774966
4.144786197,0.871052829,0.500305950,0.998776947
4.145786447,0.871086243,0.500305455,0.998778925
4.146786697,0.871119638,0.500304961,0.998780899
4.147786947,0.871153017,0.500304468,0.998782871
4.148787197,0.871186377,0.500303975,0.998784839
4.149787447,0.871219721,0.500303483,0.998786804
4.150787697,0.871253047,0.500302992,0.998788766
4.151787947,0.871286356,0.500302502,0.998790725
4.152788197,0.871319648,0.500302012,0.998792680
4.153788447,0.871352922,0.500301524,0.998794633
4.154788697,0.871386179,0.500301036,0.998796582
4.155788947,0.871419419,0.500300549,0.998798528
4.156789197,0.871452641,0.500300062,0.998800471
4.157789447,0.871485846,0.500299577,0.998802411
4.158789697,0.871519034,0.500299092,0.998804347
4.159789947,0.871552205,0.500298608,0.998806281
4.160790198,0.871585359,0.500298125,0.998808211
4.161790448,0.871618495,0.500297642,0.998810139
4.162790698,0.871651614,0.500297161,0.998812063
4.163790948,0.871684716,0.500296680,0.998813984
4.164791198,0.871717801,0.500296200,0.998815902
4.165791448,0.871750869,0.500295721,0.998817817
4.166791698,0.871783919,0.500295242,0.998819728
4.167791948,0.871816953,0.500294764,0.998821637
4.168792198,0.871849969,0.500294287,0.998823542
4.169792448,0.871882968,0.500293811,0.998825445
4.170792698,0.871915950,0.500293336,0.998827344
4.171792948,0.871948915,0.500292861,0.998829241
4.172793198,0.871981863,0.500292387,0.998831134
4.173793448,0.872014794,0.500291914,0.998833024
4.174793698,0.872047708,0.500291442,0.998834911
4.175793948,0.872080605,0.500290970,0.998836795
4.176794199,0.872113485,0.500290500,0.998838677
4.177794449,0.872146348,0.500290030,0.998840555
4.178794699,0.872179194,0.500289560,0.998842429
4.179794949,0.872212024,0.500289092,0.998844301
4.180795199,0.872244836,0.500288624,0.998846170
4.181795449,0.872277631,0.500288157,0.998848036
4.182795699,0.872310409,0.500287691,0.998849899
4.183795949,0.872343171,0.500287225,0.998851759
4.184796199,0.872375915,0.500286760,0.998853616
4.185796449,0.872408643,0.500286296,0.998855470
4.186796699,0.872441353,0.500285833,0.998857321
4.187796949,0.872474047,0.500285371,0.998859168
4.188797199,0.872506724,0.500284909,0.998861013
4.189797449,0.872539385,0.500284448,0.998862855
4.190797699,0.872572028,0.500283988,0.998864694
4.191797949,0.872604655,0.500283528,0.998866530
4.192798200,0.872637264,0.500283069,0.998868363
4.193798450,0.872669858,0.500282611,0.998870193
4.194798700,0.872702434,0.500282154,0.998872020
4.195798950,0.872734993,0.500281698,0.998873844
4.196799200,0.872767536,0.500281242,0.998875665
4.197799450,0.872800062,0.500280787,0.998877483
4.198799700,0.872832572,0.500280332,0.998879299
4.199799950,0.872865064,0.500279879,0.998881111
4.200800200,0.872897540,0.500279426,0.998882920
4.201800450,0.872930000,0.500278974,0.998884727
4.202800700,0.872962442,0.500278522,0.998886530
4.203800950,0.872994869,0.500278072,0.998888331
4.204801200,0.873027278,0.500277622,0.998890129
4.205801450,0.873059671,0.500277173,0.998891924
4.206801700,0.873092047,0.500276724,0.998893715
4.207801950,0.873124407,0.500276276,0.998895504
4.208802201,0.873156750,0.500275829,0.998897291
4.209802451,0.873189076,0.500275383,0.998899074
4.210802701,0.873221386,0.500274938,0.998900854
4.211802951,0.873253679,0.500274493,0.998902632
4.212803201,0.873285956,0.500274049,0.998904406
4.213803451,0.873318216,0.500273605,0.998906178
4.214803701,0.873350460,0.500273162,0.998907947
4.215803951,0.873382688,0.500272720,0.998909713
4.216804201,0.873414898,0.500272279,0.998911476
4.217804451,0.873447093,0.500271839,0.998913236
4.218804701,0.873479271,0.500271399,0.998914994
4.219804951,0.873511432,0.500270960,0.998916748
4.220805201,0.873543577,0.500270521,0.998918500
4.221805451,0.873575706,0.500270084,0.998920249
4.222805701,0.873607818,0.500269647,0.998921995
4.223805951,0.873639914,0.500269210,0.998923738
4.224806202,0.873671994,0.500268775,0.998925479
4.225806452,0.873704057,0.500268340,0.998927216
4.226806702,0.873736103,0.500267906,0.998928951
4.227806952,0.873768134,0.500267472,0.998930683
4.228807202,0.873800148,0.500267039,0.998932412
4.229807452,0.873832146,0.500266607,0.998934139
4.230807702,0.873864127,0.500266176,0.998935862
4.231807952,0.873896092,0.500265745,0.998937583
4.232808202,0.873928041,0.500265315,0.998939301
4.233808452,0.873959974,0.500264886,0.998941017
4.234808702,0.873991890,0.500264457,0.998942729
4.235808952,0.874023791,0.500264030,0.998944439
4.236809202,0.874055675,0.500263602,0.998946146
4.237809452,0.874087542,0.500263176,0.998947850
4.238809702,0.874119394,0.500262750,0.998949552
4.239809952,0.874151229,0.500262325,0.998951250
4.240810203,0.874183048,0.500261901,0.998952946
4.241810453,0.874214851,0.500261477,0.998954640
4.242810703,0.874246638,0.500261054,0.998956330
4.243810953,0.874278409,0.500260631,0.998958018
4.244811203,0.874310164,0.500260210,0.998959703
4.245811453,0.874341902,0.500259789,0.998961385
4.246811703,0.874373624,0.500259368,0.998963065
4.247811953,0.874405331,0.500258949,0.998964741
4.248812203,0.874437021,0.500258530,0.998966416
4.249812453,0.874468695,0.500258111,0.998968087
4.250812703,0.874500353,0.500257694,0.998969756
4.251812953,0.874531995,0.500257277,0.998971422
4.252813203,0.874563621,0.500256861,0.998973085
4.253813453,0.874595231,0.500256445,0.998974746
4.254813703,0.874626825,0.500256030,0.998976404
4.255813953,0.874658403,0.500255616,0.998978059
4.256814204,0.874689965,0.500255202,0.998979712
4.257814454,0.874721511,0.500254789,0.998981362
4.258814704,0.874753041,0.500254377,0.998983009
4.259814954,0.874784556,0.500253966,0.998984654
4.260815204,0.874816054,0.500253555,0.998986295
4.261815454,0.874847536,0.500253144,0.998987935
4.262815704,0.874879003,0.500252735,0.998989571
4.263815954,0.874910453,0.500252326,0.998991205
4.264816204,0.874941888,0.500251918,0.998992837
4.265816454,0.874973307,0.500251510,0.998994465
4.266816704,0.875004709,0.500251103,0.998996092
4.267816954,0.875036096,0.500250697,0.998997715
4.268817204,0.875067468,0.500250291,0.998999336
4.269817454,0.875098823,0.500249886,0.999000954
4.270817704,0.875130163,0.500249482,0.999002570
4.271817954,0.875161487,0.500249078,0.999004183
4.272818205,0.875192795,0.500248675,0.999005793
4.273818455,0.875224087,0.500248273,0.999007401
4.274818705,0.875255363,0.500247871,0.999009006
4.275818955,0.875286624,0.500247470,0.999010608
4.276819205,0.875317869,0.500247070,0.999012208
4.277819455,0.875349098,0.500246670,0.999013806
4.278819705,0.875380312,0.500246271,0.999015401
4.279819955,0.875411510,0.500245873,0.999016993
4.280820205,0.875442692,0.500245475,0.999018582
4.281820455,0.875473858,0.500245078,0.999020170
4.282820705,0.875505009,0.500244681,0.999021754
4.283820955,0.875536144,0.500244285,0.999023336
4.284821205,0.875567264,0.500243890,0.999024915
4.285821455,0.875598368,0.500243495,0.999026492
4.286821705,0.875629456,0.500243102,0.999028067
4.287821955,0.875660528,0.500242708,0.999029638
4.288822206,0.875691586,0.500242316,0.999031207
4.289822456,0.875722627,0.500241923,0.999032774
4.290822706,0.875753653,0.500241532,0.999034338
4.291822956,0.875784663,0.500241141,0.999035900
4.292823206,0.875815658,0.500240751,0.999037459
4.293823456,0.875846637,0.500240362,0.999039016
4.294823706,0.875877601,0.500239973,0.999040570
4.295823956,0.875908549,0.500239584,0.999042121
4.296824206,0.875939482,0.500239197,0.999043670
4.297824456,0.875970399,0.500238810,0.999045217
4.298824706,0.876001301,0.500238423,0.999046761
4.299824956,0.876032187,0.500238038,0.999048302
4.300825206,0.876063058,0.500237653,0.999049841
4.301825456,0.876093913,0.500237268,0.999051378
4.302825706,0.876124753,0.500236884,0.999052912
4.303825956,0.876155578,0.500236501,0.999054443
4.304826207,0.876186387,0.500236118,0.999055972
4.305826457,0.876217181,0.500235736,0.999057499
4.306826707,0.876247959,0.500235355,0.999059023
4.307826957,0.876278722,0.500234974,0.999060545
4.308827207,0.876309470,0.500234594,0.999062064
4.309827457,0.876340202,0.500234214,0.999063581
4.310827707,0.876370919,0.500233836,0.999065095
4.311827957,0.876401621,0.500233457,0.999066607
4.312828207,0.876432307,0.500233080,0.999068116
4.313828457,0.876462978,0.500232702,0.999069623
4.314828707,0.876493633,0.500232326,0.999071128
4.315828957,0.876524274,0.500231950,0.999072630
4.316829207,0.876554899,0.500231575,0.999074130
4.317829457,0.876585509,0.500231200,0.999075627
4.318829707,0.876616104,0.500230826,0.999077122
4.319829957,0.876646683,0.500230453,0.999078614
4.320830208,0.876677247,0.500230080,0.999080104
4.321830458,0.876707796,0.500229708,0.999081592
4.322830708,0.876738330,0.500229336,0.999083077
4.323830958,0.876768848,0.500228965,0.999084560
4.324831208,0.876799352,0.500228594,0.999086040
4.325831458,0.876829840,0.500228225,0.999087518
4.326831708,0.876860313,0.500227855,0.999088994
4.327831958,0.876890771,0.500227487,0.999090467
4.328832208,0.876921214,0.500227119,0.999091938
4.329832458,0.876951641,0.500226751,0.999093406
4.330832708,0.876982054,0.500226384,0.999094872
4.331832958,0.877012451,0.500226018,0.999096336
4.332833208,0.877042834,0.500225652,0.999097797
4.333833458,0.877073201,0.500225287,0.999099256
4.334833708,0.877103553,0.500224923,0.999100713
4.335833958,0.877133890,0.500224559,0.999102167
4.336834209,0.877164213,0.500224196,0.999103619
4.337834459,0.877194520,0.500223833,0.999105069
4.338834709,0.877224812,0.500223471,0.999106516
4.339834959,0.877255089,0.500223109,0.999107961
4.340835209,0.877285351,0.500222748,0.999109403
4.341835459,0.877315598,0.500222388,0.999110844
4.342835709,0.877345830,0.500222028,0.999112281
4.343835959,0.877376047,0.500221669,0.999113717
4.344836209,0.877406249,0.500221310,0.999115150
4.345836459,0.877436437,0.500220952,0.999116581
4.346836709,0.877466609,0.500220595,0.999118010
4.347836959,0.877496766,0.500220238,0.999119436
4.348837209,0.877526909,0.500219882,0.999120860
4.349837459,0.877557037,0.500219526,0.999122282
4.350837709,0.877587149,0.500219171,0.999123701
4.351837959,0.877617247,0.500218816,0.999125118
4.352838210,0.877647330,0.500218462,0.999126533
4.353838460,0.877677398,0.500218109,0.999127945
4.354838710,0.877707451,0.500217756,0.999129356
4.355838960,0.877737490,0.500217404,0.999130764
4.356839210,0.877767514,0.500217052,0.999132169
4.357839460,0.877797522,0.500216701,0.999133573
4.358839710,0.877827516,0.500216350,0.999134974
4.359839960,0.877857496,0.500216000,0.999136373
4.360840210,0.877887460,0.500215651,0.999137769
4.361840460,0.877917410,0.500215302,0.999139164
4.362840710,0.877947345,0.500214953,0.999140556
4.363840960,0.877977265,0.500214606,0.999141946
4.364841210,0.878007170,0.500214258,0.999143333
4.365841460,0.878037061,0.500213912,0.999144718
4.366841710,0.878066937,0.500213566,0.999146102
4.367841960,0.878096798,0.500213220,0.999147482
4.368842211,0.878126645,0.500212875,0.999148861
4.369842461,0.878156477,0.500212531,0.999150237
4.370842711,0.878186294,0.500212187,0.999151612
4.371842961,0.878216097,0.500211844,0.999152984
4.372843211,0.878245885,0.500211501,0.999154353
4.373843461,0.878275658,0.500211159,0.999155721
4.374843711,0.878305417,0.500210817,0.999157086
4.375843961,0.878335161,0.500210476,0.999158449
4.376844211,0.878364891,0.500210136,0.999159810
4.377844461,0.878394606,0.500209796,0.999161169
4.378844711,0.878424306,0.500209456,0.999162525
4.379844961,0.878453992,0.500209118,0.999163880
4.380845211,0.878483663,0.500208779,0.999165232
4.381845461,0.878513320,0.500208441,0.999166582
4.382845711,0.878542962,0.500208104,0.999167929
4.383845961,0.878572590,0.500207768,0.999169275
4.384846212,0.878602203,0.500207431,0.999170618
4.385846462,0.878631801,0.500207096,0.999171960
4.386846712,0.878661385,0.500206761,0.999173299
4.387846962,0.878690955,0.500206426,0.999174636
4.388847212,0.878720510,0.500206092,0.999175970
4.389847462,0.878750051,0.500205759,0.999177303
4.390847712,0.878779577,0.500205426,0.999178633
4.391847962,0.878809089,0.500205094,0.999179962
4.392848212,0.878838586,0.500204762,0.999181288
4.393848462,0.878868069,0.500204431,0.999182612
4.394848712,0.878897538,0.500204100,0.999183933
4.395848962,0.878926992,0.500203770,0.999185253
4.396849212,0.878956432,0.500203440,0.999186571
4.397849462,0.878985857,0.500203111,0.999187886
4.398849712,0.879015268,0.500202782,0.999189199
4.399849962,0.879044665,0.500202454,0.999190511
4.400850213,0.879074047,0.500202127,0.999191820
4.401850463,0.879103415,0.500201800,0.999193127
4.402850713,0.879132769,0.500201473,0.999194431
4.403850963,0.879162108,0.500201147,0.999195734
4.404851213,0.879191433,0.500200822,0.999197035
4.405851463,0.879220744,0.500200497,0.999198333
4.406851713,0.879250040,0.500200173,0.999199630
4.407851963,0.879279322,0.500199849,0.999200924
4.408852213,0.879308590,0.500199526,0.999202216
4.409852463,0.879337844,0.500199203,0.999203506
4.410852713,0.879367083,0.500198881,0.999204794
4.411852963,0.879396309,0.500198559,0.999206080
4.412853213,0.879425520,0.500198238,0.999207364
4.413853463,0.879454716,0.500197917,0.999208646
4.414853713,0.879483899,0.500197597,0.999209926
4.415853963,0.879513067,0.500197277,0.999211203
4.416854214,0.879542222,0.500196958,0.999212479
4.417854464,0.879571362,0.500196639,0.999213752
4.418854714,0.879600488,0.500196321,0.999215024
4.419854964,0.879629599,0.500196004,0.999216293
4.420855214,0.879658697,0.500195686,0.999217561
4.421855464,0.879687780,0.500195370,0.999218826
4.422855714,0.879716850,0.500195054,0.999220089
4.423855964,0.879745905,0.500194738,0.999221350
4.424856214,0.879774946,0.500194423,0.999222609
4.425856464,0.879803973,0.500194109,0.999223867
4.426856714,0.879832986,0.500193795,0.999225122
4.427856964,0.879861985,0.500193481,0.999226375
4.428857214,0.879890970,0.500193168,0.999227626
4.429857464,0.879919941,0.500192856,0.999228875
4.430857714,0.879948898,0.500192544,0.999230122
4.431857964,0.879977841,0.500192232,0.999231367
4.432858215,0.880006769,0.500191921,0.999232610
4.433858465,0.880035684,0.500191611,0.999233851
4.434858715,0.880064585,0.500191301,0.999235090
4.435858965,0.880093472,0.500190991,0.999236327
4.436859215,0.880122344,0.500190682,0.999237562
4.437859465,0.880151203,0.500190374,0.999238795
4.438859715,0.880180048,0.500190066,0.999240026
4.439859965,0.880208879,0.500189758,0.999241255
4.440860215,0.880237696,0.500189451,0.999242482
4.441860465,0.880266499,0.500189145,0.999243707
4.442860715,0.880295289,0.500188839,0.999244930
4.443860965,0.880324064,0.500188533,0.999246151
4.444861215,0.880352825,0.500188228,0.999247370
4.445861465,0.880381573,0.500187924,0.999248587
4.446861715,0.880410307,0.500187620,0.999249802
4.447861965,0.880439026,0.500187316,0.999251015
4.448862216,0.880467732,0.500187013,0.999252226
4.449862466,0.880496424,0.500186711,0.999253436
4.450862716,0.880525103,0.500186409,0.999254643
4.451862966,0.880553767,0.500186107,0.999255848
4.452863216,0.880582418,0.500185806,0.999257052
4.453863466,0.880611055,0.500185506,0.999258253
4.454863716,0.880639678,0.500185205,0.999259453
4.455863966,0.880668287,0.500184906,0.999260650
4.456864216,0.880696882,0.500184607,0.999261846
4.457864466,0.880725464,0.500184308,0.999263039
4.458864716,0.880754032,0.500184010,0.999264231
4.459864966,0.880782586,0.500183712,0.999265421
4.460865216,0.880811127,0.500183415,0.999266609
4.461865466,0.880839654,0.500183118,0.999267795
4.462865716,0.880868167,0.500182822,0.999268979
4.463865966,0.880896666,0.500182526,0.999270161
4.464866217,0.880925152,0.500182231,0.999271341
4.465866467,0.880953624,0.500181936,0.999272520
4.466866717,0.880982082,0.500181642,0.999273696
4.467866967,0.881010527,0.500181348,0.999274871
4.468867217,0.881038958,0.500181055,0.999276043
4.469867467,0.881067376,0.500180762,0.999277214
4.470867717,0.881095779,0.500180469,0.999278383
4.471867967,0.881124169,0.500180177,0.999279550
4.472868217,0.881152546,0.500179886,0.999280715
4.473868467,0.881180909,0.500179595,0.999281878
4.474868717,0.881209258,0.500179304,0.999283039
4.475868967,0.881237594,0.500179014,0.999284199
4.476869217,0.881265916,0.500178725,0.999285356
4.477869467,0.881294225,0.500178436,0.999286512
4.478869717,0.881322520,0.500178147,0.999287666
4.479869967,0.881350801,0.500177859,0.999288818
4.480870218,0.881379069,0.500177571,0.999289968
4.481870468,0.881407324,0.500177284,0.999291116
4.482870718,0.881435565,0.500176997,0.999292262
4.483870968,0.881463792,0.500176711,0.999293407
4.484871218,0.881492006,0.500176425,0.999294550
4.485871468,0.881520207,0.500176139,0.999295690
4.486871718,0.881548394,0.500175854,0.999296829
4.487871968,0.881576567,0.500175570,0.999297966
4.488872218,0.881604727,0.500175286,0.999299102
4.489872468,0.881632874,0.500175002,0.999300235
4.490872718,0.881661007,0.500174719,0.999301367
4.491872968,0.881689127,0.500174437,0.999302497
4.492873218,0.881717233,0.500174155,0.999303625
4.493873468,0.881745326,0.500173873,0.999304751
4.494873718,0.881773406,0.500173592,0.999305875
4.495873968,0.881801472,0.500173311,0.999306997
4.496874219,0.881829525,0.500173030,0.999308118
4.497874469,0.881857564,0.500172750,0.999309237
4.498874719,0.881885590,0.500172471,0.999310354
4.499874969,0.881913603,0.500172192,0.999311469
4.500875219,0.881941602,0.500171913,0.999312583
4.501875469,0.881969588,0.500171635,0.999313694
4.502875719,0.881997561,0.500171358,0.999314804
4.503875969,0.882025521,0.500171080,0.999315912
4.504876219,0.882053467,0.500170804,0.999317019
4.505876469,0.882081399,0.500170527,0.999318123
4.506876719,0.882109319,0.500170252,0.999319226
4.507876969,0.882137225,0.500169976,0.999320327
4.508877219,0.882165118,0.500169701,0.999321426
4.509877469,0.882192998,0.500169427,0.999322523
4.510877719,0.882220864,0.500169153,0.999323619
4.511877969,0.882248718,0.500168879,0.999324712
4.512878220,0.882276558,0.500168606,0.999325804
4.513878470,0.882304385,0.500168333,0.999326895
4.514878720,0.882332198,0.500168061,0.999327983
4.515878970,0.882359999,0.500167789,0.999329070
4.516879220,0.882387786,0.500167517,0.999330155
4.517879470,0.882415560,0.500167246,0.999331238
4.518879720,0.882443321,0.500166976,0.999332320
4.519879970,0.882471068,0.500166706,0.999333399
4.520880220,0.882498803,0.500166436,0.999334477
4.521880470,0.882526524,0.500166167,0.999335554
4.522880720,0.882554233,0.500165898,0.999336628
4.523880970,0.882581928,0.500165630,0.999337701
4.524881220,0.882609610,0.500165362,0.999338772
4.525881470,0.882637279,0.500165094,0.999339841
4.526881720,0.882664935,0.500164827,0.999340909
4.527881970,0.882692578,0.500164561,0.999341975
4.528882221,0.882720207,0.500164294,0.999343039
4.529882471,0.882747824,0.500164029,0.999344101
4.530882721,0.882775428,0.500163763,0.999345162
4.531882971,0.882803018,0.500163498,0.999346221
4.532883221,0.882830596,0.500163234,0.999347278
4.533883471,0.882858160,0.500162970,0.999348333
4.534883721,0.882885711,0.500162706,0.999349387
4.535883971,0.882913250,0.500162443,0.999350439
4.536884221,0.882940775,0.500162180,0.999351490
4.537884471,0.882968288,0.500161918,0.999352539
4.538884721,0.882995787,0.500161656,0.999353586
4.539884971,0.883023274,0.500161394,0.999354631
4.540885221,0.883050747,0.500161133,0.999355675
4.541885471,0.883078208,0.500160873,0.999356717
4.542885721,0.883105655,0.500160612,0.999357757
4.543885971,0.883133090,0.500160353,0.999358795
4.544886222,0.883160512,0.500160093,0.999359832
4.545886472,0.883187921,0.500159834,0.999360868
4.546886722,0.883215317,0.500159576,0.999361901
4.547886972,0.883242700,0.500159318,0.999362933
4.548887222,0.883270070,0.500159060,0.999363963
4.549887472,0.883297427,0.500158802,0.999364992
4.550887722,0.883324771,0.500158546,0.999366019
4.551887972,0.883352103,0.500158289,0.999367044
4.552888222,0.883379422,0.500158033,0.999368067
4.553888472,0.883406727,0.500157777,0.999369089
4.554888722,0.883434020,0.500157522,0.999370110
4.555888972,0.883461301,0.500157267,0.999371128
4.556889222,0.883488568,0.500157013,0.999372145
4.557889472,0.883515822,0.500156759,0.999373161
4.558889722,0.883543064,0.500156505,0.999374174
4.559889972,0.883570293,0.500156252,0.999375186
4.560890223,0.883597509,0.500155999,0.999376197
4.561890473,0.883624713,0.500155747,0.999377205
4.562890723,0.883651903,0.500155495,0.999378213
4.563890973,0.883679081,0.500155244,0.999379218
4.564891223,0.883706246,0.500154993,0.999380222
4.565891473,0.883733399,0.500154742,0.999381224
4.566891723,0.883760538,0.500154492,0.999382225
4.567891973,0.883787665,0.500154242,0.999383224
4.568892223,0.883814779,0.500153992,0.999384221
4.569892473,0.883841881,0.500153743,0.999385217
4.570892723,0.883868970,0.500153494,0.999386211
4.571892973,0.883896046,0.500153246,0.999387204
4.572893223,0.883923109,0.500152998,0.999388195
4.573893473,0.883950160,0.500152751,0.999389184
4.574893723,0.883977198,0.500152504,0.999390172
4.575893973,0.884004224,0.500152257,0.999391158
4.576894224,0.884031237,0.500152011,0.999392143
4.577894474,0.884058237,0.500151765,0.999393126
4.578894724,0.884085225,0.500151519,0.999394107
4.579894974,0.884112200,0.500151274,0.999395087
4.580895224,0.884139162,0.500151029,0.999396065
4.581895474,0.884166112,0.500150785,0.999397042
4.582895724,0.884193049,0.500150541,0.999398017
4.583895974,0.884219974,0.500150298,0.999398990
4.584896224,0.884246886,0.500150054,0.999399962
4.585896474,0.884273785,0.500149812,0.999400933
4.586896724,0.884300672,0.500149569,0.999401901
4.587896974,0.884327547,0.500149327,0.999402869
4.588897224,0.884354409,0.500149086,0.999403834
4.589897474,0.884381258,0.500148845,0.999404798
4.590897724,0.884408095,0.500148604,0.999405761
4.591897974,0.884434919,0.500148364,0.999406722
4.592898225,0.884461731,0.500148124,0.999407681
4.593898475,0.884488531,0.500147884,0.999408639
4.594898725,0.884515318,0.500147645,0.999409595
4.595898975,0.884542092,0.500147406,0.999410550
4.596899225,0.884568854,0.500147167,0.999411503
4.597899475,0.884595603,0.500146929,0.999412455
4.598899725,0.884622341,0.500146692,0.999413405
4.599899975,0.884649065,0.500146454,0.999414354
4.600900225,0.884675777,0.500146218,0.999415301
4.601900475,0.884702477,0.500145981,0.999416246
4.602900725,0.884729165,0.500145745,0.999417190
4.603900975,0.884755840,0.500145509,0.999418133
4.604901225,0.884782502,0.500145274,0.999419074
4.605901475,0.884809152,0.500145039,0.999420013
4.606901725,0.884835790,0.500144804,0.999420951
4.607901975,0.884862416,0.500144570,0.999421887
4.608902226,0.884889029,0.500144336,0.999422822
4.609902476,0.884915629,0.500144103,0.999423756
4.610902726,0.884942218,0.500143869,0.999424688
4.611902976,0.884968794,0.500143637,0.999425618
4.612903226,0.884995358,0.500143404,0.999426547
4.613903476,0.885021909,0.500143172,0.999427474
4.614903726,0.885048448,0.500142941,0.999428400
4.615903976,0.885074975,0.500142710,0.999429324
4.616904226,0.885101490,0.500142479,0.999430247
4.617904476,0.885127992,0.500142248,0.999431169
4.618904726,0.885154482,0.500142018,0.999432088
4.619904976,0.885180960,0.500141788,0.999433007
4.620905226,0.885207425,0.500141559,0.999433924
4.621905476,0.885233878,0.500141330,0.999434839
4.622905726,0.885260320,0.500141102,0.999435753
4.623905976,0.885286748,0.500140873,0.999436666
4.624906227,0.885313165,0.500140645,0.999437577
4.625906477,0.885339569,0.500140418,0.999438486
4.626906727,0.885365961,0.500140191,0.999439394
4.627906977,0.885392341,0.500139964,0.999440301
4.628907227,0.885418709,0.500139738,0.999441206
4.629907477,0.885445065,0.500139512,0.999442109
4.630907727,0.885471408,0.500139286,0.999443012
4.631907977,0.885497739,0.500139061,0.999443912
4.632908227,0.885524058,0.500138836,0.999444812
4.633908477,0.885550365,0.500138611,0.999445709
4.634908727,0.885576660,0.500138387,0.999446606
4.635908977,0.885602943,0.500138163,0.999447501
4.636909227,0.885629213,0.500137940,0.999448394
4.637909477,0.885655472,0.500137716,0.999449286
4.638909727,0.885681718,0.500137494,0.999450177
4.639909977,0.885707953,0.500137271,0.999451066
4.640910228,0.885734175,0.500137049,0.999451954
4.641910478,0.885760385,0.500136827,0.999452840
4.642910728,0.885786583,0.500136606,0.999453725
4.643910978,0.885812769,0.500136385,0.999454608
4.644911228,0.885838943,0.500136165,0.999455490
4.645911478,0.885865105,0.500135944,0.999456371
4.646911728,0.885891255,0.500135724,0.999457250
4.647911978,0.885917392,0.500135505,0.999458127
4.648912228,0.885943518,0.500135286,0.999459004
4.649912478,0.885969632,0.500135067,0.999459878
4.650912728,0.885995734,0.500134848,0.999460752
4.651912978,0.886021824,0.500134630,0.999461624
4.652913228,0.886047901,0.500134412,0.999462495
4.653913478,0.886073967,0.500134195,0.999463364
4.654913728,0.886100021,0.500133978,0.999464232
4.655913978,0.886126063,0.500133761,0.999465098
4.656914229,0.886152093,0.500133545,0.999465963
4.657914479,0.886178111,0.500133329,0.999466827
4.658914729,0.886204117,0.500133113,0.999467689
4.659914979,0.886230111,0.500132898,0.999468550
4.660915229,0.886256093,0.500132683,0.999469409
4.661915479,0.886282064,0.500132468,0.999470267
4.662915729,0.886308022,0.500132254,0.999471124
4.663915979,0.886333969,0.500132040,0.999471979
4.664916229,0.886359903,0.500131827,0.999472833
4.665916479,0.886385826,0.500131613,0.999473685
4.666916729,0.886411737,0.500131400,0.999474537
4.667916979,0.886437636,0.500131188,0.999475386
4.668917229,0.886463523,0.500130976,0.999476235
4.669917479,0.886489399,0.500130764,0.999477082
4.670917729,0.886515262,0.500130552,0.999477927
4.671917979,0.886541114,0.500130341,0.999478772
4.672918230,0.886566954,0.500130130,0.999479614
4.673918480,0.886592782,0.500129920,0.999480456
4.674918730,0.886618598,0.500129710,0.999481296
4.675918980,0.886644402,0.500129500,0.999482135
4.676919230,0.886670195,0.500129290,0.999482972
4.677919480,0.886695976,0.500129081,0.999483808
4.678919730,0.886721745,0.500128872,0.999484643
4.679919980,0.886747502,0.500128664,0.999485477
4.680920230,0.886773248,0.500128456,0.999486309
4.681920480,0.886798982,0.500128248,0.999487139
4.682920730,0.886824704,0.500128041,0.999487969
4.683920980,0.886850414,0.500127833,0.999488797
4.684921230,0.886876113,0.500127627,0.999489623
4.685921480,0.886901800,0.500127420,0.999490449
4.686921730,0.886927475,0.500127214,0.999491273
4.687921980,0.886953138,0.500127008,0.999492095
4.688922231,0.886978790,0.500126803,0.999492917
4.689922481,0.887004430,0.500126598,0.999493737
4.690922731,0.887030059,0.500126393,0.999494556
4.691922981,0.887055676,0.500126189,0.999495373
4.692923231,0.887081281,0.500125984,0.999496189
4.693923481,0.887106874,0.500125781,0.999497004
4.694923731,0.887132456,0.500125577,0.999497817
4.695923981,0.887158026,0.500125374,0.999498629
4.696924231,0.887183585,0.500125171,0.999499440
4.697924481,0.887209132,0.500124969,0.999500249
4.698924731,0.887234667,0.500124767,0.999501058
4.699924981,0.887260191,0.500124565,0.999501864
4.700925231,0.887285703,0.500124363,0.999502670
4.701925481,0.887311204,0.500124162,0.999503474
4.702925731,0.887336693,0.500123961,0.999504277
4.703925981,0.887362170,0.500123761,0.999505079
4.704926232,0.887387636,0.500123561,0.999505879
4.705926482,0.887413090,0.500123361,0.999506678
4.706926732,0.887438533,0.500123161,0.999507476
4.707926982,0.887463964,0.500122962,0.999508273
4.708927232,0.887489384,0.500122763,0.999509068
4.709927482,0.887514792,0.500122565,0.999509862
4.710927732,0.887540189,0.500122366,0.999510654
4.711927982,0.887565574,0.500122168,0.999511446
4.712928232,0.887590947,0.500121971,0.999512236
4.713928482,0.887616309,0.500121774,0.999513024
4.714928732,0.887641660,0.500121577,0.999513812
4.715928982,0.887666999,0.500121380,0.999514598
4.716929232,0.887692327,0.500121184,0.999515383
4.717929482,0.887717643,0.500120988,0.999516167
4.718929732,0.887742948,0.500120792,0.999516949
4.719929982,0.887768241,0.500120596,0.999517730
4.720930233,0.887793523,0.500120401,0.999518510
4.721930483,0.887818794,0.500120207,0.999519289
4.722930733,0.887844053,0.500120012,0.999520066
4.723930983,0.887869300,0.500119818,0.999520842
4.724931233,0.887894537,0.500119624,0.999521617
4.725931483,0.887919761,0.500119431,0.999522391
4.726931733,0.887944975,0.500119238,0.999523163
4.727931983,0.887970177,0.500119045,0.999523934
4.728932233,0.887995368,0.500118852,0.999524704
4.729932483,0.888020547,0.500118660,0.999525473
4.730932733,0.888045715,0.500118468,0.999526240
4.731932983,0.888070871,0.500118276,0.999527006
4.732933233,0.888096017,0.500118085,0.999527771
4.733933483,0.888121151,0.500117894,0.999528535
4.734933733,0.888146273,0.500117703,0.999529297
4.735933983,0.888171384,0.500117513,0.999530058
4.736934234,0.888196484,0.500117323,0.999530818
4.737934484,0.888221573,0.500117133,0.999531577
4.738934734,0.888246650,0.500116944,0.999532335
4.739934984,0.888271716,0.500116755,0.999533091
4.740935234,0.888296771,0.500116566,0.999533846
4.741935484,0.888321815,0.500116377,0.999534600
4.742935734,0.888346847,0.500116189,0.999535352
4.743935984,0.888371868,0.500116001,0.999536104
4.744936234,0.888396877,0.500115813,0.999536854
4.745936484,0.888421876,0.500115626,0.999537603
4.746936734,0.888446863,0.500115439,0.999538351
4.747936984,0.888471839,0.500115252,0.999539097
4.748937234,0.888496804,0.500115066,0.999539843
4.749937484,0.888521757,0.500114880,0.999540587
4.750937734,0.888546700,0.500114694,0.999541330
4.751937984,0.888571631,0.500114508,0.999542071
4.752938235,0.888596551,0.500114323,0.999542812
4.753938485,0.888621460,0.500114138,0.999543551
4.754938735,0.888646357,0.500113954,0.999544289
4.755938985,0.888671244,0.500113769,0.999545026
4.756939235,0.888696119,0.500113585,0.999545762
4.757939485,0.888720983,0.500113402,0.999546497
4.758939735,0.888745836,0.500113218,0.999547230
4.759939985,0.888770678,0.500113035,0.999547962
4.760940235,0.888795508,0.500112852,0.999548693
4.761940485,0.888820328,0.500112670,0.999549423
4.762940735,0.888845136,0.500112487,0.999550152
4.763940985,0.888869934,0.500112305,0.999550879
4.764941235,0.888894720,0.500112124,0.999551605
4.765941485,0.888919495,0.500111942,0.999552330
4.766941735,0.888944259,0.500111761,0.999553054
4.767941985,0.888969012,0.500111581,0.999553777
4.768942236,0.888993754,0.500111400,0.999554499
4.769942486,0.889018485,0.500111220,0.999555219
4.770942736,0.889043205,0.500111040,0.999555939
4.771942986,0.889067913,0.500110860,0.999556657
4.772943236,0.889092611,0.500110681,0.999557374
4.773943486,0.889117298,0.500110502,0.999558089
4.774943736,0.889141973,0.500110323,0.999558804
4.775943986,0.889166638,0.500110145,0.999559517
4.776944236,0.889191291,0.500109967,0.999560230
4.777944486,0.889215934,0.500109789,0.999560941
4.778944736,0.889240566,0.500109611,0.999561651
4.779944986,0.889265186,0.500109434,0.999562360
4.780945236,0.889289796,0.500109257,0.999563068
4.781945486,0.889314394,0.500109080,0.999563774
4.782945736,0.889338982,0.500108904,0.999564480
4.783945986,0.889363559,0.500108728,0.999565184
4.784946237,0.889388124,0.500108552,0.999565887
4.785946487,0.889412679,0.500108376,0.999566589
4.786946737,0.889437223,0.500108201,0.999567290
4.787946987,0.889461756,0.500108026,0.999567990
4.788947237,0.889486278,0.500107851,0.999568688
4.789947487,0.889510789,0.500107677,0.999569386
4.790947737,0.889535289,0.500107503,0.999570082
4.791947987,0.889559779,0.500107329,0.999570777
4.792948237,0.889584257,0.500107155,0.999571471
4.793948487,0.889608724,0.500106982,0.999572164
4.794948737,0.889633181,0.500106809,0.999572856
4.795948987,0.889657627,0.500106636,0.999573547
4.796949237,0.889682062,0.500106463,0.999574237
4.797949487,0.889706486,0.500106291,0.999574925
4.798949737,0.889730899,0.500106119,0.999575613
4.799949987,0.889755301,0.500105948,0.999576299
4.800950238,0.889779693,0.500105776,0.999576984
4.801950488,0.889804073,0.500105605,0.999577668
4.802950738,0.889828443,0.500105434,0.999578351
4.803950988,0.889852802,0.500105264,0.999579033
4.804951238,0.889877150,0.500105094,0.999579714
4.805951488,0.889901488,0.500104924,0.999580393
4.806951738,0.889925814,0.500104754,0.999581072
4.807951988,0.889950130,0.500104585,0.999581749
4.808952238,0.889974435,0.500104415,0.999582426
4.809952488,0.889998729,0.500104246,0.999583101
4.810952738,0.890023013,0.500104078,0.999583775
4.811952988,0.890047286,0.500103910,0.999584448
4.812953238,0.890071548,0.500103741,0.999585120
4.813953488,0.890095799,0.500103574,0.999585791
4.814953738,0.890120040,0.500103406,0.999586461
4.815953988,0.890144269,0.500103239,0.999587130
4.816954239,0.890168488,0.500103072,0.999587797
4.817954489,0.890192697,0.500102905,0.999588464
4.818954739,0.890216894,0.500102739,0.999589130
4.819954989,0.890241081,0.500102573,0.999589794
4.820955239,0.890265258,0.500102407,0.999590457
4.821955489,0.890289423,0.500102241,0.999591120
4.822955739,0.890313578,0.500102076,0.999591781
4.823955989,0.890337722,0.500101911,0.999592441
4.824956239,0.890361856,0.500101746,0.999593100
4.825956489,0.890385979,0.500101581,0.999593758
4.826956739,0.890410091,0.500101417,0.999594415
4.827956989,0.890434193,0.500101253,0.999595071
4.828957239,0.890458283,0.500101089,0.999595726
4.829957489,0.890482364,0.500100926,0.999596379
4.830957739,0.890506434,0.500100762,0.999597032
4.831957989,0.890530493,0.500100599,0.999597684
4.832958240,0.890554541,0.500100437,0.999598334
4.833958490,0.890578579,0.500100274,0.999598984
4.834958740,0.890602606,0.500100112,0.999599632
4.835958990,0.890626623,0.500099950,0.999600280
4.836959240,0.890650629,0.500099788,0.999600926
4.837959490,0.890674625,0.500099627,0.999601572
4.838959740,0.890698610,0.500099466,0.999602216
4.839959990,0.890722584,0.500099305,0.999602859
4.840960240,0.890746548,0.500099144,0.999603501
4.841960490,0.890770501,0.500098984,0.999604143
4.842960740,0.890794444,0.500098824,0.999604783
4.843960990,0.890818376,0.500098664,0.999605422
4.844961240,0.890842298,0.500098504,0.999606060
4.845961490,0.890866209,0.500098345,0.999606697
4.846961740,0.890890110,0.500098186,0.999607333
4.847961990,0.890914000,0.500098027,0.999607968
4.848962241,0.890937880,0.500097869,0.999608602
4.849962491,0.890961749,0.500097710,0.999609235
4.850962741,0.890985608,0.500097552,0.999609867
4.851962991,0.891009456,0.500097395,0.999610498
4.852963241,0.891033294,0.500097237,0.999611128
4.853963491,0.891057121,0.500097080,0.999611757
4.854963741,0.891080938,0.500096923,0.999612384
4.855963991,0.891104745,0.500096766,0.999613011
4.856964241,0.891128540,0.500096609,0.999613637
4.857964491,0.891152326,0.500096453,0.999614262
4.858964741,0.891176101,0.500096297,0.999614886
4.859964991,0.891199866,0.500096141,0.999615508
4.860965241,0.891223620,0.500095986,0.999616130
4.861965491,0.891247364,0.500095831,0.999616751
4.862965741,0.891271098,0.500095676,0.999617371
4.863965991,0.891294821,0.500095521,0.999617989
4.864966242,0.891318533,0.500095366,0.999618607
4.865966492,0.891342236,0.500095212,0.999619224
4.866966742,0.891365928,0.500095058,0.999619840
4.867966992,0.891389609,0.500094904,0.999620454
4.868967242,0.891413280,0.500094751,0.999621068
4.869967492,0.891436941,0.500094598,0.999621681
4.870967742,0.891460592,0.500094445,0.999622293
4.871967992,0.891484232,0.500094292,0.999622904
4.872968242,0.891507862,0.500094139,0.999623513
4.873968492,0.891531481,0.500093987,0.999624122
4.874968742,0.891555091,0.500093835,0.999624730
4.875968992,0.891578690,0.500093683,0.999625337
4.876969242,0.891602278,0.500093532,0.999625943
4.877969492,0.891625856,0.500093380,0.999626548
4.878969742,0.891649424,0.500093229,0.999627152
4.879969992,0.891672982,0.500093079,0.999627755
4.880970243,0.891696530,0.500092928,0.999628357
4.881970493,0.891720067,0.500092778,0.999628958
4.882970743,0.891743594,0.500092628,0.999629558
4.883970993,0.891767110,0.500092478,0.999630157
4.884971243,0.891790617,0.500092328,0.999630755
4.885971493,0.891814113,0.500092179,0.999631352
4.886971743,0.891837599,0.500092030,0.999631948
4.887971993,0.891861075,0.500091881,0.999632543
4.888972243,0.891884540,0.500091732,0.999633137
4.889972493,0.891907995,0.500091584,0.999633731
4.890972743,0.891931440,0.500091436,0.999634323
4.891972993,0.891954875,0.500091288,0.999634914
4.892973243,0.891978300,0.500091140,0.999635505
4.893973493,0.892001714,0.500090993,0.999636094
4.894973743,0.892025119,0.500090846,0.999636683
4.895973993,0.892048513,0.500090699,0.999637270
4.896974244,0.892071897,0.500090552,0.999637857
4.897974494,0.892095270,0.500090406,0.999638442
4.898974744,0.892118634,0.500090260,0.999639027
4.899974994,0.892141987,0.500090114,0.999639611
4.900975244,0.892165331,0.500089968,0.999640194
4.901975494,0.892188664,0.500089822,0.999640775
4.902975744,0.892211987,0.500089677,0.999641356
4.903975994,0.892235300,0.500089532,0.999641936
4.904976244,0.892258603,0.500089387,0.999642515
4.905976494,0.892281895,0.500089243,0.999643094
4.906976744,0.892305178,0.500089098,0.999643671
4.907976994,0.892328451,0.500088954,0.999644247
4.908977244,0.892351713,0.500088810,0.999644822
4.909977494,0.892374965,0.500088667,0.999645397
4.910977744,0.892398208,0.500088523,0.999645970
4.911977994,0.892421440,0.500088380,0.999646543
4.912978245,0.892444662,0.500088237,0.999647114
4.913978495,0.892467874,0.500088094,0.999647685
4.914978745,0.892491076,0.500087952,0.999648255
4.915978995,0.892514268,0.500087810,0.999648823
4.916979245,0.892537450,0.500087668,0.999649391
4.917979495,0.892560622,0.500087526,0.999649958
4.918979745,0.892583784,0.500087384,0.999650524
4.919979995,0.892606935,0.500087243,0.999651089
4.920980245,0.892630077,0.500087102,0.999651654
4.921980495,0.892653209,0.500086961,0.999652217
4.922980745,0.892676331,0.500086820,0.999652779
4.923980995,0.892699443,0.500086680,0.999653341
4.924981245,0.892722545,0.500086540,0.999653901
4.925981495,0.892745636,0.500086400,0.999654461
4.926981745,0.892768718,0.500086260,0.999655020
4.927981995,0.892791790,0.500086120,0.999655578
4.928982246,0.892814852,0.500085981,0.999656135
4.929982496,0.892837904,0.500085842,0.999656691
4.930982746,0.892860946,0.500085703,0.999657246
4.931982996,0.892883978,0.500085565,0.999657800
4.932983246,0.892907001,0.500085426,0.999658354
4.933983496,0.892930013,0.500085288,0.999658906
4.934983746,0.892953015,0.500085150,0.999659458
4.935983996,0.892976008,0.500085012,0.999660008
4.936984246,0.892998990,0.500084875,0.999660558
4.937984496,0.893021963,0.500084738,0.999661107
4.938984746,0.893044926,0.500084601,0.999661655
4.939984996,0.893067878,0.500084464,0.999662202
4.940985246,0.893090821,0.500084327,0.999662749
4.941985496,0.893113754,0.500084191,0.999663294
4.942985746,0.893136678,0.500084054,0.999663839
4.943985996,0.893159591,0.500083919,0.999664382
4.944986247,0.893182494,0.500083783,0.999664925
4.945986497,0.893205388,0.500083647,0.999665467
4.946986747,0.893228272,0.500083512,0.999666008
4.947986997,0.893251146,0.500083377,0.999666548
4.948987247,0.893274010,0.500083242,0.999667087
4.949987497,0.893296864,0.500083107,0.999667625
4.950987747,0.893319709,0.500082973,0.999668163
4.951987997,0.893342543,0.500082839,0.999668700
4.952988247,0.893365368,0.500082705,0.999669235
4.953988497,0.893388183,0.500082571,0.999669770
4.954988747,0.893410989,0.500082438,0.999670304
4.955988997,0.893433784,0.500082304,0.999670837
4.956989247,0.893456570,0.500082171,0.999671370
4.957989497,0.893479346,0.500082038,0.999671901
4.958989747,0.893502112,0.500081905,0.999672432
4.959989997,0.893524868,0.500081773,0.999672961
4.960990248,0.893547615,0.500081641,0.999673490
4.961990498,0.893570352,0.500081509,0.999674018
4.962990748,0.893593079,0.500081377,0.999674545
4.963990998,0.893615796,0.500081245,0.999675072
4.964991248,0.893638504,0.500081114,0.999675597
4.965991498,0.893661202,0.500080983,0.999676122
4.966991748,0.893683890,0.500080852,0.999676646
4.967991998,0.893706569,0.500080721,0.999677168
4.968992248,0.893729238,0.500080590,0.999677691
4.969992498,0.893751897,0.500080460,0.999678212
4.970992748,0.893774546,0.500080330,0.999678732
4.971992998,0.893797186,0.500080200,0.999679252
4.972993248,0.893819816,0.500080070,0.999679770
4.973993498,0.893842436,0.500079941,0.999680288
4.974993748,0.893865047,0.500079811,0.999680805
4.975993998,0.893887648,0.500079682,0.999681321
4.976994249,0.893910239,0.500079553,0.999681837
4.977994499,0.893932821,0.500079425,0.999682351
4.978994749,0.893955393,0.500079296,0.999682865
4.979994999,0.893977956,0.500079168,0.999683378
4.980995249,0.894000509,0.500079040,0.999683890
4.981995499,0.894023052,0.500078912,0.999684401
4.982995749,0.894045585,0.500078785,0.999684911
4.983995999,0.894068109,0.500078657,0.999685421
4.984996249,0.894090624,0.500078530,0.999685930
4.985996499,0.894113129,0.500078403,0.999686437
4.986996749,0.894135624,0.500078276,0.999686945
4.987996999,0.894158109,0.500078150,0.999687451
4.988997249,0.894180585,0.500078023,0.999687956
4.989997499,0.894203052,0.500077897,0.999688461
4.990997749,0.894225509,0.500077771,0.999688965
4.991997999,0.894247956,0.500077645,0.999689468
4.992998250,0.894270394,0.500077520,0.999689970
4.993998500,0.894292822,0.500077394,0.999690471
4.994998750,0.894315241,0.500077269,0.999690972
4.995999000,0.894337650,0.500077144,0.999691471
4.996999250,0.894360049,0.500077019,0.999691970
4.997999500,0.894382439,0.500076895,0.999692469
4.998999750,0.894404820,0.500076770,0.999692966
5.000000000,0.894427191,0.500076646,0.999693462
