r_over_rs,D_GR,D_SSZ,Xi
1.05,0.2182178902359925,0.550320800091498,0.8171219402096686
1.05099,0.22026384395312423,0.5502321664582627,0.8174146495956521
1.0519800000000001,0.22228716960632877,0.5501437031667274,0.817706890479374
1.05297,0.22428849020273361,0.5500554098394727,0.8179986636107052
1.05396,0.2262684001251927,0.5499672861000916,0.8182899697383171
1.05495,0.2282274669532137,0.5498793315731885,0.8185808096096824
1.05594,0.2301662331372761,0.5497915458843738,0.8188711839710775
1.0569300000000001,0.2320852175407164,0.5497039286602622,0.8191610935675844
1.05792,0.23398491686178033,0.5496164795284684,0.8194505391430922
1.05891,0.2358658069470431,0.5495291981176038,0.8197395214402998
1.0599,0.23772834400617718,0.5494420840572739,0.8200280412007173
1.06089,0.23957296573699088,0.5493551369780744,0.8203160991646676
1.06188,0.24140009236871227,0.5492683565115881,0.8206036960712892
1.06287,0.24321012763067548,0.5491817422903821,0.820890832658537
1.06386,0.24500345965282838,0.5490952939480037,0.8211775096631851
1.06485,0.24678046180384985,0.5490090111189778,0.8214637278208283
1.0658400000000001,0.24854149347208115,0.5489228934388038,0.8217494878658839
1.06683,0.2502869007939766,0.5488369405439517,0.8220347905315938
1.06782,0.252017017334327,0.54875115207186,0.8223196365500263
1.06881,0.25373216472210186,0.548665527660931,0.822604026652078
1.0698,0.25543265324540954,0.5485800669505295,0.8228879615674755
1.0707900000000001,0.2571187824087422,0.5484947695809781,0.8231714420247775
1.07178,0.25879084145539405,0.5484096351935549,0.8234544687513768
1.07277,0.26044910985767816,0.5483246634304899,0.8237370424735018
1.07376,0.26209385777733785,0.5482398539349626,0.8240191639162182
1.07475,0.2637253464983433,0.5481552063510978,0.8243008338034317
1.0757400000000001,0.2653438288340724,0.5480707203239639,0.824582052857889
1.07673,0.2669495495107081,0.5479863954995685,0.8248628218011801
1.07772,0.2685427455285307,0.5479022315248561,0.8251431413537401
1.07871,0.27012364650264353,0.5478182280477049,0.825423012234851
1.0797,0.27169247498455057,0.5477343847169238,0.8257024351626434
1.0806900000000002,0.27324944676588503,0.5476507011822493,0.8259814108540986
1.08168,0.27479477116548634,0.5475671770943425,0.82625994002505
1.08267,0.27632865130093204,0.5474838121047861,0.8265380233901859
1.08366,0.27785128434553846,0.5474006058660814,0.8268156616630502
1.0846500000000001,0.2793628617717758,0.5473175580316453,0.8270928555560448
1.08564,0.280863569581964,0.5472346682558075,0.8273696057804314
1.08663,0.2823535885270556,0.5471519361938073,0.8276459130463333
1.08762,0.2838330943142445,0.5470693615017909,0.8279217780627373
1.08861,0.2853022578041011,0.5469869438368083,0.828197201537495
1.0896000000000001,0.2867612451978655,0.5469046828568106,0.8284721841773254
1.09059,0.28821021821549686,0.5468225782206466,0.8287467266878163
1.09158,0.28964933426503264,0.5467406295880606,0.8290208297734263
1.09257,0.29107874660376765,0.5466588366196886,0.8292944941374861
1.09356,0.2924986044917368,0.5465771989770567,0.8295677204822008
1.0945500000000001,0.2939090533379416,0.5464957163225771,0.8298405095086517
1.09554,0.2953102348397403,0.5464143883195455,0.8301128619167979
1.09653,0.2967022871157883,0.5463332146321388,0.8303847784054782
1.09752,0.29808534483288557,0.5462521949254118,0.8306562596724127
1.09851,0.2994595393270776,0.5461713288652942,0.8309273064142049
1.0995000000000001,0.300824998719321,0.5460906161185883,0.8311979193263433
1.10049,0.3021818480260076,0.5460100563529663,0.8314680991032033
1.10148,0.30353020926463203,0.5459296492369663,0.8317378464380487
1.10247,0.30487020155484906,0.5458493944399913,0.832007162023034
1.10346,0.3062019412151792,0.5457692916323049,0.8322760465492054
1.10445,0.30752554185557796,0.5456893404850298,0.8325445007065034
1.10544,0.3088411144660918,0.5456095406701439,0.8328125251837643
1.10643,0.31014876750179404,0.5455298918604782,0.8330801206687214
1.10742,0.31144860696419724,0.5454503937297146,0.8333472878480076
1.1084100000000001,0.3127407364793155,0.5453710459523816,0.8336140274071566
1.1094,0.31402525737254405,0.5452918482038535,0.8338803400306051
1.11039,0.3153022687405162,0.5452128001603462,0.8341462264016941
1.11138,0.31657186752008176,0.5451339014989154,0.8344116872026708
1.11237,0.31783414855455094,0.5450551518974535,0.8346767231146908
1.1133600000000001,0.31908920465733365,0.5449765510346871,0.834941334817819
1.11435,0.32033712667309744,0.5448980985901745,0.8352055229910319
1.11534,0.3215780035365655,0.5448197942443026,0.8354692883122197
1.11633,0.3228119223290585,0.5447416376782849,0.8357326314581869
1.11732,0.3240389683328934,0.5446636285741582,0.8359955531046552
1.1183100000000001,0.32525922508373245,0.5445857666147806,0.8362580539262647
1.1193,0.3264727744209783,0.5445080514838286,0.8365201345965756
1.12029,0.32767969653630324,0.5444304828657944,0.83678179578807
1.12128,0.32888007002039665,0.5443530604459837,0.8370430381721536
1.12227,0.33007397190801147,0.5442757839105128,0.8373038624191577
1.1232600000000001,0.33126147772138176,0.544198652946306,0.8375642691983405
1.12425,0.33244266151208685,0.5441216672410932,0.8378242591778888
1.12524,0.3336175959014274,0.5440448264834077,0.8380838330249206
1.12623,0.33478635211937724,0.5439681303625831,0.8383429914054854
1.12722,0.3359490000421731,0.5438915785687507,0.8386017349845669
1.1282100000000002,0.3371056082286008,0.5438151707928378,0.8388600644260846
1.1292,0.3382562439550319,0.5437389067265644,0.8391179803928953
1.13019,0.33940097324926294,0.543662786062441,0.8393754835467946
1.13118,0.34053986092320665,0.5435868084937663,0.8396325745485191
1.1321700000000001,0.3416729706044853,0.5435109737146242,0.8398892540577477
1.13316,0.34280036476696724,0.543435281419882,0.8401455227331036
1.13415,0.3439221047602932,0.5433597313051874,0.8404013812321558
1.13514,0.34503825083842876,0.5432843230669665,0.8406568302114206
1.13613,0.3461488621872873,0.543209056402421,0.8409118703263636
1.1371200000000001,0.34725399695145603,0.5431339310095258,0.8411665022314015
1.13811,0.34835371226006256,0.5430589465870269,0.8414207265799033
1.1391,0.3494480642518152,0.5429841028344387,0.8416745440241924
1.14009,0.3505371080992486,0.5429093994520415,0.8419279552155479
1.14108,0.35162089803220714,0.5428348361408798,0.8421809608042067
1.1420700000000001,0.35269948736059265,0.5427604126027589,0.8424335614393648
1.14306,0.3537729284964066,0.5426861285402431,0.8426857577691791
1.14405,0.3548412729751139,0.5426119836566536,0.8429375504407695
1.14504,0.35590457147634996,0.5425379776560655,0.8431889401002194
1.14603,0.3569628738440004,0.5424641102433061,0.8434399273925788
1.14702,0.3580162291056735,0.5423903811239519,0.8436905129618646
1.14801,0.3590646854915901,0.5423167900043266,0.8439406974510636
1.149,0.3601082904529075,0.5422433365914991,0.8441904815021329
1.14999,0.36114709067950496,0.5421700205932809,0.8444398657560024
1.1509800000000001,0.3621811321172438,0.5420968417182233,0.844688850852576
1.15197,0.3632104599847247,0.542023799675616,0.8449374374307334
1.15296,0.3642351187895598,0.5419508941754841,0.8451856261283318
1.15395,0.36525515234417316,0.5418781249285867,0.8454334175822075
1.15494,0.3662706037811515,0.5418054916464132,0.8456808124281774
1.1559300000000001,0.3672815155681578,0.5417329940411827,0.8459278113010407
1.15692,0.36828792952242173,0.5416606318258403,0.8461744148345804
1.15791,0.36928988682482666,0.5415884047140561,0.8464206236615659
1.1589,0.370287428033599,0.5415163124202218,0.8466664384137527
1.15989,0.3712805930976218,0.5414443546594494,0.8469118597218858
1.1608800000000001,0.3722694213693799,0.5413725311475684,0.8471568882157005
1.16187,0.37325395161755054,0.5413008416011242,0.847401524523924
1.16286,0.37423422203925244,0.5412292857373749,0.8476457692742776
1.16385,0.3752102702719611,0.5411578632742904,0.8478896230934774
1.16484,0.37618213340510737,0.5410865739305488,0.8481330866072367
1.1658300000000001,0.3771498479913629,0.5410154174255356,0.8483761604402673
1.16682,0.3781134500576277,0.5409443934793406,0.8486188452162807
1.16781,0.3790729751157276,0.540873501812756,0.8488611415579908
1.1688,0.38002845817282993,0.5408027421472743,0.8491030500871142
1.16979,0.38097993374158867,0.5407321142050862,0.8493445714243727
1.1707800000000002,0.38192743585002564,0.5406616177090783,0.8495857061894945
1.17177,0.3828709980511577,0.5405912523828311,0.8498264550012158
1.17276,0.3838106534323774,0.5405210179506168,0.8500668184772827
1.17375,0.3847464346245935,0.5404509141373974,0.8503067972344523
1.1747400000000001,0.38567837381114034,0.5403809406688224,0.8505463918884948
1.1757300000000002,0.3866065027364643,0.5403110972712263,0.8507856030541945
1.17672,0.38753085271458987,0.5402413836716272,0.851024431345352
1.17771,0.38845145463737873,0.5401717995977249,0.8512628773747852
1.1787,0.38936833898257983,0.5401023447778976,0.8515009417543313
1.1796900000000001,0.39028153582168496,0.5400330189412011,0.8517386250948484
1.18068,0.3911910748275903,0.5399638218173662,0.8519759280062162
1.18167,0.39209698528207215,0.5398947531367965,0.8522128510973392
1.18266,0.39299929608308043,0.5398258126305667,0.8524493949761466
1.18365,0.3938980357518576,0.5397570000304205,0.8526855602495946
1.1846400000000001,0.39479323243988756,0.5396883150687681,0.8529213475236684
1.18563,0.39568491393567706,0.5396197574786852,0.8531567574033827
1.18662,0.3965731076713793,0.5395513269939096,0.8533917904927844
1.18761,0.3974578407292583,0.5394830233488407,0.8536264473949531
1.1886,0.3983391398480042,0.539414846278536,0.8538607287120032
1.18959,0.39921703142889997,0.5393467955187105,0.8540946350450856
1.19058,0.40009154154184673,0.5392788708057336,0.8543281669943891
1.19157,0.4009626959312475,0.5392110718766279,0.8545613251591414
1.19256,0.40183052002175823,0.5391433984690666,0.8547941101376114
1.19355,0.40269503892390657,0.5390758503213721,0.8550265225271105
1.19454,0.40355627743958306,0.5390084271725137,0.8552585629239937
1.19553,0.40441426006740916,0.5389411287621059,0.855490231923662
1.19652,0.4052690110079828,0.5388739548304059,0.855721530120563
1.19751,0.4061205541690087,0.5388069051183125,0.855952458108193
1.1985000000000001,0.40696891317031275,0.5387399793673635,0.8561830164790984
1.19949,0.4078141113487468,0.5386731773197341,0.856413205824877
1.20048,0.40865617176298547,0.5386064987182347,0.8566430267361802
1.20147,0.40949511719821574,0.5385399433063097,0.8568724798027133
1.20246,0.41033097017072717,0.5384735108280346,0.8571015656132382
1.2034500000000001,0.41116375293240054,0.5384072010281147,0.8573302847555745
1.20444,0.41199348747510023,0.5383410136518831,0.8575586378166007
1.20543,0.4128201955349735,0.538274948445299,0.857786625382256
1.20642,0.41364389859665435,0.5382090051549457,0.8580142480375419
1.20741,0.4144646178973824,0.5381431835280284,0.8582415063665235
1.2084000000000001,0.4152823744310312,0.5380774833123727,0.8584684009523311
1.20939,0.4160971889520532,0.538011904256423,0.8586949323771614
1.21038,0.4169090819793422,0.5379464461092399,0.8589211012222797
1.21137,0.4177180738000139,0.5378811086204991,0.8591469080680205
1.21236,0.4185241844731094,0.537815891540489,0.8593723534937899
1.2133500000000002,0.4193274338332211,0.5377507946201096,0.8595974380780662
1.21434,0.42012784149404486,0.5376858176108695,0.8598221623984018
1.21533,0.4209254268518588,0.5376209602648854,0.8600465270314251
1.21632,0.4217202090889316,0.5375562223348795,0.8602705325528412
1.2173100000000001,0.4225122071768609,0.537491603574178,0.8604941795374339
1.2183000000000002,0.4233014398798455,0.5374271037367089,0.8607174685590671
1.21929,0.42408792575789117,0.5373627225770007,0.8609404001906856
1.22028,0.42487168316995233,0.5372984598501804,0.8611629750043182
1.22127,0.4256527302770107,0.537234315311972,0.8613851935710771
1.2222600000000001,0.42643108504509436,0.537170288718694,0.8616070564611612
1.22325,0.4272067652482351,0.5371063798272585,0.8618285642438561
1.22424,0.42797978847137014,0.537042588395169,0.8620497174875368
1.22523,0.42875017211318495,0.5369789141805187,0.862270516759668
1.22622,0.4295179333889021,0.5369153569419887,0.8624909626268067
1.2272100000000001,0.4302830893330152,0.5368519164388463,0.8627110556546026
1.2282,0.43104565680197077,0.5367885924309437,0.8629307964078003
1.22919,0.4318056524767986,0.5367253846787152,0.8631501854502406
1.23018,0.43256309286569045,0.5366622929431768,0.8633692233448615
1.23117,0.433317994306532,0.5365993169859236,0.8635879106537002
1.23216,0.4340703729693844,0.5365364565691283,0.8638062479378943
1.23315,0.434820244858921,0.5364737114555396,0.8640242357576831
1.23414,0.4355676258168165,0.5364110814084805,0.8642418746724093
1.23513,0.4363125315240928,0.5363485661918465,0.8644591652405206
1.23612,0.4370549775034203,0.5362861655701038,0.8646761080195704
1.23711,0.437794979121377,0.5362238793082882,0.86489270356622
1.2381,0.43853255159066584,0.5361617071720028,0.8651089524362394
1.23909,0.4392677099722903,0.5360996489274167,0.8653248551845099
1.24008,0.44000046917769153,0.5360377043412629,0.8655404123650233
1.2410700000000001,0.4407308439708457,0.5359758731808372,0.8657556245308861
1.24206,0.44145884897032345,0.5359141552139965,0.8659704922343183
1.24305,0.44218449865131204,0.5358525502091566,0.8661850160266571
1.24404,0.4429078073476008,0.535791057935291,0.8663991964583565
1.24503,0.44362878925353183,0.5357296781619295,0.8666130340789897
1.2460200000000001,0.4443474584259144,0.5356684106591559,0.8668265294372505
1.24701,0.44506382878590683,0.5356072551976071,0.8670396830809539
1.248,0.4457779141208643,0.5355462115484709,0.8672524955570386
1.24899,0.4464897280861537,0.5354852794834847,0.8674649674115679
1.24998,0.44719928420693694,0.5354244587749338,0.8676770991897306
1.2509700000000001,0.4479065958799235,0.5353637491956502,0.8678888914358434
1.25196,0.44861167637509125,0.5353031505190102,0.8681003446933514
1.25295,0.4493145388373794,0.5352426625189335,0.8683114595048302
1.25394,0.45001519628834913,0.5351822849698814,0.8685222364119869
1.25493,0.4507136616278186,0.5351220176468551,0.8687326759556613
1.2559200000000001,0.4514099476354685,0.5350618603253943,0.8689427786758279
1.25691,0.45210406697241956,0.5350018127815757,0.8691525451115966
1.2579,0.45279603218278514,0.5349418747920112,0.8693619758012145
1.25889,0.4534858556951953,0.5348820461338466,0.8695710712820677
1.25988,0.45417354982429636,0.5348223265847599,0.8697798320906813
1.2608700000000002,0.45485912677222534,0.5347627159229599,0.8699882587627223
1.26186,0.455542598630059,0.5347032139271841,0.8701963518330001
1.26285,0.45622397737923936,0.5346438203766983,0.8704041118354682
1.26384,0.45690327489297455,0.534584535051294,0.8706115393032252
1.2648300000000001,0.4575805029376179,0.5345253577312873,0.870818634768517
1.2658200000000002,0.45825567317402255,0.5344662881975174,0.8710253987627369
1.26681,0.45892879715887513,0.5344073262313455,0.8712318318164279
1.2678,0.4595998863460078,0.534348471614652,0.8714379344592844
1.26879,0.46026895208768687,0.5342897241298368,0.8716437072201522
1.2697800000000001,0.46093600563588266,0.534231083559816,0.871849150627031
1.27077,0.4616010581435175,0.534172549688022,0.8720542652070755
1.27176,0.4622641206656947,0.5341141222984008,0.8722590514865963
1.27275,0.4629252041609066,0.5340558011754116,0.872463509991062
1.27374,0.46358431949222356,0.5339975861040241,0.8726676412451
1.27473,0.46424147742846456,0.5339394768697181,0.8728714457724976
1.27572,0.4648966886453489,0.5338814732584813,0.8730749240962047
1.27671,0.4655499637266291,0.5338235750568088,0.873278076738333
1.2777,0.46620131316520685,0.5337657820517003,0.8734809042201594
1.27869,0.4668507473642306,0.5337080940306596,0.8736834070621263
1.27968,0.46749827663817634,0.5336505107816931,0.8738855857838427
1.28067,0.4681439112139118,0.5335930320933082,0.8740874409040863
1.28166,0.4687876612317434,0.5335356577545116,0.8742889729408043
1.28265,0.4694295367464472,0.5334783875548083,0.8744901824111151
1.2836400000000001,0.4700695477282846,0.5334212212841998,0.874691069831309
1.28463,0.470707704064001,0.5333641587331833,0.8748916357168504
1.28562,0.47134401555781147,0.5333071996927496,0.8750918805823783
1.28661,0.47197849193236796,0.5332503439543821,0.8752918049417083
1.2876,0.47261114282971534,0.533193591310055,0.8754914093078334
1.2885900000000001,0.4732419778122305,0.5331369415522325,0.8756906941929254
1.28958,0.47387100636354795,0.5330803944738668,0.8758896601083368
1.29057,0.47449823788947254,0.5330239498683972,0.8760883075646011
1.29156,0.4751236817188763,0.5329676075297484,0.8762866370714351
1.29255,0.4757473471045838,0.5329113672523293,0.8764846491377393
1.2935400000000001,0.4763692432242433,0.5328552288310315,0.8766823442716
1.29453,0.4769893791811854,0.532799192061228,0.8768797229802902
1.29552,0.47760776400526916,0.5327432567387718,0.877076785770271
1.29651,0.47822440665371446,0.5326874226599946,0.8772735331471929
1.2975,0.4788393160119237,0.5326316896217052,0.877469965615897
1.2984900000000001,0.47945250089429076,0.5325760574211887,0.8776660836804162
1.29948,0.4800639700449982,0.5325205258562047,0.877861887843977
1.30047,0.4806737321388026,0.5324650947249859,0.8780573786090003
1.30146,0.48128179578180885,0.5324097638262368,0.8782525564771028
1.30245,0.48188816951223334,0.5323545329591332,0.8784474219490982
1.3034400000000002,0.4824928618011556,0.5322994019233193,0.878641975524999
1.30443,0.4830958810532594,0.5322443705189077,0.878836217704017
1.30542,0.48369723560756445,0.5321894385464777,0.8790301489845651
1.30641,0.4842969337381446,0.5321346058070736,0.8792237698642588
1.3074000000000001,0.4848949836548395,0.5320798721022039,0.8794170808399163
1.3083900000000002,0.48549139350395365,0.5320252372338397,0.8796100824075617
1.30938,0.486086171368946,0.5319707010044137,0.8798027750624241
1.31037,0.4866793252711113,0.5319162632168185,0.8799951592989408
1.31136,0.48727086317024987,0.5318619236744055,0.8801872356107572
1.31235,0.48786079296532886,0.5318076821809837,0.8803790044907287
1.3133400000000002,0.4884491224951354,0.5317535385408183,0.8805704664309222
1.31433,0.48903585953891776,0.5316994925586295,0.8807616219226163
1.31532,0.48962101181702156,0.531645544039591,0.8809524714563042
1.31631,0.4902045869915135,0.531591692789329,0.881143015521693
1.3173,0.49078659266679886,0.5315379386139212,0.881333254607707
1.31829,0.4913670363902298,0.5314842813198947,0.8815231892024871
1.31928,0.491945925652705,0.5314307207142251,0.8817128197933933
1.32027,0.49252326788926143,0.5313772566043362,0.8819021468670056
1.32126,0.49309907047965845,0.5313238887980969,0.8820911709091253
1.32225,0.49367334074895286,0.5312706171038216,0.8822798924047753
1.32324,0.4942460859680684,0.5312174413302683,0.8824683118382034
1.32423,0.4948173133543544,0.531164361286637,0.8826564296928815
1.32522,0.49538703007213974,0.5311113767825695,0.882844246451508
1.32621,0.49595524323327805,0.5310584876281469,0.8830317625960086
1.3272,0.49652195989768555,0.5310056936338893,0.8832189786075375
1.32819,0.4970871870738731,0.5309529946107544,0.8834058949664791
1.32918,0.49765093171946895,0.5309003903701359,0.8835925121524488
1.33017,0.49821320074173636,0.5308478807238628,0.8837788306442943
1.3311600000000001,0.49877400099808417,0.5307954654841978,0.8839648509200967
1.33215,0.49933333929656953,0.5307431444638364,0.8841505734571721
1.33314,0.49989122239639616,0.5306909174759054,0.8843359987320727
1.33413,0.5004476570084032,0.5306387843339618,0.8845211272205876
1.33512,0.5010026497955506,0.530586744851992,0.8847059593977449
1.3361100000000001,0.5015562073733962,0.5305347988444099,0.8848904957378119
1.3371,0.5021083363105675,0.5304829461260563,0.8850747367142968
1.33809,0.5026590431292277,0.5304311865121973,0.8852586827999505
1.33908,0.5032083343055342,0.5303795198185237,0.8854423344667665
1.34007,0.5037562162700935,0.5303279458611492,0.8856256921859833
1.3410600000000001,0.5043026954084077,0.5302764644566093,0.885808756428085
1.34205,0.5048477780613178,0.5302250754218608,0.8859915276628025
1.34304,0.5053914705254399,0.5301737785742799,0.8861740063591153
1.34403,0.5059337790535958,0.5301225737316613,0.8863561929852518
1.34502,0.5064747098552388,0.530071460712217,0.8865380880086913
1.3460100000000002,0.5070142690968742,0.5300204393345754,0.8867196918961646
1.347,0.5075524629024735,0.52996950941778,0.8869010051136557
1.34799,0.5080892973538849,0.5299186707812878,0.8870820281264025
1.34898,0.5086247784912372,0.5298679232449691,0.8872627613988985
1.3499700000000001,0.50915891231334,0.5298172666291056,0.8874432053948937
1.3509600000000002,0.5096917047780778,0.5297667007543894,0.8876233605773957
1.35195,0.5102231618027996,0.5297162254419222,0.8878032274086711
1.35294,0.5107532892647049,0.5296658405132141,0.8879828063502467
1.35393,0.5112820930012221,0.5296155457901818,0.8881620978629106
1.3549200000000001,0.5118095788103856,0.5295653410951486,0.8883411024067129
1.3559100000000002,0.5123357524512057,0.5295152262508427,0.8885198204409681
1.3569,0.5128606196440356,0.5294652010803956,0.888698252424255
1.35789,0.5133841860709328,0.5294152654073421,0.8888763988144188
1.35888,0.5139064573760173,0.5293654190556181,0.8890542600685716
1.35987,0.5144274391658235,0.5293156618495606,0.8892318366430937
1.3608600000000002,0.5149471370096512,0.5292659936139054,0.8894091289936353
1.36185,0.5154655564399082,0.5292164141737872,0.8895861375751173
1.36284,0.5159827029524522,0.5291669233547374,0.8897628628417322
1.36383,0.5164985820069269,0.5291175209826839,0.8899393052469458
1.36482,0.5170131990270946,0.5290682068839498,0.8901154652434976
1.36581,0.5175265594011652,0.5290189808852519,0.8902913432834033
1.3668,0.5180386684821198,0.5289698428137001,0.8904669398179543
1.36779,0.5185495315880322,0.528920792496796,0.8906422552977202
1.36878,0.519059154002386,0.5288718297624323,0.8908172901725491
1.36977,0.5195675409743878,0.5288229544388912,0.8909920448915692
1.37076,0.5200746977192767,0.5287741663548436,0.8911665199031901
1.37175,0.5205806294186306,0.528725465339348,0.8913407156551033
1.37274,0.5210853412206679,0.5286768512218498,0.8915146325942838
1.3737300000000001,0.5215888382405471,0.5286283238321795,0.8916882711669915
1.37472,0.5220911255606623,0.5285798830005521,0.8918616318187714
1.37571,0.5225922082309348,0.5285315285575667,0.8920347149944563
1.3767,0.5230920912691016,0.5284832603342038,0.8922075211381663
1.37769,0.5235907796610015,0.5284350781618261,0.8923800506933106
1.3786800000000001,0.5240882783608564,0.5283869818721761,0.8925523041025893
1.37967,0.5245845922915503,0.5283389712973761,0.8927242818079932
1.38066,0.5250797263449051,0.5282910462699261,0.8928959842508064
1.38165,0.525573685381953,0.5282432066227039,0.8930674118716061
1.38264,0.5260664742332061,0.5281954521889631,0.8932385651102647
1.3836300000000001,0.5265580976989219,0.5281477828023331,0.8934094444059502
1.38462,0.5270485605493677,0.5281001982968171,0.8935800501971278
1.38561,0.5275378675250805,0.5280526985067914,0.8937503829215614
1.3866,0.5280260233371243,0.5280052832670049,0.8939204430163135
1.38759,0.5285130326673448,0.5279579524125775,0.8940902309177474
1.3885800000000001,0.5289989001686212,0.5279107057789993,0.894259747061528
1.38957,0.5294836304651146,0.5278635432021298,0.8944289918826227
1.39056,0.5299672281525151,0.5278164645181964,0.8945979658153029
1.39155,0.5304496977982838,0.5277694695637941,0.894766669293145
1.3925400000000001,0.5309310439418948,0.5277225581758839,0.894935102749031
1.3935300000000002,0.5314112710950729,0.5276757301917921,0.8951032666151504
1.39452,0.5318903837420279,0.5276289854492094,0.8952711613230009
1.39551,0.5323683863396895,0.5275823237861899,0.8954387873033894
1.3965,0.5328452833179358,0.5275357450411498,0.8956061449864336
1.3974900000000001,0.5333210790798214,0.5274892490528666,0.8957732348015625
1.3984800000000002,0.5337957780018037,0.5274428356604787,0.8959400571775176
1.39947,0.5342693844339643,0.5273965047034835,0.8961066125423545
1.40046,0.5347419027002308,0.527350256021737,0.8962729013234437
1.40145,0.5352133370985939,0.5273040894554528,0.8964389239474713
1.40244,0.5356836919013225,0.5272580048452009,0.8966046808404408
1.4034300000000002,0.5361529713551795,0.5272120020319074,0.8967701724276737
1.40442,0.5366211796816298,0.5271660808568523,0.8969353991338107
1.40541,0.5370883210770512,0.5271202411616701,0.8971003613828129
1.4064,0.5375543997129403,0.5270744827883477,0.897265059597963
1.40739,0.5380194197361164,0.5270288055792237,0.8974294942018658
1.40838,0.5384833852689253,0.5269832093769881,0.89759366561645
1.40937,0.5389463004094368,0.5269376940246804,0.897757574262969
1.41036,0.5394081692316454,0.5268922593656894,0.8979212205620016
1.41135,0.5398689957856637,0.5268469052437521,0.8980846049334539
1.41234,0.5403287840979183,0.5268016315029524,0.8982477277965595
1.41333,0.54078753817134,0.526756437987721,0.8984105895698813
1.41432,0.5412452619855541,0.5267113245428333,0.8985731906713121
1.41531,0.5417019594970687,0.5266662910134097,0.8987355315180758
1.4163000000000001,0.5421576346394595,0.5266213372449138,0.8988976125267287
1.41729,0.5426122913235542,0.526576463083152,0.8990594341131601
1.41828,0.5430659334376146,0.5265316683742725,0.8992209966925939
1.41927,0.5435185648475166,0.5264869529647639,0.8993823006795892
1.42026,0.5439701893969281,0.5264423167014554,0.8995433464880418
1.4212500000000001,0.544420810907486,0.5263977594315145,0.8997041345311847
1.42224,0.5448704331789698,0.5263532810024474,0.8998646652215896
1.42323,0.5453190599894756,0.5263088812620972,0.9000249389711682
1.42422,0.5457666950955862,0.5262645600586434,0.9001849561911724
1.42521,0.546213342232541,0.5262203172406011,0.9003447172921963
1.4262000000000001,0.5466590051144028,0.5261761526568198,0.9005042226841764
1.42719,0.5471036874342246,0.5261320661564829,0.9006634727763934
1.42818,0.5475473928642127,0.5260880575891064,0.9008224679774728
1.42917,0.5479901250558905,0.5260441268045383,0.9009812086953859
1.43016,0.5484318876402582,0.5260002736529577,0.9011396953374513
1.4311500000000001,0.5488726842279527,0.5259564979848739,0.9012979283103356
1.43214,0.5493125184094046,0.5259127996511257,0.9014559080200542
1.43313,0.5497513937549959,0.52586917850288,0.9016136348719731
1.43412,0.5501893138152125,0.5258256343916315,0.9017711092708091
1.43511,0.5506262821207983,0.5257821671692018,0.9019283316206315
1.4361000000000002,0.5510623021829064,0.5257387766877383,0.9020853023248626
1.43709,0.5514973774932492,0.5256954627997131,0.9022420217862792
1.43808,0.5519315115242471,0.525652225357923,0.9023984904070134
1.43907,0.5523647077291747,0.5256090642154879,0.9025547085885535
1.4400600000000001,0.552796969542307,0.5255659792258502,0.9027106767317454
1.4410500000000002,0.5532283003790637,0.525522970242774,0.9028663952367934
1.44204,0.5536587036361512,0.5254800371203441,0.9030218645032608
1.44303,0.5540881826917048,0.5254371797129654,0.9031770849300722
1.44402,0.5545167409054279,0.5253943978753619,0.9033320569155129
1.44501,0.5549443816187312,0.5253516914625759,0.9034867808572312
1.4460000000000002,0.5553711081548692,0.5253090603299672,0.9036412571522388
1.44699,0.5557969238190767,0.5252665043332122,0.9037954861969117
1.44798,0.5562218318987037,0.5252240233283032,0.9039494683869921
1.44897,0.5566458356633474,0.5251816171715474,0.904103204117588
1.44996,0.5570689383649856,0.5251392857195664,0.9042566937831757
1.45095,0.5574911432381069,0.525097028829295,0.9044099377775996
1.45194,0.5579124534998398,0.5250548463579804,0.904562936494074
1.45293,0.5583328723500817,0.525012738163182,0.9047156903251838
1.45392,0.5587524029716252,0.5249707041027696,0.9048681996628855
1.45491,0.5591710485302847,0.5249287440349235,0.9050204648985081
1.4559,0.5595888121750201,0.5248868578181334,0.9051724864227546
1.45689,0.5600056970380612,0.5248450453111971,0.9053242646257023
1.45788,0.5604217062350294,0.5248033063732205,0.9054757998968045
1.4588700000000001,0.5608368428650586,0.5247616408636162,0.9056270926248906
1.45986,0.5612511100109159,0.5247200486421032,0.9057781431981684
1.46085,0.5616645107391198,0.5246785295687055,0.9059289520042237
1.46184,0.5620770481000585,0.5246370835037519,0.9060795194300224
1.46283,0.5624887251281062,0.524595710307875,0.9062298458619106
1.4638200000000001,0.5628995448417383,0.5245544098420101,0.9063799316856164
1.46481,0.5633095102436467,0.5245131819673949,0.9065297772862503
1.4658,0.5637186243208526,0.5244720265455688,0.9066793830483064
1.46679,0.5641268900448191,0.5244309434383712,0.9068287493556637
1.46778,0.5645343103715624,0.5243899325079417,0.9069778765915864
1.4687700000000001,0.5649408882417623,0.5243489936167194,0.9071267651387253
1.46976,0.5653466265808708,0.5243081266274409,0.9072754153791189
1.47075,0.5657515282992216,0.5242673314031411,0.9074238276941942
1.47174,0.5661555962921363,0.5242266078071514,0.9075720024647675
1.47273,0.5665588334400311,0.524185955703099,0.9077199400710461
1.4737200000000001,0.5669612426085219,0.5241453749549069,0.907867640892628
1.47471,0.5673628266485291,0.5241048654267921,0.908015105308504
1.4757,0.5677635883963807,0.5240644269832657,0.9081623336970586
1.47669,0.5681635306739148,0.5240240594891317,0.9083093264360701
1.47768,0.568562656288581,0.5239837628094863,0.9084560839027126
1.4786700000000002,0.5689609680335416,0.5239435368097173,0.9086026064735562
1.47966,0.5693584686877704,0.5239033813555032,0.9087488945245684
1.48065,0.5697551610161525,0.5238632963128124,0.908894948431115
1.48164,0.5701510477695817,0.5238232815479029,0.9090407685679609
1.4826300000000001,0.5705461316850573,0.523783336927321,0.909186355309271
1.4836200000000002,0.5709404154857811,0.5237434623179008,0.9093317090286119
1.48461,0.5713339018812519,0.5237036575867635,0.9094768300989515
1.4856,0.5717265935673606,0.5236639226013167,0.9096217188926614
1.48659,0.5721184932264832,0.5236242572292534,0.9097663757815169
1.4875800000000001,0.5725096035275745,0.5235846613385516,0.9099108011366981
1.4885700000000002,0.5728999271262593,0.5235451347974738,0.9100549953287912
1.48956,0.5732894666649235,0.523505677474565,0.9101989587277893
1.49055,0.5736782247728057,0.5234662892386539,0.9103426917030932
1.49154,0.5740662040660852,0.5234269699588505,0.9104861946235125
1.49253,0.5744534071479716,0.5233877195045465,0.9106294678572664
1.4935200000000002,0.574839836608793,0.5233485377454139,0.9107725117719849
1.49451,0.5752254950260827,0.5233094245514045,0.9109153267347094
1.4955,0.575610384964666,0.5232703797927495,0.9110579131118939
1.49649,0.5759945089767458,0.5232314033399582,0.9112002712694058
1.49748,0.5763778696019876,0.5231924950638178,0.9113424015725272
1.49847,0.5767604693676041,0.5231536548353923,0.9114843043859551
1.49946,0.5771423107884381,0.5231148825260225,0.911625980073803
1.50045,0.5775233963670459,0.5230761780073241,0.9117674289996018
1.50144,0.5779037285937786,0.5230375411511882,0.9119086515263002
1.50243,0.5782833099468643,0.5229989718297801,0.912049648016266
1.50342,0.5786621428924884,0.5229604699155384,0.9121904188312873
1.50441,0.5790402298848738,0.5229220352811744,0.9123309643325729
1.5054,0.5794175733663596,0.5228836677996721,0.9124712848807535
1.5063900000000001,0.5797941757674803,0.5228453673442865,0.9126113808358826
1.50738,0.5801700395070437,0.5228071337885434,0.9127512525574374
1.50837,0.5805451669922082,0.5227689670062386,0.9128909004043199
1.50936,0.580919560618559,0.5227308668714378,0.9130303247348571
1.51035,0.5812932227701846,0.5226928332584748,0.9131695259068033
1.5113400000000001,0.5816661558197519,0.5226548660419518,0.9133085042773396
1.51233,0.5820383621285808,0.5226169650967383,0.9134472602030753
1.51332,0.5824098440467191,0.5225791302979703,0.9135857940400496
1.51431,0.5827806039130144,0.5225413615210501,0.9137241061437311
1.5153,0.5831506440551885,0.5225036586416454,0.9138621968690199
1.5162900000000001,0.5835199667899085,0.5224660215356883,0.9140000665702479
1.51728,0.583888574422859,0.5224284500793751,0.9141377156011797
1.51827,0.5842564692488134,0.5223909441491653,0.9142751443150142
1.51926,0.5846236535517035,0.5223535036217815,0.9144123530643844
1.52025,0.58499012960469,0.5223161283742076,0.9145493422013593
1.5212400000000001,0.5853558996702317,0.5222788182836899,0.914686112077444
1.52223,0.5857209660001538,0.5222415732277345,0.9148226630435813
1.52322,0.5860853308357165,0.5222043930841082,0.9149589954501521
1.52421,0.5864489964076824,0.5221672777308366,0.9150951096469768
1.5252000000000001,0.5868119649363834,0.5221302270462049,0.9152310059833155
1.5261900000000002,0.5871742386317876,0.5220932409087558,0.9153666848078695
1.52718,0.5875358196935645,0.5220563191972897,0.9155021464687819
1.52817,0.587896710311151,0.5220194617908638,0.9156373913136387
1.52916,0.5882569126638159,0.5219826685687915,0.9157724196894694
1.5301500000000001,0.5886164289207244,0.5219459394106417,0.9159072319427481
1.5311400000000002,0.5889752612410019,0.5219092741962386,0.9160418284193945
1.53213,0.589333411773797,0.52187267280566,0.9161762094647744
1.53312,0.5896908826583449,0.521836135119238,0.9163103754237009
1.53411,0.5900476760240289,0.5217996610175574,0.9164443266404352
1.5351,0.5904037939904425,0.5217632503814553,0.9165780634586874
1.5360900000000002,0.5907592386674512,0.5217269030920211,0.916711586221618
1.53708,0.5911140121552515,0.5216906190305945,0.9168448952718374
1.53807,0.591468116544434,0.5216543980787666,0.9169779909514082
1.53906,0.5918215539160404,0.5216182401183777,0.9171108736018453
1.54005,0.5921743263416244,0.5215821450315176,0.9172435435641171
1.54104,0.59252643588331,0.521546112700525,0.917376001178646
1.54203,0.5928778845938505,0.5215101430079861,0.9175082467853101
1.54302,0.5932286745166855,0.5214742358367354,0.9176402807234427
1.54401,0.5935788076859987,0.5214383910698531,0.9177721033318348
1.545,0.5939282861267753,0.5214026085906664,0.9179037149487342
1.54599,0.5942771118548581,0.5213668882827479,0.9180351159118484
1.54698,0.5946252868770038,0.5213312300299149,0.9181663065583434
1.54797,0.5949728131909384,0.5212956337162294,0.9182972872248463
1.5489600000000001,0.5953196927854126,0.5212600992259971,0.9184280582474448
1.54995,0.5956659276402566,0.5212246264437668,0.9185586199616889
1.5509400000000002,0.5960115197264348,0.5211892152543298,0.9186889727025919
1.55193,0.5963564710060987,0.5211538655427196,0.9188191168046301
1.55292,0.5967007834326415,0.5211185771942107,0.9189490526017452
1.5539100000000001,0.5970444589507506,0.5210833500943188,0.919078780427344
1.5549,0.5973874994964606,0.5210481841287994,0.9192083006142998
1.55589,0.5977299069972052,0.521013079183648,0.919337613494953
1.55688,0.5980716833718693,0.5209780351450987,0.9194667194011122
1.55787,0.5984128305308405,0.5209430518996242,0.9195956186640548
1.5588600000000001,0.59875335037606,0.520908129333935,0.9197243116145281
1.55985,0.5990932448010734,0.5208732673349789,0.9198527985827497
1.56084,0.5994325156910808,0.5208384657899402,0.9199810798984092
1.56183,0.5997711649229872,0.5208037245862394,0.9201091558906679
1.5628199999999999,0.6001091943654512,0.5207690436115324,0.9202370268881608
1.5638100000000001,0.6004466058789347,0.5207344227537102,0.9203646932189965
1.5648,0.6007834013157517,0.520699861900898,0.9204921552107587
1.56579,0.6011195825201162,0.5206653609414547,0.9206194131905067
1.56678,0.6014551513281909,0.5206309197639725,0.9207464674847761
1.5677699999999999,0.601790109568134,0.5205965382572761,0.9208733184195801
1.5687600000000002,0.6021244590601474,0.5205622163104227,0.9209999663204103
1.56975,0.6024582016165231,0.5205279538127002,0.9211264115122366
1.57074,0.6027913390416895,0.5204937506536281,0.9212526543195096
1.57173,0.6031238731322581,0.5204596067229559,0.9213786950661602
1.57272,0.6034558056770697,0.520425521910663,0.9215045340756007
1.5737100000000002,0.6037871384572393,0.5203914961069582,0.9216301716707259
1.5747,0.6041178732462008,0.5203575292022785,0.9217556081739139
1.57569,0.6044480118097536,0.5203236210872895,0.9218808439070266
1.57668,0.6047775559061052,0.5202897716528841,0.9220058791914109
1.57767,0.6051065072859164,0.5202559807901823,0.9221307143478993
1.5786600000000002,0.6054348676923454,0.5202222483905303,0.9222553496968107
1.57965,0.6057626388610905,0.5201885743455007,0.9223797855579514
1.58064,0.6060898225204334,0.5201549585468909,0.9225040222506158
1.58163,0.6064164203912831,0.5201214008867233,0.9226280600935874
1.58262,0.6067424341872169,0.5200879012572449,0.9227518994051392
1.5836100000000002,0.6070678656145243,0.5200544595509257,0.922875540503035
1.5846,0.6073927163722473,0.5200210756604595,0.9229989837045297
1.58559,0.6077169881522236,0.5199877494787624,0.9231222293263709
1.58658,0.6080406826391265,0.5199544808989726,0.9232452776847987
1.58757,0.608363801510507,0.51992126981445,0.9233681290955473
1.5885600000000002,0.6086863464368337,0.5198881161187753,0.9234907838738458
1.58955,0.609008319081534,0.5198550197057498,0.923613242334418
1.59054,0.6093297211010336,0.5198219804693945,0.9237355047914848
1.5915300000000001,0.6096505541447966,0.5197889983039502,0.9238575715587636
1.59252,0.6099708198553646,0.5197560731038763,0.92397944294947
1.5935100000000002,0.6102905198683972,0.5197232047638506,0.9241011192763181
1.5945,0.6106096558127092,0.5196903931787686,0.9242226008515215
1.59549,0.6109282293103109,0.5196576382437433,0.9243438879867941
1.5964800000000001,0.6112462419764451,0.5196249398541043,0.924464980993351
1.59747,0.6115636954196262,0.5195922979053975,0.9245858801819088
1.59846,0.6118805912416782,0.5195597122933844,0.9247065858626873
1.59945,0.6121969310377711,0.5195271829140419,0.9248270983454094
1.60044,0.6125127163964593,0.5194947096635614,0.9249474179393025
1.6014300000000001,0.6128279488997186,0.5194622924383484,0.9250675449530988
1.60242,0.613142630122982,0.5194299311350223,0.9251874796950365
1.60341,0.6134567616351773,0.5193976256504155,0.9253072224728605
1.6044,0.6137703449987628,0.5193653758815729,0.9254267735938229
1.60539,0.6140833817697635,0.5193331817257516,0.9255461333646844
1.6063800000000001,0.6143958734978066,0.5193010430804204,0.9256653020917144
1.60737,0.614707821726157,0.5192689598432588,0.9257842800806921
1.60836,0.6150192279917533,0.5192369319121574,0.9259030676369076
1.60935,0.6153300938252414,0.5192049591852165,0.9260216650651618
1.6103399999999999,0.6156404207510104,0.5191730415607461,0.9261400726697684
1.6113300000000002,0.6159502102872266,0.5191411789372651,0.9262582907545535
1.61232,0.6162594639458676,0.5191093712135013,0.926376319622857
1.61331,0.6165681832327566,0.5190776182883902,0.9264941595775338
1.6143,0.6168763696475964,0.519045920061075,0.9266118109209531
1.61529,0.617184024684002,0.5190142764309061,0.926729273955001
1.6162800000000002,0.6174911498295351,0.5189826872974403,0.9268465489810802
1.61727,0.6177977465657362,0.5189511525604406,0.9269636363001106
1.61826,0.6181038163681577,0.5189196721198753,0.9270805362125307
1.61925,0.6184093607063968,0.5188882458759182,0.9271972490182985
1.62024,0.6187143810441278,0.5188568737289474,0.9273137750168912
1.6212300000000002,0.6190188788391338,0.5188255555795451,0.9274301145073072
1.62222,0.6193228555433388,0.5187942913284975,0.927546267788066
1.62321,0.6196263126028401,0.5187630808767935,0.9276622351572097
1.6242,0.6199292514579389,0.5187319241256247,0.9277780169123029
1.62519,0.6202316735431715,0.5187008209763853,0.9278936133504341
1.6261800000000002,0.6205335802873416,0.5186697713306706,0.9280090247682165
1.62717,0.6208349731135494,0.5186387750902774,0.9281242514617882
1.62816,0.6211358534392238,0.5186078321572035,0.9282392937268136
1.62915,0.6214362226761517,0.5185769424336465,0.9283541518584837
1.63014,0.6217360822305087,0.5185461058220038,0.928468826151517
1.6311300000000002,0.6220354335028894,0.5185153222248724,0.9285833169001607
1.63212,0.622334277888336,0.518484591545048,0.9286976243981903
1.63311,0.6226326167763694,0.5184539136855245,0.9288117489389116
1.6341,0.622930451551018,0.5184232885494939,0.9289256908151609
1.63509,0.6232277835908462,0.5183927160403455,0.9290394503193056
1.6360800000000002,0.6235246142689848,0.5183621960616656,0.9291530277432454
1.63707,0.623820944953158,0.518331728517237,0.9292664233784126
1.63806,0.6241167770057137,0.5183013133110382,0.9293796375157731
1.6390500000000001,0.6244121117836513,0.5182709503472438,0.9294926704458272
1.64004,0.6247069506386491,0.518240639530223,0.9296055224586098
1.64103,0.625001294917094,0.5182103807645398,0.9297181938436924
1.64202,0.6252951459601075,0.5181801739549526,0.9298306848901822
1.64301,0.6255885051035748,0.5181500190064132,0.9299429958867239
1.6440000000000001,0.6258813736781715,0.5181199158240666,0.9300551271215005
1.64499,0.6261737530093912,0.5180898643132508,0.9301670788822336
1.64598,0.6264656444175722,0.518059864379496,0.9302788514561839
1.64697,0.6267570492179254,0.5180299159285244,0.930390445130153
1.64796,0.6270479687205593,0.5180000188662496,0.9305018601904829
1.6489500000000001,0.6273384042305086,0.517970173098776,0.9306130969230574
1.64994,0.6276283570477589,0.5179403785323987,0.9307241556133028
1.65093,0.6279178284672743,0.5179106350736029,0.9308350365461888
1.65192,0.6282068197790219,0.5178809426290634,0.9309457400062285
1.6529099999999999,0.6284953322679991,0.517851301105644,0.93105626627748
1.6539000000000001,0.6287833672142588,0.5178217104103975,0.9311666156435465
1.65489,0.6290709258929342,0.5177921704505649,0.9312767883875774
1.65588,0.6293580095742655,0.5177626811335749,0.9313867847922689
1.65687,0.6296446195236239,0.5177332423670439,0.9314966051398647
1.65786,0.6299307570015371,0.517703854058775,0.9316062497121567
1.6588500000000002,0.6302164232637147,0.517674516116758,0.9317157187904859
1.65984,0.6305016195610716,0.5176452284491686,0.9318250126557427
1.66083,0.630786347139754,0.5176159909643685,0.9319341315883685
1.66182,0.6310706072411624,0.5175868035709044,0.932043075868355
1.66281,0.6313544011019769,0.5175576661775075,0.9321518457752466
1.6638000000000002,0.6316377299541811,0.517528578693094,0.9322604415881397
1.66479,0.6319205950250849,0.5174995410267634,0.9323688635856843
1.66578,0.6322029975373501,0.5174705530877992,0.9324771120460841
1.66677,0.6324849387090122,0.5174416147856675,0.9325851872470977
1.66776,0.6327664197535052,0.5174127260300175,0.9326930894660392
1.6687500000000002,0.6330474418796841,0.5173838867306803,0.9328008189797788
1.66974,0.633328006291848,0.5173550967976688,0.9329083760647434
1.67073,0.633608114189764,0.5173263561411772,0.9330157609969176
1.67172,0.6338877667686887,0.5172976646715809,0.9331229740518442
1.67271,0.6341669652193922,0.5172690222994356,0.9332300155046249
1.6737000000000002,0.6344457107281797,0.5172404289354771,0.9333368856299215
1.67469,0.6347240044769142,0.5172118844906209,0.9334435847019555
1.67568,0.6350018476430391,0.517183388875962,0.9335501129945102
1.67667,0.6352792413996001,0.5171549420027738,0.93365647078093
1.67766,0.6355561869152667,0.5171265437825082,0.9337626583341223
1.6786500000000002,0.635832685354355,0.5170981941267955,0.9338686759265576
1.67964,0.6361087378768483,0.5170698929474431,0.9339745238302701
1.68063,0.6363843456384197,0.5170416401564358,0.9340802023168588
1.6816200000000001,0.6366595097904529,0.5170134356659354,0.9341857116574879
1.68261,0.6369342314800636,0.5169852793882795,0.9342910521228873
1.6836,0.6372085118501208,0.5169571712359821,0.9343962239833543
1.68459,0.637482352039268,0.5169291111217325,0.934501227508753
1.68558,0.6377557531819429,0.5169010989583953,0.9346060629685153
1.6865700000000001,0.6380287164084003,0.5168731346590096,0.9347107306316429
1.68756,0.6383012428447306,0.5168452181367891,0.9348152307667057
1.68855,0.6385733336128817,0.5168173493051212,0.9349195636418447
1.68954,0.6388449898306788,0.516789528077567,0.9350237295247712
1.69053,0.6391162126118447,0.5167617543678603,0.9351277286827681
1.6915200000000001,0.6393870030660198,0.5167340280899081,0.9352315613826907
1.69251,0.6396573622987826,0.5167063491577895,0.9353352278909668
1.6935,0.6399272914116689,0.5166787174857554,0.9354387284735982
1.69449,0.640196791502192,0.5166511329882285,0.9355420633961608
1.6954799999999999,0.640465863663862,0.5166235955798022,0.9356452329238051
1.6964700000000001,0.640734508986206,0.5165961051752411,0.9357482373212576
1.69746,0.641002728554786,0.5165686616894798,0.935851076852821
1.69845,0.6412705234512203,0.5165412650376229,0.9359537517823748
1.69944,0.6415378947532006,0.5165139151349445,0.9360562623733765
1.7004299999999999,0.6418048435345118,0.516486611896888,0.9361586088888614
1.7014200000000002,0.642071370865052,0.5164593552390656,0.9362607915914442
1.70241,0.642337477810849,0.5164321450772575,0.9363628107433192
1.7034,0.6426031654340811,0.5164049813274124,0.9364646666062608
1.70439,0.6428684347930947,0.5163778639056461,0.9365663594416248
1.70538,0.6431332869424224,0.5163507927282421,0.9366678895103484
1.7063700000000002,0.6433977229328023,0.5163237677116503,0.9367692570729511
1.70736,0.6436617438111952,0.5162967887724873,0.9368704623895358
1.70835,0.6439253506208038,0.5162698558275357,0.9369715057197886
1.70934,0.6441885444010896,0.5162429687937438,0.9370723873229803
1.71033,0.6444513261877916,0.516216127588225,0.9371731074579664
1.7113200000000002,0.6447136970129436,0.5161893321282581,0.9372736663831887
1.71231,0.644975657904892,0.5161625823312859,0.9373740643566746
1.7133,0.6452372098883137,0.5161358781149158,0.9374743016360388
1.71429,0.645498353984233,0.5161092193969186,0.937574378478484
1.71528,0.6457590912100394,0.5160826060952288,0.9376742951408007
1.7162700000000002,0.6460194225795047,0.516056038127944,0.9377740518793688
1.71726,0.6462793491027998,0.5160295154133242,0.9378736489501573
1.71825,0.6465388717865124,0.5160030378697918,0.9379730866087265
1.71924,0.6467979916336635,0.5159766054159313,0.9380723651102265
1.72023,0.6470567096437242,0.5159502179704885,0.9381714847093997
1.7212200000000002,0.647315026812633,0.5159238754523704,0.9382704456605808
1.72221,0.6475729441328113,0.5158975777806452,0.938369248217697
1.7232,0.6478304625931814,0.515871324874541,0.9384678926342693
1.7241900000000001,0.6480875831791818,0.5158451166534463,0.9385663791634131
1.72518,0.6483443068727837,0.5158189530369095,0.9386647080578384
1.7261700000000002,0.648600634652508,0.5157928339446378,0.9387628795698508
1.72716,0.6488565674934405,0.5157667592964981,0.9388608939513521
1.72815,0.6491121063672485,0.5157407290125151,0.938958751453841
1.7291400000000001,0.6493672522421967,0.5157147430128726,0.9390564523284134
1.73013,0.649622006083163,0.5156888012179116,0.9391539968257634
1.73112,0.649876368851654,0.5156629035481313,0.9392513851961842
1.73211,0.6501303415058213,0.5156370499241877,0.9393486176895678
1.7331,0.6503839250004761,0.5156112402668935,0.9394456945554067
1.7340900000000001,0.650637120287106,0.5155854744972183,0.9395426160427939
1.73508,0.650889928313889,0.5155597525362876,0.9396393824004234
1.73607,0.6511423500257104,0.5155340743053826,0.9397359938765919
1.73706,0.6513943863641761,0.51550843972594,0.939832450719198
1.73805,0.6516460382676295,0.5154828487195515,0.9399287531757436
1.7390400000000001,0.6518973066711652,0.5154573012079637,0.940024901493335
1.74003,0.652148192506645,0.5154317971130773,0.9401208959186822
1.74102,0.6523986967027121,0.5154063363569473,0.9402167366981009
1.74201,0.6526488201848062,0.5153809188617821,0.9403124240775124
1.7429999999999999,0.6528985638751778,0.5153555445499434,0.9404079583024443
1.7439900000000002,0.6531479286929035,0.5153302133439461,0.9405033396180313
1.74498,0.6533969155538994,0.5153049251664577,0.9405985682690157
1.74597,0.6536455253709372,0.5152796799402977,0.9406936444997481
1.74696,0.6538937590536569,0.5152544775884377,0.940788568554188
1.74795,0.6541416175085817,0.5152293180340011,0.9408833406759044
1.7489400000000002,0.6543891016391329,0.5152042012002621,0.9409779611080765
1.74993,0.6546362123456425,0.5151791270106463,0.9410724300934943
1.75092,0.6548829505253688,0.5151540953887294,0.9411667478745589
1.75191,0.6551293170725095,0.5151291062582375,0.941260914693284
1.7529,0.6553753128782152,0.5151041595430469,0.9413549307912953
1.7538900000000002,0.6556209388306042,0.5150792551671829,0.9414487964098321
1.75488,0.6558661958147757,0.5150543930548204,0.9415425117897478
1.75587,0.6561110847128228,0.5150295731302831,0.9416360771715097
1.75686,0.6563556064038474,0.5150047953180431,0.9417294927952007
1.75785,0.6565997617639724,0.5149800595427209,0.9418227589005193
1.7588400000000002,0.656843551666356,0.5149553657290847,0.9419158757267804
1.75983,0.6570869769812044,0.5149307138020505,0.9420088435129156
1.76082,0.6573300385757854,0.514906103686681,0.9421016624974743
1.76181,0.6575727373144414,0.5148815353081864,0.9421943329186241
1.7628,0.6578150740586025,0.5148570085919231,0.9422868550141513
1.7637900000000002,0.6580570496667999,0.5148325234633935,0.9423792290214619
1.76478,0.658298664994678,0.5148080798482466,0.9424714551775811
1.76577,0.6585399208950082,0.5147836776722763,0.9425635337191558
1.76676,0.6587808182177011,0.5147593168614221,0.9426554648824534
1.76775,0.6590213578098193,0.5147349973417681,0.9427472489033634
1.7687400000000002,0.6592615405155907,0.5147107190395432,0.9428388860173977
1.76973,0.6595013671764197,0.5146864818811208,0.9429303764596911
1.77072,0.6597408386309013,0.5146622857930178,0.9430217204650023
1.7717100000000001,0.6599799557148325,0.5146381307018947,0.9431129182677143
1.7727,0.660218719261225,0.5146140165345559,0.9432039701018344
1.77369,0.6604571301003176,0.514589943217948,0.9432948762009962
1.77468,0.6606951890595882,0.514565910679161,0.9433856367984584
1.77567,0.6609328969637661,0.5145419188454267,0.9434762521271074
1.7766600000000001,0.6611702546348442,0.514517967644119,0.9435667224194559
1.77765,0.6614072628920908,0.5144940570027537,0.943657047907645
1.77864,0.6616439225520618,0.5144701868489879,0.9437472288234442
1.77963,0.6618802344286122,0.51444635711062,0.9438372653982516
1.78062,0.6621161993329089,0.5144225677155886,0.9439271578630957
1.7816100000000001,0.6623518180734409,0.5143988185919732,0.9440169064486343
1.7826,0.6625870914560325,0.5143751096679933,0.9441065113851569
1.78359,0.6628220202838541,0.5143514408720082,0.9441959729025838
1.78458,0.663056605357434,0.514327812132517,0.9442852912304676
1.7855699999999999,0.6632908474746702,0.5143042233781574,0.9443744665979933
1.7865600000000001,0.6635247474308411,0.5142806745377065,0.9444634992339791
1.78755,0.6637583060186175,0.5142571655400798,0.9445523893668771
1.78854,0.6639915240280739,0.5142336963143312,0.9446411372247737
1.78953,0.6642244022466995,0.5142102667896523,0.9447297430353901
1.79052,0.6644569414594097,0.5141868768953726,0.9448182070260833
1.7915100000000002,0.6646891424485567,0.5141635265609589,0.944906529423846
1.7925,0.6649210059939409,0.514140215716015,0.9449947104553078
1.79349,0.6651525328728225,0.5141169442902814,0.9450827503467356
1.79448,0.6653837238599314,0.5140937122136352,0.9451706493240343
1.79547,0.6656145797274786,0.5140705194160896,0.9452584076127466
1.7964600000000002,0.6658451012451673,0.5140473658277935,0.9453460254380549
1.79745,0.6660752891802031,0.5140242513790316,0.9454335030247809
1.79844,0.6663051442973051,0.5140011760002234,0.9455208405973864
1.79943,0.6665346673587166,0.513978139621924,0.9456080383799741
1.80042,0.6667638591242153,0.5139551421748225,0.9456950965962876
1.8014100000000002,0.6669927203511246,0.5139321835897427,0.9457820154697131
1.8024,0.6672212517943228,0.5139092637976422,0.9458687952232785
1.80339,0.6674494542062552,0.5138863827296126,0.9459554360796552
1.80438,0.6676773283369432,0.5138635403168791,0.946041938261158
1.80537,0.6679048749339949,0.5138407364907994,0.9461283019897461
1.8063600000000002,0.6681320947426157,0.5138179711828648,0.9462145274870231
1.80735,0.6683589885056181,0.5137952443246987,0.9463006149742381
1.80834,0.6685855569634326,0.513772555848057,0.9463865646722861
1.80933,0.6688118008541164,0.5137499056848276,0.9464723768017086
1.81032,0.6690377209133648,0.51372729376703,0.9465580515826937
1.8113100000000002,0.6692633178745208,0.5137047200268151,0.9466435892350777
1.8123,0.6694885924685845,0.513682184396465,0.9467289899783445
1.81329,0.6697135454242238,0.5136596868083926,0.946814254031627
1.8142800000000001,0.6699381774677836,0.5136372271951414,0.9468993816137072
1.81527,0.6701624893232959,0.513614805489385,0.9469843729430172
1.81626,0.6703864817124895,0.5135924216239272,0.9470692282376391
1.81725,0.6706101553547995,0.5135700755317012,0.9471539477153061
1.81824,0.6708335109673771,0.51354776714577,0.947238531593403
1.8192300000000001,0.6710565492650992,0.5135254963993253,0.9473229800889666
1.82022,0.6712792709605775,0.5135032632256878,0.9474072934186863
1.82121,0.6715016767641689,0.5134810675583069,0.9474914717989047
1.8222,0.671723767383984,0.5134589093307601,0.9475755154456181
1.82319,0.6719455435258965,0.5134367884767529,0.947659424574477
1.8241800000000001,0.6721670058935536,0.5134147049301185,0.947743199400787
1.82517,0.6723881551883838,0.5133926586248176,0.9478268401395087
1.82616,0.6726089921096072,0.513370649494938,0.947910347005259
1.82715,0.6728295173542443,0.5133486774746946,0.9479937202123111
1.8281399999999999,0.6730497316171249,0.5133267424984282,0.9480769599745953
1.8291300000000001,0.6732696355908978,0.5133048445006069,0.9481600665056995
1.83012,0.6734892299660391,0.513282983415824,0.9482430400188697
1.83111,0.6737085154308617,0.513261159178799,0.9483258807270105
1.8321,0.6739274926715242,0.513239371724377,0.948408588842686
1.8330899999999999,0.6741461623720396,0.5132176209875278,0.9484911645781197
1.8340800000000002,0.674364525214284,0.5131959069033466,0.9485736081451958
1.83507,0.674582581878006,0.513174229407053,0.9486559197554592
1.83606,0.6748003330408349,0.5131525884339915,0.9487380996201159
1.83705,0.6750177793782894,0.51313098391963,0.9488201479500346
1.83804,0.675234921563787,0.5131094157995606,0.9489020649557456
1.8390300000000002,0.6754517602686515,0.5130878840094992,0.948983850847443
1.84002,0.6756682961621224,0.5130663884852849,0.9490655058349838
1.84101,0.6758845299113634,0.5130449291628794,0.9491470301278899
1.842,0.6761004621814704,0.5130235059783679,0.949228423935347
1.84299,0.6763160936354801,0.5130021188679575,0.9493096874662065
1.8439800000000002,0.6765314249343788,0.5129807677679781,0.9493908209289855
1.84497,0.6767464567371104,0.5129594526148811,0.9494718245318671
1.84596,0.6769611897005848,0.51293817334524,0.9495526984827013
1.84695,0.6771756244796862,0.5129169298957492,0.9496334429890056
1.84794,0.6773897617272809,0.5128957222032251,0.9497140582579652
1.8489300000000002,0.6776036020942265,0.5128745502046045,0.9497945444964335
1.84992,0.6778171462293789,0.5128534138369447,0.9498749019109333
1.85091,0.6780303947796015,0.512832313037424,0.9499551307076562
1.8519,0.678243348389772,0.5128112477433405,0.9500352310924645
1.85289,0.6784560077027914,0.5127902178921119,0.9501152032708904
1.8538800000000002,0.678668373359592,0.5127692234212761,0.9501950474481374
1.85487,0.6788804459991444,0.5127482642684897,0.9502747638290806
1.85586,0.6790922262584667,0.5127273403715293,0.9503543526182671
1.8568500000000001,0.6793037147726313,0.5127064516682895,0.9504338140199164
1.85784,0.6795149121747731,0.512685598096784,0.9505131482379217
1.8588300000000002,0.6797258190960974,0.5126647795951446,0.9505923554758492
1.85982,0.6799364361658876,0.512643996101621,0.9506714359369397
1.86081,0.6801467640115126,0.5126232475545812,0.9507503898241086
1.8618000000000001,0.6803568032584347,0.5126025338925106,0.9508292173399465
1.86279,0.6805665545302177,0.5125818550540119,0.9509079186867196
1.86378,0.6807760184485333,0.5125612109778045,0.9509864940663706
1.86477,0.6809851956331698,0.5125406016027251,0.9510649436805189
1.86576,0.6811940867020392,0.5125200268677267,0.9511432677304611
1.8667500000000001,0.6814026922711842,0.5124994867118788,0.9512214664171716
1.86774,0.6816110129547864,0.5124789810743668,0.9512995399413033
1.86873,0.6818190493651735,0.512458509894492,0.9513774885031879
1.86972,0.6820268021128262,0.5124380731116712,0.9514553123028364
1.87071,0.682234271806386,0.5124176706654364,0.9515330115399394
1.8717000000000001,0.6824414590526622,0.5123973024954348,0.9516105864138685
1.87269,0.6826483644566395,0.5123769685414286,0.9516880371236756
1.87368,0.6828549886214849,0.5123566687432941,0.9517653638680942
1.87467,0.6830613321485549,0.5123364030410222,0.9518425668455399
1.8756599999999999,0.683267395637403,0.5123161713747181,0.9519196462541106
1.8766500000000002,0.6834731796857861,0.5122959736846002,0.951996602291587
1.87764,0.6836786848896723,0.5122758099110012,0.9520734351554333
1.87863,0.6838839118432476,0.5122556799943667,0.9521501450427978
1.87962,0.6840888611389229,0.5122355838752555,0.9522267321505131
1.88061,0.6842935333673408,0.5122155214943391,0.9523031966750968
1.8816000000000002,0.6844979291173834,0.5121954927924021,0.952379538812752
1.88259,0.6847020489761777,0.5121754977103408,0.9524557587593675
1.88358,0.684905893529104,0.5121555361891641,0.952531856710519
1.88457,0.6851094633598016,0.5121356081699928,0.9526078328614688
1.88556,0.6853127590501761,0.5121157135940592,0.9526836874071669
1.8865500000000002,0.6855157811804063,0.5120958524027068,0.9527594205422513
1.88754,0.6857185303289508,0.5120760245373909,0.9528350324610481
1.88853,0.6859210070725542,0.5120562299396769,0.9529105233575728
1.88952,0.6861232119862545,0.5120364685512416,0.95298589342553
1.89051,0.6863251456433894,0.5120167403138721,0.9530611428583147
1.8915000000000002,0.6865268086156032,0.5119970451694655,0.9531362718490118
1.89249,0.6867282014728523,0.511977383060029,0.9532112805903978
1.89348,0.6869293247834134,0.5119577539276797,0.9532861692749401
1.89447,0.6871301791138889,0.5119381577146441,0.9533609380947983
1.89546,0.6873307650292132,0.5119185943632579,0.9534355872418243
1.8964500000000002,0.6875310830926601,0.5118990638159661,0.953510116907563
1.89744,0.6877311338658484,0.5118795660153223,0.9535845272832529
1.89843,0.6879309179087485,0.5118601009039887,0.9536588185598261
1.89942,0.688130435779689,0.5118406684247361,0.9537329909279093
1.90041,0.6883296880353627,0.5118212685204432,0.9538070445778241
1.9014000000000002,0.6885286752308329,0.5118019011340966,0.9538809796995871
1.90239,0.68872739791954,0.5117825662087908,0.9539547964829114
1.90338,0.6889258566533071,0.5117632636877275,0.9540284951172058
1.9043700000000001,0.6891240519823469,0.5117439935142157,0.9541020757915766
1.90536,0.6893219844552678,0.5117247556316714,0.9541755386948267
1.90635,0.689519654619079,0.5117055499836173,0.9542488840154576
1.90734,0.6897170630191982,0.5116863765136827,0.9543221119416684
1.90833,0.6899142101994564,0.5116672351656032,0.9543952226613573
1.9093200000000001,0.6901110967021044,0.5116481258832203,0.9544682163621218
1.91031,0.6903077230678191,0.5116290486104819,0.9545410932312588
1.9113,0.690504089835709,0.5116100032914408,0.9546138534557659
1.91229,0.6907001975433207,0.5115909898702555,0.954686497222341
1.91328,0.6908960467266443,0.5115720082911901,0.9547590247173835
1.9142700000000001,0.6910916379201195,0.5115530584986131,0.9548314361269941
1.91526,0.6912869716566414,0.5115341404369979,0.9549037316369758
1.91625,0.6914820484675671,0.5115152540509224,0.9549759114328346
1.91724,0.6916768688827201,0.5114963992850691,0.9550479756997787
1.9182299999999999,0.6918714334303973,0.511477576084224,0.9551199246227208
1.9192200000000001,0.6920657426373743,0.5114587843932775,0.9551917583862769
1.92021,0.692259797028911,0.5114400241572234,0.9552634771747679
1.9212,0.6924535971287581,0.5114212953211589,0.9553350811722197
1.92219,0.6926471434591611,0.5114025978302844,0.9554065705623634
1.92318,0.6928404365408682,0.5113839316299034,0.9554779455286364
1.9241700000000002,0.6930334768931341,0.5113652966654219,0.955549206254182
1.92516,0.6932262650337264,0.5113466928823487,0.9556203529218509
1.92615,0.6934188014789312,0.5113281202262949,0.9556913857142006
1.92714,0.6936110867435582,0.5113095786429736,0.9557623048134969
1.92813,0.6938031213409471,0.5112910680781999,0.9558331104017135
1.9291200000000002,0.6939949057829721,0.5112725884778906,0.9559038026605331
1.93011,0.6941864405800477,0.5112541397880638,0.9559743817713474
1.9311,0.6943777262411348,0.5112357219548389,0.9560448479152579
1.93209,0.6945687632737452,0.5112173349244367,0.9561152012730761
1.93308,0.6947595521839474,0.5111989786431782,0.9561854420253244
1.9340700000000002,0.694950093476372,0.5111806530574857,0.9562555703522359
1.93506,0.6951403876542172,0.5111623581138812,0.9563255864337553
1.93605,0.6953304352192538,0.5111440937589876,0.9563954904495395
1.93704,0.6955202366718303,0.5111258599395273,0.9564652825789577
1.93803,0.695709792510879,0.5111076566023226,0.9565349630010919
1.9390200000000002,0.6958991032339209,0.5110894836942954,0.9566045318947377
1.94001,0.6960881693370701,0.5110713411624669,0.9566739894384043
1.941,0.6962769913150401,0.5110532289539577,0.9567433358103155
1.94199,0.6964655696611485,0.5110351470159868,0.9568125711884093
1.94298,0.6966539048673221,0.5110170952958726,0.9568816957503395
1.9439700000000002,0.6968419974241027,0.5109990737410315,0.9569507096734753
1.94496,0.6970298478206505,0.5109810822989783,0.9570196131349017
1.94595,0.6972174565447515,0.5109631209173263,0.9570884063114208
1.9469400000000001,0.697404824082821,0.5109451895437863,0.9571570893795512
1.94793,0.6975919509199084,0.510927288126167,0.9572256625155297
1.94892,0.6977788375397038,0.5109094166123743,0.95729412589531
1.94991,0.6979654844245414,0.5108915749504118,0.9573624796945652
1.9509,0.6981518920554053,0.5108737630883802,0.9574307240886865
1.9518900000000001,0.6983380609119342,0.5108559809744765,0.9574988592527847
1.95288,0.6985239914724262,0.510838228556995,0.9575668853616901
1.95387,0.6987096842138442,0.5108205057843264,0.9576348025899535
1.95486,0.6988951396118199,0.5108028126049573,0.9577026111118461
1.95585,0.6990803581406597,0.5107851489674708,0.9577703111013602
1.9568400000000001,0.6992653402733486,0.5107675148205457,0.9578379027322096
1.95783,0.6994500864815558,0.5107499101129565,0.95790538617783
1.95882,0.6996345972356387,0.510732334793573,0.9579727616113798
1.95981,0.6998188730046484,0.5107147888113608,0.9580400292057397
1.9607999999999999,0.7000029142563339,0.51069727211538,0.9581071891335143
1.9617900000000001,0.700186721457147,0.5106797846547857,0.9581742415670316
1.96278,0.7003702950722471,0.5106623263788281,0.9582411866783437
1.96377,0.7005536355655061,0.5106448972368515,0.9583080246392276
1.96476,0.7007367433995122,0.5106274971782945,0.9583747556211851
1.9657499999999999,0.7009196190355754,0.5106101261526901,0.9584413797954436
1.9667400000000002,0.7011022629337321,0.5105927841096649,0.9585078973329566
1.96773,0.7012846755527489,0.5105754709989392,0.9585743084044037
1.96872,0.7014668573501279,0.510558186770327,0.9586406131801914
1.96971,0.7016488087821113,0.5105409313737356,0.9587068118304536
1.9707,0.7018305303036853,0.5105237047591652,0.9587729045250517
1.9716900000000002,0.7020120223685851,0.5105065068767093,0.9588388914335753
1.97268,0.7021932854292992,0.5104893376765537,0.9589047727253426
1.97367,0.7023743199370742,0.5104721971089771,0.9589705485694007
1.97466,0.702555126341919,0.5104550851243503,0.9590362191345263
1.97565,0.7027357050926089,0.5104380016731366,0.9591017845892257
1.9766400000000002,0.7029160566366907,0.5104209467058909,0.9591672451017357
1.97763,0.7030961814204864,0.51040392017326,0.9592326008400237
1.97862,0.7032760798890982,0.5103869220259823,0.9592978519717885
1.97961,0.7034557524864126,0.5103699522148879,0.9593629986644602
1.9806,0.7036351996551045,0.5103530106908976,0.959428041085201
1.9815900000000002,0.7038144218366417,0.5103360974050234,0.9594929794009055
1.98258,0.7039934194712894,0.5103192123083683,0.9595578137782014
1.98357,0.7041721929981143,0.5103023553521259,0.9596225443834494
1.98456,0.7043507428549884,0.51028552648758,0.9596871713827443
1.98555,0.7045290694785945,0.5102687256661049,0.9597516949419145
1.9865400000000002,0.7047071733044288,0.5102519528391652,0.9598161152265234
1.98753,0.7048850547668063,0.5102352079583149,0.9598804324018695
1.98852,0.7050627142988646,0.510218490975198,0.9599446466329863
1.9895100000000001,0.7052401523325679,0.5102018018415481,0.9600087580846436
1.9905,0.7054173692987113,0.5101851405091878,0.960072766921347
1.9914900000000002,0.7055943656269252,0.5101685069300294,0.9601366733073393
1.99248,0.7057711417456788,0.5101519010560736,0.9602004774066
1.99347,0.7059476980822845,0.5101353228394103,0.9602641793828464
1.9944600000000001,0.7061240350629024,0.5101187722322178,0.9603277793995337
1.99545,0.7063001531125436,0.510102249186763,0.9603912776198553
1.99644,0.7064760526550745,0.5100857536554008,0.9604546742067438
1.99743,0.7066517341132214,0.5100692855905742,0.9605179693228706
1.99842,0.7068271979085734,0.5100528449448146,0.9605811631306468
1.9994100000000001,0.7070024444615874,0.5100364316707403,0.9606442557922239
2.0004,0.7071774741915916,0.5100200457210576,0.9607072474694933
2.00139,0.7073522875167892,0.5100036870485601,0.9607701383240879
2.00238,0.7075268848542634,0.5099873556061284,0.9608329285173814
2.00337,0.7077012666199795,0.5099710513467303,0.9608956182104895
2.00436,0.7078754332287905,0.5099547742234203,0.9609582075642698
2.00535,0.7080493850944405,0.5099385241893393,0.9610206967393227
2.00634,0.7082231226295678,0.509922301197715,0.9610830858959911
2.00733,0.7083966462457099,0.5099061052018613,0.961145375194362
2.00832,0.7085699563533063,0.509889936155178,0.9612075647942655
2.00931,0.7087430533617033,0.509873794011151,0.961269654855276
2.0103,0.7089159376791567,0.5098576787233516,0.9613316455367129
2.01129,0.7090886097128367,0.5098415902454375,0.96139353699764
2.01228,0.709261069868831,0.5098255285311507,0.961455329396867
2.01327,0.7094333185521483,0.5098094935343193,0.9615170228929492
2.01426,0.7096053561667228,0.5097934852088557,0.961578617644188
2.01525,0.7097771831154174,0.509777503508758,0.9616401138086317
2.01624,0.7099487998000273,0.5097615483881082,0.9617015115440753
2.01723,0.7101202066212848,0.5097456198010731,0.9617628110080618
2.01822,0.7102914039788608,0.5097297177019042,0.9618240123578815
2.01921,0.7104623922713708,0.5097138420449366,0.9618851157505731
2.0202,0.7106331718963765,0.50969799278459,0.961946121342924
2.02119,0.7108037432503912,0.5096821698753673,0.9620070292914705
2.02218,0.7109741067288824,0.5096663732718554,0.9620678397524987
2.02317,0.7111442627262752,0.5096506029287248,0.9621285528820442
2.02416,0.7113142116359568,0.5096348588007289,0.962189168835893
2.02515,0.7114839538502788,0.5096191408427049,0.9622496877695818
2.02614,0.7116534897605622,0.5096034490095722,0.962310109838398
2.02713,0.7118228197571,0.5095877832563336,0.9623704351973812
2.02812,0.7119919442291606,0.5095721435380742,0.962430664001322
2.02911,0.7121608635649916,0.5095565298099619,0.962490796404764
2.0301,0.7123295781518237,0.5095409420272466,0.9625508325620028
2.03109,0.7124980883758735,0.5095253801452604,0.9626107726270874
2.03208,0.7126663946223469,0.5095098441194176,0.96267061675382
2.03307,0.7128344972754436,0.5094943339052139,0.962730365095757
2.03406,0.713002396718359,0.5094788494582269,0.9627900178062089
2.03505,0.7131700933332886,0.5094633907341157,0.9628495750382404
2.03604,0.7133375875014316,0.5094479576886206,0.9629090369446717
2.03703,0.7135048796029934,0.509432550277563,0.9629684036780781
2.03802,0.7136719700171893,0.5094171684568453,0.963027675390791
2.03901,0.7138388591222486,0.5094018121824508,0.9630868522348977
2.04,0.7140055472954167,0.5093864814104435,0.9631459343622422
2.04099,0.7141720349129592,0.5093711760969676,0.9632049219244254
2.04198,0.7143383223501654,0.5093558961982478,0.9632638150728057
2.04297,0.7145044099813507,0.509340641670589,0.9633226139584988
2.04396,0.7146702981798609,0.509325412470376,0.9633813187323794
2.04495,0.7148359873180746,0.5093102085540735,0.9634399295450797
2.04594,0.7150014777674072,0.5092950298782258,0.9634984465469915
2.04693,0.7151667698983135,0.5092798763994567,0.9635568698882656
2.04792,0.7153318640802916,0.5092647480744694,0.9636151997188125
2.0489100000000002,0.7154967606818853,0.5092496448600463,0.9636734361883029
2.0499,0.7156614600706879,0.5092345667130487,0.9637315794461678
2.05089,0.7158259626133453,0.5092195135904168,0.963789629641599
2.05188,0.7159902686755594,0.5092044854491699,0.9638475869235497
2.05287,0.7161543786220902,0.5091894822464051,0.9639054514407343
2.0538600000000002,0.7163182928167603,0.5091745039392985,0.9639632233416295
2.05485,0.7164820116224573,0.5091595504851042,0.9640209027744746
2.05584,0.7166455354011368,0.5091446218411543,0.964078489887271
2.0568299999999997,0.7168088645138264,0.509129717964859,0.9641359848277835
2.05782,0.7169719993206277,0.5091148388137061,0.9641933877435406
2.0588100000000003,0.7171349401807198,0.509099984345261,0.9642506987818344
2.0598,0.7172976874523626,0.5090851545171667,0.9643079180897214
2.06079,0.7174602414928997,0.5090703492871435,0.9643650458140225
2.0617799999999997,0.7176226026587612,0.5090555686129884,0.964422082101324
2.06277,0.7177847713054674,0.5090408124525758,0.9644790270979771
2.0637600000000003,0.7179467477876311,0.5090260807638569,0.9645358809500992
2.06475,0.7181085324589606,0.5090113735048595,0.9645926438035735
2.06574,0.7182701256722634,0.5089966906336876,0.9646493158040499
2.0667299999999997,0.7184315277794487,0.5089820321085221,0.964705897096945
2.06772,0.7185927391315303,0.5089673978876197,0.964762387827443
2.0687100000000003,0.7187537600786299,0.5089527879293134,0.9648187881404952
2.0697,0.7189145909699795,0.5089382021920118,0.9648750981808213
2.07069,0.7190752321539247,0.5089236406341996,0.9649313180929092
2.0716799999999997,0.719235683977928,0.5089091032144369,0.9649874480210157
2.07267,0.7193959467885711,0.508894589891359,0.9650434881091664
2.0736600000000003,0.7195560209315578,0.5088801006236772,0.9650994385011566
2.07465,0.719715906751717,0.5088656353701769,0.9651552993405517
2.07564,0.7198756045930063,0.5088511940897195,0.9652110707706866
2.0766299999999998,0.7200351147985135,0.5088367767412405,0.9652667529346673
2.07762,0.7201944377104605,0.5088223832837505,0.9653223459753709
2.0786100000000003,0.7203535736702059,0.5088080136763347,0.9653778500354454
2.0796,0.7205125230182473,0.5087936678781521,0.9654332652573105
2.08059,0.7206712860942251,0.5087793458484365,0.9654885917831584
2.0815799999999998,0.7208298632369246,0.5087650475464958,0.9655438297549531
2.08257,0.7209882547842786,0.5087507729317112,0.965598979314432
2.0835600000000003,0.721146461073371,0.5087365219635386,0.965654040603105
2.08455,0.7213044824404385,0.5087222946015069,0.965709013762256
2.08554,0.7214623192208749,0.5087080908052186,0.9657638989329426
2.0865299999999998,0.7216199717492318,0.5086939105343498,0.9658186962559965
2.08752,0.7217774403592234,0.5086797537486494,0.9658734058720243
2.0885100000000003,0.7219347253837276,0.5086656204079397,0.9659280279214072
2.0895,0.7220918271547896,0.5086515104721159,0.9659825625443018
2.09049,0.7222487460036247,0.5086374239011454,0.9660370098806407
2.09148,0.7224054822606198,0.5086233606550693,0.9660913700701319
2.09247,0.7225620362553384,0.5086093206940001,0.9661456432522605
2.0934600000000003,0.7227184083165205,0.5085953039781231,0.9661998295662878
2.09445,0.7228745987720869,0.5085813104676958,0.9662539291512524
2.09544,0.7230306079491421,0.5085673401230478,0.9663079421459704
2.09643,0.7231864361739758,0.5085533929045803,0.9663618686890356
2.09742,0.7233420837720664,0.5085394687727666,0.9664157089188202
2.0984100000000003,0.7234975510680832,0.5085255676881512,0.9664694629734747
2.0994,0.723652838385889,0.5085116896113504,0.9665231309909285
2.10039,0.723807946048543,0.5084978345030519,0.9665767131088902
2.10138,0.7239628743783035,0.508484002324014,0.9666302094648481
2.10237,0.7241176236966298,0.5084701930350668,0.9666836201960706
2.1033600000000003,0.724272194324185,0.5084564065971108,0.966736945439606
2.10435,0.7244265865808391,0.5084426429711174,0.9667901853322836
2.10534,0.7245808007856711,0.5084289021181285,0.9668433400107133
2.10633,0.7247348372569714,0.5084151839992568,0.9668964096112868
2.10732,0.7248886963122446,0.508401488575685,0.9669493942701772
2.1083100000000004,0.7250423782682122,0.508387815808666,0.9670022941233398
2.1093,0.7251958834408143,0.5083741656595231,0.9670551093065121
2.11029,0.7253492121452132,0.508360538089649,0.9671078399552145
2.11128,0.7255023646957947,0.5083469330605066,0.9671604862047505
2.11227,0.7256553414061717,0.5083333505336284,0.967213048190207
2.1132600000000004,0.7258081425891862,0.508319790470616,0.9672655260464547
2.11425,0.7259607685569113,0.5083062528331409,0.9673179199081482
2.11524,0.7261132196206542,0.5082927375829435,0.9673702299097269
2.11623,0.7262654960909587,0.5082792446818333,0.967422456185415
2.11722,0.7264175982776071,0.5082657740916889,0.9674745988692216
2.1182100000000004,0.7265695264896234,0.5082523257744576,0.9675266580949416
2.1192,0.7267212810352748,0.5082388996921553,0.9675786339961556
2.12019,0.7268728622220746,0.5082254958068666,0.9676305267062304
2.12118,0.7270242703567847,0.5082121140807445,0.9676823363583192
2.12217,0.727175505745418,0.5081987544760102,0.9677340630853626
2.12316,0.72732656869324,0.5081854169549529,0.9677857070200877
2.12415,0.7274774595047722,0.5081721014799301,0.9678372682950096
2.12514,0.7276281784837938,0.5081588080133669,0.9678887470424313
2.12613,0.7277787259333443,0.5081455365177563,0.967940143394444
2.12712,0.7279291021557259,0.5081322869556588,0.9679914574829274
2.12811,0.7280793074525054,0.5081190592897024,0.9680426894395499
2.1291,0.7282293421245172,0.5081058534825824,0.9680938393957697
2.13009,0.7283792064718646,0.5080926694970613,0.9681449074828342
2.13108,0.7285289007939233,0.5080795072959687,0.9681958938317807
2.13207,0.7286784253893429,0.5080663668422012,0.9682467985734372
2.13306,0.7288277805560491,0.5080532480987219,0.9682976218384217
2.1340500000000002,0.7289769665912469,0.5080401510285609,0.9683483637571436
2.13504,0.7291259837914215,0.5080270755948147,0.9683990244598033
2.13603,0.7292748324523414,0.5080140217606461,0.968449604076393
2.13702,0.729423512869061,0.5080009894892844,0.9685001027366966
2.13801,0.7295720253359218,0.507987978744025,0.9685505205702906
2.1390000000000002,0.7297203701465553,0.507974989488229,0.9686008577065437
2.13999,0.7298685475938852,0.5079620216853237,0.9686511142746178
2.14098,0.7300165579701291,0.5079490752988021,0.9687012904034682
2.1419699999999997,0.7301644015668018,0.5079361502922226,0.9687513862218434
2.14296,0.7303120786747163,0.5079232466292096,0.9688014018582863
2.1439500000000002,0.7304595895839863,0.5079103642734524,0.9688513374411336
2.14494,0.7306069345840287,0.5078975031887054,0.9689011930985169
2.14593,0.7307541139635659,0.5078846633387889,0.9689509689583624
2.1469199999999997,0.7309011280106272,0.5078718446875872,0.969000665148392
2.14791,0.7310479770125519,0.5078590471990501,0.9690502817961228
2.1489000000000003,0.7311946612559903,0.5078462708371919,0.969099819028868
2.14989,0.7313411810269072,0.5078335155660915,0.9691492769737369
2.15088,0.7314875366105825,0.5078207813498923,0.9691986557576354
2.1518699999999997,0.731633728291615,0.507808068152802,0.9692479555072663
2.15286,0.7317797563539231,0.5077953759390927,0.9692971763491296
2.1538500000000003,0.7319256210807474,0.5077827046731002,0.9693463184095229
2.15484,0.7320713227546531,0.5077700543192247,0.9693953818145413
2.15583,0.7322168616575317,0.50775742484193,0.9694443666900786
2.1568199999999997,0.7323622380706031,0.5077448162057435,0.9694932731618267
2.15781,0.7325074522744178,0.5077322283752566,0.9695421013552765
2.1588000000000003,0.732652504548859,0.5077196613151236,0.9695908513957181
2.15979,0.7327973951731444,0.5077071149900627,0.9696395234082408
2.16078,0.7329421244258285,0.5076945893648549,0.9696881175177339
2.1617699999999997,0.7330866925848046,0.5076820844043445,0.9697366338488868
2.16276,0.7332310999273071,0.5076696000734386,0.9697850725261893
2.1637500000000003,0.7333753467299122,0.5076571363371076,0.9698334336739319
2.16474,0.733519433268542,0.5076446931603839,0.9698817174162062
2.16573,0.7336633598184648,0.5076322705083629,0.9699299238769051
2.1667199999999998,0.7338071266542978,0.5076198683462028,0.9699780531797234
2.16771,0.7339507340500095,0.5076074866391235,0.9700261054481577
2.1687000000000003,0.7340941822789205,0.5075951253524074,0.9700740808055072
2.16969,0.7342374716137064,0.507582784451399,0.9701219793748733
2.17068,0.7343806023263999,0.5075704639015052,0.9701698012791609
2.1716699999999998,0.7345235746883917,0.5075581636681942,0.9702175466410777
2.17266,0.734666388970434,0.5075458837169959,0.9702652155831354
2.1736500000000003,0.7348090454426408,0.5075336240135024,0.9703128082276494
2.17464,0.7349515443744913,0.5075213845233669,0.9703603246967394
2.17563,0.7350938860348305,0.507509165212304,0.9704077651123295
2.1766199999999998,0.7352360706918726,0.5074969660460897,0.9704551295961489
2.17761,0.7353780986132014,0.5074847869905609,0.9705024182697317
2.1786000000000003,0.7355199700657732,0.5074726280116159,0.9705496312544176
2.17959,0.7356616853159185,0.5074604890752137,0.970596768671352
2.18058,0.7358032446293435,0.507448370147374,0.9706438306414867
2.18157,0.7359446482711329,0.5074362711941772,0.9706908172855796
2.18256,0.7360858965057507,0.5074241921817644,0.9707377287241954
2.1835500000000003,0.7362269895970428,0.5074121330763371,0.9707845650777057
2.18454,0.7363679278082381,0.5074000938441571,0.9708313264662898
2.18553,0.7365087114019518,0.5073880744515462,0.9708780130099341
2.18652,0.7366493406401856,0.5073760748648867,0.9709246248284337
2.18751,0.7367898157843307,0.5073640950506204,0.9709711620413911
2.1885000000000003,0.736930137095169,0.5073521349752492,0.9710176247682181
2.18949,0.7370703048328751,0.5073401946053347,0.9710640131281348
2.19048,0.7372103192570185,0.5073282739074982,0.9711103272401711
2.19147,0.7373501806265649,0.5073163728484205,0.9711565672231657
2.19246,0.7374898891998783,0.5073044913948414,0.9712027331957676
2.1934500000000003,0.7376294452347226,0.5072926295135604,0.9712488252764356
2.19444,0.7377688489882637,0.5072807871714361,0.9712948435834392
2.19543,0.7379081007170709,0.507268964335386,0.9713407882348581
2.19642,0.738047200677119,0.5072571609723866,0.9713866593485837
2.19741,0.7381861491237903,0.5072453770494731,0.9714324570423181
2.1984000000000004,0.7383249463118755,0.5072336125337398,0.9714781814335752
2.19939,0.7384635924955761,0.5072218673923389,0.971523832639681
2.20038,0.7386020879285067,0.5072101415924816,0.9715694107777735
2.20137,0.7387404328636953,0.5071984351014373,0.9716149159648032
2.20236,0.7388786275535865,0.5071867478865336,0.9716603483175336
2.2033500000000004,0.739016672250042,0.5071750799151564,0.971705707952541
2.20434,0.7391545672043437,0.5071634311547494,0.9717509949862155
2.20533,0.7392923126671942,0.5071518015728141,0.9717962095347606
2.20632,0.7394299088887188,0.5071401911369103,0.9718413517141941
2.20731,0.7395673561184681,0.5071285998146551,0.9718864216403477
2.2083,0.7397046546054185,0.507117027573723,0.971931419428868
2.20929,0.7398418045979744,0.5071054743818464,0.9719763451952165
2.21028,0.7399788063439701,0.5070939402068148,0.9720211990546698
2.21127,0.7401156600906712,0.5070824250164749,0.9720659811223199
2.21226,0.7402523660847766,0.5070709287787308,0.9721106915130749
2.21325,0.7403889245724196,0.5070594514615432,0.9721553303416587
2.21424,0.7405253357991703,0.50704799303293,0.9721998977226116
2.21523,0.7406616000100368,0.5070365534609657,0.9722443937702908
2.21622,0.7407977174494665,0.5070251327137818,0.9722888185988701
2.21721,0.740933688361349,0.507013730759566,0.9723331723223408
2.2182,0.7410695129890164,0.5070023475665627,0.9723774550545118
2.21919,0.7412051915752458,0.5069909831030727,0.9724216669090097
2.22018,0.7413407243622601,0.5069796373374527,0.9724658079992791
2.22117,0.7414761115917309,0.5069683102381158,0.9725098784385835
2.22216,0.7416113535047789,0.5069570017735314,0.9725538783400045
2.22315,0.7417464503419761,0.5069457119122244,0.9725978078164433
2.2241400000000002,0.7418814023433474,0.5069344406227755,0.97264166698062
2.22513,0.7420162097483719,0.5069231878738214,0.9726854559450743
2.22612,0.7421508727959849,0.5069119536340543,0.972729174822166
2.22711,0.7422853917245795,0.5069007378722218,0.9727728237240748
2.2281,0.7424197667720075,0.5068895405571269,0.9728164027628011
2.2290900000000002,0.7425539981755817,0.506878361657628,0.9728599120501659
2.23008,0.7426880861720773,0.5068672011426384,0.9729033516978112
2.23107,0.7428220309977335,0.5068560589811271,0.9729467218172002
2.2320599999999997,0.7429558328882547,0.5068449351421171,0.972990022519618
2.23305,0.7430894920788129,0.5068338295946871,0.9730332539161715
2.2340400000000002,0.743223008804048,0.5068227423079703,0.9730764161177894
2.23503,0.7433563832980704,0.5068116732511543,0.9731195092352234
2.23602,0.7434896157944622,0.5068006223934816,0.9731625333790475
2.2370099999999997,0.7436227065262785,0.5067895897042486,0.973205488659659
2.238,0.7437556557260497,0.5067785751528068,0.9732483751872782
2.2389900000000003,0.7438884636257819,0.5067675787085613,0.9732911930719494
2.23998,0.7440211304569592,0.5067566003409717,0.9733339424235404
2.24097,0.7441536564505451,0.5067456400195511,0.9733766233517435
2.2419599999999997,0.7442860418369838,0.5067346977138674,0.9734192359660748
2.24295,0.7444182868462018,0.5067237733935414,0.9734617803758759
2.2439400000000003,0.7445503917076098,0.5067128670282481,0.9735042566903128
2.24493,0.7446823566501033,0.506701978587716,0.9735466650183772
2.24592,0.7448141819020648,0.5066911080417271,0.9735890054688859
2.2469099999999997,0.7449458676913653,0.5066802553601168,0.973631278150482
2.2479,0.7450774142453651,0.506669420512774,0.9736734831716343
2.2488900000000003,0.7452088217909165,0.5066586034696402,0.9737156206406382
2.24988,0.7453400905543636,0.5066478042007108,0.9737576906656159
2.25087,0.7454712207615452,0.5066370226760335,0.9737996933545161
2.2518599999999998,0.7456022126377957,0.5066262588657093,0.9738416288151153
2.25285,0.7457330664079467,0.5066155127398919,0.9738834971550169
2.2538400000000003,0.7458637822963277,0.5066047842687877,0.9739252984816527
2.25483,0.7459943605267687,0.5065940734226555,0.9739670329022818
2.25582,0.7461248013226012,0.5065833801718068,0.9740087005239924
2.2568099999999998,0.7462551049066589,0.5065727044866055,0.9740503014537006
2.2578,0.7463852715012805,0.5065620463374676,0.9740918357981522
2.2587900000000003,0.7465153013283099,0.5065514056948615,0.9741333036639211
2.25978,0.7466451946090982,0.5065407825293073,0.9741747051574117
2.26077,0.7467749515645049,0.5065301768113779,0.9742160403848571
2.2617599999999998,0.7469045724148997,0.5065195885116971,0.9742573094523211
2.26275,0.7470340573801632,0.5065090176009411,0.9742985124656974
2.2637400000000003,0.7471634066796891,0.5064984640498379,0.9743396495307104
2.26473,0.7472926205323848,0.5064879278291664,0.9743807207529149
2.26572,0.7474216991566733,0.5064774089097578,0.9744217262376973
2.26671,0.7475506427704948,0.5064669072624941,0.9744626660902748
2.2677,0.7476794515913073,0.5064564228583089,0.9745035404156965
2.2686900000000003,0.7478081258360887,0.506445955668187,0.9745443493188435
2.26968,0.7479366657213372,0.5064355056631641,0.9745850929044285
2.27067,0.7480650714630744,0.5064250728143271,0.9746257712769971
2.27166,0.7481933432768448,0.5064146570928137,0.9746663845409274
2.27265,0.7483214813777183,0.5064042584698126,0.9747069328004303
2.2736400000000003,0.7484494859802908,0.506393876916563,0.9747474161595502
2.27463,0.7485773572986862,0.5063835124043548,0.9747878347221646
2.27562,0.7487050955465577,0.5063731649045282,0.974828188591985
2.27661,0.7488327009370884,0.5063628343884744,0.9748684778725568
2.2776,0.7489601736829934,0.5063525208276343,0.9749087026672599
2.2785900000000003,0.7490875139965207,0.5063422241934994,0.9749488630793084
2.27958,0.7492147220894532,0.5063319444576113,0.9749889592117512
2.28057,0.7493417981731084,0.5063216815915615,0.9750289911674725
2.28156,0.7494687424583418,0.5063114355669915,0.9750689590491919
2.28255,0.7495955551555471,0.5063012063555928,0.9751088629594642
2.2835400000000003,0.7497222364746569,0.5062909939291065,0.9751487030006802
2.28453,0.7498487866251452,0.5062807982593234,0.9751884792750672
2.28552,0.7499752058160282,0.5062706193180838,0.9752281918846882
2.28651,0.7501014942558655,0.5062604570772777,0.9752678409314435
2.2875,0.7502276521527614,0.5062503115088443,0.9753074265170698
2.2884900000000004,0.7503536797143664,0.5062401825847719,0.9753469487431413
2.28948,0.750479577147878,0.5062300702770985,0.9753864077110694
2.29047,0.7506053446600426,0.506219974557911,0.9754258035221033
2.29146,0.7507309824571562,0.5062098953993449,0.9754651362773301
2.29245,0.750856490745066,0.5061998327735853,0.9755044060776751
2.2934400000000004,0.7509818697291718,0.5061897866528654,0.9755436130239021
2.29443,0.7511071196144264,0.5061797570094678,0.9755827572166137
2.29542,0.7512322406053381,0.5061697438157233,0.9756218387562513
2.29641,0.7513572329059709,0.5061597470440115,0.9756608577430955
2.2974,0.7514820967199464,0.5061497666667601,0.9756998142772668
2.29839,0.7516068322504444,0.5061398026564458,0.9757387084587249
2.29938,0.7517314397002051,0.5061298549855927,0.9757775403872698
2.30037,0.7518559192715291,0.5061199236267739,0.9758163101625418
2.30136,0.7519802711662796,0.5061100085526102,0.9758550178840216
2.30235,0.7521044955858833,0.5061001097357704,0.9758936636510309
2.30334,0.7522285927313316,0.5060902271489711,0.975932247562732
2.30433,0.7523525628031814,0.5060803607649771,0.9759707697181288
2.30532,0.7524764060015571,0.5060705105566005,0.9760092302160668
2.30631,0.7526001225261514,0.5060606764967013,0.976047629155233
2.3073,0.7527237125762263,0.506050858558187,0.9760859666341568
2.30829,0.7528471763506147,0.5060410567140127,0.9761242427512095
2.30928,0.7529705140477211,0.5060312709371803,0.9761624576046052
2.31027,0.7530937258655234,0.5060215012007396,0.9762006112924009
2.31126,0.7532168120015732,0.5060117474777874,0.9762387039124963
2.31225,0.7533397726529986,0.5060020097414676,0.9762767355626347
2.31324,0.7534626080165029,0.5059922879649709,0.9763147063404031
2.3142300000000002,0.7535853182883683,0.5059825821215351,0.9763526163432317
2.31522,0.7537079036644553,0.505972892184445,0.9763904656683953
2.31621,0.7538303643402047,0.5059632181270318,0.9764282544130127
2.3171999999999997,0.7539527005106386,0.5059535599226738,0.9764659826740476
2.31819,0.7540749123703613,0.5059439175447952,0.9765036505483082
2.3191800000000002,0.7541970001135611,0.5059342909668674,0.976541258132448
2.32017,0.7543189639340103,0.5059246801624077,0.9765788055229653
2.32116,0.7544408040250675,0.50591508510498,0.9766162928162044
2.3221499999999997,0.7545625205796783,0.5059055057681942,0.9766537201083555
2.32314,0.7546841137903763,0.5058959421257063,0.9766910874954544
2.3241300000000003,0.7548055838492842,0.5058863941512189,0.9767283950733835
2.32512,0.7549269309481152,0.5058768618184798,0.9767656429378716
2.32611,0.7550481552781741,0.5058673451012831,0.9768028311844944
2.3270999999999997,0.7551692570303581,0.5058578439734686,0.9768399599086744
2.32809,0.7552902363951584,0.5058483584089216,0.9768770292056818
2.3290800000000003,0.7554110935626605,0.5058388883815736,0.9769140391706338
2.33007,0.7555318287225461,0.5058294338654009,0.9769509898984955
2.33106,0.7556524420640944,0.5058199948344259,0.9769878814840803
2.3320499999999997,0.7557729337761819,0.5058105712627157,0.9770247140220496
2.33304,0.7558933040472852,0.5058011631243832,0.9770614876069132
2.3340300000000003,0.7560135530654806,0.5057917703935862,0.97709820233303
2.33502,0.7561336810184458,0.5057823930445279,0.9771348582946073
2.33601,0.7562536880934615,0.5057730310514561,0.9771714555857023
2.3369999999999997,0.7563735744774115,0.5057636843886639,0.9772079943002209
2.33799,0.7564933403567846,0.505754353030489,0.9772444745319194
2.3389800000000003,0.7566129859176751,0.505745036951314,0.9772808963744036
2.33997,0.7567325113457841,0.5057357361255662,0.9773172599211296
2.34096,0.7568519168264208,0.5057264505277175,0.977353565265404
2.3419499999999998,0.7569712025445031,0.5057171801322841,0.9773898125003838
2.34294,0.7570903686845591,0.5057079249138269,0.9774260017190772
2.3439300000000003,0.7572094154307276,0.505698684846951,0.9774621330143435
2.34492,0.7573283429667599,0.5056894599063059,0.9774982064788931
2.34591,0.75744715147602,0.5056802500665851,0.9775342222052883
2.3468999999999998,0.7575658411414867,0.5056710553025263,0.9775701802859431
2.34789,0.7576844121457537,0.5056618755889113,0.9776060808131236
2.3488800000000003,0.7578028646710308,0.5056527109005655,0.9776419238789483
2.34987,0.7579211988991451,0.5056435612123586,0.9776777095753881
2.35086,0.7580394150115428,0.5056344264992039,0.977713437994267
2.3518499999999998,0.7581575131892883,0.5056253067360582,0.9777491092272615
2.35284,0.7582754936130676,0.5056162018979221,0.977784723365902
2.3538300000000003,0.758393356463187,0.5056071119598398,0.977820280501572
2.35482,0.758511101919576,0.5055980368968986,0.9778557807255088
2.35581,0.7586287301617873,0.5055889766842296,0.9778912241288036
2.3568,0.7587462413689979,0.5055799312970068,0.977926610802402
2.35779,0.7588636357200108,0.5055709007104477,0.9779619408371039
2.3587800000000003,0.7589809133932549,0.5055618848998128,0.9779972143235638
2.35977,0.7590980745667866,0.5055528838404055,0.9780324313522915
2.36076,0.7592151194182912,0.5055438975075724,0.9780675920136512
2.36175,0.7593320481250833,0.5055349258767029,0.9781026963978632
2.36274,0.7594488608641077,0.5055259689232291,0.978137744595003
2.3637300000000003,0.7595655578119409,0.5055170266226259,0.978172736695002
2.36472,0.7596821391447918,0.5055080989504108,0.9782076727876478
2.36571,0.7597986050385026,0.5054991858821438,0.978242552962584
2.3667,0.75991495566855,0.5054902873934277,0.978277377309311
2.36769,0.7600311912100465,0.5054814034599073,0.9783121459171857
2.3686800000000003,0.7601473118377398,0.50547253405727,0.9783468588754223
2.36967,0.7602633177260159,0.5054636791612452,0.9783815162730918
2.37066,0.7603792090488988,0.5054548387476048,0.978416118199123
2.37165,0.7604949859800517,0.5054460127921625,0.9784506647423022
2.37264,0.7606106486927781,0.505437201270774,0.9784851559912736
2.3736300000000004,0.7607261973600224,0.5054284041593371,0.9785195920345395
2.37462,0.7608416321543713,0.5054196214337914,0.9785539729604606
2.37561,0.7609569532480547,0.5054108530701183,0.9785882988572562
2.3766,0.7610721608129462,0.5054020990443407,0.9786225698130042
2.37759,0.7611872550205645,0.5053933593325235,0.9786567859156418
2.3785800000000004,0.7613022360420743,0.5053846339107727,0.9786909472529652
2.37957,0.7614171040482868,0.5053759227552362,0.9787250539126302
2.38056,0.761531859209661,0.5053672258421028,0.9787591059821524
2.38155,0.7616465016963052,0.5053585431476032,0.9787931035489073
2.38254,0.7617610316779767,0.5053498746480087,0.9788270467001301
2.38353,0.7618754493240834,0.5053412203196322,0.9788609355229171
2.38452,0.7619897548036848,0.5053325801388276,0.9788947701042248
2.38551,0.7621039482854928,0.5053239540819897,0.9789285505308704
2.3865,0.7622180299378726,0.5053153421255543,0.9789622768895323
2.38749,0.7623319999288436,0.5053067442459981,0.9789959492667504
2.38848,0.7624458584260803,0.5052981604198384,0.9790295677489255
2.38947,0.7625596055969134,0.5052895906236334,0.9790631324223208
2.39046,0.76267324160833,0.5052810348339818,0.9790966433730609
2.39145,0.7627867666269758,0.5052724930275229,0.9791301006871328
2.39244,0.7629001808191548,0.5052639651809365,0.9791635044503858
2.39343,0.7630134843508307,0.5052554512709427,0.9791968547485319
2.39442,0.7631266773876277,0.5052469512743021,0.9792301516671457
2.39541,0.7632397600948315,0.5052384651678155,0.979263395291665
2.3964,0.7633527326373901,0.5052299929283236,0.9792965857073906
2.39739,0.7634655951799146,0.5052215345327076,0.9793297229994874
2.39838,0.7635783478866803,0.5052130899578885,0.9793628072529832
2.3993700000000002,0.7636909909216274,0.5052046591808272,0.9793958385527702
2.40036,0.763803524448362,0.5051962421785248,0.9794288169836046
2.40135,0.7639159486301564,0.5051878389280219,0.979461742630107
2.40234,0.7640282636299515,0.5051794494063989,0.9794946155767623
2.40333,0.7641404696103555,0.5051710735907758,0.9795274359079205
2.4043200000000002,0.7642525667336467,0.5051627114583126,0.9795602037077964
2.40531,0.7643645551617734,0.5051543629862081,0.9795929190604701
2.4063,0.7644764350563545,0.5051460281517012,0.979625582049887
2.4072899999999997,0.7645882065786812,0.5051377069320696,0.9796581927598584
2.40828,0.7646998698897176,0.505129399304631,0.9796907512740611
2.4092700000000002,0.7648114251501008,0.5051211052467415,0.9797232576760384
2.41026,0.7649228725201429,0.5051128247357969,0.9797557120491994
2.41125,0.7650342121598307,0.5051045577492319,0.97978811447682
2.4122399999999997,0.7651454442288278,0.5050963042645205,0.9798204650420428
2.41323,0.7652565688864742,0.505088064259175,0.9798527638278771
2.4142200000000003,0.765367586291788,0.505079837710747,0.9798850109171998
2.41521,0.7654784966034659,0.5050716245968271,0.9799172063927546
2.4162,0.7655892999798838,0.5050634248950441,0.9799493503371531
2.4171899999999997,0.7656999965790982,0.5050552385830656,0.9799814428328747
2.41818,0.7658105865588468,0.505047065638598,0.9800134839622665
2.4191700000000003,0.7659210700765487,0.5050389060393862,0.980045473807544
2.42016,0.7660314472893066,0.505030759763213,0.9800774124507913
2.42115,0.766141718353906,0.5050226267879002,0.9801092999739607
2.4221399999999997,0.7662518834268172,0.5050145070913078,0.9801411364588735
2.42313,0.7663619426641957,0.5050064006513336,0.9801729219872202
2.4241200000000003,0.7664718962218829,0.5049983074459139,0.9802046566405603
2.42511,0.766581744255407,0.5049902274530229,0.980236340500323
2.4261,0.7666914869199842,0.5049821606506731,0.9802679736478072
2.4270899999999997,0.7668011243705188,0.5049741070169148,0.9802995561641811
2.42808,0.7669106567616044,0.5049660665298359,0.9803310881304836
2.4290700000000003,0.7670200842475248,0.5049580391675623,0.9803625696276238
2.43006,0.7671294069822543,0.5049500249082578,0.980394000736381
2.43105,0.7672386251194592,0.5049420237301238,0.9804253815374057
2.4320399999999998,0.767347738812498,0.5049340356113988,0.9804567121112188
2.43303,0.7674567482144226,0.5049260605303596,0.9804879925382125
2.4340200000000003,0.7675656534779787,0.5049180984653201,0.9805192228986505
2.43501,0.7676744547556069,0.5049101493946313,0.9805504032726677
2.436,0.7677831521994434,0.504902213296682,0.9805815337402712
2.4369899999999998,0.7678917459613206,0.504894290149898,0.9806126143813396
2.43798,0.768000236192768,0.5048863799327422,0.9806436452756239
2.4389700000000003,0.7681086230450134,0.5048784826237147,0.9806746265027473
2.43996,0.7682169066689827,0.5048705982013529,0.9807055581422056
2.44095,0.7683250872153016,0.5048627266442308,0.9807364402733676
2.4419399999999998,0.7684331648342957,0.5048548679309595,0.9807672729754747
2.44293,0.7685411396759919,0.5048470220401867,0.9807980563276417
2.4439200000000003,0.7686490118901186,0.5048391889505973,0.9808287904088566
2.44491,0.7687567816261067,0.5048313686409127,0.9808594752979812
2.4459,0.7688644490330905,0.5048235610898907,0.9808901110737509
2.44689,0.768972014259908,0.504815766276326,0.9809206978147751
2.44788,0.7690794774551023,0.5048079841790496,0.9809512355995375
2.4488700000000003,0.7691868387669217,0.504800214776929,0.980981724506396
2.44986,0.7692940983433209,0.5047924580488684,0.9810121646135831
2.45085,0.7694012563319614,0.5047847139738076,0.9810425559992063
2.45184,0.7695083128802127,0.5047769825307232,0.9810728987412479
2.45283,0.7696152681351528,0.5047692636986277,0.9811031929175655
2.4538200000000003,0.7697221222435685,0.50476155745657,0.9811334386058919
2.45481,0.7698288753519568,0.5047538637836347,0.9811636358838356
2.4558,0.7699355276065254,0.5047461826589426,0.9811937848288809
2.45679,0.7700420791531934,0.5047385140616502,0.9812238855183879
2.45778,0.7701485301375921,0.50473085797095,0.9812539380295934
2.4587700000000003,0.7702548807050654,0.5047232143660703,0.9812839424396098
2.45976,0.7703611310006712,0.504715583226275,0.9813138988254267
2.46075,0.7704672811691812,0.5047079645308636,0.9813438072639104
2.46174,0.7705733313550824,0.5047003582591715,0.9813736678318037
2.46273,0.7706792817025778,0.5046927643905692,0.9814034806057271
2.4637200000000004,0.7707851323555867,0.504685182904463,0.9814332456621783
2.46471,0.770890883457745,0.5046776137802941,0.9814629630775323
2.4657,0.7709965351524075,0.5046700569975396,0.9814926329280422
2.46669,0.7711020875826466,0.5046625125357116,0.981522255289839
2.46768,0.7712075408912551,0.5046549803743573,0.9815518302389318
2.4686700000000004,0.7713128952207445,0.5046474604930592,0.9815813578512078
2.46966,0.7714181507133483,0.5046399528714347,0.9816108382024331
2.47065,0.7715233075110203,0.5046324574891362,0.9816402713682524
2.47164,0.7716283657554373,0.5046249743258513,0.9816696574241892
2.47263,0.7717333255879982,0.5046175033613021,0.9816989964456464
2.47362,0.7718381871498262,0.5046100445752458,0.9817282885079059
2.47461,0.7719429505817678,0.5046025979474742,0.9817575336861294
2.4756,0.7720476160243949,0.5045951634578139,0.9817867320553579
2.47659,0.7721521836180048,0.5045877410861257,0.9818158836905128
2.47758,0.7722566535026212,0.5045803308123058,0.981844988666395
2.47857,0.7723610258179946,0.504572932616284,0.9818740470576863
2.47956,0.7724653007036032,0.504565546478025,0.9819030589389487
2.48055,0.7725694782986534,0.5045581723775278,0.9819320243846245
2.48154,0.7726735587420808,0.5045508102948256,0.9819609434690374
2.48253,0.7727775421725502,0.5045434602099862,0.9819898162663918
2.48352,0.7728814287284571,0.5045361221031108,0.9820186428507736
2.48451,0.7729852185479279,0.5045287959543358,0.9820474232961498
2.4855,0.7730889117688207,0.5045214817438305,0.9820761576763692
2.48649,0.7731925085287257,0.5045141794517991,0.9821048460651625
2.48748,0.7732960089649665,0.5045068890584794,0.982133488536142
2.48847,0.7733994132145999,0.5044996105441428,0.9821620851628027
2.4894600000000002,0.7735027214144173,0.504492343889095,0.9821906360185216
2.49045,0.773605933700945,0.5044850890736752,0.9822191411765584
2.49144,0.7737090502104449,0.5044778460782562,0.9822476007100553
2.49243,0.7738120710789151,0.5044706148832446,0.982276014692038
2.49342,0.7739149964420909,0.5044633954690805,0.9823043831954146
2.4944100000000002,0.774017826435445,0.5044561878162374,0.9823327062929771
2.4954,0.7741205611941883,0.5044489919052222,0.9823609840574006
2.49639,0.7742232008532707,0.5044418077165757,0.982389216561244
2.4973799999999997,0.7743257455473812,0.5044346352308712,0.9824174038769502
2.49837,0.77442819541095,0.5044274744287159,0.982445546076846
2.4993600000000002,0.7745305505781469,0.50442032529075,0.9824736432331425
2.50035,0.774632811182884,0.5044131877976468,0.9825016954179351
2.50134,0.7747349773588148,0.5044060619301126,0.9825297027032039
2.5023299999999997,0.7748370492393362,0.5043989476688869,0.982557665160814
2.50332,0.7749390269575881,0.5043918449947421,0.9825855828625151
2.5043100000000003,0.7750409106464543,0.5043847538884833,0.9826134558799422
2.5053,0.7751427004385635,0.5043776743309488,0.9826412842846157
2.50629,0.7752443964662892,0.5043706063030094,0.9826690681479416
2.5072799999999997,0.7753459988617513,0.5043635497855687,0.9826968075412115
2.50827,0.7754475077568159,0.5043565047595631,0.9827245025356026
2.5092600000000003,0.7755489232830961,0.5043494712059613,0.9827521532021788
2.51025,0.7756502455719531,0.5043424491057648,0.9827797596118899
2.51124,0.775751474754496,0.5043354384400074,0.982807321835572
2.5122299999999997,0.7758526109615831,0.5043284391897555,0.982834839943948
2.51322,0.7759536543238224,0.5043214513361078,0.9828623140076279
2.5142100000000003,0.7760546049715716,0.5043144748601952,0.982889744097108
2.5152,0.7761554630349401,0.5043075097431812,0.9829171302827724
2.51619,0.7762562286437877,0.5043005559662608,0.9829444726348922
2.5171799999999998,0.7763569019277269,0.5042936135106619,0.982971771223626
2.51817,0.7764574830161225,0.5042866823576441,0.9829990261190205
2.5191600000000003,0.7765579720380927,0.5042797624884989,0.9830262373910098
2.52015,0.7766583691225094,0.50427285388455,0.9830534051094162
2.52114,0.776758674397999,0.5042659565271529,0.9830805293439505
2.5221299999999998,0.7768588879929428,0.504259070397695,0.9831076101642118
2.52312,0.776959010035478,0.5042521954775955,0.9831346476396875
2.5241100000000003,0.7770590406534977,0.504245331748305,0.9831616418397542
2.5251,0.7771589799746519,0.5042384791913063,0.9831885928336771
2.52609,0.7772588281263482,0.5042316377881133,0.9832155006906109
2.5270799999999998,0.7773585852357519,0.504224807520272,0.9832423654795994
2.52807,0.777458251429787,0.5042179883693595,0.9832691872695759
2.5290600000000003,0.7775578268351366,0.5042111803169843,0.9832959661293634
2.53005,0.7776573115782438,0.5042043833447866,0.9833227021276747
2.53104,0.7777567057853116,0.5041975974344377,0.9833493953331126
2.53203,0.7778560095823044,0.5041908225676401,0.9833760458141703
2.53302,0.7779552230949475,0.5041840587261279,0.9834026536392311
2.5340100000000003,0.7780543464487287,0.504177305891666,0.9834292188765689
2.535,0.7781533797688983,0.5041705640460504,0.9834557415943486
2.53599,0.77825232318047,0.5041638331711085,0.9834822218606255
2.53698,0.7783511768082207,0.5041571132486982,0.9835086597433466
2.53797,0.7784499407766925,0.5041504042607088,0.9835350553103496
2.5389600000000003,0.7785486152101916,0.50414370618906,0.9835614086293638
2.53995,0.7786472002327901,0.5041370190157028,0.9835877197680103
2.54094,0.7787456959683263,0.5041303427226187,0.9836139887938016
2.54193,0.7788441025404048,0.5041236772918201,0.9836402157741424
2.54292,0.7789424200723976,0.5041170227053496,0.9836664007763294
2.5439100000000003,0.7790406486874442,0.504110378945281,0.9836925438675518
2.5449,0.7791387885084523,0.5041037459937183,0.9837186451148909
2.54589,0.7792368396580991,0.504097123832796,0.9837447045853208
2.54688,0.7793348022588306,0.5040905124446793,0.9837707223457087
2.54787,0.7794326764328628,0.5040839118115635,0.9837966984628143
2.5488600000000003,0.7795304623021827,0.5040773219156741,0.9838226330032905
2.54985,0.7796281599885475,0.5040707427392674,0.9838485260336839
2.55084,0.7797257696134869,0.5040641742646296,0.9838743776204343
2.55183,0.7798232912983023,0.5040576164740768,0.9839001878298751
2.55282,0.7799207251640679,0.5040510693499556,0.9839259567282338
2.5538100000000004,0.780018071331631,0.5040445328746427,0.9839516843816316
2.5548,0.7801153299216128,0.5040380070305445,0.983977370856084
2.55579,0.7802125010544089,0.5040314918000974,0.9840030162175011
2.55678,0.7803095848501898,0.504024987165768,0.9840286205316869
2.55777,0.7804065814289011,0.5040184931100525,0.9840541838643406
2.5587600000000004,0.7805034909102647,0.5040120096154768,0.984079706281056
2.55975,0.7806003134137788,0.5040055366645967,0.984105187847322
2.56074,0.7806970490587185,0.5039990742399977,0.9841306286285227
2.56173,0.7807936979641368,0.5039926223242946,0.9841560286899375
2.56272,0.7808902602488643,0.5039861809001324,0.9841813880967413
2.56371,0.7809867360315106,0.503979749950185,0.9842067069140047
2.5647,0.7810831254304641,0.503973329457156,0.9842319852066942
2.56569,0.7811794285638931,0.5039669194037787,0.9842572230396721
2.56668,0.7812756455497459,0.5039605197728151,0.9842824204776973
2.56767,0.7813717765057517,0.5039541305470573,0.9843075775854248
2.56866,0.7814678215494207,0.5039477517093259,0.9843326944274058
2.56965,0.781563780798045,0.5039413832424714,0.9843577710680889
2.57064,0.7816596543686986,0.5039350251293728,0.9843828075718188
2.57163,0.7817554423782386,0.5039286773529389,0.9844078040028379
2.57262,0.7818511449433054,0.5039223398961068,0.9844327604252852
2.57361,0.7819467621803232,0.5039160127418432,0.9844576769031972
2.5746,0.7820422942055002,0.5039096958731433,0.9844825535005083
2.57559,0.7821377411348297,0.5039033892730316,0.9845073902810499
2.57658,0.7822331030840902,0.5038970929245612,0.9845321873085519
2.57757,0.782328380168846,0.5038908068108139,0.9845569446466416
2.57856,0.7824235725044478,0.5038845309149005,0.9845816623588448
2.5795500000000002,0.7825186802060333,0.5038782652199604,0.9846063405085858
2.58054,0.7826137033885273,0.5038720097091612,0.9846309791591868
2.58153,0.7827086421666424,0.5038657643657,0.9846555783738692
2.5825199999999997,0.7828034966548798,0.5038595291728015,0.984680138215753
2.58351,0.7828982669675294,0.5038533041137195,0.9847046587478571
2.5845000000000002,0.7829929532186702,0.503847089171736,0.9847291400330995
2.58549,0.7830875555221717,0.5038408843301613,0.9847535821342979
2.58648,0.7831820739916928,0.5038346895723341,0.9847779851141689
2.5874699999999997,0.783276508740684,0.5038285048816213,0.9848023490353291
2.58846,0.7833708598823869,0.5038223302414185,0.9848266739602948
2.5894500000000003,0.7834651275298345,0.5038161656351487,0.9848509599514821
2.59044,0.7835593117958528,0.5038100110462638,0.9848752070712072
2.59143,0.7836534127930598,0.503803866458243,0.9848994153816868
2.5924199999999997,0.7837474306338674,0.5037977318545942,0.9849235849450378
2.59341,0.783841365430481,0.5037916072188529,0.9849477158232779
2.5944000000000003,0.7839352172948999,0.5037854925345826,0.9849718080783252
2.59539,0.7840289863389188,0.5037793877853748,0.9849958617719988
2.59638,0.7841226726741269,0.5037732929548486,0.9850198769660192
2.5973699999999997,0.7842162764119097,0.5037672080266512,0.9850438537220076
2.59836,0.7843097976634483,0.5037611329844572,0.9850677921014871
2.5993500000000003,0.7844032365397205,0.503755067811969,0.9850916921658817
2.60034,0.7844965931515018,0.5037490124929167,0.9851155539765176
2.60133,0.7845898676093642,0.5037429670110579,0.9851393775946227
2.6023199999999997,0.7846830600236788,0.5037369313501777,0.9851631630813267
2.60331,0.7847761705046147,0.5037309054940889,0.9851869104976618
2.6043000000000003,0.7848691991621398,0.5037248894266314,0.9852106199045624
2.60529,0.7849621461060218,0.5037188831316727,0.9852342913628651
2.60628,0.785055011445828,0.5037128865931074,0.9852579249333095
2.6072699999999998,0.7851477952909265,0.5037068997948579,0.9852815206765378
2.60826,0.7852404977504861,0.5037009227208733,0.9853050786530951
2.6092500000000003,0.7853331189334763,0.5036949553551302,0.9853285989234296
2.61024,0.7854256589486694,0.503688997681632,0.985352081547893
2.61123,0.7855181179046391,0.5036830496844097,0.98537552658674
2.6122199999999998,0.7856104959097623,0.5036771113475208,0.9853989341001292
2.61321,0.7857027930722185,0.5036711826550503,0.9854223041481227
2.6142000000000003,0.7857950094999913,0.5036652635911099,0.9854456367906865
2.61519,0.7858871453008682,0.5036593541398379,0.9854689320876908
2.61618,0.7859792005824411,0.5036534542854,0.9854921900989098
2.6171699999999998,0.7860711754521068,0.5036475640119885,0.9855154108840218
2.61816,0.7861630700170679,0.5036416833038223,0.9855385945026103
2.6191500000000003,0.7862548843843322,0.5036358121451471,0.9855617410141626
2.62014,0.7863466186607146,0.5036299505202354,0.9855848504780712
2.62113,0.7864382729528361,0.5036240984133861,0.9856079229536338
2.62212,0.7865298473671252,0.5036182558089248,0.9856309585000524
2.62311,0.7866213420098179,0.5036124226912037,0.9856539571764352
2.6241000000000003,0.7867127569869584,0.503606599044601,0.9856769190417951
2.62509,0.7868040924043995,0.5036007848535221,0.9856998441550507
2.62608,0.7868953483678026,0.5035949801023981,0.9857227325750265
2.62707,0.786986524982639,0.5035891847756867,0.9857455843604528
2.62806,0.7870776223541895,0.503583398857872,0.9857683995699655
2.6290500000000003,0.7871686405875453,0.503577622333464,0.9857911782621073
2.63004,0.7872595797876084,0.5035718551869993,0.9858139204953266
2.63103,0.7873504400590916,0.5035660974030404,0.9858366263279786
2.63202,0.7874412215065197,0.5035603489661759,0.9858592958183251
2.63301,0.7875319242342295,0.5035546098610204,0.9858819290245344
2.6340000000000003,0.7876225483463697,0.5035488800722148,0.9859045260046819
2.63499,0.7877130939469026,0.5035431595844255,0.98592708681675
2.63598,0.7878035611396034,0.5035374483823453,0.9859496115186284
2.63697,0.7878939500280611,0.5035317464506925,0.9859721001681139
2.63796,0.7879842607156791,0.5035260537742113,0.985994552822911
2.6389500000000004,0.7880744933056747,0.503520370337672,0.9860169695406317
2.63994,0.7881646479010809,0.5035146961258702,0.9860393503787959
2.64093,0.7882547246047461,0.5035090311236272,0.9860616953948314
2.64192,0.7883447235193339,0.5035033753157903,0.986084004646074
2.64291,0.7884346447473253,0.503497728687232,0.9861062781897679
2.6439000000000004,0.7885244883910166,0.5034920912228508,0.9861285160830656
2.64489,0.7886142545525222,0.50348646290757,0.986150718383028
2.64588,0.7887039433337738,0.5034808437263392,0.9861728851466248
2.64687,0.788793554836521,0.5034752336641327,0.9861950164307346
2.64786,0.7888830891623317,0.5034696327059507,0.9862171122921446
2.64885,0.7889725464125925,0.5034640408368183,0.9862391727875517
2.64984,0.7890619266885094,0.5034584580417861,0.9862611979735614
2.65083,0.7891512300911079,0.5034528843059299,0.9862831879066891
2.65182,0.7892404567212332,0.5034473196143507,0.9863051426433594
2.65281,0.7893296066795517,0.5034417639521748,0.986327062239907
2.6538,0.7894186800665496,0.5034362173045531,0.9863489467525759
2.65479,0.7895076769825351,0.5034306796566621,0.9863707962375204
2.65578,0.7895965975276376,0.503425150993703,0.9863926107508051
2.65677,0.7896854418018088,0.5034196313009022,0.9864143903484044
2.65776,0.7897742099048226,0.5034141205635105,0.9864361350862033
2.65875,0.789862901936276,0.5034086187668045,0.9864578450199977
2.65974,0.7899515179955889,0.5034031258960847,0.9864795202054936
2.66073,0.7900400581820052,0.5033976419366769,0.9865011606983083
2.66172,0.7901285225945925,0.5033921668739315,0.9865227665539698
2.66271,0.7902169113322431,0.5033867006932237,0.9865443378279174
2.6637,0.790305224493674,0.5033812433799532,0.9865658745755016
2.6646900000000002,0.7903934621774275,0.5033757949195443,0.9865873768519843
2.66568,0.7904816244818712,0.5033703552974462,0.986608844712539
2.66667,0.7905697115051993,0.5033649244991324,0.9866302782122507
2.66766,0.7906577233454319,0.5033595025101008,0.9866516774061166
2.66865,0.7907456601004161,0.5033540893158737,0.9866730423490455
2.6696400000000002,0.7908335218678262,0.5033486849019981,0.9866943730958585
2.67063,0.7909213087451639,0.5033432892540453,0.9867156697012889
2.67162,0.7910090208297591,0.5033379023576103,0.9867369322199825
2.6726099999999997,0.7910966582187698,0.5033325241983135,0.9867581607064975
2.6736,0.7911842210091831,0.5033271547617986,0.9867793552153048
2.6745900000000002,0.7912717092978148,0.5033217940337336,0.9868005158007882
2.67558,0.7913591231813102,0.5033164419998111,0.9868216425172445
2.67657,0.7914464627561449,0.5033110986457473,0.9868427354188832
2.6775599999999997,0.7915337281186247,0.5033057639572829,0.9868637945598276
2.67855,0.7916209193648854,0.5033004379201822,0.986884819994114
2.6795400000000003,0.7917080365908947,0.5032951205202337,0.9869058117756924
2.68053,0.791795079892451,0.5032898117432499,0.9869267699584262
2.68152,0.7918820493651849,0.503284511575067,0.9869476945960928
2.6825099999999997,0.791968945104559,0.5032792200015451,0.9869685857423836
2.6835,0.7920557672058683,0.5032739370085682,0.9869894434509038
2.6844900000000003,0.7921425157642412,0.5032686625820438,0.9870102677751729
2.68548,0.7922291908746387,0.5032633967079034,0.987031058768625
2.68647,0.7923157926318559,0.5032581393721023,0.9870518164846082
2.6874599999999997,0.7924023211305218,0.503252890560619,0.9870725409763855
2.68845,0.7924887764650997,0.5032476502594557,0.9870932322971349
2.6894400000000003,0.7925751587298879,0.5032424184546386,0.9871138904999487
2.69043,0.7926614680190195,0.5032371951322168,0.9871345156378345
2.69142,0.7927477044264634,0.5032319802782632,0.9871551077637153
2.6924099999999997,0.7928338680460242,0.5032267738788742,0.987175666930429
2.6934,0.7929199589713425,0.5032215759201694,0.9871961931907292
2.6943900000000003,0.7930059772958961,0.5032163863882917,0.9872166865972848
2.69538,0.7930919231129989,0.5032112052694075,0.9872371472026807
2.69637,0.7931777965158031,0.5032060325497065,0.9872575750594176
2.6973599999999998,0.7932635975972978,0.5032008682154013,0.9872779702199118
2.69835,0.7933493264503105,0.503195712252728,0.9872983327364961
2.6993400000000003,0.7934349831675069,0.5031905646479456,0.9873186626614195
2.70033,0.7935205678413916,0.5031854253873367,0.9873389600468472
2.70132,0.7936060805643081,0.5031802944572061,0.9873592249448608
2.7023099999999998,0.7936915214284398,0.5031751718438824,0.9873794574074591
2.7033,0.7937768905258094,0.5031700575337168,0.9873996574865571
2.7042900000000003,0.7938621879482801,0.5031649515130835,0.9874198252339869
2.70528,0.7939474137875556,0.5031598537683798,0.9874399607014975
2.70627,0.7940325681351802,0.5031547642860256,0.9874600639407555
2.7072599999999998,0.7941176510825398,0.5031496830524635,0.9874801350033443
2.70825,0.7942026627208617,0.5031446100541592,0.9875001739407651
2.7092400000000003,0.7942876031412153,0.5031395452776013,0.9875201808044364
2.71023,0.7943724724345118,0.5031344887093004,0.9875401556456945
2.71122,0.7944572706915056,0.5031294403357905,0.9875600985157937
2.71221,0.7945419980027937,0.5031244001436277,0.9875800094659062
2.7132,0.7946266544588166,0.503119368119391,0.987599888547122
2.7141900000000003,0.7947112401498586,0.5031143442496817,0.9876197358104496
2.71518,0.7947957551660476,0.5031093285211238,0.9876395513068158
2.71617,0.794880199597356,0.5031043209203637,0.9876593350870659
2.71716,0.7949645735336013,0.5030993214340702,0.9876790872019638
2.71815,0.7950488770644453,0.5030943300489343,0.9876988077021923
2.7191400000000003,0.7951331102793959,0.5030893467516697,0.9877184966383528
2.72013,0.7952172732678062,0.5030843715290123,0.9877381540609658
2.72112,0.7953013661188756,0.50307940436772,0.987757780020471
2.72211,0.7953853889216498,0.5030744452545732,0.9877773745672275
2.7231,0.7954693417650212,0.5030694941763745,0.9877969377515133
2.7240900000000003,0.7955532247377295,0.5030645511199484,0.9878164696235268
2.72508,0.7956370379283613,0.5030596160721418,0.987835970233385
2.72607,0.7957207814253514,0.5030546890198233,0.9878554396311255
2.72706,0.7958044553169825,0.503049769949884,0.9878748778667055
2.72805,0.7958880596913858,0.5030448588492368,0.9878942849900022
2.7290400000000004,0.795971594636541,0.5030399557048162,0.987913661050813
2.73003,0.796055060240277,0.5030350605035792,0.9879330060988558
2.73102,0.7961384565902719,0.5030301732325043,0.9879523201837686
2.73201,0.7962217837740538,0.5030252938785921,0.98797160335511
2.733,0.7963050418790009,0.5030204224288646,0.9879908556623597
2.7339900000000004,0.7963882309923414,0.5030155588703659,0.9880100771549175
2.73498,0.7964713512011542,0.5030107031901617,0.9880292678821048
2.73597,0.7965544025923695,0.5030058553753396,0.9880484278931636
2.73696,0.7966373852527691,0.5030010154130086,0.9880675572372574
2.73795,0.7967202992689857,0.5029961832902993,0.9880866559634708
2.73894,0.7968031447275044,0.5029913589943639,0.9881057241208098
2.73993,0.7968859217146629,0.5029865425123763,0.9881247617582022
2.74092,0.7969686303166509,0.5029817338315318,0.9881437689244974
2.74191,0.7970512706195115,0.5029769329390471,0.9881627456684664
2.7429,0.7971338427091411,0.5029721398221605,0.9881816920388024
2.74389,0.7972163466712895,0.5029673544681313,0.9882006080841205
2.74488,0.7972987825915604,0.5029625768642406,0.9882194938529582
2.74587,0.7973811505554117,0.5029578069977906,0.988238349393775
2.74686,0.7974634506481559,0.5029530448561047,0.988257174754953
2.74785,0.7975456829549606,0.5029482904265278,0.988275969984797
2.74884,0.7976278475608481,0.5029435436964257,0.9882947351315344
2.74983,0.7977099445506968,0.5029388046531855,0.9883134702433152
2.75082,0.79779197400924,0.5029340732842154,0.9883321753682125
2.75181,0.7978739360210677,0.5029293495769448,0.9883508505542224
2.7528,0.7979558306706266,0.5029246335188239,0.9883694958492646
2.75379,0.7980376580422194,0.5029199250973242,0.9883881113011812
2.7547800000000002,0.7981194182200063,0.5029152242999381,0.9884066969577385
2.75577,0.7982011112880047,0.5029105311141787,0.9884252528666262
2.75676,0.7982827373300898,0.5029058455275803,0.9884437790754574
2.75775,0.7983642964299945,0.502901167527698,0.9884622756317694
2.75874,0.7984457886713101,0.5028964971021077,0.9884807425830228
2.7597300000000002,0.7985272141374865,0.502891834238406,0.9884991799766029
2.76072,0.7986085729118326,0.5028871789242105,0.9885175878598186
2.76171,0.7986898650775159,0.5028825311471592,0.9885359662799037
2.7626999999999997,0.7987710907175642,0.5028778908949112,0.9885543152840157
2.76369,0.7988522499148646,0.5028732581551457,0.9885726349192373
2.7646800000000002,0.7989333427521642,0.5028686329155632,0.9885909252325752
2.76567,0.7990143693120707,0.5028640151638841,0.9886091862709614
2.76666,0.7990953296770523,0.5028594048878499,0.9886274180812523
2.7676499999999997,0.7991762239294384,0.5028548020752222,0.9886456207102298
2.76864,0.7992570521514196,0.5028502067137833,0.9886637942046006
2.7696300000000003,0.7993378144250481,0.5028456187913358,0.9886819386109966
2.77062,0.7994185108322377,0.5028410382957029,0.9887000539759753
2.77161,0.7994991414547646,0.502836465214728,0.9887181403460196
2.7725999999999997,0.7995797063742677,0.5028318995362749,0.9887361977675377
2.77359,0.7996602056722482,0.5028273412482277,0.9887542262868642
2.7745800000000003,0.7997406394300703,0.5028227903384904,0.9887722259502588
2.77557,0.7998210077289624,0.502818246794988,0.9887901968039076
2.77656,0.7999013106500152,0.502813710605665,0.9888081388939225
2.7775499999999997,0.7999815482741846,0.5028091817584863,0.988826052266342
2.77854,0.8000617206822898,0.502804660241437,0.9888439369671305
2.7795300000000003,0.8001418279550151,0.5028001460425221,0.988861793042179
2.78052,0.8002218701729091,0.5027956391497668,0.9888796205373052
2.78151,0.8003018474163859,0.5027911395512162,0.9888974194982529
2.7824999999999998,0.8003817597657248,0.5027866472349356,0.9889151899706936
2.78349,0.8004616073010705,0.5027821621890098,0.9889329320002249
2.7844800000000003,0.8005413901024343,0.5027776844015441,0.9889506456323718
2.78547,0.800621108249693,0.5027732138606632,0.9889683309125862
2.78646,0.8007007618225901,0.5027687505545118,0.9889859878862475
2.7874499999999998,0.8007803509007363,0.5027642944712545,0.9890036165986623
2.78844,0.8008598755636092,0.5027598455990755,0.9890212170950649
2.7894300000000003,0.8009393358905532,0.5027554039261789,0.9890387894206168
2.79042,0.8010187319607809,0.5027509694407882,0.9890563336204078
2.79141,0.8010980638533729,0.5027465421311472,0.9890738497394548
2.7923999999999998,0.8011773316472777,0.5027421219855187,0.9890913378227032
2.79339,0.8012565354213123,0.5027377089921853,0.9891087979150264
2.7943800000000003,0.8013356752541625,0.5027333031394492,0.9891262300612257
2.79537,0.8014147512243833,0.5027289044156322,0.989143634306031
2.79636,0.8014937634103988,0.5027245128090756,0.9891610106941005
2.79735,0.8015727118905028,0.5027201283081398,0.9891783592700206
2.79834,0.8016515967428588,0.5027157509012053,0.9891956800783069
2.7993300000000003,0.8017304180455007,0.5027113805766715,0.9892129731634035
2.80032,0.8018091758763325,0.5027070173229572,0.9892302385696833
2.80131,0.8018878703131291,0.5027026611285006,0.989247476341448
2.8023,0.8019665014335365,0.5026983119817593,0.989264686522929
2.80329,0.8020450693150716,0.5026939698712101,0.9892818691582862
2.8042800000000003,0.8021235740351229,0.5026896347853489,0.9892990242916093
2.80527,0.8022020156709507,0.5026853067126911,0.9893161519669171
2.80626,0.8022803942996874,0.5026809856417708,0.9893332522281584
2.80725,0.8023587099983379,0.5026766715611416,0.9893503251192112
2.80824,0.802436962843779,0.5026723644593762,0.9893673706838834
2.8092300000000003,0.802515152912761,0.5026680643250662,0.9893843889659129
2.81022,0.8025932802819071,0.5026637711468223,0.9894013800089674
2.81121,0.802671345027714,0.5026594849132741,0.989418343856645
2.8122,0.8027493472265517,0.5026552056130704,0.9894352805524735
2.81319,0.8028272869546645,0.5026509332348786,0.9894521901399119
2.8141800000000003,0.8029051642881707,0.5026466677673854,0.9894690726623487
2.81517,0.802982979303063,0.502642409199296,0.9894859281631037
2.81616,0.8030607320752089,0.5026381575193346,0.9895027566854266
2.81715,0.8031384226803507,0.5026339127162444,0.9895195582724986
2.81814,0.8032160511941064,0.5026296747787867,0.9895363329674315
2.8191300000000004,0.8032936176919688,0.5026254436957424,0.989553080813268
2.82012,0.8033711222493068,0.5026212194559105,0.9895698018529819
2.82111,0.8034485649413655,0.502617002048109,0.9895864961294785
2.8221,0.803525945843266,0.5026127914611742,0.9896031636855942
2.82309,0.8036032650300059,0.5026085876839614,0.9896198045640967
2.8240800000000004,0.8036805225764598,0.5026043907053442,0.9896364188076857
2.82507,0.803757718557379,0.502600200514215,0.9896530064589921
2.82606,0.8038348530473926,0.5025960170994842,0.9896695675605788
2.82705,0.8039119261210067,0.5025918404500813,0.9896861021549405
2.82804,0.8039889378526055,0.5025876705549539,0.9897026102845039
2.82903,0.8040658883164514,0.502583507403068,0.9897190919916279
2.83002,0.804142777586685,0.5025793509834081,0.9897355473186032
2.83101,0.8042196057373251,0.5025752012849771,0.9897519763076535
2.832,0.8042963728422698,0.502571058296796,0.9897683790009344
2.83299,0.8043730789752963,0.5025669220079044,0.989784755440534
2.83398,0.8044497242100607,0.5025627924073598,0.9898011056684733
2.83497,0.804526308620099,0.5025586694842382,0.9898174297267059
2.83596,0.804602832278827,0.5025545532276336,0.9898337276571184
2.83695,0.8046792952595404,0.5025504436266583,0.9898499995015302
2.83794,0.8047556976354153,0.5025463406704429,0.9898662453016936
2.83893,0.8048320394795087,0.5025422443481355,0.9898824650992946
2.83992,0.8049083208647578,0.502538154648903,0.989898658935952
2.84091,0.8049845418639814,0.5025340715619296,0.989914826853218
2.8419,0.8050607025498793,0.5025299950764184,0.9899309688925786
2.84289,0.805136802995033,0.5025259251815896,0.9899470850954533
2.84388,0.8052128432719059,0.5025218618666818,0.989963175503195
2.8448700000000002,0.8052888234528431,0.5025178051209513,0.9899792401570909
2.84586,0.8053647436100724,0.5025137549336728,0.9899952790983618
2.84685,0.8054406038157039,0.5025097112941381,0.9900112923681625
2.8478399999999997,0.8055164041417305,0.5025056741916573,0.9900272800075821
2.84883,0.805592144660028,0.502501643615558,0.9900432420576439
2.8498200000000002,0.8056678254423559,0.5024976195551861,0.9900591785593054
2.85081,0.8057434465603568,0.5024936019999046,0.9900750895534586
2.8518,0.8058190080855571,0.5024895909390944,0.9900909750809301
2.8527899999999997,0.8058945100893671,0.5024855863621541,0.9901068351824813
2.85378,0.8059699526430816,0.5024815882585002,0.9901226698988081
2.8547700000000003,0.8060453358178797,0.5024775966175663,0.9901384792705413
2.85576,0.8061206596848253,0.5024736114288041,0.9901542633382469
2.85675,0.8061959243148669,0.5024696326816822,0.9901700221424256
2.8577399999999997,0.8062711297788384,0.5024656603656875,0.9901857557235135
2.85873,0.8063462761474595,0.5024616944703236,0.9902014641218821
2.8597200000000003,0.8064213634913346,0.5024577349851123,0.9902171473778382
2.86071,0.806496391880955,0.5024537818995922,0.9902328055316236
2.8617,0.8065713613866974,0.5024498352033198,0.9902484386234166
2.8626899999999997,0.806646272078825,0.5024458948858683,0.9902640466933305
2.86368,0.8067211240274879,0.502441960936829,0.9902796297814146
2.8646700000000003,0.8067959173027225,0.50243803334581,0.9902951879276541
2.86566,0.8068706519744526,0.502434112102437,0.9903107211719703
2.86665,0.8069453281124893,0.5024301971963527,0.9903262295542202
2.8676399999999997,0.8070199457865309,0.5024262886172169,0.9903417131141977
2.86863,0.8070945050661638,0.5024223863547072,0.9903571718916325
2.8696200000000003,0.8071690060208618,0.5024184903985174,0.9903726059261907
2.87061,0.8072434487199878,0.5024146007383594,0.9903880152574752
2.8716,0.8073178332327919,0.5024107173639616,0.9904033999250252
2.8725899999999998,0.8073921596284143,0.5024068402650695,0.9904187599683169
2.87358,0.8074664279758826,0.502402969431446,0.9904340954267631
2.8745700000000003,0.8075406383441147,0.5023991048528706,0.9904494063397136
2.87556,0.8076147908019171,0.5023952465191402,0.9904646927464552
2.87655,0.807688885417986,0.5023913944200681,0.990479954686212
2.8775399999999998,0.8077629222609075,0.502387548545485,0.990495192198145
2.87853,0.8078369013991579,0.5023837088852382,0.9905104053213527
2.8795200000000003,0.8079108229011033,0.5023798754291922,0.990525594094871
2.88051,0.8079846868350004,0.5023760481672279,0.9905407585576733
2.8815,0.8080584932689966,0.5023722270892433,0.9905558987486707
2.8824899999999998,0.8081322422711302,0.5023684121851532,0.9905710147067118
2.88348,0.8082059339093307,0.5023646034448889,0.9905861064705834
2.8844700000000003,0.8082795682514189,0.5023608008583986,0.9906011740790098
2.88546,0.8083531453651069,0.5023570044156473,0.9906162175706537
2.88645,0.808426665317999,0.5023532141066164,0.9906312369841156
2.88744,0.808500128177591,0.502349429921304,0.9906462323579344
2.88843,0.8085735340112715,0.502345651849725,0.9906612037305871
2.8894200000000003,0.8086468828863212,0.5023418798819106,0.9906761511404896
2.89041,0.8087201748699133,0.5023381140079088,0.9906910746259957
2.8914,0.8087934100291142,0.5023343542177839,0.9907059742253982
2.89239,0.8088665884308831,0.502330600501617,0.9907208499769287
2.89338,0.8089397101420728,0.5023268528495053,0.990735701918757
2.8943700000000003,0.8090127752294294,0.5023231112515625,0.9907505300889927
2.89536,0.8090857837595927,0.5023193756979188,0.9907653345256836
2.89635,0.8091587357990967,0.502315646178721,0.9907801152668171
2.89734,0.8092316314143694,0.5023119226841319,0.9907948723503195
2.89833,0.809304470671733,0.5023082052043307,0.9908096058140566
2.8993200000000003,0.8093772536374045,0.502304493729513,0.9908243156958336
2.90031,0.8094499803774959,0.5023007882498907,0.9908390020333949
2.9013,0.8095226509580138,0.5022970887556917,0.9908536648644249
2.90229,0.8095952654448602,0.5022933952371602,0.9908683042265475
2.90328,0.8096678239038326,0.5022897076845567,0.9908829201573262
2.9042700000000004,0.8097403264006241,0.5022860260881579,0.9908975126942646
2.90526,0.8098127730008235,0.5022823504382564,0.9909120818748062
2.90625,0.8098851637699159,0.5022786807251611,0.9909266277363346
2.90724,0.8099574987732827,0.5022750169391967,0.9909411503161736
2.90823,0.8100297780762016,0.5022713590707045,0.990955649651587
2.9092200000000004,0.8101020017438471,0.5022677071100411,0.9909701257797795
2.91021,0.8101741698412903,0.5022640610475797,0.9909845787378956
2.9112,0.8102462824334999,0.5022604208737089,0.9909990085630208
2.91219,0.8103183395853417,0.5022567865788338,0.9910134152921811
2.91318,0.8103903413615788,0.502253158153375,0.9910277989623433
2.91417,0.8104622878268725,0.5022495355877693,0.9910421596104148
2.91516,0.8105341790457814,0.5022459188724689,0.9910564972732442
2.91615,0.8106060150827628,0.5022423079979423,0.991070811987621
2.91714,0.810677796002172,0.5022387029546737,0.9910851037902759
2.91813,0.810749521868263,0.5022351037331627,0.9910993727178807
2.91912,0.8108211927451886,0.5022315103239251,0.9911136188070486
2.92011,0.8108928086970002,0.5022279227174921,0.9911278420943341
2.9211,0.8109643697876487,0.5022243409044108,0.9911420426162332
2.92209,0.8110358760809843,0.5022207648752439,0.9911562204091836
2.92308,0.8111073276407564,0.5022171946205698,0.9911703755095644
2.92407,0.8111787245306149,0.5022136301309823,0.9911845079536971
2.92506,0.8112500668141087,0.502210071397091,0.9911986177778442
2.92605,0.8113213545546877,0.5022065184095209,0.9912127050182109
2.92704,0.8113925878157014,0.5022029711589127,0.991226769710944
2.92803,0.8114637666604007,0.5021994296359223,0.9912408118921326
2.92902,0.8115348911519362,0.5021958938312217,0.9912548315978081
2.9300100000000002,0.8116059613533604,0.5021923637354975,0.9912688288639442
2.931,0.8116769773276263,0.5021888393394524,0.9912828037264568
2.93199,0.8117479391375887,0.5021853206338043,0.9912967562212047
2.93298,0.8118188468460036,0.5021818076092862,0.991310686383989
2.93397,0.8118897005155288,0.5021783002566468,0.9913245942505536
2.9349600000000002,0.8119605002087241,0.5021747985666501,0.9913384798565853
2.93595,0.8120312459880512,0.5021713025300752,0.9913523432377135
2.93694,0.8121019379158747,0.5021678121377166,0.9913661844295109
2.9379299999999997,0.8121725760544608,0.5021643273803839,0.991380003467493
2.93892,0.8122431604659792,0.502160848248902,0.9913938003871186
2.9399100000000002,0.8123136912125021,0.502157374734111,0.9914075752237896
2.9409,0.8123841683560048,0.5021539068268664,0.9914213280128515
2.94189,0.812454591958366,0.5021504445180383,0.9914350587895931
2.9428799999999997,0.8125249620813677,0.5021469877985124,0.9914487675892466
2.94387,0.8125952787866958,0.5021435366591892,0.9914624544469879
2.9448600000000003,0.8126655421359398,0.5021400910909843,0.9914761193979367
2.94585,0.8127357521905934,0.5021366510848286,0.9914897624771561
2.94684,0.8128059090120544,0.5021332166316677,0.9915033837196536
2.9478299999999997,0.8128760126616251,0.5021297877224621,0.9915169831603805
2.94882,0.8129460632005124,0.5021263643481876,0.991530560834232
2.9498100000000003,0.8130160606898281,0.5021229464998348,0.9915441167760474
2.9508,0.8130860051905887,0.502119534168409,0.9915576510206106
2.95179,0.813155896763716,0.5021161273449309,0.9915711636026493
2.9527799999999997,0.8132257354700373,0.5021127260204353,0.9915846545568362
2.95377,0.8132955213702854,0.5021093301859725,0.9915981239177882
2.9547600000000003,0.8133652545250986,0.5021059398326072,0.9916115717200666
2.95575,0.8134349349950213,0.5021025549514191,0.9916249979981779
2.95674,0.8135045628405039,0.5020991755335025,0.9916384027865728
2.9577299999999997,0.8135741381219032,0.5020958015699666,0.9916517861196473
2.95872,0.8136436608994826,0.5020924330519352,0.991665148031742
2.9597100000000003,0.8137131312334117,0.5020890699705467,0.9916784885571429
2.9607,0.8137825491837674,0.5020857123169543,0.9916918077300808
2.96169,0.8138519148105331,0.5020823600823258,0.9917051055847319
2.9626799999999998,0.8139212281736001,0.5020790132578434,0.9917183821552176
2.96367,0.8139904893327665,0.5020756718347044,0.9917316374756047
2.9646600000000003,0.8140596983477382,0.5020723358041199,0.9917448715799055
2.96565,0.8141288552781287,0.5020690051573161,0.991758084502078
2.96664,0.8141979601834598,0.5020656798855337,0.9917712762760256
2.9676299999999998,0.8142670131231607,0.5020623599800276,0.9917844469355975
2.96862,0.8143360141565698,0.502059045432067,0.9917975965145889
2.9696100000000003,0.814404963342933,0.5020557362329363,0.9918107250467406
2.9706,0.8144738607414056,0.5020524323739335,0.9918238325657397
2.97159,0.8145427064110514,0.5020491338463713,0.9918369191052192
2.97258,0.8146115004108433,0.5020458406415768,0.9918499846987583
2.97357,0.8146802427996632,0.5020425527508914,0.9918630293798826
2.9745600000000003,0.8147489336363025,0.5020392701656707,0.9918760531820637
2.97555,0.8148175729794622,0.5020359928772848,0.99188905613872
2.97654,0.8148861608877529,0.5020327208771178,0.9919020382832162
2.97753,0.8149546974196948,0.5020294541565683,0.9919149996488636
2.97852,0.8150231826337189,0.5020261927070488,0.9919279402689204
2.9795100000000003,0.8150916165881658,0.5020229365199864,0.9919408601765912
2.9805,0.8151599993412866,0.502019685586822,0.9919537594050277
2.98149,0.815228330951243,0.5020164398990107,0.9919666379873285
2.98248,0.815296611476108,0.5020131994480217,0.9919794959565393
2.98347,0.8153648409738645,0.5020099642253386,0.9919923333456528
2.9844600000000003,0.8154330195024077,0.5020067342224588,0.9920051501876088
2.98545,0.8155011471195428,0.5020035094308936,0.9920179465152946
2.98644,0.8155692238829875,0.5020002898421687,0.9920307223615447
2.98743,0.8156372498503706,0.5019970754478233,0.9920434777591411
2.98842,0.8157052250792329,0.5019938662394112,0.9920562127408133
2.9894100000000003,0.815773149627027,0.5019906622084997,0.9920689273392386
2.9904,0.8158410235511177,0.50198746334667,0.9920816215870416
2.99139,0.8159088469087821,0.5019842696455175,0.9920942955167952
2.99238,0.8159766197572099,0.5019810810966511,0.9921069491610196
2.99337,0.8160443421535033,0.5019778976916939,0.9921195825521835
2.9943600000000004,0.8161120141546773,0.5019747194222828,0.9921321957227032
2.99535,0.81617963581766,0.5019715462800681,0.9921447887049433
2.99634,0.8162472071992924,0.5019683782567145,0.9921573615312166
2.99733,0.8163147283563292,0.5019652153438998,0.9921699142337842
2.99832,0.8163821993454385,0.5019620575333162,0.9921824468448556
2.9993100000000004,0.8164496202232016,0.501958904816669,0.9921949593965884
3.0003,0.8165169910461141,0.5019557571856778,0.9922074519210893
3.00129,0.8165843118705854,0.5019526146320751,0.9922199244504132
3.00228,0.8166515827529393,0.5019494771476077,0.9922323770165636
3.00327,0.8167188037494135,0.501946344724036,0.9922448096514934
3.00426,0.8167859749161605,0.5019432173531335,0.9922572223871037
3.00525,0.8168530963092472,0.5019400950266877,0.9922696152552448
3.00624,0.8169201679846555,0.5019369777364994,0.992281988287716
3.00723,0.8169871899982822,0.5019338654743831,0.9922943415162657
3.00822,0.8170541624059394,0.5019307582321668,0.9923066749725915
3.00921,0.8171210852633544,0.501927656001692,0.9923189886883402
3.0102,0.8171879586261697,0.5019245587748132,0.9923312826951082
3.01119,0.8172547825499438,0.5019214665433993,0.9923435570244409
3.01218,0.8173215570901508,0.5019183792993315,0.9923558117078336
3.01317,0.8173882823021807,0.5019152970345053,0.992368046776731
3.01416,0.81745495824134,0.5019122197408289,0.9923802622625273
3.01515,0.8175215849628509,0.5019091474102244,0.9923924581965669
3.01614,0.8175881625218524,0.5019060800346268,0.9924046346101437
3.01713,0.8176546909734,0.5019030176059844,0.9924167915345016
3.01812,0.8177211703724662,0.5018999601162593,0.9924289290008343
3.01911,0.8177876007739397,0.5018969075574262,0.9924410470402861
3.0201000000000002,0.8178539822326272,0.5018938599214734,0.992453145683951
3.02109,0.8179203148032519,0.5018908172004024,0.9924652249628731
3.02208,0.8179865985404547,0.5018877793862276,0.9924772849080474
3.0230699999999997,0.8180528334987942,0.5018847464709771,0.9924893255504187
3.02406,0.8181190197327465,0.5018817184466915,0.9925013469208827
3.0250500000000002,0.8181851572967053,0.501878695305425,0.9925133490502852
3.02604,0.8182512462449828,0.5018756770392446,0.992525331969423
3.02703,0.8183172866318092,0.5018726636402309,0.9925372957090437
3.0280199999999997,0.818383278511333,0.5018696551004765,0.9925492402998454
3.02901,0.8184492219376212,0.5018666514120883,0.9925611657724769
3.0300000000000002,0.8185151169646594,0.5018636525671853,0.9925730721575384
3.03099,0.818580963646352,0.5018606585578999,0.992584959485581
3.03198,0.8186467620365223,0.5018576693763773,0.9925968277871067
3.0329699999999997,0.8187125121889132,0.5018546850147757,0.9926086770925687
3.03396,0.8187782141571861,0.5018517054652663,0.9926205074323717
3.0349500000000003,0.8188438679949221,0.501848730720033,0.9926323188368716
3.03594,0.8189094737556223,0.5018457607712726,0.9926441113363758
3.03693,0.8189750314927069,0.5018427956111952,0.9926558849611428
3.0379199999999997,0.8190405412595163,0.5018398352320231,0.9926676397413831
3.03891,0.8191060031093109,0.5018368796259918,0.9926793757072587
3.0399000000000003,0.8191714170952711,0.5018339287853494,0.9926910928888836
3.04089,0.8192367832704979,0.5018309827023569,0.9927027913163229
3.04188,0.8193021016880124,0.501828041369288,0.9927144710195942
3.0428699999999997,0.819367372400757,0.5018251047784293,0.992726132028667
3.04386,0.8194325954615942,0.5018221729220798,0.9927377743734624
3.0448500000000003,0.8194977709233077,0.5018192457925511,0.9927493980838543
3.04584,0.8195628988386022,0.501816323382168,0.9927610031896681
3.04683,0.8196279792601038,0.5018134056832675,0.9927725897206818
3.0478199999999998,0.8196930122403598,0.5018104926881992,0.9927841577066258
3.04881,0.8197579978318393,0.5018075843893257,0.9927957071771827
3.0498000000000003,0.8198229360869327,0.5018046807790216,0.9928072381619877
3.05079,0.8198878270579525,0.5018017818496747,0.9928187506906285
3.05178,0.819952670797133,0.5017988875936846,0.9928302447926458
3.0527699999999998,0.8200174673566306,0.5017959980034642,0.9928417204975324
3.0537600000000005,0.8200822167885243,0.5017931130714383,0.9928531778347345
3.0547500000000003,0.8201469191448151,0.5017902327900443,0.9928646168336506
3.05574,0.8202115744774269,0.5017873571517323,0.9928760375236326
3.05673,0.8202761828382059,0.5017844861489644,0.9928874399339853
3.0577199999999998,0.8203407442789217,0.5017816197742155,0.9928988240939665
3.0587099999999996,0.8204052588512663,0.5017787580199728,0.992910190032787
3.0597000000000003,0.8204697266068554,0.5017759008787358,0.9929215377796115
3.06069,0.8205341475972274,0.5017730483430162,0.9929328673635572
3.06168,0.8205985218738449,0.5017702004053382,0.9929441788136955
3.06267,0.8206628494880932,0.5017673570582383,0.9929554721590503
3.0636599999999996,0.820727130491282,0.5017645182942652,0.9929667474286001
3.0646500000000003,0.8207913649346444,0.50176168410598,0.9929780046512763
3.06564,0.820855552869338,0.5017588544859559,0.9929892438559641
3.06663,0.820919694346444,0.5017560294267784,0.9930004650715027
3.06762,0.8209837894169681,0.5017532089210451,0.9930116683266852
3.0686099999999996,0.8210478381318408,0.501750392961366,0.9930228536502581
3.0696000000000003,0.8211118405419167,0.5017475815403629,0.9930340210709224
3.07059,0.8211757966979751,0.50174477465067,0.993045170617333
3.07158,0.8212397066507205,0.5017419722849338,0.9930563023180988
3.07257,0.8213035704507823,0.5017391744358122,0.9930674162017831
3.0735599999999996,0.8213673881487148,0.501736381095976,0.9930785122969035
3.0745500000000003,0.8214311597949978,0.5017335922581075,0.9930895906319317
3.07554,0.8214948854400363,0.5017308079149013,0.993100651235294
3.07653,0.8215585651341614,0.5017280280590639,0.9931116941353714
3.07752,0.821622198927629,0.5017252526833138,0.9931227193604991
3.0785099999999996,0.8216857868706218,0.5017224817803816,0.9931337269389671
3.0795000000000003,0.8217493290132479,0.5017197153430096,0.9931447168990203
3.08049,0.8218128254055413,0.5017169533639524,0.993155689268858
3.08148,0.821876276097463,0.5017141958359761,0.9931666440766348
3.08247,0.8219396811388998,0.501711442751859,0.99317758135046
3.0834599999999996,0.8220030405796651,0.5017086941043911,0.9931885011183977
3.0844500000000004,0.8220663544694993,0.5017059498863744,0.9931994034084677
3.08544,0.8221296228580691,0.5017032100906226,0.9932102882486443
3.08643,0.8221928457949684,0.5017004747099613,0.9932211556668574
3.08742,0.8222560233297184,0.5016977437372279,0.9932320056909921
3.0884099999999997,0.8223191555117669,0.5016950171652713,0.9932428383488889
3.0894000000000004,0.8223822423904897,0.5016922949869528,0.9932536536683436
3.09039,0.8224452840151897,0.5016895771951446,0.9932644516771076
3.09138,0.8225082804350974,0.5016868637827314,0.9932752324028881
3.09237,0.8225712316993713,0.501684154742609,0.9932859958733475
3.0933599999999997,0.8226341378570974,0.5016814500676852,0.9932967421161043
3.0943500000000004,0.8226969989572901,0.5016787497508793,0.9933074711587327
3.09534,0.8227598150488917,0.5016760537851224,0.9933181830287626
3.09633,0.822822586180773,0.501673362163357,0.9933288777536802
3.09732,0.8228853124017328,0.5016706748785373,0.9933395553609272
3.0983099999999997,0.822947993760499,0.5016679919236293,0.9933502158779018
3.0993000000000004,0.8230106303057279,0.5016653132916101,0.9933608593319583
3.10029,0.8230732220860044,0.5016626389754687,0.9933714857504069
3.10128,0.8231357691498425,0.5016599689682054,0.9933820951605143
3.10227,0.8231982715456857,0.5016573032628323,0.9933926875895038
3.1032599999999997,0.8232607293219061,0.5016546418523725,0.9934032630645548
3.1042500000000004,0.8233231425268054,0.5016519847298611,0.9934138216128032
3.1052400000000002,0.8233855112086147,0.5016493318883443,0.9934243632613416
3.10623,0.8234478354154948,0.5016466833208796,0.9934348880372192
3.10722,0.8235101151955361,0.5016440390205363,0.9934453959674419
3.1082099999999997,0.823572350596759,0.501641398980395,0.9934558870789724
3.1092000000000004,0.8236345416671139,0.5016387631935473,0.9934663613987301
3.1101900000000002,0.823696688454481,0.5016361316530965,0.9934768189535916
3.11118,0.8237587910066712,0.5016335043521573,0.9934872597703902
3.11217,0.8238208493714252,0.5016308812838551,0.9934976838759164
3.1131599999999997,0.823882863596415,0.5016282624413274,0.9935080912969178
3.1141500000000004,0.8239448337292425,0.5016256478177225,0.9935184820600991
3.1151400000000002,0.8240067598174408,0.5016230374062,0.9935288561921224
3.11613,0.8240686419084734,0.5016204311999306,0.993539213719607
3.11712,0.8241304800497355,0.5016178291920967,0.9935495546691298
3.1181099999999997,0.8241922742885529,0.5016152313758914,0.9935598790672248
3.1191000000000004,0.824254024672183,0.5016126377445191,0.9935701869403838
3.1200900000000003,0.8243157312478141,0.5016100482911955,0.9935804783150562
3.12108,0.8243773940625666,0.5016074630091474,0.993590753217649
3.12207,0.8244390131634923,0.5016048818916123,0.993601011674527
3.1230599999999997,0.8245005885975747,0.5016023049318397,0.9936112537120125
3.1240500000000004,0.8245621204117293,0.5015997321230892,0.9936214793563862
3.1250400000000003,0.8246236086528035,0.501597163458632,0.9936316886338863
3.12603,0.8246850533675768,0.5015945989317504,0.9936418815707092
3.12702,0.8247464546027615,0.5015920385357374,0.9936520581930092
3.1280099999999997,0.8248078124050015,0.5015894822638972,0.993662218526899
3.1290000000000004,0.8248691268208738,0.5015869301095451,0.9936723625984493
3.1299900000000003,0.8249303978968877,0.5015843820660071,0.9936824904336891
3.13098,0.8249916256794856,0.5015818381266203,0.9936926020586058
3.13197,0.8250528102150423,0.5015792982847327,0.9937026974991452
3.1329599999999997,0.8251139515498661,0.5015767625337033,0.9937127767812116
3.1339500000000005,0.8251750497301982,0.5015742308669019,0.9937228399306677
3.1349400000000003,0.8252361048022131,0.5015717032777092,0.993732886973335
3.13593,0.8252971168120186,0.5015691797595166,0.9937429179349934
3.13692,0.825358085805656,0.5015666603057269,0.9937529328413818
3.1379099999999998,0.8254190118291004,0.5015641449097529,0.9937629317181979
3.1389000000000005,0.8254798949282606,0.5015616335650189,0.993772914591098
3.1398900000000003,0.8255407351489787,0.5015591262649597,0.9937828814856975
3.14088,0.8256015325370317,0.5015566230030207,0.993792832427571
3.14187,0.8256622871381302,0.5015541237726584,0.9938027674422518
3.1428599999999998,0.8257229989979189,0.5015516285673398,0.9938126865552327
3.1438499999999996,0.8257836681619771,0.5015491373805427,0.9938225897919652
3.1448400000000003,0.8258442946758185,0.5015466502057557,0.9938324771778608
3.14583,0.8259048785848914,0.5015441670364779,0.9938423487382895
3.14682,0.8259654199345786,0.501541687866219,0.9938522044985812
3.1478099999999998,0.8260259187701979,0.5015392126884994,0.9938620444840253
3.1487999999999996,0.8260863751370021,0.5015367414968506,0.9938718687198704
3.1497900000000003,0.8261467890801789,0.5015342742848139,0.9938816772313249
3.15078,0.8262071606448513,0.5015318110459417,0.9938914700435568
3.15177,0.8262674898760773,0.5015293517737969,0.9939012471816939
3.15276,0.8263277768188507,0.5015268964619527,0.9939110086708237
3.1537499999999996,0.8263880215181006,0.5015244451039934,0.9939207545359935
3.1547400000000003,0.826448224018692,0.5015219976935132,0.9939304848022105
3.15573,0.8265083843654251,0.5015195542241172,0.993940199494442
3.15672,0.8265685026030363,0.5015171146894208,0.9939498986376153
3.15771,0.8266285787761982,0.5015146790830499,0.9939595822566178
3.1586999999999996,0.8266886129295193,0.501512247398641,0.993969250376297
3.1596900000000003,0.8267486051075444,0.5015098196298405,0.9939789030214606
3.16068,0.8268085553547544,0.501507395770306,0.9939885402168769
3.16167,0.826868463715567,0.5015049758137049,0.9939981619872741
3.16266,0.826928330234336,0.5015025597537153,0.9940077683573411
3.1636499999999996,0.8269881549553524,0.5015001475840255,0.9940173593517272
3.1646400000000003,0.8270479379228437,0.5014977392983342,0.9940269349950422
3.16563,0.8271076791809743,0.5014953348903503,0.9940364953118569
3.16662,0.8271673787738457,0.5014929343537932,0.9940460403267022
3.16761,0.8272270367454967,0.5014905376823924,0.9940555700640701
3.1685999999999996,0.827286653139903,0.501488144869888,0.9940650845484131
3.1695900000000004,0.827346228000978,0.50148575591003,0.994074583804145
3.17058,0.8274057613725723,0.5014833707965787,0.9940840678556402
3.17157,0.8274652532984742,0.5014809895233049,0.9940935367272341
3.17256,0.8275247038224097,0.5014786120839893,0.9941029904432233
3.1735499999999996,0.8275841129880426,0.5014762384724228,0.9941124290278652
3.1745400000000004,0.8276434808389748,0.5014738686824067,0.994121852505379
3.17553,0.8277028074187459,0.5014715027077523,0.9941312608999444
3.17652,0.8277620927708339,0.5014691405422811,0.994140654235703
3.17751,0.8278213369386549,0.5014667821798245,0.9941500325367573
3.1784999999999997,0.8278805399655637,0.5014644276142244,0.9941593958271714
3.1794900000000004,0.827939701894853,0.5014620768393324,0.9941687441309709
3.18048,0.8279988227697546,0.5014597298490104,0.9941780774721432
3.18147,0.8280579026334388,0.5014573866371305,0.9941873958746368
3.18246,0.8281169415290147,0.5014550471975742,0.9941966993623621
3.1834499999999997,0.8281759394995305,0.5014527115242338,0.9942059879591915
3.1844400000000004,0.8282348965879732,0.501450379611011,0.9942152616889587
3.18543,0.828293812837269,0.5014480514518179,0.9942245205754595
3.18642,0.8283526882902833,0.5014457270405763,0.9942337646424518
3.18741,0.828411522989821,0.5014434063712183,0.9942429939136551
3.1883999999999997,0.8284703169786263,0.5014410894376854,0.9942522084127513
3.1893900000000004,0.8285290702993834,0.5014387762339294,0.9942614081633839
3.19038,0.8285877829947155,0.5014364667539118,0.9942705931891592
3.19137,0.8286464551071859,0.5014341609916044,0.9942797635136453
3.19236,0.8287050866792981,0.5014318589409883,0.9942889191603725
3.1933499999999997,0.8287636777534951,0.5014295605960548,0.9942980601528337
3.1943400000000004,0.8288222283721605,0.501427265950805,0.9943071865144842
3.1953300000000002,0.8288807385776176,0.5014249749992497,0.9943162982687416
3.19632,0.8289392084121304,0.5014226877354097,0.9943253954389859
3.19731,0.8289976379179032,0.5014204041533152,0.99433447804856
3.1982999999999997,0.8290560271370809,0.5014181242470068,0.9943435461207694
3.1992900000000004,0.8291143761117491,0.5014158480105342,0.994352599678882
3.2002800000000002,0.8291726848839337,0.5014135754379572,0.9943616387461287
3.20127,0.8292309534956022,0.5014113065233453,0.9943706633457032
3.20226,0.8292891819886623,0.5014090412607777,0.9943796735007621
3.2032499999999997,0.8293473704049633,0.5014067796443431,0.9943886692344248
3.2042400000000004,0.8294055187862955,0.5014045216681402,0.9943976505697737
3.2052300000000002,0.8294636271743906,0.501402267326277,0.9944066175298545
3.20622,0.8295216956109212,0.5014000166128714,0.9944155701376757
3.20721,0.829579724137502,0.5013977695220508,0.9944245084162092
3.2081999999999997,0.8296377127956889,0.5013955260479523,0.99443343238839
3.2091900000000004,0.8296956616269797,0.5013932861847226,0.9944423420771165
3.2101800000000003,0.8297535706728139,0.5013910499265177,0.9944512375052502
3.21117,0.8298114399745725,0.5013888172675036,0.9944601186956165
3.21216,0.8298692695735794,0.5013865882018554,0.9944689856710037
3.2131499999999997,0.8299270595110998,0.5013843627237583,0.994477838454164
3.2141400000000004,0.8299848098283416,0.5013821408274064,0.9944866770678131
3.2151300000000003,0.8300425205664546,0.5013799225070035,0.9944955015346304
3.21612,0.8301001917665313,0.501377707756763,0.9945043118772586
3.21711,0.8301578234696065,0.501375496570908,0.9945131081183047
3.2180999999999997,0.8302154157166579,0.5013732889436703,0.9945218902803393
3.2190900000000005,0.8302729685486058,0.5013710848692918,0.9945306583858968
3.2200800000000003,0.830330482006313,0.5013688843420236,0.9945394124574757
3.22107,0.8303879561305856,0.5013666873561263,0.9945481525175381
3.22206,0.8304453909621727,0.5013644939058698,0.9945568785885108
3.2230499999999997,0.8305027865417662,0.501362303985533,0.994565590692784
3.2240400000000005,0.8305601429100018,0.501360117589405,0.9945742888527127
3.2250300000000003,0.8306174601074577,0.5013579347117836,0.9945829730906157
3.22602,0.8306747381746561,0.5013557553469759,0.994591643428776
3.22701,0.8307319771520627,0.5013535794892986,0.9946002998894415
3.2279999999999998,0.8307891770800867,0.5013514071330777,0.9946089424948239
3.2289900000000005,0.8308463379990809,0.5013492382726482,0.9946175712670995
3.2299800000000003,0.8309034599493421,0.5013470729023547,0.9946261862284093
3.23097,0.830960542971111,0.5013449110165507,0.9946347874008588
3.23196,0.8310175871045721,0.5013427526095992,0.9946433748065178
3.2329499999999998,0.8310745923898541,0.5013405976758722,0.9946519484674213
3.2339399999999996,0.8311315588670303,0.5013384462097511,0.9946605084055686
3.2349300000000003,0.8311884865761178,0.5013362982056265,0.9946690546429241
3.23592,0.8312453755570782,0.5013341536578979,0.9946775872014167
3.23691,0.8313022258498178,0.5013320125609741,0.9946861061029405
3.2379,0.8313590374941876,0.5013298749092733,0.9946946113693546
3.2388899999999996,0.8314158105299827,0.5013277406972223,0.9947031030224827
3.2398800000000003,0.8314725449969437,0.5013256099192576,0.994711581084114
3.24087,0.8315292409347556,0.5013234825698242,0.9947200455760025
3.24186,0.8315858983830485,0.5013213586433766,0.9947284965198677
3.24285,0.8316425173813977,0.5013192381343783,0.9947369339373942
3.2438399999999996,0.831699097969324,0.5013171210373015,0.9947453578502318
3.2448300000000003,0.8317556401862926,0.501315007346628,0.9947537682799956
3.24582,0.8318121440717148,0.5013128970568483,0.9947621652482664
3.24681,0.8318686096649471,0.5013107901624618,0.9947705487765903
3.2478,0.8319250370052916,0.5013086866579771,0.9947789188864787
3.2487899999999996,0.8319814261319962,0.5013065865379115,0.994787275599409
3.2497800000000003,0.8320377770842544,0.5013044897967918,0.9947956189368239
3.25077,0.8320940899012054,0.5013023964291531,0.9948039489201317
3.25176,0.8321503646219346,0.5013003064295399,0.9948122655707068
3.25275,0.8322066012854733,0.5012982197925052,0.9948205689098891
3.2537399999999996,0.8322627999307992,0.5012961365126114,0.9948288589589845
3.2547300000000003,0.8323189605968359,0.5012940565844294,0.9948371357392647
3.25572,0.8323750833224531,0.501291980002539,0.9948453992719674
3.25671,0.8324311681464677,0.5012899067615291,0.9948536495782961
3.2577,0.8324872151076425,0.5012878368559971,0.9948618866794209
3.2586899999999996,0.8325432242446869,0.5012857702805494,0.9948701105964775
3.2596800000000004,0.8325991955962572,0.5012837070298014,0.9948783213505679
3.26067,0.8326551292009564,0.5012816470983769,0.9948865189627604
3.26166,0.8327110250973345,0.5012795904809088,0.9948947034540896
3.26265,0.8327668833238883,0.5012775371720386,0.9949028748455563
3.2636399999999997,0.8328227039190617,0.5012754871664166,0.9949110331581278
3.2646300000000004,0.8328784869212459,0.5012734404587019,0.9949191784127378
3.26562,0.8329342323687791,0.5012713970435622,0.9949273106302865
3.26661,0.8329899402999469,0.5012693569156739,0.9949354298316406
3.2676,0.8330456107529826,0.5012673200697223,0.9949435360376336
3.2685899999999997,0.8331012437660665,0.5012652865004011,0.9949516292690653
3.2695800000000004,0.8331568393773271,0.5012632562024129,0.9949597095467027
3.27057,0.8332123976248402,0.5012612291704688,0.9949677768912788
3.27156,0.8332679185466297,0.5012592053992887,0.9949758313234943
3.27255,0.8333234021806669,0.5012571848836007,0.9949838728640163
3.2735399999999997,0.8333788485648715,0.5012551676181422,0.9949919015334787
3.2745300000000004,0.8334342577371111,0.5012531535976584,0.9949999173524827
3.27552,0.8334896297352016,0.5012511428169039,0.9950079203415964
3.27651,0.8335449645969069,0.5012491352706412,0.9950159105213547
3.2775,0.8336002623599394,0.5012471309536416,0.9950238879122603
3.2784899999999997,0.8336555230619599,0.501245129860685,0.9950318525347822
3.2794800000000004,0.8337107467405777,0.5012431319865598,0.9950398044093575
3.28047,0.8337659334333506,0.5012411373260627,0.99504774355639
3.28146,0.8338210831777852,0.5012391458739991,0.9950556699962511
3.28245,0.833876196011337,0.501237157625183,0.9950635837492795
3.2834399999999997,0.83393127197141,0.5012351725744364,0.9950714848357815
3.2844300000000004,0.8339863110953577,0.5012331907165902,0.9950793732760306
3.2854200000000002,0.8340413134204817,0.5012312120464837,0.9950872490902681
3.28641,0.8340962789840339,0.5012292365589643,0.9950951122987028
3.2874,0.8341512078232148,0.5012272642488881,0.9951029629215113
3.2883899999999997,0.8342060999751741,0.5012252951111195,0.9951108009788378
3.2893800000000004,0.8342609554770111,0.5012233291405312,0.9951186264907941
3.2903700000000002,0.8343157743657745,0.5012213663320045,0.99512643947746
3.29136,0.8343705566784625,0.501219406680429,0.9951342399588833
3.29235,0.8344253024520234,0.5012174501807022,0.9951420279550792
3.2933399999999997,0.8344800117233544,0.5012154968277304,0.9951498034860315
3.2943300000000004,0.8345346845293035,0.5012135466164281,0.9951575665716916
3.2953200000000002,0.8345893209066678,0.5012115995417183,0.9951653172319791
3.29631,0.8346439208921947,0.5012096555985317,0.9951730554867817
3.2973,0.834698484522582,0.5012077147818078,0.9951807813559551
3.2982899999999997,0.834753011834477,0.5012057770864942,0.9951884948593236
3.2992800000000004,0.834807502864478,0.5012038425075467,0.9951961960166795
3.3002700000000003,0.834861957649133,0.5012019110399292,0.9952038848477834
3.30126,0.8349163762249407,0.5011999826786143,0.9952115613723644
3.30225,0.8349707586283505,0.5011980574185821,0.9952192256101201
3.3032399999999997,0.8350251048957619,0.5011961352548215,0.9952268775807162
3.3042300000000004,0.8350794150635256,0.5011942161823294,0.9952345173037873
3.3052200000000003,0.8351336891679428,0.5011923001961106,0.9952421447989364
3.30621,0.8351879272452655,0.5011903872911783,0.9952497600857351
3.3072,0.8352421293316966,0.5011884774625537,0.9952573631837238
3.3081899999999997,0.8352962954633905,0.5011865707052663,0.9952649541124117
3.3091800000000005,0.835350425676452,0.5011846670143535,0.9952725328912764
3.3101700000000003,0.8354045200069375,0.501182766384861,0.9952800995397647
3.31116,0.8354585784908547,0.5011808688118423,0.995287654077292
3.31215,0.8355126011641623,0.5011789742903594,0.9952951965232429
3.3131399999999998,0.8355665880627708,0.5011770828154819,0.9953027268969709
3.3141300000000005,0.8356205392225422,0.5011751943822876,0.9953102452177982
3.3151200000000003,0.8356744546792897,0.5011733089858625,0.9953177515050166
3.31611,0.8357283344687785,0.5011714266213003,0.9953252457778864
3.3171,0.8357821786267257,0.501169547283703,0.9953327280556378
3.3180899999999998,0.8358359871887997,0.5011676709681803,0.9953401983574696
3.3190800000000005,0.8358897601906217,0.5011657976698501,0.9953476567025502
3.3200700000000003,0.835943497667764,0.5011639273838383,0.9953551031100173
3.32106,0.8359971996557515,0.5011620601052785,0.9953625375989777
3.32205,0.8360508661900611,0.5011601958293124,0.9953699601885081
3.3230399999999998,0.836104497306122,0.5011583345510895,0.9953773708976541
3.3240299999999996,0.836158093039316,0.5011564762657673,0.9953847697454313
3.3250200000000003,0.8362116534249767,0.5011546209685114,0.9953921567508246
3.32601,0.8362651784983908,0.5011527686544948,0.9953995319327886
3.327,0.8363186682947972,0.5011509193188987,0.9954068953102475
3.32799,0.8363721228493874,0.501149072956912,0.9954142469020953
3.3289799999999996,0.8364255421973064,0.5011472295637319,0.9954215867271957
3.3299700000000003,0.8364789263736508,0.5011453891345625,0.9954289148043822
3.33096,0.8365322754134712,0.5011435516646167,0.9954362311524582
3.33195,0.8365855893517704,0.5011417171491146,0.995443535790197
3.33294,0.8366388682235049,0.5011398855832843,0.9954508287363417
3.3339299999999996,0.8366921120635836,0.5011380569623616,0.9954581100096057
3.3349200000000003,0.8367453209068693,0.5011362312815899,0.9954653796286722
3.33591,0.8367984947881777,0.501134408536221,0.9954726376121945
3.3369,0.8368516337422782,0.5011325887215137,0.9954798839787963
3.33789,0.8369047378038932,0.5011307718327349,0.9954871187470712
3.3388799999999996,0.836957807007699,0.501128957865159,0.9954943419355831
3.3398700000000003,0.8370108413883254,0.5011271468140683,0.9955015535628663
3.34086,0.8370638409803557,0.5011253386747528,0.9955087536474254
3.34185,0.8371168058183274,0.50112353344251,0.9955159422077353
3.34284,0.8371697359367314,0.5011217311126452,0.9955231192622415
3.3438299999999996,0.8372226313700128,0.5011199316804712,0.9955302848293597
3.3448200000000003,0.8372754921525707,0.5011181351413087,0.9955374389274763
3.34581,0.837328318318758,0.5011163414904856,0.9955445815749483
3.3468,0.837381109902882,0.5011145507233379,0.9955517127901033
3.34779,0.8374338669392041,0.5011127628352089,0.9955588325912396
3.3487799999999996,0.8374865894619402,0.5011109778214494,0.995565940996626
3.3497700000000004,0.8375392775052606,0.5011091956774181,0.9955730380245023
3.35076,0.8375919311032898,0.5011074163984811,0.9955801236930789
3.35175,0.8376445502901069,0.5011056399800119,0.9955871980205374
3.35274,0.8376971350997456,0.5011038664173917,0.9955942610250298
3.3537299999999997,0.8377496855661948,0.5011020957060092,0.9956013127246796
3.3547200000000004,0.8378022017233974,0.5011003278412607,0.9956083531375808
3.35571,0.8378546836052515,0.5010985628185497,0.9956153822817987
3.3567,0.8379071312456102,0.5010968006332875,0.9956224001753696
3.35769,0.8379595446782816,0.5010950412808928,0.9956294068363011
3.3586799999999997,0.8380119239370287,0.5010932847567917,0.9956364022825717
3.3596700000000004,0.8380642690555697,0.5010915310564177,0.9956433865321312
3.36066,0.8381165800675783,0.5010897801752118,0.9956503596029009
3.36165,0.8381688570066829,0.5010880321086224,0.9956573215127732
3.36264,0.8382210999064678,0.5010862868521055,0.995664272279612
3.3636299999999997,0.8382733088004726,0.5010845444011242,0.9956712119212523
3.3646200000000004,0.8383254837221923,0.5010828047511491,0.995678140455501
3.36561,0.8383776247050776,0.5010810678976582,0.9956850579001361
3.3666,0.8384297317825349,0.5010793338361369,0.9956919642729074
3.36759,0.8384818049879263,0.501077602562078,0.9956988595915361
3.3685799999999997,0.8385338443545698,0.5010758740709813,0.9957057438737155
3.3695700000000004,0.8385858499157393,0.5010741483583545,0.9957126171371098
3.3705600000000002,0.8386378217046642,0.501072425419712,0.9957194793993555
3.37155,0.8386897597545306,0.501070705250576,0.9957263306780608
3.37254,0.8387416640984805,0.5010689878464756,0.9957331709908055
3.3735299999999997,0.8387935347696118,0.5010672732029474,0.9957400003551415
3.3745200000000004,0.8388453718009792,0.5010655613155353,0.9957468187885926
3.3755100000000002,0.8388971752255932,0.5010638521797903,0.9957536263086544
3.3765,0.8389489450764208,0.5010621457912707,0.9957604229327943
3.37749,0.8390006813863858,0.5010604421455422,0.9957672086784524
3.3784799999999997,0.8390523841883684,0.5010587412381775,0.9957739835630403
3.3794700000000004,0.8391040535152052,0.5010570430647564,0.9957807476039418
3.3804600000000002,0.8391556893996899,0.5010553476208662,0.9957875008185132
3.38145,0.8392072918745724,0.5010536549021013,0.9957942432240826
3.38244,0.83925886097256,0.5010519649040631,0.9958009748379508
3.3834299999999997,0.8393103967263167,0.5010502776223604,0.9958076956773907
3.3844200000000004,0.8393618991684634,0.5010485930526088,0.9958144057596473
3.3854100000000003,0.8394133683315782,0.5010469111904315,0.9958211051019384
3.3864,0.8394648042481961,0.5010452320314586,0.9958277937214541
3.38739,0.8395162069508096,0.501043555571327,0.9958344716353569
3.3883799999999997,0.8395675764718684,0.5010418818056812,0.9958411388607818
3.3893700000000004,0.8396189128437792,0.5010402107301725,0.9958477954148368
3.3903600000000003,0.8396702160989065,0.5010385423404594,0.9958544413146019
3.39135,0.8397214862695721,0.5010368766322073,0.9958610765771301
3.39234,0.8397727233880554,0.5010352136010889,0.9958677012194471
3.3933299999999997,0.8398239274865935,0.5010335532427838,0.9958743152585514
3.3943200000000004,0.839875098597381,0.5010318955529786,0.9958809187114139
3.3953100000000003,0.8399262367525705,0.5010302405273669,0.995887511594979
3.3963,0.8399773419842721,0.5010285881616494,0.9958940939261633
3.39729,0.8400284143245542,0.5010269384515337,0.995900665721857
3.3982799999999997,0.8400794538054429,0.5010252913927346,0.9959072269989225
3.3992700000000005,0.8401304604589225,0.5010236469809736,0.9959137777741959
3.4002600000000003,0.840181434316935,0.5010220052119793,0.9959203180644859
3.40125,0.8402323754113814,0.501020366081487,0.9959268478865746
3.40224,0.84028328377412,0.5010187295852394,0.995933367257217
3.4032299999999998,0.8403341594369681,0.5010170957189859,0.9959398761931415
3.4042200000000005,0.8403850024317011,0.5010154644784827,0.9959463747110494
3.4052100000000003,0.840435812790053,0.5010138358594929,0.9959528628276157
3.4062,0.840486590543716,0.5010122098577867,0.9959593405594884
3.40719,0.8405373357243413,0.5010105864691411,0.9959658079232889
3.4081799999999998,0.8405880483635386,0.5010089656893398,0.9959722649356122
3.4091699999999996,0.8406387284928764,0.5010073475141736,0.9959787116130263
3.4101600000000003,0.8406893761438817,0.50100573193944,0.9959851479720733
3.41115,0.8407399913480406,0.5010041189609433,0.9959915740292682
3.41214,0.8407905741367981,0.5010025085744948,0.9959979898011
3.4131299999999998,0.8408411245415583,0.5010009007759125,0.9960043953040311
3.4141199999999996,0.8408916425936843,0.5009992955610211,0.9960107905544976
3.4151100000000003,0.8409421283244981,0.5009976929256522,0.9960171755689093
3.4161,0.8409925817652814,0.5009960928656442,0.9960235503636499
3.41709,0.8410430029472746,0.5009944953768423,0.9960299149550764
3.41808,0.8410933919016778,0.5009929004550984,0.9960362693595202
3.4190699999999996,0.8411437486596504,0.500991308096271,0.9960426135932862
3.4200600000000003,0.8411940732523114,0.5009897182962255,0.9960489476726533
3.42105,0.841244365710739,0.5009881310508342,0.9960552716138743
3.42204,0.8412946260659715,0.5009865463559756,0.996061585433176
3.42303,0.8413448543490063,0.5009849642075354,0.9960678891467595
3.4240199999999996,0.8413950505908009,0.5009833846014057,0.9960741827707994
3.4250100000000003,0.8414452148222727,0.5009818075334854,0.9960804663214449
3.426,0.8414953470742985,0.5009802329996801,0.9960867398148191
3.42699,0.8415454473777155,0.5009786609959019,0.9960930032670195
3.42798,0.8415955157633207,0.5009770915180698,0.9960992566941177
3.4289699999999996,0.8416455522618711,0.500975524562109,0.9961055001121595
3.4299600000000003,0.8416955569040839,0.5009739601239518,0.9961117335371651
3.43095,0.8417455297206365,0.5009723981995368,0.9961179569851292
3.43194,0.8417954707421668,0.5009708387848093,0.9961241704720207
3.43293,0.8418453799992724,0.5009692818757214,0.9961303740137829
3.4339199999999996,0.8418952575225119,0.5009677274682314,0.996136567626334
3.4349100000000004,0.841945103342404,0.5009661755583042,0.996142751325566
3.4359,0.8419949174894282,0.5009646261419118,0.9961489251273461
3.43689,0.8420446999940243,0.500963079215032,0.9961550890475158
3.43788,0.8420944508865928,0.5009615347736497,0.9961612431018915
3.4388699999999996,0.8421441701974952,0.5009599928137559,0.996167387306264
3.4398600000000004,0.8421938579570534,0.5009584533313486,0.9961735216763988
3.44085,0.8422435141955501,0.5009569163224318,0.9961796462280365
3.44184,0.8422931389432294,0.5009553817830164,0.9961857609768922
3.44283,0.842342732230296,0.5009538497091194,0.9961918659386558
3.4438199999999997,0.8423922940869155,0.5009523200967646,0.9961979611289926
3.4448100000000004,0.8424418245432151,0.5009507929419822,0.9962040465635422
3.4458,0.8424913236292825,0.5009492682408087,0.9962101222579196
3.44679,0.8425407913751672,0.500947745989287,0.9962161882277145
3.44778,0.8425902278108796,0.500946226183467,0.9962222444884918
3.4487699999999997,0.8426396329663917,0.500944708819404,0.9962282910557916
3.4497600000000004,0.8426890068716366,0.5009431938931607,0.9962343279451289
3.45075,0.8427383495565092,0.5009416814008056,0.9962403551719939
3.45174,0.8427876610508657,0.5009401713384138,0.9962463727518522
3.45273,0.8428369413845243,0.5009386637020669,0.9962523807001445
3.4537199999999997,0.8428861905872641,0.5009371584878524,0.9962583790322869
3.4547100000000004,0.8429354086888267,0.5009356556918647,0.9962643677636704
3.4557,0.8429845957189149,0.5009341553102042,0.9962703469096621
3.45669,0.8430337517071939,0.5009326573389778,0.9962763164856039
3.45768,0.8430828766832902,0.5009311617742987,0.9962822765068133
3.4586699999999997,0.8431319706767929,0.5009296686122864,0.9962882269885835
3.4596600000000004,0.8431810337172525,0.5009281778490666,0.996294167946183
3.4606500000000002,0.843230065834182,0.5009266894807715,0.9963000993948558
3.46164,0.8432790670570566,0.5009252035035392,0.9963060213498217
3.46263,0.8433280374153133,0.5009237199135145,0.996311933826276
3.4636199999999997,0.8433769769383517,0.5009222387068484,0.9963178368393899
3.4646100000000004,0.8434258856555338,0.5009207598796979,0.99632373040431
3.4656000000000002,0.8434747635961837,0.5009192834282263,0.9963296145361589
3.46659,0.8435236107895884,0.5009178093486035,0.9963354892500347
3.46758,0.8435724272649967,0.5009163376370052,0.9963413545610118
3.4685699999999997,0.8436212130516209,0.5009148682896134,0.99634721048414
3.4695600000000004,0.8436699681786352,0.5009134013026163,0.9963530570344454
3.4705500000000002,0.8437186926751766,0.5009119366722085,0.9963588942269298
3.47154,0.8437673865703453,0.5009104743945905,0.996364722076571
3.47253,0.843816049893204,0.5009090144659691,0.996370540598323
3.4735199999999997,0.8438646826727784,0.5009075568825574,0.9963763498071156
3.4745100000000004,0.8439132849380567,0.5009061016405743,0.996382149717855
3.4755000000000003,0.8439618567179908,0.5009046487362451,0.9963879403454233
3.47649,0.8440103980414951,0.5009031981658011,0.996393721704679
3.47748,0.8440589089374475,0.5009017499254799,0.9963994938104566
3.4784699999999997,0.8441073894346889,0.5009003040115251,0.996405256677567
3.4794600000000004,0.8441558395620233,0.5008988604201863,0.9964110103207973
3.4804500000000003,0.8442042593482182,0.5008974191477192,0.9964167547549109
3.48144,0.8442526488220045,0.5008959801903858,0.9964224899946478
3.48243,0.8443010080120762,0.5008945435444542,0.9964282160547242
3.4834199999999997,0.8443493369470911,0.500893109206198,0.9964339329498328
3.4844100000000005,0.8443976356556705,0.5008916771718975,0.9964396406946429
3.4854000000000003,0.8444459041663992,0.5008902474378386,0.9964453393038
3.48639,0.8444941425078254,0.5008888200003135,0.9964510287919264
3.48738,0.8445423507084615,0.5008873948556204,0.9964567091736211
3.4883699999999997,0.8445905287967833,0.5008859720000632,0.9964623804634594
3.4893600000000005,0.8446386768012307,0.5008845514299524,0.9964680426759936
3.4903500000000003,0.8446867947502071,0.5008831331416037,0.9964736958257526
3.49134,0.8447348826720803,0.5008817171313393,0.996479339927242
3.49233,0.8447829405951816,0.5008803033954876,0.9964849749949442
3.4933199999999998,0.8448309685478067,0.5008788919303822,0.9964906010433183
3.4943100000000005,0.8448789665582155,0.5008774827323633,0.9964962180868004
3.4953000000000003,0.8449269346546318,0.5008760757977767,0.9965018261398038
3.49629,0.8449748728652434,0.5008746711229745,0.9965074252167179
3.49728,0.8450227812182032,0.500873268704314,0.99651301533191
3.4982699999999998,0.8450706597416276,0.5008718685381593,0.9965185964997236
3.4992599999999996,0.8451185084635978,0.5008704706208799,0.9965241687344799
3.5002500000000003,0.8451663274121596,0.5008690749488511,0.9965297320504768
3.50124,0.8452141166153229,0.5008676815184545,0.9965352864619894
3.50223,0.8452618761010623,0.5008662903260771,0.9965408319832699
3.50322,0.8453096058973172,0.500864901368112,0.996546368628548
3.5042099999999996,0.8453573060319917,0.5008635146409584,0.9965518964120301
3.5052000000000003,0.8454049765329542,0.5008621301410208,0.9965574153479003
3.50619,0.8454526174280386,0.5008607478647098,0.9965629254503197
3.50718,0.8455002287450428,0.5008593678084421,0.9965684267334269
3.50817,0.8455478105117304,0.5008579899686397,0.9965739192113381
3.5091599999999996,0.8455953627558295,0.5008566143417308,0.9965794028981463
3.5101500000000003,0.8456428855050334,0.5008552409241492,0.9965848778079224
3.51114,0.8456903787870003,0.5008538697123346,0.9965903439547146
3.51213,0.8457378426293536,0.5008525007027324,0.9965958013525489
3.51312,0.8457852770596821,0.5008511338917937,0.9966012500154284
3.5141099999999996,0.8458326821055394,0.5008497692759755,0.9966066899573341
3.5151000000000003,0.8458800577944451,0.5008484068517406,0.9966121211922246
3.51609,0.845927404153883,0.5008470466155571,0.9966175437340361
3.51708,0.8459747212113037,0.5008456885638995,0.9966229575966824
3.51807,0.846022008994122,0.5008443326932476,0.9966283627940552
3.5190599999999996,0.8460692675297193,0.5008429790000868,0.9966337593400239
3.5200500000000003,0.8461164968454418,0.5008416274809087,0.9966391472484355
3.52104,0.8461636969686013,0.5008402781322099,0.9966445265331152
3.52203,0.8462108679264759,0.5008389309504934,0.9966498972078659
3.52302,0.8462580097463089,0.5008375859322672,0.9966552592864685
3.5240099999999996,0.8463051224553098,0.5008362430740457,0.9966606127826815
3.5250000000000004,0.8463522060806533,0.5008349023723482,0.9966659577102417
3.52599,0.8463992606494807,0.5008335638237001,0.996671294082864
3.52698,0.8464462861888989,0.5008322274246325,0.996676621914241
3.52797,0.8464932827259808,0.5008308931716817,0.9966819412180438
3.5289599999999997,0.8465402502877654,0.50082956106139,0.9966872520079211
3.5299500000000004,0.8465871889012577,0.500828231090305,0.9966925542975003
3.53094,0.8466340985934293,0.5008269032549805,0.9966978481003865
3.53193,0.8466809793912173,0.5008255775519751,0.9967031334301635
3.53292,0.8467278313215258,0.5008242539778535,0.9967084103003929
3.5339099999999997,0.8467746544112247,0.5008229325291857,0.9967136787246149
3.5349000000000004,0.8468214486871505,0.5008216132025475,0.9967189387163481
3.53589,0.8468682141761059,0.5008202959945202,0.996724190289089
3.53688,0.8469149509048607,0.5008189809016902,0.996729433456313
3.53787,0.8469616589001505,0.5008176679206503,0.9967346682314737
3.5388599999999997,0.8470083381886778,0.5008163570479981,0.996739894628003
3.5398500000000004,0.8470549887971119,0.5008150482803368,0.9967451126593119
3.54084,0.8471016107520886,0.5008137416142756,0.9967503223387892
3.54183,0.8471482040802102,0.5008124370464287,0.9967555236798027
3.54282,0.8471947688080463,0.5008111345734159,0.9967607166956988
3.5438099999999997,0.8472413049621332,0.5008098341918625,0.9967659013998021
3.5448000000000004,0.8472878125689741,0.5008085358983996,0.9967710778054167
3.54579,0.8473342916550388,0.500807239689663,0.9967762459258247
3.54678,0.8473807422467644,0.5008059455622947,0.9967814057742871
3.54777,0.8474271643705553,0.5008046535129419,0.9967865573640438
3.5487599999999997,0.8474735580527825,0.500803363538257,0.9967917007083134
3.5497500000000004,0.8475199233197845,0.5008020756348982,0.9967968358202934
3.5507400000000002,0.8475662601978671,0.5008007897995288,0.9968019627131603
3.55173,0.847612568713303,0.5007995060288177,0.9968070814000692
3.55272,0.8476588488923325,0.5007982243194392,0.9968121918941545
3.5537099999999997,0.8477051007611631,0.500796944668073,0.9968172942085293
3.5547000000000004,0.8477513243459698,0.5007956670714039,0.9968223883562858
3.5556900000000002,0.8477975196728952,0.5007943915261225,0.9968274743504951
3.55668,0.8478436867680491,0.5007931180289243,0.9968325522042079
3.55767,0.8478898256575093,0.5007918465765107,0.9968376219304533
3.5586599999999997,0.8479359363673208,0.500790577165588,0.9968426835422401
3.5596500000000004,0.8479820189234965,0.5007893097928681,0.9968477370525561
3.5606400000000002,0.848028073352017,0.500788044455068,0.9968527824743681
3.56163,0.8480740996788305,0.5007867811489102,0.9968578198206225
3.56262,0.8481200979298534,0.5007855198711225,0.9968628491042446
3.5636099999999997,0.8481660681309696,0.500784260618438,0.9968678703381394
3.5646000000000004,0.8482120103080313,0.500783003387595,0.996872883535191
3.5655900000000003,0.8482579244868581,0.500781748175337,0.996877888708263
3.56658,0.8483038106932382,0.5007804949784131,0.9968828858701982
3.56757,0.8483496689529276,0.5007792437935775,0.9968878750338191
3.5685599999999997,0.8483954992916505,0.5007779946175897,0.9968928562119277
3.5695500000000004,0.8484413017350992,0.5007767474472141,0.9968978294173052
3.5705400000000003,0.8484870763089344,0.5007755022792211,0.9969027946627125
3.57153,0.8485328230387847,0.5007742591103854,0.9969077519608902
3.57252,0.8485785419502475,0.5007730179374876,0.9969127013245584
3.5735099999999997,0.8486242330688883,0.5007717787573135,0.9969176427664168
3.5745000000000005,0.848669896420241,0.5007705415666536,0.9969225762991449
3.5754900000000003,0.8487155320298081,0.5007693063623042,0.9969275019354018
3.57648,0.8487611399230606,0.5007680731410663,0.9969324196878263
3.57747,0.8488067201254377,0.5007668418997465,0.9969373295690371
3.5784599999999998,0.8488522726623479,0.5007656126351562,0.9969422315916326
3.5794500000000005,0.8488977975591679,0.5007643853441124,0.9969471257681911
3.5804400000000003,0.8489432948412432,0.5007631600234366,0.9969520121112708
3.58143,0.8489887645338882,0.5007619366699562,0.9969568906334096
3.58242,0.8490342066623857,0.5007607152805031,0.9969617613471257
3.5834099999999998,0.849079621251988,0.5007594958519149,0.9969666242649168
3.5843999999999996,0.8491250083279157,0.5007582783810338,0.9969714793992609
3.5853900000000003,0.8491703679153589,0.5007570628647076,0.9969763267626159
3.58638,0.8492157000394763,0.5007558492997887,0.9969811663674201
3.58737,0.8492610047253957,0.500754637683135,0.9969859982260914
3.5883599999999998,0.8493062819982142,0.5007534280116094,0.996990822351028
3.5893499999999996,0.8493515318829978,0.5007522202820797,0.9969956387546083
3.5903400000000003,0.8493967544047821,0.500751014491419,0.997000447449191
3.59133,0.8494419495885714,0.5007498106365053,0.9970052484471149
3.59232,0.8494871174593398,0.5007486087142219,0.997010041760699
3.59331,0.8495322580420304,0.5007474087214566,0.9970148274022426
3.5942999999999996,0.8495773713615556,0.5007462106551032,0.9970196053840252
3.5952900000000003,0.849622457442798,0.5007450145120593,0.9970243757183073
3.59628,0.8496675163106084,0.5007438202892287,0.9970291384173287
3.59727,0.8497125479898084,0.5007426279835193,0.9970338934933105
3.59826,0.8497575525051884,0.5007414375918448,0.9970386409584538
3.5992499999999996,0.8498025298815086,0.500740249111123,0.9970433808249404
3.6002400000000003,0.8498474801434991,0.5007390625382776,0.9970481131049324
3.60123,0.8498924033158594,0.5007378778702366,0.9970528378105725
3.60222,0.8499372994232589,0.5007366951039335,0.9970575549539841
3.60321,0.8499821684903369,0.5007355142363062,0.997062264547271
3.6041999999999996,0.8500270105417023,0.5007343352642981,0.9970669666025177
3.6051900000000003,0.8500718256019343,0.5007331581848573,0.9970716611317895
3.60618,0.8501166136955817,0.5007319829949367,0.9970763481471321
3.60717,0.8501613748471634,0.5007308096914944,0.9970810276605722
3.60816,0.8502061090811682,0.5007296382714933,0.997085699684117
3.6091499999999996,0.8502508164220555,0.5007284687319012,0.9970903642297547
3.6101400000000003,0.8502954968942543,0.500727301069691,0.9970950213094543
3.61113,0.8503401505221639,0.5007261352818401,0.9970996709351655
3.61212,0.850384777330154,0.5007249713653312,0.9971043131188189
3.61311,0.8504293773425644,0.5007238093171518,0.997108947872326
3.6140999999999996,0.8504739505837053,0.5007226491342939,0.9971135752075794
3.6150900000000004,0.8505184970778573,0.5007214908137549,0.9971181951364524
3.61608,0.8505630168492713,0.5007203343525369,0.9971228076707996
3.61707,0.8506075099221688,0.5007191797476466,0.9971274128224564
3.61806,0.8506519763207415,0.5007180269960959,0.9971320106032393
3.6190499999999997,0.8506964160691519,0.5007168760949012,0.997136601024946
3.6200400000000004,0.8507408291915334,0.500715727041084,0.9971411840993551
3.62103,0.8507852157119893,0.5007145798316704,0.9971457598382266
3.62202,0.8508295756545939,0.5007134344636918,0.9971503282533014
3.62301,0.8508739090433927,0.5007122909341836,0.9971548893563019
3.6239999999999997,0.8509182159024011,0.5007111492401868,0.9971594431589315
3.6249900000000004,0.8509624962556062,0.5007100093787464,0.997163989672875
3.62598,0.8510067501269653,0.5007088713469131,0.9971685289097985
3.62697,0.8510509775404066,0.5007077351417416,0.9971730608813494
3.62796,0.85109517851983,0.5007066007602917,0.9971775855991563
3.6289499999999997,0.8511393530891055,0.5007054681996279,0.9971821030748295
3.6299400000000004,0.8511835012720748,0.5007043374568195,0.9971866133199605
3.63093,0.8512276230925501,0.5007032085289406,0.9971911163461222
3.63192,0.8512717185743152,0.5007020814130697,0.9971956121648693
3.63291,0.8513157877411247,0.5007009561062905,0.9972001007877376
3.6338999999999997,0.8513598306167051,0.5006998326056912,0.9972045822262445
3.6348900000000004,0.8514038472247532,0.5006987109083645,0.9972090564918894
3.6358800000000002,0.8514478375889377,0.5006975910114082,0.9972135235961529
3.63687,0.8514918017328985,0.5006964729119245,0.9972179835504971
3.63786,0.8515357396802471,0.5006953566070206,0.9972224363663661
3.6388499999999997,0.8515796514545659,0.5006942420938078,0.9972268820551856
3.6398400000000004,0.8516235370794095,0.5006931293694028,0.9972313206283628
3.6408300000000002,0.8516673965783034,0.5006920184309264,0.9972357520972869
3.64182,0.8517112299747449,0.5006909092755045,0.9972401764733286
3.64281,0.8517550372922029,0.5006898019002672,0.9972445937678409
3.6437999999999997,0.8517988185541181,0.5006886963023497,0.997249003992158
3.6447900000000004,0.8518425737839028,0.5006875924788915,0.9972534071575964
3.6457800000000002,0.8518863030049408,0.5006864904270367,0.9972578032754541
3.64677,0.8519300062405879,0.5006853901439343,0.9972621923570116
3.64776,0.8519736835141718,0.5006842916267379,0.9972665744135307
3.6487499999999997,0.8520173348489919,0.5006831948726054,0.9972709494562557
3.6497400000000004,0.8520609602683196,0.5006820998786995,0.9972753174964126
3.6507300000000003,0.8521045597953981,0.5006810066421874,0.9972796785452095
3.65172,0.8521481334534429,0.5006799151602411,0.9972840326138366
3.65271,0.852191681265641,0.5006788254300371,0.9972883797134661
3.6536999999999997,0.8522352032551523,0.5006777374487561,0.9972927198552524
3.6546900000000004,0.8522786994451083,0.5006766512135838,0.997297053050332
3.6556800000000003,0.8523221698586122,0.5006755667217104,0.9973013793098237
3.65667,0.8523656145187404,0.5006744839703307,0.9973056986448282
3.65766,0.8524090334485408,0.5006734029566434,0.9973100110664289
3.6586499999999997,0.8524524266710342,0.5006723236778525,0.997314316585691
3.6596400000000004,0.852495794209213,0.5006712461311664,0.9973186152136623
3.6606300000000003,0.8525391360860424,0.5006701703137977,0.9973229069613727
3.66162,0.8525824523244603,0.5006690962229637,0.9973271918398346
3.66261,0.8526257429473764,0.5006680238558862,0.9973314698600428
3.6635999999999997,0.8526690079776733,0.5006669532097913,0.9973357410329744
3.6645900000000005,0.8527122474382062,0.5006658842819101,0.9973400053695888
3.6655800000000003,0.8527554613518026,0.5006648170694774,0.9973442628808281
3.66657,0.8527986497412627,0.5006637515697332,0.9973485135776169
3.66756,0.8528418126293598,0.5006626877799217,0.9973527574708622
3.6685499999999998,0.8528849500388391,0.5006616256972914,0.9973569945714533
3.6695400000000005,0.8529280619924193,0.5006605653190955,0.9973612248902626
3.6705300000000003,0.8529711485127915,0.5006595066425915,0.9973654484381448
3.67152,0.8530142096226198,0.5006584496650411,0.9973696652259372
3.67251,0.8530572453445407,0.5006573943837112,0.9973738752644596
3.6734999999999998,0.8531002557011644,0.5006563407958721,0.9973780785645151
3.6744899999999996,0.8531432407150735,0.5006552888987993,0.9973822751368888
3.6754800000000003,0.8531862004088238,0.5006542386897722,0.9973864649923491
3.67647,0.8532291348049439,0.5006531901660752,0.9973906481416465
3.67746,0.8532720439259357,0.5006521433249965,0.997394824595515
3.6784499999999998,0.8533149277942742,0.5006510981638289,0.997398994364671
3.6794399999999996,0.8533577864324076,0.5006500546798696,0.9974031574598139
3.6804300000000003,0.8534006198627571,0.5006490128704202,0.997407313891626
3.68142,0.8534434281077172,0.5006479727327865,0.9974114636707723
3.68241,0.8534862111896557,0.500646934264279,0.9974156068079009
3.6834,0.8535289691309139,0.5006458974622121,0.9974197433136428
3.6843899999999996,0.8535717019538062,0.5006448623239049,0.997423873198612
3.6853800000000003,0.8536144096806205,0.5006438288466807,0.9974279964734057
3.68637,0.8536570923336181,0.500642797027867,0.9974321131486039
3.68736,0.8536997499350337,0.5006417668647959,0.9974362232347695
3.68835,0.8537423825070758,0.5006407383548037,0.997440326742449
3.6893399999999996,0.8537849900719261,0.5006397114952309,0.9974444236821715
3.6903300000000003,0.8538275726517404,0.5006386862834223,0.9974485140644497
3.69132,0.8538701302686474,0.5006376627167272,0.997452597899779
3.69231,0.85391266294475,0.5006366407924989,0.9974566751986386
3.6933,0.8539551707021247,0.5006356205080954,0.9974607459714901
3.6942899999999996,0.8539976535628219,0.5006346018608784,0.9974648102287794
3.6952800000000003,0.8540401115488654,0.5006335848482144,0.9974688679809348
3.69627,0.8540825446822532,0.5006325694674738,0.9974729192383682
3.69726,0.854124952984957,0.5006315557160314,0.9974769640114751
3.69825,0.8541673364789224,0.5006305435912662,0.9974810023106339
3.6992399999999996,0.8542096951860693,0.5006295330905616,0.9974850341462067
3.7002300000000004,0.8542520291282908,0.500628524211305,0.997489059528539
3.70122,0.8542943383274548,0.5006275169508881,0.9974930784679594
3.70221,0.8543366228054029,0.5006265113067068,0.9974970909747807
3.7032,0.854378882583951,0.5006255072761613,0.9975010970592983
3.7041899999999996,0.8544211176848888,0.500624504856656,0.9975050967317918
3.7051800000000004,0.8544633281299808,0.5006235040455993,0.997509090002524
3.70617,0.854505513940965,0.500622504840404,0.9975130768817414
3.70716,0.8545476751395539,0.5006215072384871,0.9975170573796741
3.70815,0.8545898117474346,0.5006205112372696,0.9975210315065358
3.7091399999999997,0.8546319237862684,0.5006195168341766,0.9975249992725239
3.7101300000000004,0.8546740112776907,0.5006185240266379,0.9975289606878193
3.71112,0.8547160742433115,0.5006175328120868,0.9975329157625868
3.71211,0.8547581127047155,0.5006165431879609,0.9975368645069749
3.7131,0.8548001266834613,0.5006155551517023,0.9975408069311158
3.7140899999999997,0.8548421162010826,0.500614568700757,0.9975447430451255
3.7150800000000004,0.8548840812790873,0.500613583832575,0.9975486728591039
3.71607,0.8549260219389583,0.5006126005446107,0.9975525963831344
3.71706,0.8549679382021526,0.5006116188343223,0.9975565136272848
3.71805,0.8550098300901022,0.5006106386991723,0.9975604246016064
3.7190399999999997,0.8550516976242137,0.5006096601366273,0.9975643293161345
3.7200300000000004,0.8550935408258689,0.5006086831441581,0.9975682277808882
3.72102,0.8551353597164235,0.5006077077192391,0.9975721200058709
3.72201,0.8551771543172089,0.5006067338593495,0.9975760060010698
3.723,0.8552189246495309,0.500605761561972,0.9975798857764561
3.7239899999999997,0.8552606707346703,0.5006047908245937,0.9975837593419848
3.7249800000000004,0.8553023925938827,0.5006038216447056,0.9975876267075956
3.7259700000000002,0.8553440902483991,0.5006028540198028,0.9975914878832117
3.72696,0.855385763719425,0.5006018879473842,0.9975953428787407
3.72795,0.8554274130281413,0.5006009234249534,0.9975991917040742
3.7289399999999997,0.8554690381957039,0.5005999604500172,0.9976030343690881
3.7299300000000004,0.8555106392432437,0.5005989990200872,0.9976068708836424
3.7309200000000002,0.8555522161918668,0.5005980391326785,0.9976107012575813
3.73191,0.8555937690626548,0.5005970807853103,0.9976145255007335
3.7329,0.8556352978766641,0.500596123975506,0.9976183436229115
3.7338899999999997,0.8556768026549267,0.5005951687007929,0.9976221556339125
3.7348800000000004,0.8557182834184497,0.5005942149587023,0.9976259615435178
3.7358700000000002,0.8557597401882157,0.5005932627467693,0.9976297613614933
3.73686,0.8558011729851823,0.5005923120625333,0.9976335550975888
3.73785,0.8558425818302831,0.5005913629035376,0.997637342761539
3.7388399999999997,0.8558839667444268,0.5005904152673292,0.9976411243630627
3.7398300000000004,0.8559253277484977,0.5005894691514594,0.9976448999118633
3.7408200000000003,0.8559666648633555,0.5005885245534833,0.9976486694176286
3.74181,0.8560079781098356,0.50058758147096,0.9976524328900309
3.7428,0.856049267508749,0.5005866399014526,0.9976561903387271
3.7437899999999997,0.8560905330808821,0.5005856998425278,0.9976599417733585
3.7447800000000004,0.8561317748469974,0.5005847612917567,0.997663687203551
3.7457700000000003,0.8561729928278327,0.5005838242467139,0.9976674266389152
3.74676,0.8562141870441017,0.5005828887049784,0.9976711600890462
3.74775,0.8562553575164938,0.5005819546641326,0.9976748875635238
3.7487399999999997,0.8562965042656746,0.5005810221217631,0.9976786090719125
3.7497300000000005,0.8563376273122849,0.5005800910754604,0.9976823246237615
3.7507200000000003,0.8563787266769419,0.5005791615228188,0.9976860342286046
3.75171,0.8564198023802385,0.5005782334614365,0.9976897378959604
3.7527,0.8564608544427437,0.5005773068889157,0.9976934356353322
3.7536899999999997,0.8565018828850022,0.5005763818028622,0.9976971274562083
3.7546800000000005,0.8565428877275351,0.500575458200886,0.9977008133680616
3.7556700000000003,0.856583868990839,0.5005745360806007,0.9977044933803499
3.75666,0.8566248266953875,0.5005736154396238,0.997708167502516
3.75765,0.8566657608616296,0.5005726962755768,0.9977118357439874
3.7586399999999998,0.8567066715099906,0.5005717785860849,0.9977154981141764
3.7596300000000005,0.8567475586608722,0.5005708623687773,0.9977191546224805
3.7606200000000003,0.8567884223346519,0.5005699476212868,0.9977228052782823
3.76161,0.8568292625516841,0.5005690343412502,0.9977264500909488
3.7626,0.8568700793322992,0.5005681225263079,0.9977300890698326
3.7635899999999998,0.8569108726968038,0.5005672121741045,0.9977337222242709
3.7645799999999996,0.856951642665481,0.5005663032822878,0.9977373495635863
3.7655700000000003,0.8569923892585903,0.5005653958485101,0.9977409710970863
3.76656,0.8570331124963677,0.500564489870427,0.9977445868340634
3.76755,0.8570738123990258,0.5005635853456981,0.9977481967837954
3.76854,0.8571144889867532,0.5005626822719867,0.9977518009555454
3.7695299999999996,0.8571551422797157,0.50056178064696,0.9977553993585612
3.7705200000000003,0.8571957722980553,0.5005608804682886,0.9977589920020762
3.77151,0.8572363790618907,0.5005599817336474,0.9977625788953087
3.7725,0.8572769625913171,0.5005590844407145,0.9977661600474628
3.77349,0.8573175229064067,0.5005581885871724,0.9977697354677272
3.7744799999999996,0.8573580600272083,0.5005572941707066,0.9977733051652763
3.7754700000000003,0.8573985739737473,0.5005564011890069,0.9977768691492698
3.77646,0.857439064766026,0.5005555096397666,0.9977804274288525
3.77745,0.8574795324240235,0.5005546195206828,0.9977839800131548
3.77844,0.8575199769676959,0.5005537308294562,0.9977875269112924
3.7794299999999996,0.857560398416976,0.5005528435637914,0.9977910681323664
3.7804200000000003,0.8576007967917734,0.5005519577213965,0.9977946036854634
3.78141,0.857641172111975,0.5005510732999834,0.9977981335796552
3.7824,0.8576815243974445,0.5005501902972678,0.9978016578239995
3.78339,0.8577218536680227,0.5005493087109689,0.9978051764275393
3.7843799999999996,0.8577621599435272,0.5005484285388097,0.9978086893993029
3.7853700000000003,0.8578024432437532,0.5005475497785168,0.9978121967483046
3.78636,0.8578427035884726,0.5005466724278206,0.9978156984835439
3.78735,0.8578829409974343,0.500545796484455,0.9978191946140059
3.78834,0.857923155490365,0.5005449219461576,0.9978226851486618
3.7893299999999996,0.8579633470869682,0.5005440488106698,0.9978261700964678
3.7903200000000004,0.8580035158069248,0.5005431770757366,0.9978296494663661
3.79131,0.8580436616698928,0.5005423067391064,0.9978331232672846
3.7923,0.8580837846955076,0.5005414377985314,0.9978365915081367
3.79329,0.8581238849033822,0.5005405702517676,0.997840054197822
3.7942799999999997,0.8581639623131065,0.5005397040965742,0.9978435113452252
3.7952700000000004,0.8582040169442485,0.5005388393307147,0.9978469629592173
3.79626,0.8582440488163531,0.5005379759519555,0.9978504090486549
3.79725,0.8582840579489428,0.5005371139580669,0.9978538496223803
3.79824,0.8583240443615175,0.5005362533468228,0.9978572846892221
3.7992299999999997,0.8583640080735553,0.5005353941160008,0.9978607142579942
3.8002200000000004,0.858403949104511,0.500534536263382,0.9978641383374967
3.80121,0.8584438674738175,0.5005336797867508,0.9978675569365155
3.8022,0.8584837632008855,0.5005328246838957,0.9978709700638227
3.80319,0.8585236363051028,0.5005319709526084,0.9978743777281761
3.8041799999999997,0.8585634868058355,0.5005311185906842,0.9978777799383195
3.8051700000000004,0.8586033147224272,0.5005302675959222,0.9978811767029827
3.80616,0.8586431200741992,0.5005294179661248,0.9978845680308817
3.80715,0.8586829028804507,0.5005285696990981,0.9978879539307183
3.80814,0.8587226631604589,0.5005277227926515,0.9978913344111806
3.8091299999999997,0.8587624009334786,0.5005268772445982,0.9978947094809427
3.8101200000000004,0.8588021162187425,0.5005260330527549,0.9978980791486648
3.81111,0.8588418090354615,0.5005251902149416,0.9979014434229931
3.8121,0.8588814794028243,0.5005243487289821,0.9979048023125604
3.81309,0.8589211273399977,0.5005235085927036,0.9979081558259852
3.8140799999999997,0.8589607528661264,0.5005226698039367,0.9979115039718724
3.8150700000000004,0.8590003560003332,0.5005218323605156,0.9979148467588133
3.8160600000000002,0.8590399367617191,0.5005209962602781,0.9979181841953849
3.81705,0.8590794951693631,0.5005201615010654,0.9979215162901512
3.81804,0.8591190312423225,0.5005193280807221,0.9979248430516621
3.8190299999999997,0.8591585449996325,0.5005184959970963,0.9979281644884537
3.8200200000000004,0.8591980364603069,0.5005176652480396,0.9979314806090487
3.8210100000000002,0.8592375056433376,0.5005168358314072,0.9979347914219561
3.822,0.8592769525676947,0.5005160077450577,0.997938096935671
3.82299,0.8593163772523265,0.5005151809868529,0.9979413971586754
3.8239799999999997,0.8593557797161603,0.5005143555546583,0.9979446920994374
3.8249700000000004,0.8593951599781009,0.5005135314463428,0.9979479817664114
3.8259600000000002,0.8594345180570321,0.5005127086597789,0.9979512661680388
3.82695,0.8594738539718159,0.5005118871928422,0.997954545312747
3.82794,0.8595131677412928,0.500511067043412,0.99795781920895
3.8289299999999997,0.8595524593842819,0.5005102482093708,0.9979610878650484
3.8299200000000004,0.8595917289195808,0.5005094306886048,0.9979643512894296
3.8309100000000003,0.8596309763659656,0.5005086144790033,0.9979676094904671
3.8319,0.859670201742191,0.5005077995784591,0.9979708624765213
3.83289,0.8597094050669903,0.5005069859848688,0.9979741102559393
3.8338799999999997,0.8597485863590758,0.5005061736961316,0.9979773528370545
3.8348700000000004,0.8597877456371379,0.5005053627101508,0.9979805902281871
3.8358600000000003,0.8598268829198461,0.5005045530248328,0.9979838224376443
3.83685,0.8598659982258486,0.5005037446380873,0.9979870494737195
3.83784,0.8599050915737723,0.5005029375478276,0.9979902713446932
3.8388299999999997,0.859944162982223,0.5005021317519701,0.9979934880588324
3.8398200000000005,0.8599832124697854,0.5005013272484348,0.9979966996243912
3.8408100000000003,0.8600222400550227,0.5005005240351449,0.99799990604961
3.8418,0.8600612457564775,0.500499722110027,0.9980031073427165
3.84279,0.860100229592671,0.5004989214710112,0.9980063035119248
3.8437799999999998,0.8601391915821034,0.5004981221160304,0.9980094945654363
3.8447700000000005,0.8601781317432541,0.5004973240430217,0.9980126805114389
3.8457600000000003,0.8602170500945813,0.5004965272499248,0.9980158613581075
3.84675,0.8602559466545222,0.500495731734683,0.998019037113604
3.84774,0.8602948214414933,0.500494937495243,0.9980222077860772
3.8487299999999998,0.8603336744738902,0.5004941445295544,0.9980253733836629
3.8497199999999996,0.8603725057700874,0.5004933528355708,0.9980285339144837
3.8507100000000003,0.860411315348439,0.5004925624112486,0.9980316893866493
3.8517,0.8604501032272776,0.5004917732545474,0.9980348398082566
3.85269,0.8604888694249156,0.5004909853634306,0.9980379851873893
3.8536799999999998,0.8605276139596447,0.5004901987358644,0.9980411255321181
3.8546699999999996,0.8605663368497356,0.5004894133698186,0.9980442608505011
3.8556600000000003,0.8606050381134384,0.5004886292632659,0.9980473911505834
3.85665,0.8606437177689824,0.5004878464141829,0.9980505164403969
3.85764,0.8606823758345766,0.5004870648205486,0.998053636727961
3.85863,0.8607210123284094,0.5004862844803462,0.9980567520212822
3.8596199999999996,0.8607596272686481,0.5004855053915614,0.9980598623283541
3.8606100000000003,0.8607982206734403,0.5004847275521837,0.9980629676571576
3.8616,0.8608367925609122,0.5004839509602051,0.9980660680156608
3.86259,0.8608753429491702,0.500483175613622,0.9980691634118188
3.86358,0.8609138718563001,0.5004824015104328,0.9980722538535745
3.8645699999999996,0.8609523793003669,0.5004816286486399,0.9980753393488574
3.8655600000000003,0.8609908652994159,0.5004808570262487,0.9980784199055851
3.86655,0.8610293298714714,0.5004800866412678,0.9980814955316618
3.86754,0.8610677730345376,0.500479317491709,0.9980845662349795
3.86853,0.8611061948065986,0.5004785495755874,0.9980876320234174
3.8695199999999996,0.8611445952056178,0.5004777828909213,0.9980906929048421
3.8705100000000003,0.8611829742495387,0.5004770174357319,0.9980937488871077
3.8715,0.8612213319562846,0.5004762532080441,0.9980967999780556
3.87249,0.8612596683437583,0.5004754902058857,0.9980998461855145
3.87348,0.8612979834298428,0.5004747284272874,0.9981028875173011
3.8744699999999996,0.8613362772324007,0.5004739678702835,0.9981059239812192
3.8754600000000003,0.8613745497692746,0.5004732085329117,0.99810895558506
3.87645,0.8614128010582871,0.500472450413212,0.9981119823366026
3.87744,0.8614510311172405,0.5004716935092283,0.9981150042436132
3.87843,0.8614892399639176,0.5004709378190074,0.9981180213138461
3.8794199999999996,0.8615274276160806,0.5004701833405993,0.9981210335550427
3.8804100000000004,0.861565594091472,0.500469430072057,0.9981240409749323
3.8814,0.8616037394078147,0.500468678011437,0.9981270435812317
3.88239,0.8616418635828109,0.5004679271567984,0.9981300413816455
3.88338,0.8616799666341438,0.500467177506204,0.9981330343838658
3.8843699999999997,0.8617180485794762,0.5004664290577191,0.9981360225955724
3.8853600000000004,0.8617561094364513,0.5004656818094126,0.998139006024433
3.88635,0.8617941492226924,0.5004649357593567,0.9981419846781027
3.88734,0.8618321679558031,0.5004641909056258,0.9981449585642247
3.88833,0.8618701656533672,0.5004634472462984,0.9981479276904296
3.8893199999999997,0.8619081423329488,0.5004627047794558,0.9981508920643363
3.8903100000000004,0.8619460980120925,0.5004619635031818,0.9981538516935509
3.8913,0.8619840327083231,0.5004612234155641,0.9981568065856676
3.89229,0.8620219464391456,0.5004604845146932,0.9981597567482687
3.89328,0.862059839222046,0.5004597467986623,0.9981627021889241
3.8942699999999997,0.8620977110744897,0.5004590102655685,0.9981656429151915
3.8952600000000004,0.8621355620139237,0.500458274913511,0.9981685789346166
3.89625,0.8621733920577748,0.5004575407405929,0.998171510254733
3.89724,0.8622112012234503,0.5004568077449197,0.9981744368830625
3.89823,0.8622489895283384,0.5004560759246005,0.9981773588271144
3.8992199999999997,0.8622867569898077,0.5004553452777469,0.9981802760943864
3.9002100000000004,0.8623245036252072,0.5004546158024743,0.9981831886923639
3.9012000000000002,0.8623622294518669,0.5004538874969003,0.9981860966285204
3.90219,0.8623999344870972,0.5004531603591461,0.9981889999103176
3.90318,0.862437618748189,0.5004524343873357,0.9981918985452052
3.9041699999999997,0.8624752822524144,0.5004517095795962,0.9981947925406206
3.9051600000000004,0.862512925017026,0.5004509859340576,0.9981976819039899
3.9061500000000002,0.862550547059257,0.500450263448853,0.9982005666427269
3.90714,0.8625881483963215,0.5004495421221186,0.9982034467642338
3.90813,0.8626257290454143,0.5004488219519936,0.9982063222759006
3.9091199999999997,0.8626632890237115,0.5004481029366199,0.9982091931851057
3.9101100000000004,0.8627008283483695,0.5004473850741428,0.9982120594992159
3.9111000000000002,0.8627383470365257,0.5004466683627103,0.9982149212255856
3.91209,0.8627758451052987,0.5004459528004735,0.9982177783715581
3.91308,0.8628133225717879,0.5004452383855866,0.9982206309444647
3.9140699999999997,0.8628507794530736,0.5004445251162066,0.9982234789516246
3.9150600000000004,0.8628882157662172,0.5004438129904933,0.9982263224003458
3.9160500000000003,0.862925631528261,0.50044310200661,0.9982291612979245
3.91704,0.8629630267562285,0.5004423921627225,0.998231995651645
3.91803,0.8630004014671242,0.5004416834569996,0.9982348254687801
3.9190199999999997,0.8630377556779337,0.5004409758876133,0.9982376507565909
3.9200100000000004,0.8630750894056238,0.5004402694527382,0.9982404715223269
3.9210000000000003,0.8631124026671425,0.5004395641505524,0.998243287773226
3.92199,0.8631496954794187,0.5004388599792362,0.9982460995165147
3.92298,0.8631869678593628,0.5004381569369735,0.9982489067594075
3.9239699999999997,0.8632242198238663,0.5004374550219506,0.9982517095091077
3.9249600000000004,0.863261451389802,0.5004367542323571,0.998254507772807
3.9259500000000003,0.8632986625740242,0.5004360545663854,0.9982573015576856
3.92694,0.863335853393368,0.5004353560222308,0.9982600908709119
3.92793,0.8633730238646505,0.5004346585980913,0.9982628757196436
3.9289199999999997,0.8634101740046695,0.5004339622921683,0.998265656111026
3.9299100000000005,0.8634473038302048,0.5004332671026656,0.9982684320521936
3.9309000000000003,0.8634844133580171,0.50043257302779,0.9982712035502693
3.93189,0.863521502604849,0.5004318800657516,0.9982739706123646
3.93288,0.863558571587424,0.5004311882147628,0.9982767332455794
3.9338699999999998,0.8635956203224479,0.5004304974730394,0.9982794914570026
3.9348600000000005,0.8636326488266074,0.5004298078387996,0.9982822452537116
3.9358500000000003,0.8636696571165708,0.5004291193102649,0.9982849946427724
3.93684,0.8637066452089883,0.5004284318856593,0.9982877396312398
3.93783,0.8637436131204914,0.5004277455632099,0.9982904802261574
3.9388199999999998,0.8637805608676933,0.5004270603411466,0.9982932164345572
3.9398099999999996,0.863817488467189,0.500426376217702,0.9982959482634601
3.9408000000000003,0.8638543959355548,0.5004256931911121,0.9982986757198758
3.94179,0.8638912832893492,0.5004250112596147,0.998301398810803
3.94278,0.8639281505451121,0.5004243304214515,0.9983041175432289
3.9437699999999998,0.8639649977193653,0.5004236506748666,0.9983068319241294
3.9447599999999996,0.8640018248286123,0.5004229720181068,0.9983095419604696
3.9457500000000003,0.8640386318893384,0.500422294449422,0.9983122476592032
3.94674,0.8640754189180107,0.5004216179670645,0.9983149490272729
3.94773,0.8641121859310781,0.50042094256929,0.9983176460716102
3.94872,0.8641489329449719,0.5004202682543565,0.9983203387991356
3.9497099999999996,0.8641856599761043,0.5004195950205251,0.9983230272167585
3.9507000000000003,0.8642223670408705,0.5004189228660596,0.9983257113313769
3.95169,0.864259054155647,0.5004182517892266,0.9983283911498785
3.95268,0.8642957213367924,0.5004175817882955,0.9983310666791393
3.95367,0.8643323686006475,0.5004169128615386,0.9983337379260245
3.9546599999999996,0.8643689959635349,0.5004162450072306,0.9983364048973885
3.9556500000000003,0.8644056034417593,0.5004155782236496,0.9983390676000745
3.95664,0.8644421910516076,0.5004149125090759,0.9983417260409149
3.95763,0.8644787588093485,0.5004142478617928,0.9983443802267309
3.95862,0.8645153067312333,0.5004135842800864,0.998347030164333
3.9596099999999996,0.8645518348334952,0.5004129217622457,0.998349675860521
3.9606000000000003,0.8645883431323496,0.500412260306562,0.9983523173220834
3.96159,0.8646248316439938,0.50041159991133,0.998354954555798
3.96258,0.8646613003846079,0.5004109405748464,0.998357587568432
3.96357,0.8646977493703538,0.5004102822954112,0.9983602163667412
3.9645599999999996,0.864734178617376,0.500409625071327,0.9983628409574711
3.9655500000000004,0.8647705881418011,0.500408968900899,0.9983654613473563
3.96654,0.8648069779597378,0.5004083137824353,0.9983680775431205
3.96753,0.8648433480872778,0.5004076597142468,0.9983706895514766
3.96852,0.8648796985404946,0.5004070066946467,0.998373297379127
3.9695099999999996,0.8649160293354442,0.5004063547219514,0.9983759010327631
3.9705000000000004,0.8649523404881654,0.5004057037944797,0.9983785005190656
3.97149,0.8649886320146788,0.5004050539105532,0.9983810958447049
3.97248,0.8650249039309881,0.5004044050684964,0.9983836870163404
3.97347,0.8650611562530791,0.5004037572666361,0.9983862740406206
3.9744599999999997,0.8650973889969202,0.5004031105033021,0.9983888569241839
3.9754500000000004,0.8651336021784625,0.5004024647768269,0.9983914356736576
3.97644,0.8651697958136394,0.5004018200855455,0.9983940102956589
3.97743,0.8652059699183673,0.5004011764277957,0.9983965807967938
3.97842,0.8652421245085447,0.5004005338019178,0.9983991471836583
3.9794099999999997,0.865278259600053,0.5003998922062552,0.9984017094628375
3.9804000000000004,0.8653143752087563,0.5003992516391536,0.998404267640906
3.98139,0.8653504713505015,0.5003986120989613,0.9984068217244279
3.98238,0.8653865480411178,0.5003979735840296,0.9984093717199567
3.98337,0.8654226052964176,0.5003973360927122,0.9984119176340358
3.9843599999999997,0.8654586431321957,0.5003966996233655,0.9984144594731977
3.9853500000000004,0.86549466156423,0.5003960641743486,0.9984169972439647
3.98634,0.8655306606082809,0.5003954297440233,0.9984195309528484
3.98733,0.8655666402800917,0.5003947963307538,0.9984220606063503
3.98832,0.8656026005953886,0.5003941639329073,0.9984245862109612
3.9893099999999997,0.8656385415698808,0.5003935325488532,0.9984271077731616
3.9903000000000004,0.8656744632192604,0.5003929021769637,0.9984296252994218
3.9912900000000002,0.8657103655592021,0.500392272815614,0.9984321387962016
3.99228,0.8657462486053638,0.5003916444631814,0.9984346482699503
3.99327,0.8657821123733863,0.500391017118046,0.9984371537271073
3.9942599999999997,0.8658179568788934,0.5003903907785904,0.9984396551741013
3.9952500000000004,0.8658537821374921,0.5003897654432,0.9984421526173508
3.9962400000000002,0.8658895881647721,0.5003891411102628,0.9984446460632642
3.99723,0.8659253749763064,0.5003885177781693,0.9984471355182395
3.99822,0.8659611425876509,0.5003878954453124,0.9984496209886643
3.9992099999999997,0.865996891014345,0.500387274110088,0.9984521024809164
4.0002,0.8660326202719105,0.5003866537708943,0.9984545800013631
4.00119,0.8660683303758533,0.500386034426132,0.9984570535563615
4.00218,0.8661040213416616,0.5003854160742048,0.9984595231522586
4.00317,0.8661396931848075,0.5003847987135187,0.9984619887953912
4.00416,0.8661753459207459,0.5003841823424819,0.998464450492086
4.00515,0.866210979564915,0.500383566959506,0.9984669082486595
4.00614,0.8662465941327363,0.5003829525630044,0.9984693620714182
4.00713,0.8662821896396147,0.5003823391513933,0.9984718119666586
4.00812,0.8663177661009382,0.5003817267230917,0.9984742579406667
4.00911,0.8663533235320785,0.5003811152765207,0.9984766999997189
4.0101,0.8663888619483902,0.5003805048101044,0.9984791381500813
4.01109,0.8664243813652117,0.5003798953222691,0.99848157239801
4.01208,0.8664598817978645,0.5003792868114438,0.9984840027497512
4.01307,0.8664953632616536,0.50037867927606,0.9984864292115411
4.01406,0.8665308257718676,0.5003780727145516,0.9984888517896056
4.0150500000000005,0.8665662693437785,0.5003774671253552,0.9984912704901611
4.01604,0.8666016939926416,0.5003768625069099,0.9984936853194136
4.01703,0.866637099733696,0.5003762588576572,0.9984960962835596
4.01802,0.8666724865821642,0.5003756561760413,0.9984985033887855
4.01901,0.8667078545532524,0.5003750544605086,0.9985009066412677
4.0200000000000005,0.8667432036621501,0.5003744537095081,0.9985033060471727
4.02099,0.8667785339240306,0.5003738539214916,0.9985057016126574
4.02198,0.8668138453540508,0.5003732550949131,0.9985080933438686
4.02297,0.8668491379673514,0.5003726572282292,0.9985104812469432
4.02396,0.8668844117790565,0.5003720603198988,0.9985128653280086
4.0249500000000005,0.866919666804274,0.5003714643683834,0.998515245593182
4.02594,0.8669549030580956,0.5003708693721473,0.9985176220485713
4.02693,0.8669901205555968,0.5003702753296566,0.9985199947002741
4.02792,0.8670253193118365,0.5003696822393805,0.9985223635543784
4.02891,0.8670604993418578,0.5003690900997904,0.9985247286169627
4.0299,0.8670956606606873,0.5003684989093599,0.9985270898940957
4.03089,0.8671308032833359,0.5003679086665656,0.9985294473918359
4.03188,0.8671659272247977,0.5003673193698862,0.9985318011162329
4.03287,0.867201032500051,0.5003667310178029,0.998534151073326
4.03386,0.8672361191240581,0.5003661436087994,0.998536497269145
4.03485,0.867271187111765,0.5003655571413619,0.9985388397097101
4.03584,0.8673062364781018,0.5003649716139787,0.9985411784010321
4.03683,0.8673412672379825,0.5003643870251411,0.9985435133491115
4.03782,0.8673762794063051,0.5003638033733422,0.99854584455994
4.03881,0.8674112729979514,0.5003632206570782,0.9985481720394992
4.0398,0.8674462480277876,0.5003626388748469,0.9985504957937612
4.04079,0.8674812045106637,0.5003620580251493,0.9985528158286887
4.04178,0.8675161424614137,0.5003614781064886,0.9985551321502348
4.04277,0.867551061894856,0.5003608991173699,0.9985574447643429
4.04376,0.8675859628257926,0.5003603210563015,0.998559753676947
4.04475,0.8676208452690102,0.5003597439217934,0.9985620588939719
4.04574,0.8676557092392794,0.5003591677123586,0.9985643604213322
4.04673,0.8676905547513548,0.5003585924265119,0.9985666582649338
4.04772,0.8677253818199755,0.5003580180627711,0.9985689524306728
4.04871,0.8677601904598646,0.5003574446196558,0.9985712429244358
4.0497,0.8677949806857297,0.5003568720956885,0.9985735297521
4.05069,0.8678297525122621,0.5003563004893936,0.9985758129195333
4.05168,0.8678645059541382,0.5003557297992982,0.9985780924325942
4.05267,0.8678992410260179,0.5003551600239318,0.9985803682971318
4.05366,0.8679339577425459,0.5003545911618261,0.9985826405189858
4.05465,0.8679686561183513,0.5003540232115152,0.9985849091039866
4.05564,0.8680033361680471,0.5003534561715355,0.9985871740579552
4.05663,0.8680379979062312,0.5003528900404259,0.9985894353867032
4.05762,0.8680726413474855,0.5003523248167276,0.9985916930960332
4.05861,0.8681072665063768,0.5003517604989841,0.9985939471917384
4.0596,0.8681418733974557,0.5003511970857413,0.9985961976796025
4.06059,0.8681764620352578,0.5003506345755474,0.9985984445654001
4.06158,0.8682110324343031,0.500350072966953,0.9986006878548968
4.06257,0.8682455846090958,0.5003495122585109,0.9986029275538484
4.06356,0.8682801185741251,0.5003489524487763,0.998605163668002
4.06455,0.8683146343438644,0.5003483935363069,0.9986073962030954
4.06554,0.8683491319327717,0.5003478355196624,0.998609625164857
4.06653,0.8683836113552899,0.500347278397405,0.9986118505590063
4.06752,0.8684180726258461,0.5003467221680994,0.9986140723912533
4.06851,0.8684525157588524,0.5003461668303121,0.9986162906672993
4.0695,0.8684869407687053,0.5003456123826123,0.9986185053928363
4.07049,0.868521347669786,0.5003450588235716,0.9986207165735468
4.07148,0.8685557364764604,0.5003445061517634,0.9986229242151049
4.07247,0.8685901072030795,0.5003439543657641,0.9986251283231751
4.07346,0.8686244598639784,0.5003434034641516,0.9986273289034131
4.07445,0.8686587944734774,0.5003428534455068,0.9986295259614653
4.07544,0.8686931110458814,0.5003423043084123,0.9986317195029694
4.07643,0.8687274095954803,0.5003417560514535,0.9986339095335537
4.07742,0.8687616901365485,0.5003412086732176,0.9986360960588377
4.07841,0.8687959526833455,0.5003406621722946,0.998638279084432
4.0794,0.8688301972501155,0.5003401165472762,0.9986404586159381
4.08039,0.8688644238510876,0.5003395717967568,0.9986426346589483
4.08138,0.8688986325004762,0.5003390279193327,0.9986448072190466
4.08237,0.8689328232124798,0.500338484913603,0.9986469763018072
4.08336,0.8689669960012825,0.5003379427781685,0.9986491419127962
4.08435,0.8690011508810532,0.5003374015116323,0.9986513040575702
4.08534,0.869035287865946,0.5003368611126002,0.9986534627416772
4.08633,0.8690694069700993,0.5003363215796799,0.9986556179706563
4.08732,0.869103508207637,0.5003357829114812,0.9986577697500375
4.08831,0.8691375915926685,0.5003352451066165,0.9986599180853423
4.0893,0.8691716571392872,0.5003347081637004,0.998662062982083
4.09029,0.8692057048615727,0.5003341720813494,0.9986642044457635
4.09128,0.8692397347735886,0.5003336368581826,0.9986663424818786
4.09227,0.8692737468893846,0.5003331024928207,0.9986684770959142
4.09326,0.8693077412229949,0.5003325689838876,0.9986706082933478
4.09425,0.8693417177884392,0.5003320363300087,0.9986727360796477
4.09524,0.8693756765997221,0.5003315045298116,0.9986748604602739
4.09623,0.8694096176708337,0.5003309735819265,0.9986769814406772
4.09722,0.8694435410157492,0.5003304434849855,0.9986790990263
4.09821,0.8694774466484287,0.5003299142376232,0.998681213222576
4.0992,0.8695113345828183,0.500329385838476,0.9986833240349299
4.1001900000000004,0.8695452048328487,0.5003288582861826,0.998685431468778
4.10118,0.8695790574124361,0.5003283315793843,0.9986875355295278
4.10217,0.8696128923354822,0.5003278057167241,0.9986896362225782
4.10316,0.8696467096158738,0.5003272806968473,0.9986917335533195
4.10415,0.8696805092674833,0.5003267565184015,0.9986938275271332
4.1051400000000005,0.8697142913041681,0.5003262331800364,0.9986959181493924
4.10613,0.8697480557397714,0.500325710680404,0.9986980054254616
4.10712,0.8697818025881215,0.5003251890181581,0.9987000893606963
4.10811,0.8698155318630324,0.5003246681919552,0.998702169960444
4.1091,0.8698492435783034,0.5003241482004535,0.9987042472300434
4.1100900000000005,0.8698829377477192,0.5003236290423135,0.9987063211748245
4.11108,0.8699166143850502,0.5003231107161981,0.998708391800109
4.11207,0.869950273504052,0.5003225932207719,0.9987104591112099
4.11306,0.8699839151184661,0.500322076554702,0.998712523113432
4.11405,0.8700175392420193,0.5003215607166576,0.998714583812071
4.11504,0.870051145888424,0.5003210457053099,0.9987166412124149
4.11603,0.8700847350713784,0.5003205315193323,0.9987186953197427
4.11702,0.870118306804566,0.5003200181574005,0.9987207461393252
4.11801,0.870151861101656,0.5003195056181918,0.9987227936764245
4.119,0.8701853979763033,0.5003189939003865,0.9987248379362946
4.11999,0.8702189174421486,0.5003184830026662,0.9987268789241809
4.12098,0.8702524195128182,0.5003179729237152,0.9987289166453204
4.12197,0.8702859042019236,0.5003174636622195,0.9987309511049417
4.12296,0.8703193715230629,0.5003169552168673,0.9987329823082653
4.12395,0.8703528214898194,0.5003164475863492,0.998735010260503
4.12494,0.8703862541157622,0.5003159407693575,0.9987370349668584
4.12593,0.8704196694144463,0.500315434764587,0.9987390564325268
4.12692,0.8704530673994122,0.5003149295707343,0.9987410746626951
4.12791,0.8704864480841867,0.5003144251864982,0.9987430896625421
4.1289,0.8705198114822821,0.5003139216105795,0.9987451014372379
4.12989,0.8705531576071966,0.5003134188416813,0.9987471099919448
4.13088,0.8705864864724143,0.5003129168785088,0.9987491153318165
4.13187,0.8706197980914052,0.5003124157197688,0.9987511174619987
4.13286,0.8706530924776251,0.5003119153641709,0.9987531163876286
4.13385,0.870686369644516,0.5003114158104262,0.9987551121138354
4.13484,0.8707196296055053,0.5003109170572481,0.99875710464574
4.13583,0.8707528723740071,0.5003104191033519,0.9987590939884551
4.13682,0.8707860979634209,0.5003099219474555,0.9987610801470851
4.13781,0.8708193063871323,0.5003094255882782,0.9987630631267266
4.1388,0.8708524976585134,0.5003089300245417,0.9987650429324676
4.13979,0.8708856717909214,0.5003084352549697,0.9987670195693882
4.14078,0.8709188287977004,0.5003079412782879,0.9987689930425603
4.14177,0.8709519686921804,0.5003074480932242,0.9987709633570478
4.14276,0.8709850914876771,0.5003069556985084,0.9987729305179064
4.14375,0.8710181971974927,0.5003064640928723,0.9987748945301836
4.14474,0.8710512858349155,0.5003059732750499,0.998776855398919
4.14573,0.8710843574132197,0.5003054832437772,0.9987788131291441
4.14672,0.8711174119456656,0.5003049939977922,0.9987807677258822
4.14771,0.8711504494455002,0.5003045055358348,0.9987827191941487
4.1487,0.8711834699259564,0.5003040178566471,0.9987846675389511
4.14969,0.8712164734002531,0.5003035309589734,0.9987866127652885
4.15068,0.8712494598815959,0.5003030448415594,0.9987885548781523
4.15167,0.8712824293831761,0.5003025595031535,0.9987904938825259
4.15266,0.8713153819181717,0.5003020749425057,0.9987924297833847
4.15365,0.8713483174997468,0.5003015911583683,0.9987943625856959
4.15464,0.871381236141052,0.5003011081494951,0.9987962922944191
4.15563,0.871414137855224,0.5003006259146425,0.9987982189145058
4.15662,0.871447022655386,0.5003001444525687,0.9988001424508995
4.15761,0.8714798905546473,0.5002996637620337,0.998802062908536
4.1586,0.8715127415661038,0.5002991838417997,0.998803980292343
4.15959,0.871545575702838,0.5002987046906309,0.9988058946072402
4.16058,0.8715783929779184,0.5002982263072933,0.99880780585814
4.16157,0.8716111934044002,0.5002977486905549,0.9988097140499462
4.16256,0.8716439769953248,0.500297271839186,0.9988116191875553
4.16355,0.8716767437637204,0.5002967957519586,0.9988135212758558
4.16454,0.8717094937226014,0.5002963204276467,0.998815420319728
4.16553,0.8717422268849689,0.5002958458650263,0.9988173163240451
4.16652,0.8717749432638104,0.5002953720628754,0.998819209293672
4.16751,0.8718076428721001,0.5002948990199739,0.9988210992334658
4.1685,0.8718403257227983,0.5002944267351037,0.9988229861482762
4.16949,0.8718729918288526,0.5002939552070488,0.9988248700429447
4.17048,0.8719056412031966,0.5002934844345948,0.9988267509223054
4.17147,0.8719382738587507,0.5002930144165295,0.9988286287911845
4.17246,0.8719708898084219,0.5002925451516428,0.9988305036544003
4.17345,0.8720034890651039,0.5002920766387262,0.9988323755167638
4.17444,0.8720360716416772,0.5002916088765734,0.998834244383078
4.17543,0.8720686375510086,0.5002911418639798,0.9988361102581383
4.17642,0.8721011868059518,0.5002906755997432,0.9988379731467324
4.17741,0.8721337194193474,0.5002902100826626,0.9988398330536403
4.1784,0.8721662354040223,0.5002897453115397,0.9988416899836345
4.17939,0.8721987347727905,0.5002892812851775,0.9988435439414798
4.18038,0.8722312175384529,0.5002888180023813,0.9988453949319331
4.18137,0.8722636837137965,0.5002883554619584,0.9988472429597443
4.18236,0.8722961333115958,0.5002878936627175,0.9988490880296549
4.18335,0.8723285663446119,0.50028743260347,0.9988509301463996
4.18434,0.8723609828255925,0.5002869722830283,0.9988527693147048
4.18533,0.8723933827672724,0.5002865127002074,0.99885460553929
4.18632,0.8724257661823733,0.500286053853824,0.9988564388248666
4.18731,0.8724581330836036,0.5002855957426966,0.998858269176139
4.1883,0.8724904834836588,0.5002851383656457,0.9988600965978034
4.18929,0.8725228173952209,0.5002846817214938,0.9988619210945491
4.1902800000000004,0.8725551348309594,0.500284225809065,0.9988637426710574
4.19127,0.8725874358035304,0.5002837706271855,0.9988655613320027
4.19226,0.872619720325577,0.5002833161746835,0.9988673770820512
4.19325,0.8726519884097295,0.5002828624503887,0.9988691899258623
4.19424,0.8726842400686049,0.5002824094531331,0.9988709998680874
4.1952300000000005,0.8727164753148074,0.5002819571817503,0.9988728069133708
4.19622,0.8727486941609283,0.5002815056350759,0.9988746110663492
4.19721,0.8727808966195457,0.5002810548119474,0.9988764123316521
4.1982,0.872813082703225,0.500280604711204,0.9988782107139014
4.19919,0.8728452524245186,0.5002801553316869,0.9988800062177114
4.2001800000000005,0.8728774057959661,0.5002797066722392,0.9988817988476896
4.20117,0.8729095428300938,0.5002792587317058,0.9988835886084355
4.20216,0.8729416635394158,0.5002788115089333,0.9988853755045416
4.20315,0.8729737679364329,0.5002783650027706,0.9988871595405929
4.20414,0.8730058560336332,0.5002779192120679,0.9988889407211673
4.20513,0.873037927843492,0.5002774741356775,0.998890719050835
4.20612,0.8730699833784716,0.5002770297724538,0.9988924945341592
4.20711,0.873102022651022,0.5002765861212526,0.9988942671756956
4.2081,0.8731340456735798,0.5002761431809318,0.9988960369799926
4.20909,0.8731660524585694,0.5002757009503511,0.9988978039515917
4.21008,0.873198043018402,0.5002752594283719,0.9988995680950266
4.21107,0.8732300173654767,0.5002748186138577,0.998901329414824
4.21206,0.8732619755121792,0.5002743785056735,0.9989030879155034
4.21305,0.873293917470883,0.5002739391026862,0.9989048436015769
4.21404,0.8733258432539488,0.5002735004037651,0.9989065964775496
4.21503,0.8733577528737245,0.5002730624077802,0.9989083465479193
4.21602,0.8733896463425457,0.5002726251136044,0.9989100938171763
4.21701,0.873421523672735,0.5002721885201117,0.9989118382898042
4.218,0.8734533848766026,0.5002717526261783,0.9989135799702792
4.21899,0.8734852299664462,0.500271317430682,0.9989153188630703
4.21998,0.8735170589545507,0.5002708829325025,0.9989170549726394
4.22097,0.8735488718531886,0.5002704491305213,0.9989187883034413
4.22196,0.8735806686746199,0.5002700160236216,0.9989205188599234
4.22295,0.873612449431092,0.5002695836106886,0.9989222466465264
4.22394,0.8736442141348397,0.500269151890609,0.9989239716676837
4.22493,0.8736759627980855,0.5002687208622717,0.9989256939278215
4.22592,0.8737076954330394,0.5002682905245668,0.998927413431359
4.22691,0.8737394120518988,0.5002678608763867,0.9989291301827085
4.2279,0.8737711126668487,0.5002674319166255,0.9989308441862748
4.22889,0.8738027972900617,0.5002670036441789,0.9989325554464561
4.22988,0.8738344659336983,0.5002665760579443,0.9989342639676434
4.23087,0.8738661186099062,0.5002661491568212,0.9989359697542206
4.23186,0.8738977553308206,0.5002657229397107,0.9989376728105646
4.23285,0.8739293761085648,0.5002652974055156,0.9989393731410454
4.23384,0.8739609809552494,0.5002648725531406,0.9989410707500259
4.23483,0.873992569882973,0.5002644483814919,0.9989427656418621
4.23582,0.8740241429038217,0.5002640248894779,0.998944457820903
4.23681,0.8740557000298692,0.5002636020760082,0.9989461472914906
4.2378,0.8740872412731769,0.5002631799399948,0.9989478340579598
4.23879,0.8741187666457941,0.5002627584803508,0.9989495181246391
4.23978,0.8741502761597579,0.5002623376959916,0.9989511994958493
4.24077,0.8741817698270932,0.5002619175858339,0.998952878175905
4.24176,0.8742132476598122,0.5002614981487964,0.9989545541691134
4.24275,0.8742447096699154,0.5002610793837994,0.9989562274797751
4.24374,0.8742761558693909,0.5002606612897652,0.9989578981121837
4.24473,0.8743075862702148,0.5002602438656174,0.9989595660706259
4.24572,0.8743390008843508,0.5002598271102817,0.9989612313593815
4.24671,0.8743703997237506,0.5002594110226855,0.9989628939827236
4.2477,0.8744017828003539,0.5002589956017575,0.9989645539449185
4.24869,0.8744331501260879,0.5002585808464286,0.9989662112502253
4.24968,0.8744645017128679,0.5002581667556314,0.9989678659028969
4.25067,0.8744958375725976,0.5002577533282999,0.9989695179071786
4.25166,0.8745271577171677,0.5002573405633701,0.9989711672673096
4.25265,0.8745584621584578,0.5002569284597795,0.998972813987522
4.25364,0.8745897509083345,0.5002565170164676,0.9989744580720412
4.25463,0.8746210239786533,0.500256106232375,0.9989760995250858
4.25562,0.8746522813812572,0.5002556961064448,0.9989777383508677
4.25661,0.8746835231279773,0.5002552866376212,0.998979374553592
4.2576,0.8747147492306326,0.5002548778248505,0.9989810081374569
4.25859,0.8747459597010304,0.5002544696670803,0.9989826391066544
4.25958,0.8747771545509659,0.5002540621632602,0.9989842674653693
4.26057,0.8748083337922224,0.5002536553123413,0.9989858932177798
4.26156,0.8748394974365715,0.5002532491132766,0.9989875163680575
4.26255,0.8748706454957723,0.5002528435650205,0.9989891369203674
4.26354,0.8749017779815728,0.5002524386665294,0.9989907548788677
4.26453,0.8749328949057086,0.500252034416761,0.9989923702477099
4.26552,0.8749639962799034,0.5002516308146749,0.998993983031039
4.26651,0.8749950821158694,0.5002512278592326,0.9989955932329934
4.2675,0.875026152425307,0.5002508255493968,0.9989972008577045
4.26849,0.8750572072199045,0.5002504238841321,0.9989988059092976
4.26948,0.8750882465113385,0.5002500228624048,0.9990004083918911
4.27047,0.875119270311274,0.5002496224831827,0.9990020083095968
4.27146,0.8751502786313639,0.5002492227454356,0.99900360566652
4.27245,0.8751812714832496,0.5002488236481346,0.9990052004667596
4.27344,0.8752122488785609,0.5002484251902526,0.9990067927144074
4.27443,0.8752432108289155,0.5002480273707641,0.9990083824135493
4.27542,0.8752741573459198,0.5002476301886452,0.9990099695682643
4.27641,0.8753050884411682,0.5002472336428738,0.9990115541826249
4.2774,0.8753360041262435,0.5002468377324295,0.9990131362606971
4.27839,0.8753669044127169,0.5002464424562932,0.9990147158065404
4.27938,0.875397789312148,0.5002460478134478,0.9990162928242079
4.2803700000000005,0.8754286588360847,0.5002456538028777,0.9990178673177461
4.28136,0.8754595129960633,0.5002452604235686,0.999019439291195
4.28235,0.8754903518036085,0.5002448676745085,0.9990210087485882
4.28334,0.8755211752702333,0.5002444755546865,0.9990225756939528
4.28433,0.8755519834074394,0.5002440840630935,0.9990241401313096
4.2853200000000005,0.8755827762267169,0.500243693198722,0.9990257020646727
4.28631,0.875613553739544,0.5002433029605662,0.99902726149805
4.2873,0.8756443159573877,0.5002429133476217,0.9990288184354429
4.28829,0.8756750628917034,0.500242524358886,0.9990303728808464
4.28928,0.875705794553935,0.5002421359933582,0.9990319248382491
4.29027,0.8757365109555151,0.5002417482500385,0.9990334743116333
4.29126,0.8757672121078646,0.5002413611279295,0.9990350213049746
4.29225,0.8757978980223928,0.5002409746260347,0.9990365658222428
4.29324,0.875828568710498,0.5002405887433595,0.9990381078674008
4.29423,0.8758592241835668,0.5002402034789111,0.9990396474444054
4.29522,0.8758898644529743,0.5002398188316978,0.9990411845572073
4.29621,0.8759204895300846,0.5002394348007301,0.9990427192097503
4.2972,0.8759510994262499,0.5002390513850195,0.9990442514059725
4.29819,0.8759816941528116,0.5002386685835793,0.9990457811498052
4.29918,0.876012273721099,0.5002382863954248,0.9990473084451739
4.30017,0.876042838142431,0.5002379048195722,0.9990488332959973
4.30116,0.8760733874281142,0.5002375238550397,0.9990503557061879
4.30215,0.8761039215894448,0.5002371435008471,0.9990518756796526
4.30314,0.876134440637707,0.5002367637560154,0.9990533932202913
4.30413,0.876164944584174,0.5002363846195678,0.9990549083319977
4.30512,0.8761954334401079,0.5002360060905283,0.9990564210186599
4.30611,0.8762259072167592,0.500235628167923,0.9990579312841591
4.3071,0.8762563659253673,0.5002352508507796,0.9990594391323705
4.30809,0.8762868095771605,0.500234874138127,0.9990609445671633
4.30908,0.8763172381833559,0.5002344980289958,0.9990624475924003
4.31007,0.876347651755159,0.5002341225224184,0.999063948211938
4.31106,0.8763780503037647,0.5002337476174284,0.9990654464296271
4.31205,0.8764084338403563,0.5002333733130613,0.999066942249312
4.31304,0.876438802376106,0.5002329996083538,0.9990684356748306
4.31403,0.8764691559221752,0.5002326265023443,0.9990699267100152
4.31502,0.8764994944897138,0.500232253994073,0.9990714153586915
4.31601,0.8765298180898606,0.5002318820825812,0.9990729016246793
4.317,0.8765601267337435,0.5002315107669119,0.9990743855117924
4.31799,0.8765904204324793,0.5002311400461098,0.9990758670238382
4.31898,0.8766206991971734,0.500230769919221,0.9990773461646183
4.31997,0.8766509630389206,0.500230400385293,0.999078822937928
4.32096,0.8766812119688047,0.5002300314433752,0.9990802973475567
4.32195,0.8767114459978976,0.500229663092518,0.9990817693972874
4.32294,0.8767416651372612,0.5002292953317741,0.9990832390908976
4.32393,0.8767718693979459,0.5002289281601967,0.9990847064321583
4.32492,0.8768020587909914,0.5002285615768415,0.9990861714248345
4.32591,0.8768322333274261,0.500228195580765,0.9990876340726854
4.3269,0.8768623930182674,0.5002278301710257,0.999089094379464
4.32789,0.8768925378745221,0.5002274653466833,0.9990905523489175
4.32888,0.876922667907186,0.5002271011067991,0.9990920079847867
4.32987,0.8769527831272437,0.5002267374504361,0.9990934612908069
4.33086,0.8769828835456692,0.5002263743766585,0.9990949122707071
4.33185,0.8770129691734254,0.5002260118845322,0.9990963609282104
4.33284,0.8770430400214643,0.5002256499731245,0.9990978072670339
4.33383,0.8770730961007274,0.5002252886415042,0.9990992512908891
4.33482,0.8771031374221447,0.5002249278887418,0.9991006930034808
4.33581,0.8771331639966361,0.500224567713909,0.9991021324085088
4.3368,0.8771631758351102,0.5002242081160791,0.9991035695096663
4.33779,0.8771931729484648,0.500223849094327,0.9991050043106408
4.33878,0.877223155347587,0.500223490647729,0.9991064368151139
4.33977,0.8772531230433532,0.5002231327753628,0.9991078670267615
4.34076,0.8772830760466291,0.5002227754763077,0.9991092949492532
4.34175,0.8773130143682693,0.5002224187496445,0.9991107205862529
4.34274,0.8773429380191178,0.5002220625944552,0.999112143941419
4.34373,0.877372847010008,0.5002217070098237,0.9991135650184036
4.34472,0.8774027413517624,0.5002213519948351,0.9991149838208531
4.34571,0.8774326210551932,0.500220997548576,0.9991164003524079
4.3467,0.8774624861311012,0.5002206436701346,0.9991178146167029
4.34769,0.8774923365902771,0.5002202903586004,0.999119226617367
4.34868,0.8775221724435008,0.5002199376130644,0.9991206363580232
4.34967,0.8775519937015416,0.5002195854326191,0.9991220438422889
4.35066,0.8775818003751578,0.5002192338163586,0.9991234490737756
4.35165,0.8776115924750975,0.5002188827633779,0.999124852056089
4.35264,0.877641370012098,0.5002185322727741,0.9991262527928292
4.35363,0.877671132996886,0.5002181823436457,0.9991276512875902
4.35462,0.8777008814401778,0.5002178329750923,0.9991290475439605
4.35561,0.8777306153526787,0.5002174841662148,0.9991304415655228
4.3566,0.877760334745084,0.5002171359161163,0.9991318333558541
4.35759,0.877790039628078,0.5002167882239005,0.9991332229185258
4.35858,0.8778197300123346,0.5002164410886732,0.9991346102571032
4.35957,0.8778494059085175,0.5002160945095413,0.9991359953751461
4.36056,0.8778790673272792,0.5002157484856131,0.9991373782762087
4.36155,0.8779087142792624,0.5002154030159984,0.9991387589638396
4.36254,0.8779383467750989,0.5002150580998086,0.9991401374415814
4.36353,0.8779679648254102,0.5002147137361563,0.9991415137129712
4.36452,0.8779975684408075,0.5002143699241556,0.9991428877815404
4.3655100000000004,0.878027157631891,0.5002140266629219,0.9991442596508148
4.3665,0.878056732409251,0.5002136839515724,0.9991456293243144
4.36749,0.8780862927834673,0.5002133417892254,0.999146996805554
4.36848,0.8781158387651092,0.5002130001750006,0.9991483620980421
4.36947,0.8781453703647356,0.5002126591080192,0.9991497252052823
4.3704600000000005,0.878174887592895,0.5002123185874038,0.999151086130772
4.37145,0.8782043904601256,0.5002119786122785,0.9991524448780034
4.37244,0.8782338789769553,0.5002116391817686,0.9991538014504628
4.37343,0.8782633531539015,0.500211300295001,0.9991551558516312
4.37442,0.8782928130014714,0.500210961951104,0.9991565080849839
4.3754100000000005,0.8783222585301619,0.5002106241492073,0.9991578581539906
4.3764,0.8783516897504595,0.5002102868884416,0.9991592060621155
4.37739,0.8783811066728404,0.5002099501679397,0.9991605518128172
4.37838,0.8784105093077708,0.500209613986835,0.9991618954095489
4.37937,0.8784398976657062,0.5002092783442631,0.9991632368557581
4.38036,0.8784692717570921,0.5002089432393605,0.9991645761548871
4.38135,0.8784986315923637,0.500208608671265,0.9991659133103721
4.38234,0.8785279771819463,0.5002082746391161,0.9991672483256443
4.38333,0.8785573085362544,0.5002079411420547,0.9991685812041293
4.38432,0.8785866256656926,0.5002076081792226,0.9991699119492472
4.38531,0.8786159285806554,0.5002072757497635,0.9991712405644125
4.3863,0.8786452172915271,0.5002069438528224,0.9991725670530345
4.38729,0.8786744918086815,0.5002066124875454,0.9991738914185168
4.38828,0.8787037521424829,0.50020628165308,0.9991752136642575
4.38927,0.8787329983032848,0.5002059513485755,0.9991765337936497
4.39026,0.8787622303014309,0.5002056215731819,0.9991778518100805
4.39125,0.8787914481472549,0.5002052923260514,0.9991791677169319
4.39224,0.8788206518510799,0.5002049636063367,0.9991804815175805
4.39323,0.8788498414232196,0.5002046354131924,0.9991817932153975
4.39422,0.8788790168739772,0.5002043077457742,0.9991831028137484
4.39521,0.8789081782136458,0.5002039806032395,0.9991844103159938
4.3962,0.8789373254525086,0.5002036539847465,0.9991857157254885
4.39719,0.8789664586008389,0.5002033278894553,0.9991870190455822
4.39818,0.8789955776688995,0.500203002316527,0.9991883202796189
4.39917,0.8790246826669437,0.5002026772651242,0.9991896194309378
4.40016,0.8790537736052144,0.5002023527344109,0.9991909165028723
4.40115,0.8790828504939451,0.5002020287235523,0.9991922114987505
4.40214,0.8791119133433584,0.5002017052317149,0.9991935044218955
4.40313,0.8791409621636678,0.5002013822580667,0.9991947952756246
4.40412,0.8791699969650764,0.5002010598017769,0.9991960840632503
4.40511,0.8791990177577773,0.5002007378620161,0.9991973707880795
4.4061,0.8792280245519541,0.5002004164379564,0.9991986554534136
4.40709,0.8792570173577802,0.5002000955287709,0.9991999380625493
4.40808,0.8792859961854188,0.5001997751336342,0.9992012186187774
4.40907,0.8793149610450238,0.5001994552517224,0.9992024971253839
4.41006,0.8793439119467388,0.5001991358822124,0.9992037735856494
4.41105,0.8793728489006978,0.5001988170242829,0.9992050480028491
4.41204,0.8794017719170247,0.5001984986771141,0.9992063203802531
4.41303,0.8794306810058338,0.5001981808398867,0.9992075907211263
4.41402,0.8794595761772293,0.5001978635117833,0.9992088590287284
4.41501,0.8794884574413058,0.500197546691988,0.9992101253063135
4.416,0.8795173248081479,0.5001972303796858,0.999211389557131
4.41699,0.8795461782878307,0.500196914574063,0.9992126517844249
4.41798,0.8795750178904191,0.5001965992743076,0.9992139119914338
4.41897,0.8796038436259687,0.5001962844796084,0.9992151701813915
4.41996,0.879632655504525,0.5001959701891558,0.9992164263575264
4.42095,0.8796614535361238,0.5001956564021417,0.9992176805230618
4.42194,0.8796902377307912,0.5001953431177587,0.9992189326812156
4.42293,0.8797190080985438,0.5001950303352013,0.9992201828352011
4.42392,0.879747764649388,0.5001947180536648,0.9992214309882259
4.42491,0.8797765073933209,0.5001944062723463,0.9992226771434927
4.4259,0.8798052363403299,0.5001940949904438,0.9992239213041989
4.42689,0.8798339515003925,0.5001937842071567,0.9992251634735373
4.42788,0.8798626528834765,0.5001934739216857,0.999226403654695
4.42887,0.8798913404995405,0.5001931641332327,0.9992276418508541
4.42986,0.879920014358533,0.5001928548410011,0.999228878065192
4.43085,0.8799486744703929,0.5001925460441954,0.9992301123008805
4.43184,0.8799773208450499,0.5001922377420213,0.9992313445610869
4.43283,0.8800059534924235,0.500191929933686,0.9992325748489728
4.43382,0.880034572422424,0.5001916226183978,0.9992338031676952
4.43481,0.8800631776449521,0.5001913157953665,0.9992350295204057
4.4358,0.8800917691698987,0.5001910094638027,0.9992362539102513
4.43679,0.8801203470071456,0.500190703622919,0.9992374763403734
4.43778,0.8801489111665642,0.5001903982719283,0.999238696813909
4.43877,0.8801774616580175,0.5001900934100456,0.9992399153339896
4.43976,0.8802059984913578,0.5001897890364869,0.9992411319037418
4.44075,0.880234521676429,0.5001894851504693,0.9992423465262873
4.44174,0.8802630312230646,0.5001891817512114,0.9992435592047427
4.44273,0.8802915271410892,0.500188878837933,0.9992447699422197
4.44372,0.8803200094403173,0.5001885764098546,0.999245978741825
4.44471,0.8803484781305547,0.500188274466199,0.9992471856066603
4.4457,0.8803769332215974,0.5001879730061893,0.9992483905398222
4.44669,0.8804053747232318,0.5001876720290505,0.9992495935444026
4.44768,0.8804338026452349,0.5001873715340083,0.9992507946234883
4.44867,0.8804622169973743,0.5001870715202901,0.9992519937801613
4.44966,0.8804906177894085,0.5001867719871242,0.9992531910174984
4.45065,0.8805190050310862,0.5001864729337405,0.9992543863385718
4.45164,0.880547378732147,0.5001861743593699,0.9992555797464484
4.45263,0.8805757389023209,0.5001858762632443,0.9992567712441905
4.45362,0.8806040855513285,0.5001855786445973,0.9992579608348555
4.45461,0.8806324186888814,0.5001852815026636,0.9992591485214958
4.4556000000000004,0.8806607383246816,0.500184984836679,0.9992603343071588
4.45659,0.8806890444684217,0.5001846886458805,0.9992615181948872
4.45758,0.8807173371297851,0.5001843929295064,0.9992627001877188
4.45857,0.880745616318446,0.5001840976867964,0.9992638802886866
4.45956,0.8807738820440688,0.500183802916991,0.9992650585008185
4.4605500000000005,0.8808021343163096,0.5001835086193325,0.9992662348271378
4.46154,0.880830373144814,0.5001832147930637,0.9992674092706629
4.46253,0.8808585985392193,0.5001829214374293,0.9992685818344074
4.46352,0.8808868105091532,0.5001826285516747,0.9992697525213798
4.46451,0.880915009064234,0.5001823361350469,0.9992709213345843
4.4655000000000005,0.880943194214071,0.5001820441867939,0.9992720882770197
4.46649,0.8809713659682643,0.5001817527061648,0.9992732533516806
4.46748,0.8809995243364045,0.5001814616924103,0.9992744165615562
4.46847,0.8810276693280733,0.5001811711447818,0.9992755779096315
4.46946,0.8810558009528431,0.5001808810625322,0.9992767373988863
4.47045,0.8810839192202772,0.5001805914449158,0.9992778950322958
4.47144,0.8811120241399296,0.5001803022911875,0.9992790508128304
4.47243,0.8811401157213454,0.500180013600604,0.9992802047434558
4.47342,0.8811681939740601,0.5001797253724227,0.9992813568271329
4.47441,0.8811962589076006,0.5001794376059027,0.9992825070668178
4.4754,0.8812243105314842,0.5001791503003037,0.999283655465462
4.47639,0.8812523488552194,0.5001788634548873,0.9992848020260122
4.47738,0.8812803738883058,0.5001785770689154,0.9992859467514105
4.47837,0.8813083856402333,0.5001782911416521,0.999287089644594
4.47936,0.8813363841204831,0.5001780056723618,0.9992882307084955
4.48035,0.8813643693385275,0.5001777206603105,0.9992893699460427
4.48134,0.8813923413038294,0.5001774361047654,0.9992905073601589
4.48233,0.8814203000258427,0.5001771520049948,0.9992916429537627
4.48332,0.8814482455140126,0.5001768683602681,0.9992927767297679
4.48431,0.8814761777777748,0.500176585169856,0.9992939086910836
4.4853,0.8815040968265564,0.5001763024330301,0.9992950388406145
4.48629,0.8815320026697754,0.5001760201490637,0.9992961671812605
4.48728,0.8815598953168405,0.5001757383172308,0.9992972937159166
4.48827,0.8815877747771519,0.5001754569368067,0.9992984184474737
4.48926,0.8816156410601005,0.5001751760070678,0.9992995413788176
4.49025,0.8816434941750684,0.5001748955272919,0.9993006625128298
4.49124,0.8816713341314285,0.5001746154967577,0.9993017818523869
4.49223,0.8816991609385452,0.500174335914745,0.9993028994003613
4.49322,0.8817269746057737,0.5001740567805353,0.9993040151596203
4.49421,0.8817547751424601,0.5001737780934105,0.999305129133027
4.4952,0.8817825625579421,0.5001734998526541,0.9993062413234399
4.49619,0.8818103368615481,0.5001732220575508,0.9993073517337125
4.49718,0.8818380980625977,0.5001729447073863,0.9993084603666943
4.49817,0.8818658461704019,0.5001726678014472,0.9993095672252299
4.49916,0.8818935811942622,0.5001723913390217,0.9993106723121594
4.50015,0.881921303143472,0.5001721153193991,0.9993117756303184
4.50114,0.8819490120273155,0.5001718397418693,0.9993128771825379
4.50213,0.8819767078550678,0.5001715646057241,0.9993139769716446
4.50312,0.8820043906359958,0.5001712899102558,0.9993150750004602
4.50411,0.8820320603793571,0.5001710156547583,0.9993161712718024
4.5051,0.8820597170944008,0.5001707418385262,0.999317265788484
4.50609,0.882087360790367,0.5001704684608558,0.9993183585533136
4.50708,0.882114991476487,0.5001701955210438,0.9993194495690951
4.50807,0.8821426091619835,0.5001699230183887,0.999320538838628
4.50906,0.8821702138560705,0.5001696509521898,0.9993216263647072
4.51005,0.882197805567953,0.5001693793217474,0.9993227121501234
4.51104,0.8822253843068275,0.5001691081263634,0.9993237961976625
4.51203,0.8822529500818816,0.5001688373653403,0.9993248785101062
4.51302,0.8822805029022943,0.500168567037982,0.9993259590902315
4.51401,0.8823080427772358,0.5001682971435933,0.9993270379408112
4.515,0.8823355697158678,0.5001680276814806,0.9993281150646136
4.51599,0.8823630837273431,0.5001677586509508,0.9993291904644025
4.51698,0.8823905848208058,0.5001674900513122,0.9993302641429372
4.51797,0.8824180730053917,0.5001672218818745,0.9993313361029729
4.51896,0.8824455482902274,0.5001669541419477,0.9993324063472601
4.51995,0.8824730106844313,0.5001666868308439,0.9993334748785447
4.52094,0.8825004601971131,0.5001664199478756,0.9993345416995689
4.52193,0.8825278968373738,0.5001661534923567,0.99933560681307
4.52292,0.8825553206143056,0.500165887463602,0.9993366702217807
4.52391,0.8825827315369925,0.5001656218609277,0.99933773192843
4.5249,0.8826101296145096,0.5001653566836508,0.999338791935742
4.52589,0.8826375148559235,0.5001650919310896,0.9993398502464367
4.52688,0.8826648872702922,0.5001648276025634,0.9993409068632296
4.52787,0.8826922468666654,0.5001645636973926,0.9993419617888318
4.52886,0.8827195936540838,0.5001643002148987,0.9993430150259505
4.52985,0.8827469276415799,0.500164037154404,0.9993440665772879
4.53084,0.8827742488381777,0.5001637745152328,0.9993451164455424
4.53183,0.8828015572528923,0.5001635122967093,0.9993461646334076
4.53282,0.8828288528947308,0.5001632504981596,0.9993472111435736
4.53381,0.8828561357726913,0.5001629891189106,0.9993482559787252
4.5348,0.8828834058957638,0.5001627281582902,0.9993492991415437
4.53579,0.8829106632729296,0.5001624676156277,0.9993503406347056
4.53678,0.8829379079131616,0.5001622074902529,0.9993513804608835
4.53777,0.8829651398254243,0.5001619477814974,0.9993524186227453
4.53876,0.8829923590186738,0.5001616884886932,0.9993534551229549
4.53975,0.8830195655018575,0.500161429611174,0.999354489964172
4.54074,0.8830467592839145,0.5001611711482741,0.9993555231490518
4.54173,0.8830739403737756,0.500160913099329,0.9993565546802455
4.54272,0.8831011087803631,0.5001606554636752,0.9993575845604
4.54371,0.883128264512591,0.5001603982406504,0.9993586127921578
4.5447,0.8831554075793645,0.5001601414295934,0.9993596393781572
4.5456900000000005,0.8831825379895811,0.500159885029844,0.9993606643210324
4.54668,0.8832096557521293,0.5001596290407428,0.9993616876234135
4.54767,0.8832367608758895,0.5001593734616319,0.999362709287926
4.54866,0.883263853369734,0.5001591182918541,0.9993637293171916
4.54965,0.8832909332425264,0.5001588635307537,0.9993647477138277
4.5506400000000005,0.883318000503122,0.5001586091776754,0.9993657644804471
4.55163,0.8833450551603679,0.5001583552319653,0.9993667796196591
4.55262,0.8833720972231028,0.5001581016929708,0.9993677931340683
4.55361,0.8833991267001573,0.50015784856004,0.9993688050262753
4.5546,0.8834261436003535,0.5001575958325222,0.9993698152988767
4.55559,0.8834531479325053,0.5001573435097675,0.9993708239544646
4.55658,0.8834801397054183,0.5001570915911273,0.9993718309956273
4.55757,0.8835071189278897,0.5001568400759542,0.9993728364249488
4.55856,0.8835340856087088,0.5001565889636013,0.9993738402450089
4.55955,0.8835610397566565,0.5001563382534233,0.9993748424583833
4.56054,0.8835879813805051,0.5001560879447754,0.9993758430676437
4.56153,0.8836149104890194,0.5001558380370145,0.9993768420753576
4.56252,0.8836418270909554,0.5001555885294978,0.9993778394840883
4.56351,0.883668731195061,0.5001553394215841,0.9993788352963952
4.5645,0.8836956228100761,0.5001550907126329,0.9993798295148334
4.56549,0.8837225019447322,0.5001548424020049,0.999380822141954
4.56648,0.883749368607753,0.5001545944890617,0.9993818131803041
4.56747,0.8837762228078535,0.5001543469731662,0.9993828026324266
4.56846,0.8838030645537409,0.5001540998536818,0.9993837905008603
4.56945,0.8838298938541141,0.5001538531299734,0.9993847767881402
4.57044,0.8838567107176641,0.5001536068014066,0.9993857614967968
4.57143,0.8838835151530736,0.5001533608673485,0.999386744629357
4.57242,0.883910307169017,0.5001531153271667,0.9993877261883434
4.57341,0.8839370867741608,0.5001528701802299,0.9993887061762744
4.5744,0.8839638539771636,0.500152625425908,0.999389684595665
4.57539,0.8839906087866755,0.5001523810635718,0.9993906614490254
4.57638,0.8840173512113387,0.5001521370925933,0.9993916367388623
4.57737,0.8840440812597876,0.5001518935123451,0.9993926104676784
4.57836,0.884070798940648,0.5001516503222012,0.9993935826379718
4.57935,0.8840975042625381,0.5001514075215364,0.9993945532522374
4.58034,0.8841241972340678,0.5001511651097266,0.9993955223129655
4.58133,0.8841508778638391,0.5001509230861485,0.9993964898226428
4.58232,0.884177546160446,0.5001506814501803,0.9993974557837518
4.58331,0.8842042021324743,0.5001504402012004,0.9993984201987711
4.5843,0.884230845788502,0.500150199338589,0.9993993830701754
4.58529,0.8842574771370991,0.5001499588617268,0.9994003444004352
4.58628,0.8842840961868275,0.5001497187699956,0.9994013041920174
4.58727,0.8843107029462411,0.5001494790627784,0.9994022624473846
4.58826,0.884337297423886,0.5001492397394589,0.9994032191689958
4.58925,0.8843638796283002,0.5001490007994219,0.9994041743593057
4.59024,0.8843904495680137,0.5001487622420533,0.9994051280207654
4.59123,0.8844170072515489,0.5001485240667398,0.9994060801558219
4.59222,0.8844435526874199,0.5001482862728692,0.9994070307669182
4.59321,0.8844700858841331,0.5001480488598302,0.9994079798564937
4.5942,0.8844966068501866,0.5001478118270126,0.9994089274269834
4.59519,0.8845231155940714,0.500147575173807,0.9994098734808191
4.59618,0.8845496121242696,0.5001473388996053,0.9994108180204281
4.59717,0.8845760964492563,0.5001471030037998,0.9994117610482339
4.59816,0.8846025685774982,0.5001468674857845,0.9994127025666566
4.59915,0.8846290285174544,0.5001466323449539,0.9994136425781117
4.60014,0.8846554762775758,0.5001463975807036,0.9994145810850115
4.60113,0.884681911866306,0.50014616319243,0.999415518089764
4.60212,0.8847083352920802,0.5001459291795307,0.9994164535947735
4.60311,0.8847347465633262,0.5001456955414042,0.9994173876024405
4.6041,0.8847611456884635,0.50014546227745,0.9994183201151615
4.60509,0.8847875326759046,0.5001452293870685,0.9994192511353295
4.60608,0.8848139075340532,0.500144996869661,0.9994201806653331
4.60707,0.8848402702713061,0.5001447647246299,0.9994211087075576
4.60806,0.8848666208960516,0.5001445329513784,0.9994220352643844
4.60905,0.8848929594166709,0.5001443015493109,0.9994229603381909
4.61004,0.8849192858415368,0.5001440705178325,0.9994238839313506
4.61103,0.8849456001790147,0.5001438398563495,0.9994248060462336
4.61202,0.8849719024374622,0.5001436095642687,0.999425726685206
4.61301,0.884998192625229,0.5001433796409985,0.9994266458506299
4.614,0.8850244707506576,0.5001431500859479,0.9994275635448641
4.61499,0.8850507368220821,0.5001429208985266,0.9994284797702631
4.61598,0.8850769908478292,0.5001426920781458,0.9994293945291779
4.61697,0.8851032328362181,0.5001424636242171,0.9994303078239558
4.61796,0.8851294627955598,0.5001422355361534,0.9994312196569403
4.61895,0.8851556807341581,0.5001420078133686,0.9994321300304709
4.61994,0.885181886660309,0.5001417804552771,0.9994330389468838
4.62093,0.8852080805823005,0.5001415534612947,0.9994339464085111
4.62192,0.8852342625084135,0.5001413268308381,0.9994348524176813
4.62291,0.8852604324469209,0.5001411005633244,0.9994357569767192
4.6239,0.8852865904060878,0.5001408746581724,0.9994366600879457
4.62489,0.8853127363941723,0.5001406491148012,0.9994375617536784
4.62588,0.8853388704194242,0.5001404239326311,0.9994384619762305
4.62687,0.885364992490086,0.5001401991110835,0.9994393607579124
4.62786,0.8853911026143927,0.5001399746495806,0.99944025810103
4.62885,0.8854172008005714,0.5001397505475452,0.9994411540078859
4.62984,0.8854432870568418,0.5001395268044015,0.9994420484807789
4.6308300000000004,0.8854693613914162,0.5001393034195745,0.9994429415220042
4.63182,0.885495423812499,0.5001390803924897,0.9994438331338533
4.63281,0.8855214743282871,0.5001388577225742,0.999444723318614
4.6338,0.88554751294697,0.5001386354092555,0.9994456120785705
4.63479,0.8855735396767296,0.5001384134519624,0.9994464994160033
4.6357800000000005,0.8855995545257402,0.5001381918501243,0.9994473853331891
4.63677,0.8856255575021688,0.5001379706031717,0.9994482698324013
4.63776,0.8856515486141745,0.5001377497105358,0.9994491529159093
4.63875,0.8856775278699092,0.5001375291716491,0.9994500345859793
4.63974,0.8857034952775171,0.5001373089859447,0.9994509148448733
4.6407300000000005,0.8857294508451352,0.5001370891528565,0.99945179369485
4.64172,0.8857553945808928,0.5001368696718197,0.9994526711381648
4.64271,0.8857813264929116,0.5001366505422701,0.9994535471770689
4.6437,0.8858072465893061,0.5001364317636445,0.9994544218138102
4.64469,0.8858331548781833,0.5001362133353807,0.9994552950506329
4.64568,0.8858590513676425,0.5001359952569173,0.9994561668897778
4.64667,0.885884936065776,0.5001357775276937,0.999457037333482
4.64766,0.8859108089806683,0.5001355601471504,0.9994579063839789
4.64865,0.8859366701203966,0.5001353431147287,0.9994587740434984
4.64964,0.8859625194930307,0.5001351264298709,0.9994596403142669
4.65063,0.885988357106633,0.5001349100920198,0.9994605051985073
4.65162,0.8860141829692586,0.5001346941006197,0.9994613686984387
4.65261,0.886039997088955,0.5001344784551153,0.9994622308162768
4.6536,0.8860657994737623,0.5001342631549525,0.9994630915542339
4.65459,0.8860915901317136,0.5001340481995777,0.9994639509145185
4.65558,0.8861173690708342,0.5001338335884389,0.9994648088993354
4.65657,0.8861431362991423,0.5001336193209841,0.9994656655108866
4.65756,0.8861688918246489,0.500133405396663,0.9994665207513697
4.65855,0.8861946356553572,0.5001331918149254,0.9994673746229794
4.65954,0.8862203677992634,0.5001329785752228,0.9994682271279067
4.66053,0.8862460882643562,0.5001327656770068,0.9994690782683391
4.66152,0.8862717970586175,0.5001325531197305,0.9994699280464604
4.66251,0.8862974941900211,0.5001323409028474,0.9994707764644513
4.6635,0.8863231796665342,0.5001321290258124,0.9994716235244885
4.66449,0.8863488534961161,0.5001319174880807,0.9994724692287457
4.66548,0.8863745156867194,0.5001317062891089,0.9994733135793928
4.66647,0.8864001662462891,0.5001314954283539,0.9994741565785966
4.66746,0.886425805182763,0.5001312849052739,0.9994749982285199
4.66845,0.8864514325040717,0.500131074719328,0.9994758385313225
4.66944,0.8864770482181386,0.500130864869976,0.9994766774891605
4.67043,0.8865026523328795,0.5001306553566786,0.9994775151041866
4.67142,0.8865282448562034,0.5001304461788971,0.99947835137855
4.67241,0.8865538257960122,0.5001302373360944,0.9994791863143966
4.6734,0.8865793951601999,0.5001300288277333,0.9994800199138688
4.67439,0.886604952956654,0.5001298206532783,0.9994808521791056
4.67538,0.8866304991932544,0.500129612812194,0.9994816831122425
4.67637,0.8866560338778741,0.5001294053039468,0.9994825127154117
4.67736,0.8866815570183786,0.500129198128003,0.9994833409907417
4.67835,0.8867070686226265,0.5001289912838304,0.9994841679403579
4.67934,0.886732568698469,0.5001287847708972,0.9994849935663822
4.68033,0.8867580572537503,0.500128578588673,0.9994858178709333
4.68132,0.8867835342963076,0.5001283727366276,0.9994866408561259
4.68231,0.8868089998339708,0.5001281672142321,0.9994874625240722
4.6833,0.8868344538745625,0.5001279620209585,0.9994882828768802
4.68429,0.8868598964258984,0.5001277571562794,0.999489101916655
4.68528,0.886885327495787,0.5001275526196682,0.9994899196454982
4.68627,0.8869107470920299,0.5001273484105994,0.999490736065508
4.68726,0.8869361552224212,0.500127144528548,0.9994915511787793
4.68825,0.8869615518947483,0.5001269409729903,0.9994923649874037
4.68924,0.8869869371167914,0.5001267377434031,0.9994931774934692
4.69023,0.8870123108963235,0.5001265348392641,0.9994939886990609
4.69122,0.8870376732411107,0.5001263322600519,0.9994947986062601
4.69221,0.8870630241589119,0.5001261300052459,0.999495607217145
4.6932,0.8870883636574791,0.5001259280743263,0.9994964145337905
4.69419,0.8871136917445571,0.5001257264667744,0.9994972205582681
4.69518,0.887139008427884,0.5001255251820718,0.999498025292646
4.69617,0.8871643137151902,0.5001253242197014,0.999498828738989
4.69716,0.8871896076142,0.5001251235791466,0.9994996308993589
4.69815,0.8872148901326298,0.5001249232598921,0.9995004317758138
4.69914,0.8872401612781896,0.5001247232614229,0.9995012313704089
4.70013,0.8872654210585823,0.500124523583225,0.9995020296851957
4.70112,0.8872906694815035,0.5001243242247855,0.9995028267222228
4.70211,0.8873159065546423,0.5001241251855919,0.9995036224835352
4.7031,0.8873411322856805,0.5001239264651327,0.9995044169711748
4.70409,0.887366346682293,0.5001237280628975,0.9995052101871802
4.70508,0.8873915497521477,0.5001235299783762,0.9995060021335869
4.70607,0.8874167415029058,0.5001233322110599,0.9995067928124267
4.70706,0.8874419219422213,0.5001231347604401,0.9995075822257287
4.70805,0.8874670910777415,0.5001229376260099,0.9995083703755183
4.70904,0.8874922489171064,0.5001227408072624,0.999509157263818
4.71003,0.8875173954679496,0.5001225443036917,0.9995099428926467
4.71102,0.8875425307378974,0.5001223481147933,0.9995107272640206
4.71201,0.8875676547345692,0.5001221522400627,0.9995115103799519
4.713,0.8875927674655779,0.5001219566789966,0.9995122922424504
4.71399,0.8876178689385291,0.5001217614310925,0.9995130728535222
4.71498,0.8876429591610219,0.5001215664958487,0.9995138522151702
4.71597,0.887668038140648,0.5001213718727644,0.9995146303293942
4.71696,0.8876931058849928,0.5001211775613392,0.999515407198191
4.71795,0.8877181624016346,0.5001209835610739,0.9995161828235538
4.71894,0.8877432076981447,0.5001207898714702,0.9995169572074728
4.71993,0.887768241782088,0.5001205964920301,0.9995177303519351
4.7209200000000004,0.887793264661022,0.5001204034222567,0.9995185022589246
4.72191,0.8878182763424981,0.5001202106616541,0.9995192729304218
4.7229,0.8878432768340601,0.5001200182097267,0.9995200423684042
4.72389,0.8878682661432455,0.5001198260659803,0.9995208105748462
4.72488,0.887893244277585,0.5001196342299208,0.9995215775517191
4.7258700000000005,0.8879182112446022,0.5001194427010556,0.9995223433009907
4.72686,0.8879431670518144,0.500119251478892,0.999523107824626
4.72785,0.8879681117067315,0.5001190605629393,0.9995238711245865
4.72884,0.8879930452168572,0.5001188699527066,0.9995246332028311
4.72983,0.8880179675896881,0.5001186796477041,0.999525394061315
4.73082,0.8880428788327143,0.5001184896474428,0.9995261537019906
4.73181,0.8880677789534188,0.5001182999514344,0.9995269121268071
4.7328,0.8880926679592783,0.5001181105591916,0.9995276693377106
4.73379,0.8881175458577626,0.5001179214702278,0.999528425336644
4.73478,0.8881424126563345,0.5001177326840569,0.9995291801255471
4.73577,0.8881672683624505,0.500117544200194,0.9995299337063568
4.73676,0.8881921129835603,0.5001173560181548,0.9995306860810065
4.73775,0.8882169465271065,0.5001171681374555,0.999531437251427
4.73874,0.8882417690005256,0.5001169805576136,0.9995321872195455
4.73973,0.8882665804112473,0.500116793278147,0.9995329359872867
4.74072,0.8882913807666941,0.5001166062985744,0.9995336835565715
4.74171,0.8883161700742825,0.5001164196184154,0.9995344299293184
4.7427,0.8883409483414221,0.5001162332371903,0.9995351751074424
4.74369,0.8883657155755155,0.5001160471544205,0.9995359190928557
4.74468,0.8883904717839592,0.5001158613696274,0.9995366618874671
4.74567,0.8884152169741428,0.5001156758823339,0.999537403493183
4.74666,0.8884399511534493,0.5001154906920632,0.9995381439119058
4.74765,0.8884646743292549,0.5001153057983396,0.9995388831455356
4.74864,0.8884893865089296,0.500115121200688,0.9995396211959693
4.74963,0.8885140876998364,0.5001149368986341,0.9995403580651006
4.75062,0.888538777909332,0.5001147528917043,0.9995410937548203
4.75161,0.8885634571447663,0.5001145691794258,0.999541828267016
4.7526,0.8885881254134825,0.5001143857613265,0.9995425616035726
4.75359,0.8886127827228176,0.5001142026369352,0.9995432937663716
4.75458,0.8886374290801018,0.5001140198057813,0.9995440247572919
4.75557,0.8886620644926587,0.5001138372673951,0.999544754578209
4.75656,0.8886866889678056,0.5001136550213077,0.9995454832309957
4.75755,0.8887113025128528,0.5001134730670505,0.9995462107175215
4.75854,0.8887359051351044,0.5001132914041562,0.9995469370396532
4.75953,0.8887604968418581,0.5001131100321579,0.9995476621992546
4.76052,0.8887850776404045,0.5001129289505898,0.9995483861981863
4.76151,0.8888096475380284,0.5001127481589864,0.999549109038306
4.7625,0.8888342065420075,0.5001125676568833,0.9995498307214685
4.76349,0.8888587546596134,0.5001123874438167,0.9995505512495256
4.76448,0.888883291898111,0.5001122075193235,0.9995512706243261
4.76547,0.8889078182647586,0.5001120278829415,0.999551988847716
4.76646,0.8889323337668082,0.500111848534209,0.999552705921538
4.76745,0.8889568384115055,0.5001116694726654,0.9995534218476322
4.76844,0.8889813322060893,0.5001114906978503,0.9995541366278355
4.76943,0.8890058151577923,0.5001113122093047,0.9995548502639823
4.77042,0.8890302872738406,0.5001111340065698,0.9995555627579034
4.77141,0.8890547485614538,0.5001109560891879,0.999556274111427
4.7724,0.8890791990278452,0.5001107784567016,0.9995569843263787
4.77339,0.8891036386802214,0.5001106011086548,0.9995576934045806
4.77438,0.889128067525783,0.5001104240445916,0.9995584013478522
4.77537,0.8891524855717239,0.5001102472640571,0.9995591081580102
4.77636,0.8891768928252316,0.5001100707665972,0.999559813836868
4.77735,0.8892012892934872,0.5001098945517584,0.9995605183862365
4.77834,0.8892256749836654,0.5001097186190878,0.9995612218079234
4.77933,0.8892500499029349,0.5001095429681336,0.9995619241037337
4.78032,0.8892744140584573,0.5001093675984443,0.9995626252754694
4.78131,0.8892987674573885,0.5001091925095693,0.9995633253249298
4.7823,0.8893231101068774,0.5001090177010591,0.9995640242539109
4.78329,0.8893474420140671,0.5001088431724641,0.9995647220642064
4.78428,0.8893717631860941,0.5001086689233362,0.9995654187576067
4.78527,0.8893960736300885,0.5001084949532275,0.9995661143358996
4.78626,0.8894203733531744,0.5001083212616912,0.9995668088008697
4.78725,0.889444662362469,0.500108147848281,0.999567502154299
4.78824,0.8894689406650835,0.5001079747125512,0.9995681943979667
4.78923,0.8894932082681231,0.5001078018540571,0.9995688855336491
4.79022,0.8895174651786859,0.5001076292723546,0.9995695755631194
4.79121,0.8895417114038644,0.5001074569670003,0.9995702644881483
4.7922,0.8895659469507446,0.5001072849375514,0.9995709523105036
4.79319,0.8895901718264061,0.500107113183566,0.9995716390319501
4.79418,0.8896143860379223,0.5001069417046028,0.9995723246542498
4.79517,0.8896385895923603,0.5001067705002212,0.9995730091791623
4.79616,0.889662782496781,0.5001065995699814,0.9995736926084436
4.79715,0.8896869647582388,0.5001064289134443,0.9995743749438477
4.79814,0.8897111363837823,0.5001062585301712,0.9995750561871253
4.79913,0.8897352973804533,0.5001060884197245,0.9995757363400244
4.80012,0.8897594477552879,0.5001059185816672,0.9995764154042902
4.80111,0.8897835875153156,0.5001057490155629,0.9995770933816652
4.8021,0.8898077166675598,0.500105579720976,0.999577770273889
4.80309,0.8898318352190374,0.5001054106974716,0.9995784460826985
4.80408,0.8898559431767598,0.5001052419446153,0.9995791208098278
4.80507,0.8898800405477315,0.5001050734619735,0.9995797944570082
4.80606,0.889904127338951,0.5001049052491136,0.9995804670259681
4.80705,0.8899282035574106,0.5001047373056031,0.9995811385184336
4.80804,0.8899522692100968,0.5001045696310108,0.9995818089361272
4.80903,0.8899763243039894,0.5001044022249058,0.9995824782807696
4.81002,0.8900003688460622,0.5001042350868581,0.9995831465540782
4.8110100000000005,0.8900244028432827,0.500104068216438,0.9995838137577676
4.812,0.8900484263026126,0.5001039016132173,0.9995844798935498
4.81299,0.8900724392310072,0.5001037352767675,0.9995851449631342
4.81398,0.8900964416354158,0.5001035692066614,0.9995858089682274
4.81497,0.8901204335227813,0.5001034034024725,0.9995864719105328
4.8159600000000005,0.8901444149000406,0.5001032378637748,0.9995871337917519
4.81695,0.8901683857741247,0.5001030725901426,0.9995877946135829
4.81794,0.8901923461519582,0.500102907581152,0.9995884543777214
4.81893,0.8902162960404597,0.5001027428363785,0.9995891130858602
4.81992,0.8902402354465416,0.5001025783553991,0.9995897707396897
4.82091,0.8902641643771103,0.500102414137791,0.9995904273408972
4.8219,0.8902880828390664,0.5001022501831327,0.9995910828911677
4.82289,0.8903119908393036,0.5001020864910027,0.9995917373921832
4.82388,0.8903358883847103,0.5001019230609806,0.9995923908456231
4.82487,0.8903597754821686,0.5001017598926464,0.9995930432531641
4.82586,0.8903836521385545,0.500101596985581,0.9995936946164804
4.82685,0.8904075183607378,0.5001014343393658,0.9995943449372431
4.82784,0.8904313741555826,0.5001012719535831,0.9995949942171211
4.82883,0.8904552195299467,0.5001011098278157,0.9995956424577802
4.82982,0.8904790544906818,0.5001009479616468,0.999596289660884
4.83081,0.8905028790446337,0.500100786354661,0.999596935828093
4.8318,0.8905266931986423,0.5001006250064429,0.9995975809610652
4.83279,0.8905504969595412,0.5001004639165779,0.9995982250614561
4.83378,0.8905742903341582,0.5001003030846523,0.9995988681309184
4.83477,0.8905980733293152,0.5001001425102528,0.999599510171102
4.83576,0.8906218459518277,0.5000999821929671,0.9996001511836545
4.83675,0.8906456082085056,0.5000998221323831,0.9996007911702207
4.83774,0.8906693601061526,0.5000996623280898,0.9996014301324427
4.83873,0.8906931016515666,0.5000995027796764,0.9996020680719602
4.83972,0.8907168328515391,0.5000993434867332,0.9996027049904098
4.84071,0.8907405537128563,0.5000991844488512,0.999603340889426
4.8417,0.890764264242298,0.5000990256656214,0.9996039757706405
4.84269,0.8907879644466382,0.500098867136636,0.9996046096356823
4.84368,0.8908116543326449,0.5000987088614879,0.9996052424861779
4.84467,0.8908353339070799,0.5000985508397704,0.999605874323751
4.84566,0.8908590031766996,0.5000983930710776,0.999606505150023
4.84665,0.8908826621482544,0.5000982355550041,0.9996071349666127
4.84764,0.8909063108284883,0.5000980782911454,0.9996077637751358
4.84863,0.8909299492241397,0.5000979212790974,0.999608391577206
4.84962,0.8909535773419412,0.5000977645184566,0.9996090183744343
4.85061,0.8909771951886194,0.5000976080088205,0.9996096441684289
4.8516,0.8910008027708949,0.5000974517497869,0.9996102689607954
4.85259,0.8910244000954826,0.5000972957409546,0.9996108927531373
4.85358,0.8910479871690913,0.5000971399819226,0.999611515547055
4.85457,0.8910715639984241,0.5000969844722909,0.9996121373441464
4.85556,0.8910951305901783,0.5000968292116599,0.9996127581460074
4.85655,0.8911186869510452,0.5000966741996308,0.9996133779542307
4.85754,0.8911422330877102,0.5000965194358052,0.9996139967704066
4.85853,0.8911657690068531,0.500096364919786,0.9996146145961231
4.85952,0.8911892947151475,0.5000962106511758,0.9996152314329655
4.86051,0.8912128102192615,0.5000960566295786,0.9996158472825164
4.8615,0.8912363155258572,0.5000959028545984,0.9996164621463562
4.86249,0.8912598106415909,0.5000957493258406,0.9996170760260625
4.86348,0.891283295573113,0.5000955960429104,0.9996176889232107
4.86447,0.8913067703270685,0.5000954430054143,0.9996183008393731
4.86546,0.8913302349100959,0.500095290212959,0.9996189117761201
4.86645,0.8913536893288285,0.5000951376651521,0.9996195217350191
4.86744,0.8913771335898938,0.5000949853616017,0.9996201307176354
4.86843,0.8914005676999128,0.5000948333019166,0.9996207387255317
4.86942,0.8914239916655018,0.500094681485706,0.9996213457602678
4.87041,0.8914474054932705,0.5000945299125801,0.9996219518234016
4.8714,0.8914708091898231,0.5000943785821496,0.999622556916488
4.87239,0.8914942027617582,0.5000942274940254,0.9996231610410798
4.87338,0.8915175862156683,0.5000940766478197,0.9996237641987271
4.87437,0.8915409595581405,0.500093926043145,0.9996243663909775
4.87536,0.8915643227957561,0.5000937756796141,0.9996249676193762
4.87635,0.8915876759350905,0.5000936255568411,0.9996255678854661
4.87734,0.8916110189827134,0.5000934756744402,0.9996261671907871
4.87833,0.891634351945189,0.5000933260320265,0.9996267655368772
4.87932,0.8916576748290754,0.5000931766292153,0.9996273629252718
4.88031,0.8916809876409255,0.5000930274656231,0.9996279593575035
4.8813,0.8917042903872862,0.5000928785408668,0.9996285548351028
4.88229,0.8917275830746985,0.5000927298545635,0.9996291493595979
4.88328,0.891750865709698,0.5000925814063315,0.9996297429325139
4.88427,0.8917741382988147,0.5000924331957894,0.9996303355553743
4.88526,0.8917974008485727,0.5000922852225566,0.9996309272296994
4.88625,0.8918206533654905,0.5000921374862527,0.9996315179570076
4.88724,0.891843895856081,0.5000919899864985,0.9996321077388145
4.88823,0.8918671283268514,0.5000918427229148,0.9996326965766336
4.88922,0.8918903507843032,0.5000916956951238,0.9996332844719756
4.89021,0.8919135632349323,0.5000915489027473,0.9996338714263493
4.8912,0.8919367656852291,0.5000914023454085,0.9996344574412606
4.89219,0.8919599581416778,0.5000912560227309,0.9996350425182132
4.89318,0.8919831406107579,0.5000911099343385,0.9996356266587083
4.89417,0.8920063130989425,0.5000909640798563,0.999636209864245
4.89516,0.8920294756126995,0.5000908184589093,0.9996367921363195
4.8961500000000004,0.892052628158491,0.5000906730711238,0.9996373734764261
4.89714,0.8920757707427733,0.5000905279161261,0.9996379538860563
4.89813,0.8920989033719978,0.5000903829935434,0.9996385333666995
4.89912,0.8921220260526096,0.5000902383030034,0.9996391119198426
4.90011,0.8921451387910486,0.5000900938441344,0.99963968954697
4.9011000000000005,0.8921682415937489,0.5000899496165655,0.999640266249564
4.90209,0.8921913344671392,0.500089805619926,0.9996408420291043
4.90308,0.8922144174176424,0.5000896618538462,0.9996414168870684
4.90407,0.8922374904516762,0.5000895183179567,0.9996419908249314
4.90506,0.8922605535756525,0.5000893750118889,0.9996425638441658
4.9060500000000005,0.8922836067959777,0.5000892319352745,0.999643135946242
4.90704,0.8923066501190527,0.5000890890877463,0.9996437071326281
4.90803,0.8923296835512728,0.5000889464689371,0.9996442774047894
4.90902,0.8923527070990277,0.5000888040784806,0.9996448467641896
4.91001,0.892375720768702,0.500088661916011,0.9996454152122894
4.911,0.8923987245666739,0.5000885199811632,0.9996459827505475
4.91199,0.8924217184993172,0.5000883782735728,0.9996465493804201
4.91298,0.8924447025729993,0.5000882367928755,0.9996471151033611
4.91397,0.8924676767940826,0.500088095538708,0.9996476799208222
4.91496,0.8924906411689237,0.5000879545107075,0.9996482438342527
4.91595,0.892513595703874,0.5000878137085119,0.9996488068450994
4.91694,0.8925365404052792,0.5000876731317592,0.999649368954807
4.91793,0.8925594752794797,0.5000875327800884,0.9996499301648181
4.91892,0.8925824003328101,0.5000873926531392,0.9996504904765724
4.91991,0.8926053155716,0.5000872527505514,0.9996510498915078
4.9209,0.8926282210021733,0.5000871130719658,0.9996516084110596
4.92189,0.8926511166308484,0.5000869736170237,0.999652166036661
4.92288,0.8926740024639381,0.5000868343853667,0.9996527227697428
4.92387,0.8926968785077503,0.5000866953766373,0.9996532786117337
4.92486,0.892719744768587,0.5000865565904783,0.9996538335640598
4.92585,0.8927426012527447,0.5000864180265333,0.9996543876281451
4.92684,0.892765447966515,0.5000862796844464,0.9996549408054112
4.92783,0.8927882849161837,0.5000861415638622,0.9996554930972776
4.92882,0.8928111121080312,0.500086003664426,0.9996560445051615
4.92981,0.8928339295483324,0.5000858659857838,0.9996565950304778
4.9308,0.8928567372433572,0.5000857285275814,0.999657144674639
4.93179,0.8928795351993697,0.5000855912894661,0.9996576934390554
4.93278,0.8929023234226289,0.5000854542710854,0.9996582413251354
4.93377,0.8929251019193881,0.5000853174720873,0.9996587883342845
4.93476,0.8929478706958955,0.5000851808921204,0.9996593344679063
4.93575,0.8929706297583939,0.5000850445308339,0.9996598797274024
4.93674,0.8929933791131207,0.5000849083878776,0.9996604241141718
4.93773,0.8930161187663077,0.5000847724629017,0.9996609676296112
4.93872,0.8930388487241818,0.5000846367555573,0.9996615102751154
4.93971,0.8930615689929641,0.5000845012654954,0.9996620520520768
4.9407,0.8930842795788707,0.5000843659923685,0.9996625929618854
4.94169,0.8931069804881123,0.5000842309358288,0.9996631330059293
4.94268,0.8931296717268942,0.5000840960955294,0.9996636721855943
4.94367,0.8931523533014162,0.5000839614711242,0.9996642105022636
4.94466,0.8931750252178731,0.5000838270622672,0.9996647479573187
4.94565,0.8931976874824542,0.5000836928686133,0.9996652845521387
4.94664,0.8932203401013435,0.5000835588898178,0.9996658202881002
4.94763,0.89324298308072,0.5000834251255365,0.9996663551665783
4.94862,0.893265616426757,0.5000832915754259,0.9996668891889451
4.94961,0.8932882401456225,0.5000831582391428,0.999667422356571
4.9506,0.8933108542434794,0.5000830251163451,0.999667954670824
4.95159,0.8933334587264856,0.5000828922066904,0.9996684861330702
4.95258,0.8933560536007932,0.5000827595098377,0.999669016744673
4.95357,0.8933786388725491,0.500082627025446,0.9996695465069941
4.95456,0.8934012145478955,0.5000824947531751,0.9996700754213929
4.95555,0.8934237806329685,0.5000823626926851,0.9996706034892264
4.95654,0.8934463371338996,0.5000822308436371,0.9996711307118497
4.95753,0.8934688840568149,0.5000820992056921,0.9996716570906155
4.95852,0.893491421407835,0.5000819677785123,0.9996721826268744
4.95951,0.8935139491930757,0.50008183656176,0.9996727073219751
4.9605,0.8935364674186472,0.500081705555098,0.9996732311772639
4.96149,0.8935589760906547,0.5000815747581902,0.9996737541940849
4.96248,0.893581475215198,0.5000814441707003,0.9996742763737801
4.96347,0.893603964798372,0.500081313792293,0.9996747977176895
4.96446,0.8936264448462659,0.5000811836226335,0.9996753182271508
4.96545,0.8936489153649642,0.5000810536613876,0.9996758379034996
4.96644,0.8936713763605458,0.5000809239082211,0.9996763567480691
4.96743,0.8936938278390848,0.5000807943628011,0.999676874762191
4.96842,0.8937162698066498,0.5000806650247946,0.9996773919471943
4.96941,0.8937387022693044,0.5000805358938698,0.9996779083044061
4.9704,0.893761125233107,0.5000804069696947,0.9996784238351513
4.97139,0.8937835387041106,0.5000802782519381,0.9996789385407527
4.97238,0.8938059426883636,0.5000801497402697,0.9996794524225312
4.97337,0.8938283371919085,0.5000800214343593,0.9996799654818052
4.97436,0.8938507222207832,0.5000798933338774,0.9996804777198911
4.97535,0.8938730977810204,0.5000797654384947,0.9996809891381034
4.97634,0.8938954638786475,0.5000796377478831,0.9996814997377546
4.97733,0.8939178205196866,0.5000795102617145,0.9996820095201543
4.97832,0.8939401677101552,0.5000793829796615,0.999682518486611
4.97931,0.8939625054560651,0.5000792559013971,0.9996830266384307
4.9803,0.8939848337634235,0.5000791290265949,0.999683533976917
4.98129,0.8940071526382323,0.5000790023549292,0.9996840405033719
4.98228,0.8940294620864878,0.5000788758860745,0.999684546219095
4.98327,0.894051762114182,0.500078749619706,0.9996850511253841
4.98426,0.8940740527273012,0.5000786235554995,0.9996855552235345
4.98525,0.8940963339318272,0.5000784976931312,0.9996860585148399
4.9862400000000004,0.894118605733736,0.5000783720322778,0.9996865610005917
4.98723,0.8941408681389992,0.5000782465726165,0.9996870626820792
4.98822,0.8941631211535827,0.5000781213138252,0.9996875635605896
4.98921,0.8941853647834477,0.5000779962555821,0.9996880636374083
4.9902,0.8942075990345505,0.5000778713975661,0.9996885629138182
4.9911900000000005,0.8942298239128419,0.5000777467394564,0.9996890613911008
4.99218,0.894252039424268,0.5000776222809328,0.9996895590705348
4.99317,0.8942742455747696,0.5000774980216759,0.9996900559533973
4.99416,0.8942964423702828,0.5000773739613664,0.9996905520409634
4.99515,0.8943186298167383,0.5000772500996856,0.999691047334506
4.99614,0.8943408079200619,0.5000771264363156,0.9996915418352957
4.99713,0.8943629766861744,0.5000770029709385,0.9996920355446018
4.99812,0.8943851361209916,0.5000768797032374,0.9996925284636909
4.99911,0.8944072862304241,0.5000767566328959,0.9996930205938278
5.0001,0.894429427020378,0.5000766337595974,0.9996935119362753
5.00109,0.8944515584967537,0.5000765110830268,0.9996940024922941
5.00208,0.8944736806654472,0.5000763886028688,0.9996944922631431
5.00307,0.894495793532349,0.5000762663188089,0.9996949812500788
5.00406,0.8945178971033451,0.500076144230533,0.9996954694543561
5.00505,0.8945399913843161,0.5000760223377276,0.9996959568772275
5.00604,0.8945620763811378,0.5000759006400796,0.9996964435199439
5.00703,0.8945841520996813,0.5000757791372764,0.9996969293837539
5.00802,0.8946062185458122,0.5000756578290061,0.9996974144699041
5.00901,0.8946282757253916,0.5000755367149571,0.9996978987796393
5.01,0.8946503236442752,0.5000754157948182,0.9996983823142023
5.01099,0.8946723623083142,0.500075295068279,0.9996988650748337
5.01198,0.8946943917233545,0.5000751745350293,0.9996993470627723
5.01297,0.8947164118952374,0.5000750541947597,0.9996998282792547
5.01396,0.8947384228297989,0.5000749340471611,0.9997003087255159
5.01495,0.8947604245328703,0.5000748140919249,0.9997007884027884
5.01594,0.894782417010278,0.500074694328743,0.9997012673123034
5.01693,0.8948044002678434,0.5000745747573078,0.9997017454552893
5.01792,0.8948263743113828,0.5000744553773123,0.9997022228329734
5.01891,0.8948483391467079,0.5000743361884499,0.9997026994465804
5.0199,0.8948702947796254,0.5000742171904144,0.9997031752973333
5.02089,0.894892241215937,0.5000740983829003,0.9997036503864531
5.02188,0.8949141784614398,0.5000739797656023,0.999704124715159
5.02287,0.8949361065219256,0.500073861338216,0.9997045982846678
5.02386,0.8949580254031814,0.5000737431004372,0.9997050710961949
5.02485,0.8949799351109896,0.5000736250519621,0.9997055431509534
5.02584,0.8950018356511276,0.5000735071924876,0.9997060144501545
5.02683,0.8950237270293677,0.5000733895217111,0.9997064849950076
5.02782,0.8950456092514778,0.5000732720393302,0.9997069547867201
5.02881,0.8950674823232204,0.5000731547450433,0.9997074238264975
5.0298,0.8950893462503536,0.5000730376385493,0.9997078921155431
5.03079,0.8951112010386305,0.5000729207195472,0.9997083596550588
5.03178,0.8951330466937992,0.5000728039877369,0.9997088264462441
5.03277,0.895154883221603,0.5000726874428185,0.9997092924902968
5.03376,0.8951767106277808,0.5000725710844929,0.9997097577884128
5.03475,0.895198528918066,0.500072454912461,0.9997102223417859
5.03574,0.8952203380981876,0.5000723389264246,0.9997106861516081
5.03673,0.8952421381738699,0.5000722231260858,0.9997111492190697
5.03772,0.8952639291508319,0.5000721075111472,0.9997116115453587
5.03871,0.8952857110347883,0.5000719920813119,0.9997120731316614
5.0397,0.8953074838314485,0.5000718768362835,0.9997125339791625
5.04069,0.8953292475465178,0.5000717617757658,0.9997129940890441
5.04168,0.8953510021856959,0.5000716468994637,0.9997134534624871
5.04267,0.8953727477546782,0.5000715322070819,0.9997139121006701
5.04366,0.8953944842591554,0.500071417698326,0.9997143700047699
5.04465,0.8954162117048131,0.5000713033729017,0.9997148271759616
5.04564,0.8954379300973323,0.5000711892305156,0.9997152836154182
5.04663,0.8954596394423893,0.5000710752708746,0.9997157393243108
5.04762,0.8954813397456552,0.5000709614936858,0.9997161943038088
5.04861,0.8955030310127972,0.5000708478986573,0.9997166485550796
5.0496,0.8955247132494768,0.5000707344854972,0.9997171020792889
5.05059,0.8955463864613514,0.5000706212539143,0.9997175548776003
5.0515799999999995,0.8955680506540736,0.5000705082036178,0.9997180069511757
5.05257,0.8955897058332909,0.5000703953343172,0.9997184583011751
5.05356,0.8956113520046461,0.500070282645723,0.9997189089287566
5.05455,0.895632989173778,0.5000701701375454,0.9997193588350765
5.05554,0.8956546173463197,0.5000700578094959,0.9997198080212892
5.0565299999999995,0.8956762365279002,0.5000699456612856,0.9997202564885473
5.05752,0.8956978467241435,0.5000698336926268,0.9997207042380016
5.05851,0.8957194479406693,0.5000697219032318,0.999721151270801
5.0595,0.8957410401830919,0.5000696102928136,0.9997215975880923
5.06049,0.8957626234570215,0.5000694988610855,0.9997220431910211
5.0614799999999995,0.8957841977680634,0.5000693876077614,0.9997224880807305
5.062469999999999,0.8958057631218183,0.5000692765325556,0.9997229322583623
5.06346,0.895827319523882,0.5000691656351829,0.999723375725056
5.06445,0.8958488669798459,0.5000690549153582,0.9997238184819496
5.06544,0.8958704054952965,0.5000689443727976,0.9997242605301793
5.0664299999999995,0.8958919350758159,0.5000688340072169,0.9997247018708791
5.067419999999999,0.8959134557269812,0.5000687238183329,0.9997251425051817
5.06841,0.8959349674543651,0.5000686138058623,0.9997255824342177
5.0694,0.8959564702635355,0.5000685039695231,0.9997260216591158
5.07039,0.8959779641600557,0.5000683943090326,0.9997264601810032
5.0713799999999996,0.8959994491494845,0.5000682848241097,0.999726898001005
5.072369999999999,0.8960209252373758,0.5000681755144731,0.9997273351202446
5.07336,0.8960423924292791,0.500068066379842,0.9997277715398436
5.07435,0.896063850730739,0.5000679574199361,0.999728207260922
5.07534,0.8960853001472959,0.5000678486344758,0.9997286422845977
5.07633,0.8961067406844851,0.5000677400231816,0.999729076611987
5.077319999999999,0.8961281723478378,0.5000676315857745,0.9997295102442042
5.07831,0.89614959514288,0.5000675233219762,0.9997299431823621
5.0793,0.8961710090751335,0.5000674152315085,0.9997303754275716
5.08029,0.8961924141501155,0.5000673073140941,0.9997308069809419
5.08128,0.8962138103733385,0.5000671995694556,0.9997312378435801
5.082269999999999,0.8962351977503102,0.5000670919973164,0.999731668016592
5.08326,0.8962565762865343,0.5000669845974002,0.9997320975010812
5.08425,0.8962779459875092,0.5000668773694313,0.9997325262981499
5.08524,0.8962993068587294,0.5000667703131343,0.9997329544088982
5.08623,0.8963206589056842,0.5000666634282342,0.9997333818344247
5.087219999999999,0.896342002133859,0.5000665567144568,0.9997338085758263
5.08821,0.896363336548734,0.5000664501715276,0.9997342346341977
5.0892,0.8963846621557852,0.5000663437991734,0.9997346600106323
5.09019,0.896405978960484,0.5000662375971209,0.9997350847062215
5.09118,0.8964272869682972,0.5000661315650973,0.9997355087220552
5.092169999999999,0.8964485861846873,0.5000660257028304,0.9997359320592213
5.09316,0.8964698766151117,0.5000659200100483,0.999736354718806
5.09415,0.8964911582650239,0.5000658144864796,0.9997367767018939
5.09514,0.8965124311398724,0.5000657091318534,0.9997371980095677
5.09613,0.8965336952451015,0.500065603945899,0.9997376186429086
5.097119999999999,0.8965549505861509,0.5000654989283465,0.9997380386029957
5.09811,0.8965761971684556,0.5000653940789259,0.9997384578909068
5.0991,0.8965974349974464,0.5000652893973684,0.9997388765077175
5.10009,0.8966186640785491,0.5000651848834047,0.9997392944545024
5.10108,0.8966398844171856,0.5000650805367667,0.9997397117323334
5.102069999999999,0.896661096018773,0.5000649763571865,0.9997401283422815
5.10306,0.8966822988887239,0.5000648723443962,0.9997405442854158
5.10405,0.8967034930324465,0.5000647684981292,0.9997409595628033
5.10504,0.8967246784553443,0.5000646648181185,0.9997413741755098
5.10603,0.8967458551628168,0.5000645613040979,0.9997417881245989
5.1070199999999994,0.8967670231602586,0.5000644579558018,0.9997422014111331
5.10801,0.8967881824530598,0.5000643547729645,0.9997426140361726
5.109,0.8968093330466064,0.5000642517553212,0.9997430260007764
5.10999,0.8968304749462797,0.5000641489026073,0.9997434373060013
5.11098,0.8968516081574563,0.5000640462145587,0.9997438479529029
5.1119699999999995,0.8968727326855093,0.5000639436909118,0.999744257942535
5.11296,0.896893848535806,0.5000638413314031,0.9997446672759492
5.11395,0.8969149557137104,0.5000637391357702,0.9997450759541961
5.11494,0.8969360542245814,0.5000636371037501,0.9997454839783244
5.11593,0.8969571440737739,0.5000635352350812,0.9997458913493809
5.1169199999999995,0.896978225266638,0.5000634335295018,0.999746298068411
5.11791,0.8969992978085195,0.5000633319867506,0.9997467041364582
5.1189,0.89702036170476,0.500063230606567,0.9997471095545645
5.11989,0.8970414169606963,0.5000631293886907,0.9997475143237702
5.12088,0.8970624635816613,0.5000630283328616,0.9997479184451139
5.1218699999999995,0.897083501572983,0.5000629274388203,0.9997483219196326
5.12286,0.8971045309399853,0.5000628267063079,0.9997487247483615
5.12385,0.8971255516879876,0.5000627261350653,0.9997491269323343
5.12484,0.897146563822305,0.5000626257248347,0.9997495284725829
5.12583,0.897167567348248,0.5000625254753581,0.9997499293701377
5.1268199999999995,0.8971885622711229,0.5000624253863779,0.9997503296260274
5.12781,0.8972095485962317,0.5000623254576374,0.9997507292412788
5.1288,0.8972305263288718,0.5000622256888796,0.9997511282169177
5.12979,0.8972514954743365,0.5000621260798487,0.9997515265539675
5.13078,0.8972724560379144,0.5000620266302886,0.9997519242534505
5.1317699999999995,0.8972934080248901,0.5000619273399443,0.999752321316387
5.13276,0.8973143514405437,0.5000618282085605,0.999752717743796
5.13375,0.8973352862901508,0.5000617292358828,0.9997531135366946
5.13474,0.8973562125789828,0.5000616304216569,0.9997535086960985
5.13573,0.8973771303123069,0.5000615317656293,0.9997539032230215
5.1367199999999995,0.8973980394953858,0.5000614332675465,0.999754297118476
5.13771,0.8974189401334777,0.5000613349271555,0.9997546903834726
5.1387,0.8974398322318368,0.5000612367442041,0.9997550830190207
5.13969,0.8974607157957127,0.5000611387184398,0.9997554750261276
5.14068,0.8974815908303512,0.5000610408496112,0.999755866405799
5.1416699999999995,0.897502457340993,0.5000609431374669,0.9997562571590394
5.14266,0.8975233153328751,0.5000608455817559,0.9997566472868513
5.14365,0.89754416481123,0.5000607481822277,0.9997570367902359
5.14464,0.8975650057812858,0.5000606509386323,0.9997574256701924
5.14563,0.8975858382482667,0.5000605538507199,0.9997578139277188
5.1466199999999995,0.8976066622173919,0.5000604569182413,0.9997582015638113
5.14761,0.8976274776938771,0.5000603601409476,0.9997585885794648
5.1486,0.897648284682933,0.50006026351859,0.9997589749756719
5.14959,0.8976690831897668,0.5000601670509208,0.9997593607534243
5.15058,0.8976898732195806,0.5000600707376921,0.999759745913712
5.1515699999999995,0.8977106547775728,0.5000599745786566,0.999760130457523
5.152559999999999,0.8977314278689373,0.5000598785735674,0.9997605143858443
5.15355,0.8977521924988642,0.500059782722178,0.9997608976996609
5.15454,0.8977729486725383,0.5000596870242422,0.9997612803999564
5.15553,0.8977936963951414,0.5000595914795143,0.9997616624877128
5.1565199999999995,0.89781443567185,0.500059496087749,0.9997620439639103
5.157509999999999,0.8978351665078371,0.5000594008487014,0.9997624248295282
5.1585,0.8978558889082712,0.5000593057621268,0.9997628050855433
5.15949,0.8978766028783164,0.5000592108277812,0.9997631847329316
5.16048,0.8978973084231326,0.5000591160454206,0.9997635637726671
5.16147,0.897918005547876,0.5000590214148019,0.9997639422057224
5.162459999999999,0.8979386942576979,0.5000589269356819,0.9997643200330687
5.16345,0.8979593745577457,0.5000588326078182,0.9997646972556753
5.16444,0.8979800464531625,0.5000587384309685,0.9997650738745102
5.16543,0.8980007099490873,0.5000586444048908,0.9997654498905398
5.16642,0.8980213650506549,0.5000585505293439,0.9997658253047289
5.167409999999999,0.8980420117629957,0.5000584568040867,0.9997662001180408
5.1684,0.8980626500912361,0.5000583632288785,0.9997665743314373
5.16939,0.8980832800404983,0.5000582698034791,0.9997669479458785
5.17038,0.8981039016159003,0.5000581765276484,0.9997673209623231
5.17137,0.8981245148225557,0.5000580834011472,0.9997676933817283
5.172359999999999,0.8981451196655743,0.5000579904237361,0.9997680652050497
5.17335,0.8981657161500616,0.5000578975951765,0.9997684364332413
5.17434,0.8981863042811186,0.50005780491523,0.9997688070672557
5.17533,0.8982068840638425,0.5000577123836587,0.9997691771080439
5.17632,0.8982274555033264,0.5000576200002249,0.9997695465565554
5.177309999999999,0.898248018604659,0.5000575277646914,0.9997699154137382
5.1783,0.8982685733729249,0.5000574356768215,0.9997702836805387
5.17929,0.8982891198132046,0.5000573437363786,0.999770651357902
5.18028,0.8983096579305745,0.5000572519431267,0.9997710184467713
5.18127,0.8983301877301068,0.5000571602968299,0.9997713849480888
5.182259999999999,0.8983507092168695,0.5000570687972532,0.9997717508627948
5.18325,0.8983712223959267,0.5000569774441614,0.999772116191828
5.18424,0.8983917272723381,0.5000568862373201,0.9997724809361263
5.18523,0.8984122238511594,0.5000567951764952,0.9997728450966251
5.18622,0.8984327121374422,0.5000567042614525,0.9997732086742591
5.187209999999999,0.898453192136234,0.500056613491959,0.9997735716699612
5.1882,0.8984736638525781,0.5000565228677812,0.9997739340846628
5.18919,0.8984941272915138,0.5000564323886868,0.9997742959192937
5.19018,0.8985145824580762,0.5000563420544433,0.9997746571747824
5.19117,0.8985350293572965,0.5000562518648187,0.999775017852056
5.192159999999999,0.8985554679942015,0.5000561618195815,0.9997753779520399
5.19315,0.8985758983738141,0.5000560719185005,0.9997757374756581
5.19414,0.8985963205011532,0.5000559821613447,0.999776096423833
5.19513,0.8986167343812335,0.5000558925478841,0.9997764547974858
5.19612,0.8986371400190654,0.500055803077888,0.9997768125975359
5.1971099999999995,0.8986575374196557,0.500055713751127,0.9997771698249016
5.1981,0.8986779265880069,0.5000556245673718,0.9997775264804993
5.19909,0.8986983075291174,0.5000555355263933,0.9997778825652444
5.20008,0.8987186802479814,0.5000554466279628,0.9997782380800503
5.20107,0.8987390447495894,0.5000553578718521,0.9997785930258295
5.2020599999999995,0.8987594010389277,0.5000552692578333,0.9997789474034926
5.20305,0.8987797491209785,0.5000551807856789,0.999779301213949
5.20404,0.8988000890007198,0.5000550924551618,0.9997796544581065
5.20503,0.898820420683126,0.5000550042660551,0.9997800071368714
5.20602,0.8988407441731671,0.5000549162181324,0.9997803592511489
5.2070099999999995,0.898861059475809,0.5000548283111677,0.9997807108018424
5.208,0.8988813665960139,0.500054740544935,0.9997810617898538
5.20899,0.89890166553874,0.5000546529192093,0.9997814122160839
5.20998,0.8989219563089411,0.5000545654337654,0.9997817620814318
5.21097,0.8989422389115672,0.5000544780883788,0.9997821113867953
5.2119599999999995,0.8989625133515643,0.5000543908828251,0.9997824601330706
5.21295,0.8989827796338746,0.5000543038168804,0.9997828083211525
5.21394,0.8990030377634357,0.5000542168903213,0.9997831559519347
5.21493,0.8990232877451818,0.5000541301029245,0.9997835030263089
5.21592,0.8990435295840429,0.5000540434544671,0.9997838495451659
5.2169099999999995,0.899063763284945,0.5000539569447269,0.9997841955093946
5.2179,0.8990839888528099,0.5000538705734814,0.9997845409198829
5.21889,0.8991042062925559,0.5000537843405091,0.9997848857775171
5.21988,0.8991244156090971,0.5000536982455883,0.9997852300831821
5.22087,0.8991446168073433,0.5000536122884983,0.9997855738377612
5.2218599999999995,0.8991648098922006,0.5000535264690182,0.9997859170421366
5.22285,0.8991849948685715,0.5000534407869277,0.9997862596971889
5.22384,0.899205171741354,0.5000533552420069,0.9997866018037974
5.22483,0.8992253405154421,0.500053269834036,0.9997869433628398
5.22582,0.8992455011957263,0.5000531845627956,0.9997872843751926
5.2268099999999995,0.899265653787093,0.500053099428067,0.9997876248417308
5.2278,0.8992857982944245,0.5000530144296316,0.999787964763328
5.22879,0.8993059347225991,0.500052929567271,0.9997883041408564
5.22978,0.8993260630764915,0.5000528448407674,0.9997886429751869
5.23077,0.8993461833609723,0.5000527602499033,0.9997889812671888
5.2317599999999995,0.8993662955809077,0.5000526757944614,0.9997893190177303
5.23275,0.8993863997411611,0.5000525914742251,0.9997896562276778
5.23374,0.8994064958465907,0.5000525072889775,0.9997899928978968
5.23473,0.8994265839020515,0.5000524232385029,0.9997903290292511
5.23572,0.8994466639123948,0.5000523393225852,0.9997906646226032
5.2367099999999995,0.8994667358824673,0.5000522555410088,0.9997909996788142
5.237699999999999,0.8994867998171123,0.500052171893559,0.9997913341987438
5.23869,0.8995068557211688,0.5000520883800208,0.9997916681832504
5.23968,0.8995269035994726,0.5000520050001798,0.9997920016331909
5.24067,0.8995469434568548,0.500051921753822,0.999792334549421
5.2416599999999995,0.8995669752981431,0.5000518386407334,0.9997926669327949
5.242649999999999,0.8995869991281611,0.500051755660701,0.9997929987841655
5.24364,0.8996070149517286,0.5000516728135115,0.9997933301043843
5.24463,0.8996270227736616,0.5000515900989521,0.9997936608943014
5.24562,0.899647022598772,0.5000515075168106,0.9997939911547657
5.2466099999999996,0.8996670144318681,0.5000514250668749,0.9997943208866246
5.247599999999999,0.8996869982777542,0.5000513427489334,0.9997946500907241
5.24859,0.8997069741412308,0.5000512605627746,0.9997949787679089
5.24958,0.8997269420270942,0.5000511785081877,0.9997953069190224
5.25057,0.8997469019401375,0.5000510965849617,0.9997956345449066
5.25156,0.8997668538851493,0.5000510147928866,0.9997959616464023
5.252549999999999,0.8997867978669148,0.5000509331317522,0.9997962882243486
5.25354,0.8998067338902151,0.5000508516013489,0.9997966142795837
5.25453,0.8998266619598276,0.5000507702014673,0.999796939812944
5.25552,0.8998465820805258,0.5000506889318985,0.999797264825265
5.25651,0.8998664942570793,0.5000506077924337,0.9997975893173806
5.257499999999999,0.8998863984942541,0.5000505267828648,0.9997979132901234
5.25849,0.8999062947968123,0.5000504459029836,0.9997982367443247
5.25948,0.8999261831695118,0.5000503651525826,0.9997985596808144
5.26047,0.8999460636171072,0.5000502845314544,0.9997988821004213
5.26146,0.899965936144349,0.5000502040393918,0.9997992040039726
5.262449999999999,0.8999858007559842,0.5000501236761886,0.9997995253922942
5.26344,0.9000056574567555,0.5000500434416381,0.999799846266211
5.26443,0.9000255062514023,0.5000499633355344,0.9998001666265461
5.26542,0.9000453471446598,0.5000498833576719,0.9998004864741217
5.26641,0.9000651801412596,0.5000498035078451,0.9998008058097583
5.267399999999999,0.9000850052459296,0.5000497237858492,0.9998011246342755
5.26839,0.9001048224633937,0.5000496441914793,0.9998014429484913
5.26938,0.9001246317983722,0.5000495647245312,0.9998017607532225
5.27037,0.9001444332555815,0.5000494853848009,0.9998020780492844
5.27136,0.9001642268397343,0.5000494061720845,0.9998023948374916
5.272349999999999,0.9001840125555395,0.5000493270861788,0.9998027111186564
5.27334,0.9002037904077022,0.5000492481268806,0.9998030268935907
5.27433,0.9002235604009237,0.5000491692939874,0.9998033421631047
5.27532,0.9002433225399018,0.5000490905872965,0.9998036569280074
5.27631,0.9002630768293304,0.5000490120066061,0.9998039711891064
5.277299999999999,0.9002828232738993,0.5000489335517143,0.999804284947208
5.27829,0.9003025618782952,0.5000488552224198,0.9998045982031174
5.27928,0.9003222926472004,0.5000487770185214,0.9998049109576383
5.28027,0.900342015585294,0.5000486989398182,0.9998052232115734
5.28126,0.9003617306972511,0.5000486209861099,0.9998055349657238
5.2822499999999994,0.9003814379877432,0.5000485431571964,0.9998058462208893
5.28324,0.9004011374614377,0.5000484654528777,0.9998061569778688
5.28423,0.9004208291229988,0.5000483878729545,0.9998064672374595
5.28522,0.9004405129770866,0.5000483104172274,0.9998067770004576
5.28621,0.9004601890283577,0.5000482330854977,0.9998070862676579
5.2871999999999995,0.900479857281465,0.5000481558775669,0.999807395039854
5.28819,0.9004995177410573,0.5000480787932366,0.9998077033178382
5.28918,0.9005191704117802,0.500048001832309,0.9998080111024015
5.29017,0.9005388152982753,0.5000479249945866,0.9998083183943336
5.29116,0.9005584524051806,0.5000478482798718,0.999808625194423
5.2921499999999995,0.9005780817371304,0.500047771687968,0.9998089315034571
5.29314,0.9005977032987553,0.5000476952186784,0.9998092373222215
5.29413,0.9006173170946822,0.5000476188718067,0.9998095426515013
5.29512,0.9006369231295344,0.5000475426471569,0.9998098474920798
5.29611,0.9006565214079313,0.5000474665445331,0.9998101518447391
5.2970999999999995,0.9006761119344888,0.5000473905637403,0.9998104557102604
5.29809,0.9006956947138192,0.5000473147045832,0.9998107590894231
5.29908,0.9007152697505308,0.5000472389668669,0.9998110619830058
5.30007,0.9007348370492286,0.5000471633503972,0.9998113643917859
5.30106,0.900754396614514,0.5000470878549799,0.999811666316539
5.3020499999999995,0.9007739484509841,0.500047012480421,0.9998119677580399
5.30304,0.900793492563233,0.5000469372265273,0.9998122687170623
5.30403,0.900813028955851,0.5000468620931053,0.9998125691943783
5.30502,0.9008325576334247,0.5000467870799623,0.999812869190759
5.30601,0.9008520786005368,0.5000467121869057,0.9998131687069739
5.3069999999999995,0.9008715918617668,0.5000466374137431,0.9998134677437919
5.30799,0.9008910974216904,0.5000465627602826,0.9998137663019799
5.30898,0.9009105952848794,0.5000464882263324,0.9998140643823045
5.30997,0.9009300854559023,0.5000464138117015,0.99981436198553
5.31096,0.9009495679393239,0.5000463395161985,0.9998146591124204
5.3119499999999995,0.9009690427397054,0.5000462653396327,0.999814955763738
5.31294,0.9009885098616042,0.5000461912818138,0.9998152519402441
5.31393,0.9010079693095743,0.5000461173425517,0.9998155476426984
5.31492,0.9010274210881659,0.5000460435216564,0.99981584287186
5.31591,0.9010468652019258,0.5000459698189385,0.9998161376284861
5.3168999999999995,0.901066301655397,0.5000458962342087,0.9998164319133332
5.31789,0.9010857304531192,0.500045822767278,0.9998167257271565
5.31888,0.9011051515996281,0.5000457494179581,0.9998170190707097
5.31987,0.9011245650994559,0.5000456761860603,0.9998173119447458
5.32086,0.9011439709571316,0.5000456030713969,0.9998176043500159
5.3218499999999995,0.9011633691771801,0.50004553007378,0.9998178962872706
5.32284,0.901182759764123,0.5000454571930224,0.9998181877572588
5.32383,0.9012021427224782,0.5000453844289368,0.9998184787607285
5.32482,0.9012215180567602,0.5000453117813363,0.9998187692984265
5.32581,0.9012408857714798,0.5000452392500346,0.999819059371098
5.3267999999999995,0.901260245871144,0.5000451668348456,0.9998193489794877
5.327789999999999,0.9012795983602567,0.500045094535583,0.9998196381243383
5.32878,0.901298943243318,0.5000450223520614,0.999819926806392
5.32977,0.9013182805248245,0.5000449502840955,0.9998202150263895
5.33076,0.9013376102092691,0.5000448783315002,0.9998205027850703
5.3317499999999995,0.9013569323011412,0.5000448064940909,0.9998207900831728
5.332739999999999,0.9013762468049268,0.500044734771683,0.9998210769214342
5.33373,0.9013955537251083,0.5000446631640926,0.9998213633005905
5.33472,0.9014148530661643,0.5000445916711355,0.9998216492213765
5.33571,0.9014341448325703,0.5000445202926285,0.9998219346845258
5.3366999999999996,0.901453429028798,0.5000444490283882,0.9998222196907711
5.337689999999999,0.9014727056593156,0.5000443778782317,0.9998225042408435
5.33868,0.9014919747285878,0.5000443068419763,0.9998227883354732
5.33967,0.9015112362410757,0.5000442359194396,0.9998230719753892
5.34066,0.901530490201237,0.5000441651104396,0.9998233551613193
5.34165,0.9015497366135258,0.5000440944147945,0.99982363789399
5.342639999999999,0.9015689754823927,0.5000440238323227,0.9998239201741269
5.34363,0.9015882068122848,0.500043953362843,0.9998242020024544
5.34462,0.9016074306076458,0.5000438830061746,0.9998244833796954
5.34561,0.9016266468729158,0.5000438127621368,0.9998247643065722
5.3466,0.9016458556125313,0.5000437426305493,0.9998250447838054
5.347589999999999,0.9016650568309255,0.5000436726112321,0.9998253248121148
5.34858,0.9016842505325279,0.5000436027040053,0.9998256043922189
5.34957,0.9017034367217647,0.5000435329086895,0.999825883524835
5.35056,0.9017226154030585,0.5000434632251056,0.9998261622106795
5.35155,0.9017417865808286,0.5000433936530746,0.9998264404504675
5.352539999999999,0.9017609502594905,0.5000433241924178,0.9998267182449128
5.35353,0.9017801064434565,0.5000432548429571,0.9998269955947283
5.35452,0.9017992551371352,0.5000431856045143,0.9998272725006255
5.35551,0.9018183963449321,0.5000431164769118,0.9998275489633152
5.3565,0.9018375300712489,0.5000430474599719,0.9998278249835065
5.357489999999999,0.9018566563204838,0.5000429785535176,0.9998281005619079
5.35848,0.901875775097032,0.500042909757372,0.9998283756992263
5.35947,0.9018948864052845,0.5000428410713583,0.9998286503961679
5.36046,0.9019139902496296,0.5000427724953004,0.9998289246534374
5.36145,0.9019330866344517,0.5000427040290221,0.9998291984717386
5.362439999999999,0.9019521755641321,0.5000426356723476,0.999829471851774
5.36343,0.9019712570430481,0.5000425674251016,0.9998297447942451
5.36442,0.9019903310755741,0.5000424992871086,0.9998300172998523
5.36541,0.902009397666081,0.500042431258194,0.999830289369295
5.3664,0.9020284568189358,0.500042363338183,0.999830561003271
5.367389999999999,0.9020475085385028,0.5000422955269013,0.9998308322024775
5.36838,0.9020665528291423,0.5000422278241745,0.9998311029676102
5.36937,0.9020855896952112,0.5000421602298292,0.9998313732993641
5.37036,0.9021046191410635,0.5000420927436917,0.9998316431984327
5.37135,0.9021236411710494,0.5000420253655887,0.9998319126655085
5.3723399999999994,0.9021426557895154,0.5000419580953473,0.9998321817012831
5.37333,0.9021616630008052,0.5000418909327947,0.9998324503064467
5.37432,0.9021806628092589,0.5000418238777588,0.9998327184816886
5.37531,0.9021996552192129,0.500041756930067,0.9998329862276969
5.3763,0.9022186402350004,0.5000416900895477,0.9998332535451586
5.3772899999999995,0.9022376178609516,0.5000416233560292,0.9998335204347596
5.37828,0.9022565881013925,0.5000415567293403,0.9998337868971848
5.37927,0.9022755509606464,0.5000414902093099,0.9998340529331178
5.38026,0.9022945064430329,0.5000414237957671,0.9998343185432413
5.38125,0.9023134545528684,0.5000413574885415,0.999834583728237
5.3822399999999995,0.9023323952944656,0.500041291287463,0.999834848488785
5.38323,0.9023513286721342,0.5000412251923615,0.9998351128255649
5.38422,0.9023702546901804,0.5000411592030674,0.9998353767392549
5.38521,0.9023891733529068,0.5000410933194112,0.9998356402305323
5.3862,0.902408084664613,0.5000410275412238,0.999835903300073
5.3871899999999995,0.9024269886295951,0.5000409618683364,0.9998361659485522
5.38818,0.9024458852521458,0.5000408963005804,0.9998364281766438
5.38917,0.9024647745365544,0.5000408308377873,0.9998366899850205
5.39016,0.9024836564871069,0.5000407654797892,0.9998369513743542
5.39115,0.9025025311080861,0.5000407002264182,0.9998372123453158
5.3921399999999995,0.9025213984037712,0.5000406350775071,0.9998374728985746
5.39313,0.9025402583784382,0.5000405700328882,0.9998377330347994
5.39412,0.9025591110363599,0.5000405050923948,0.9998379927546575
5.39511,0.9025779563818054,0.5000404402558601,0.9998382520588155
5.3961,0.9025967944190408,0.5000403755231179,0.9998385109479386
5.3970899999999995,0.9026156251523287,0.5000403108940015,0.9998387694226913
5.39808,0.9026344485859286,0.5000402463683454,0.9998390274837368
5.39907,0.9026532647240962,0.5000401819459839,0.9998392851317369
5.40006,0.9026720735710846,0.5000401176267514,0.9998395423673532
5.40105,0.9026908751311428,0.500040053410483,0.9998397991912455
5.4020399999999995,0.9027096694085169,0.5000399892970138,0.9998400556040729
5.40303,0.9027284564074499,0.5000399252861791,0.9998403116064931
5.40402,0.9027472361321811,0.5000398613778148,0.9998405671991633
5.40501,0.9027660085869466,0.5000397975717565,0.9998408223827391
5.406,0.9027847737759793,0.5000397338678407,0.9998410771578754
5.4069899999999995,0.9028035317035089,0.5000396702659038,0.9998413315252259
5.40798,0.9028222823737615,0.5000396067657825,0.9998415854854433
5.40897,0.90284102579096,0.5000395433673136,0.9998418390391793
5.40996,0.9028597619593243,0.5000394800703347,0.9998420921870844
5.41095,0.9028784908830707,0.500039416874683,0.9998423449298083
5.4119399999999995,0.9028972125664124,0.5000393537801965,0.9998425972679993
5.41293,0.9029159270135592,0.5000392907867129,0.999842849202305
5.41392,0.9029346342287176,0.5000392278940708,0.999843100733372
5.41491,0.9029533342160909,0.5000391651021088,0.9998433518618456
5.4159,0.9029720269798793,0.5000391024106654,0.99984360258837
5.4168899999999995,0.9029907125242795,0.5000390398195799,0.9998438529135888
5.417879999999999,0.9030093908534851,0.5000389773286914,0.9998441028381442
5.41887,0.9030280619716863,0.5000389149378397,0.9998443523626775
5.41986,0.9030467258830699,0.5000388526468645,0.999844601487829
5.42085,0.90306538259182,0.500038790455606,0.999844850214238
5.4218399999999995,0.903084032102117,0.5000387283639044,0.9998450985425424
5.422829999999999,0.9031026744181381,0.5000386663716004,0.9998453464733799
5.42382,0.9031213095440572,0.5000386044785349,0.9998455940073863
5.42481,0.9031399374840454,0.5000385426845488,0.9998458411451968
5.4258,0.9031585582422701,0.5000384809894838,0.9998460878874456
5.42679,0.9031771718228956,0.5000384193931813,0.9998463342347659
5.427779999999999,0.903195778230083,0.5000383578954831,0.9998465801877896
5.42877,0.9032143774679903,0.5000382964962315,0.999846825747148
5.42976,0.9032329695407718,0.500038235195269,0.9998470709134711
5.43075,0.9032515544525793,0.5000381739924379,0.999847315687388
5.43174,0.9032701322075607,0.5000381128875813,0.9998475600695269
5.432729999999999,0.9032887028098614,0.5000380518805422,0.9998478040605147
5.43372,0.9033072662636228,0.5000379909711641,0.9998480476609775
5.43471,0.9033258225729835,0.5000379301592907,0.9998482908715403
5.4357,0.9033443717420793,0.5000378694447657,0.9998485336928273
5.43669,0.9033629137750419,0.5000378088274333,0.9998487761254614
5.437679999999999,0.9033814486760005,0.5000377483071381,0.9998490181700649
5.43867,0.9033999764490808,0.5000376878837244,0.9998492598272587
5.43966,0.9034184970984054,0.5000376275570373,0.9998495010976629
5.44065,0.9034370106280938,0.500037567326922,0.9998497419818966
5.44164,0.9034555170422621,0.5000375071932236,0.9998499824805779
5.442629999999999,0.9034740163450234,0.500037447155788,0.9998502225943239
5.44362,0.9034925085404877,0.5000373872144609,0.9998504623237507
5.44461,0.9035109936327614,0.5000373273690886,0.9998507016694734
5.4456,0.9035294716259482,0.5000372676195173,0.9998509406321063
5.44659,0.9035479425241484,0.5000372079655938,0.9998511792122624
5.447579999999999,0.9035664063314592,0.5000371484071647,0.9998514174105539
5.44857,0.9035848630519746,0.5000370889440774,0.9998516552275921
5.44956,0.9036033126897853,0.5000370295761791,0.9998518926639871
5.45055,0.9036217552489794,0.5000369703033174,0.9998521297203483
5.45154,0.903640190733641,0.5000369111253402,0.9998523663972838
5.452529999999999,0.9036586191478516,0.5000368520420956,0.999852602695401
5.45352,0.9036770404956896,0.5000367930534317,0.9998528386153062
5.45451,0.90369545478123,0.5000367341591975,0.9998530741576046
5.4555,0.9037138620085448,0.5000366753592415,0.999853309322901
5.45649,0.9037322621817027,0.5000366166534127,0.9998535441117984
5.457479999999999,0.9037506553047694,0.5000365580415604,0.9998537785248994
5.45847,0.9037690413818076,0.5000364995235346,0.9998540125628056
5.45946,0.9037874204168765,0.5000364410991845,0.9998542462261173
5.46045,0.9038057924140326,0.5000363827683605,0.9998544795154343
5.46144,0.9038241573773289,0.5000363245309126,0.999854712431355
5.4624299999999995,0.9038425153108156,0.5000362663866915,0.9998549449744774
5.46342,0.9038608662185396,0.5000362083355478,0.9998551771453976
5.46441,0.9038792101045444,0.5000361503773326,0.9998554089447119
5.4654,0.9038975469728711,0.5000360925118971,0.9998556403730148
5.46639,0.9039158768275571,0.5000360347390926,0.9998558714309002
5.4673799999999995,0.903934199672637,0.500035977058771,0.9998561021189609
5.46837,0.9039525155121421,0.5000359194707842,0.9998563324377889
5.46936,0.9039708243501007,0.5000358619749843,0.9998565623879753
5.47035,0.9039891261905378,0.5000358045712237,0.9998567919701099
5.47134,0.9040074210374759,0.500035747259355,0.9998570211847819
5.4723299999999995,0.9040257088949337,0.5000356900392311,0.9998572500325795
5.47332,0.9040439897669271,0.5000356329107053,0.9998574785140898
5.47431,0.9040622636574691,0.5000355758736307,0.9998577066298993
5.4753,0.9040805305705694,0.500035518927861,0.999857934380593
5.47629,0.9040987905102345,0.50003546207325,0.9998581617667556
5.4772799999999995,0.9041170434804682,0.5000354053096518,0.9998583887889703
5.47827,0.9041352894852709,0.5000353486369207,0.9998586154478197
5.47926,0.9041535285286402,0.500035292054911,0.9998588417438856
5.48025,0.9041717606145702,0.5000352355634777,0.9998590676777485
5.48124,0.9041899857470524,0.5000351791624758,0.999859293249988
5.4822299999999995,0.9042082039300751,0.5000351228517603,0.999859518461183
5.48322,0.9042264151676234,0.5000350666311869,0.9998597433119115
5.48421,0.9042446194636795,0.500035010500611,0.9998599678027504
5.4852,0.9042628168222224,0.5000349544598888,0.9998601919342757
5.48619,0.9042810072472284,0.5000348985088762,0.9998604157070624
5.4871799999999995,0.9042991907426701,0.5000348426474297,0.9998606391216848
5.48817,0.9043173673125177,0.500034786875406,0.9998608621787162
5.48916,0.904335536960738,0.5000347311926616,0.9998610848787289
5.49015,0.904353699691295,0.500034675599054,0.9998613072222943
5.49114,0.9043718555081495,0.5000346200944401,0.999861529209983
5.4921299999999995,0.9043900044152592,0.5000345646786778,0.9998617508423645
5.49312,0.9044081464165789,0.5000345093516244,0.9998619721200076
5.49411,0.9044262815160605,0.5000344541131382,0.99986219304348
5.4951,0.9044444097176525,0.5000343989630773,0.9998624136133487
5.49609,0.9044625310253007,0.5000343439013002,0.9998626338301795
5.4970799999999995,0.9044806454429479,0.5000342889276654,0.9998628536945376
5.49807,0.9044987529745337,0.5000342340420321,0.9998630732069871
5.49906,0.9045168536239947,0.500034179244259,0.9998632923680912
5.50005,0.9045349473952645,0.5000341245342056,0.9998635111784124
5.50104,0.904553034292274,0.5000340699117316,0.999863729638512
5.5020299999999995,0.9045711143189505,0.5000340153766966,0.9998639477489507
5.503019999999999,0.904589187479219,0.5000339609289607,0.999864165510288
5.50401,0.9046072537770009,0.5000339065683842,0.9998643829230828
5.505,0.9046253132162149,0.5000338522948273,0.9998645999878928
5.50599,0.9046433658007768,0.5000337981081511,0.9998648167052752
5.5069799999999995,0.904661411534599,0.500033744008216,0.9998650330757859
5.507969999999999,0.9046794504215914,0.5000336899948836,0.9998652490999801
5.50896,0.9046974824656606,0.5000336360680149,0.9998654647784122
5.50995,0.9047155076707104,0.5000335822274716,0.9998656801116357
5.51094,0.9047335260406416,0.5000335284731156,0.9998658951002029
5.5119299999999996,0.9047515375793517,0.5000334748048088,0.9998661097446655
5.512919999999999,0.9047695422907358,0.5000334212224133,0.9998663240455744
5.51391,0.9047875401786856,0.5000333677257918,0.9998665380034794
5.5149,0.90480553124709,0.5000333143148069,0.9998667516189295
5.51589,0.9048235154998348,0.5000332609893214,0.9998669648924728
5.51688,0.9048414929408031,0.5000332077491986,0.9998671778246566
5.517869999999999,0.9048594635738746,0.5000331545943016,0.9998673904160272
5.51886,0.9048774274029266,0.5000331015244942,0.9998676026671303
5.51985,0.9048953844318333,0.50003304853964,0.9998678145785102
5.52084,0.9049133346644654,0.5000329956396031,0.9998680261507108
5.52183,0.9049312781046915,0.5000329428242476,0.999868237384275
5.522819999999999,0.9049492147563765,0.500032890093438,0.9998684482797449
5.52381,0.904967144623383,0.5000328374470389,0.9998686588376615
5.5248,0.9049850677095701,0.5000327848849151,0.9998688690585651
5.52579,0.9050029840187943,0.5000327324069319,0.9998690789429951
5.52678,0.9050208935549092,0.5000326800129543,0.9998692884914903
5.527769999999999,0.9050387963217652,0.5000326277028481,0.999869497704588
5.52876,0.9050566923232102,0.5000325754764787,0.9998697065828253
5.52975,0.9050745815630886,0.5000325233337124,0.999869915126738
5.53074,0.9050924640452425,0.5000324712744151,0.9998701233368612
5.53173,0.9051103397735104,0.5000324192984532,0.9998703312137294
5.532719999999999,0.9051282087517285,0.5000323674056933,0.9998705387578758
5.53371,0.9051460709837299,0.5000323155960023,0.9998707459698329
5.5347,0.9051639264733448,0.500032263869247,0.9998709528501325
5.53569,0.9051817752244,0.5000322122252948,0.9998711593993055
5.53668,0.9051996172407202,0.5000321606640131,0.9998713656178818
5.537669999999999,0.9052174525261267,0.5000321091852695,0.9998715715063905
5.53866,0.9052352810844382,0.5000320577889319,0.9998717770653599
5.53965,0.90525310291947,0.5000320064748683,0.9998719822953176
5.54064,0.9052709180350351,0.5000319552429471,0.99987218719679
5.54163,0.9052887264349433,0.5000319040930367,0.9998723917703031
5.542619999999999,0.9053065281230015,0.5000318530250057,0.9998725960163816
5.54361,0.9053243231030138,0.5000318020387232,0.9998727999355497
5.5446,0.9053421113787814,0.5000317511340584,0.9998730035283306
5.54559,0.9053598929541026,0.5000317003108803,0.9998732067952468
5.54658,0.9053776678327727,0.5000316495690588,0.9998734097368197
5.5475699999999994,0.9053954360185844,0.5000315989084633,0.9998736123535702
5.54856,0.9054131975153275,0.500031548328964,0.9998738146460181
5.54955,0.9054309523267886,0.500031497830431,0.9998740166146824
5.55054,0.9054487004567517,0.5000314474127348,0.9998742182600816
5.55153,0.905466441908998,0.5000313970757457,0.9998744195827329
5.5525199999999995,0.9054841766873057,0.5000313468193347,0.9998746205831529
5.55351,0.9055019047954501,0.5000312966433729,0.9998748212618574
5.5545,0.9055196262372037,0.5000312465477311,0.9998750216193614
5.55549,0.9055373410163362,0.5000311965322811,0.9998752216561788
5.55648,0.9055550491366146,0.5000311465968944,0.999875421372823
5.5574699999999995,0.9055727506018025,0.5000310967414427,0.9998756207698065
5.55846,0.9055904454156614,0.5000310469657983,0.9998758198476408
5.55945,0.9056081335819492,0.5000309972698331,0.999876018606837
5.56044,0.9056258151044216,0.5000309476534197,0.9998762170479049
5.56143,0.9056434899868312,0.5000308981164309,0.9998764151713535
5.5624199999999995,0.9056611582329277,0.5000308486587391,0.9998766129776916
5.56341,0.905678819846458,0.5000307992802179,0.9998768104674264
5.5644,0.9056964748311664,0.5000307499807402,0.9998770076410648
5.56539,0.905714123190794,0.5000307007601794,0.9998772044991128
5.56638,0.9057317649290793,0.5000306516184094,0.9998774010420755
5.5673699999999995,0.905749400049758,0.5000306025553038,0.999877597270457
5.56836,0.9057670285565629,0.500030553570737,0.999877793184761
5.56935,0.9057846504532241,0.5000305046645831,0.9998779887854902
5.57034,0.9058022657434686,0.5000304558367163,0.9998781840731465
5.57133,0.905819874431021,0.5000304070870117,0.999878379048231
5.5723199999999995,0.9058374765196027,0.5000303584153439,0.9998785737112439
5.57331,0.9058550720129326,0.500030309821588,0.9998787680626847
5.5743,0.9058726609147266,0.5000302613056193,0.9998789621030523
5.57529,0.905890243228698,0.5000302128673133,0.9998791558328444
5.57628,0.9059078189585571,0.5000301645065457,0.9998793492525581
5.5772699999999995,0.9059253881080116,0.500030116223192,0.9998795423626897
5.57826,0.9059429506807661,0.5000300680171289,0.9998797351637347
5.57925,0.9059605066805227,0.5000300198882321,0.999879927656188
5.58024,0.9059780561109807,0.5000299718363784,0.9998801198405434
5.58123,0.9059955989758365,0.5000299238614443,0.999880311717294
5.5822199999999995,0.9060131352787837,0.5000298759633066,0.9998805032869321
5.58321,0.9060306650235133,0.5000298281418426,0.9998806945499494
5.5842,0.9060481882137131,0.5000297803969292,0.9998808855068366
5.58519,0.9060657048530689,0.5000297327284442,0.9998810761580836
5.58618,0.906083214945263,0.500029685136265,0.9998812665041797
5.5871699999999995,0.9061007184939752,0.5000296376202696,0.9998814565456133
5.58816,0.9061182155028826,0.5000295901803359,0.9998816462828721
5.58915,0.9061357059756594,0.5000295428163422,0.9998818357164428
5.59014,0.9061531899159772,0.5000294955281668,0.9998820248468115
5.59113,0.9061706673275046,0.5000294483156885,0.9998822136744636
5.5921199999999995,0.9061881382139079,0.5000294011787861,0.9998824021998837
5.593109999999999,0.90620560257885,0.5000293541173384,0.9998825904235552
5.5941,0.9062230604259915,0.5000293071312248,0.9998827783459614
5.59509,0.9062405117589905,0.5000292602203247,0.9998829659675843
5.59608,0.9062579565815014,0.5000292133845176,0.9998831532889054
5.5970699999999995,0.9062753948971769,0.5000291666236832,0.9998833403104055
5.598059999999999,0.9062928267096665,0.5000291199377017,0.9998835270325642
5.59905,0.9063102520226168,0.5000290733264532,0.9998837134558608
5.60004,0.906327670839672,0.5000290267898179,0.9998838995807736
5.60103,0.9063450831644734,0.5000289803276764,0.9998840854077802
5.6020199999999996,0.9063624890006595,0.5000289339399095,0.9998842709373574
5.603009999999999,0.9063798883518663,0.5000288876263982,0.9998844561699813
5.604,0.906397281221727,0.5000288413870235,0.9998846411061272
5.60499,0.9064146676138719,0.5000287952216668,0.9998848257462695
5.60598,0.9064320475319287,0.5000287491302093,0.9998850100908822
5.60697,0.9064494209795225,0.5000287031125332,0.9998851941404381
5.607959999999999,0.9064667879602756,0.5000286571685201,0.9998853778954095
5.60895,0.9064841484778073,0.5000286112980521,0.999885561356268
5.60994,0.9065015025357348,0.5000285655010114,0.9998857445234843
5.61093,0.906518850137672,0.5000285197772805,0.9998859273975285
5.61192,0.9065361912872305,0.500028474126742,0.9998861099788697
5.612909999999999,0.9065535259880191,0.5000284285492788,0.9998862922679764
5.6139,0.9065708542436437,0.5000283830447739,0.9998864742653164
5.61489,0.9065881760577078,0.5000283376131105,0.9998866559713566
5.61588,0.906605491433812,0.5000282922541719,0.9998868373865634
5.61687,0.9066228003755542,0.5000282469678416,0.9998870185114022
5.617859999999999,0.9066401028865299,0.5000282017540036,0.9998871993463377
5.61885,0.9066573989703314,0.5000281566125419,0.9998873798918341
5.61984,0.9066746886305488,0.5000281115433403,0.9998875601483543
5.62083,0.9066919718707693,0.5000280665462833,0.9998877401163614
5.62182,0.9067092486945776,0.5000280216212554,0.9998879197963166
5.622809999999999,0.9067265191055554,0.5000279767681411,0.9998880991886814
5.6238,0.906743783107282,0.5000279319868257,0.9998882782939158
5.62479,0.906761040703334,0.5000278872771938,0.9998884571124795
5.62578,0.9067782918972851,0.5000278426391309,0.9998886356448314
5.62677,0.9067955366927066,0.5000277980725224,0.9998888138914295
5.627759999999999,0.906812775093167,0.5000277535772538,0.9998889918527312
5.62875,0.9068300071022324,0.500027709153211,0.999889169529193
5.62974,0.9068472327234658,0.5000276648002798,0.9998893469212712
5.63073,0.9068644519604278,0.5000276205183466,0.9998895240294206
5.63172,0.9068816648166764,0.5000275763072977,0.9998897008540957
5.632709999999999,0.9068988712957669,0.5000275321670193,0.9998898773957503
5.6337,0.9069160714012517,0.5000274880973986,0.9998900536548374
5.63469,0.906933265136681,0.5000274440983221,0.9998902296318093
5.63568,0.9069504525056021,0.500027400169677,0.9998904053271175
5.63667,0.9069676335115596,0.5000273563113505,0.9998905807412127
5.6376599999999994,0.9069848081580956,0.5000273125232301,0.9998907558745452
5.63865,0.9070019764487496,0.5000272688052032,0.9998909307275644
5.63964,0.9070191383870582,0.500027225157158,0.9998911053007188
5.64063,0.9070362939765557,0.5000271815789821,0.9998912795944563
5.64162,0.9070534432207736,0.5000271380705638,0.9998914536092244
5.6426099999999995,0.9070705861232408,0.5000270946317913,0.9998916273454693
5.6436,0.9070877226874835,0.5000270512625532,0.999891800803637
5.64459,0.9071048529170255,0.5000270079627381,0.9998919739841726
5.64558,0.9071219768153876,0.5000269647322351,0.9998921468875203
5.64657,0.9071390943860886,0.500026921570933,0.9998923195141238
5.6475599999999995,0.907156205632644,0.500026878478721,0.9998924918644263
5.64855,0.9071733105585671,0.5000268354554886,0.9998926639388697
5.64954,0.9071904091673684,0.5000267925011254,0.9998928357378957
5.65053,0.9072075014625559,0.5000267496155211,0.9998930072619451
5.65152,0.9072245874476351,0.5000267067985655,0.999893178511458
5.6525099999999995,0.9072416671261087,0.5000266640501488,0.9998933494868738
5.6535,0.9072587405014768,0.5000266213701614,0.9998935201886313
5.65449,0.9072758075772371,0.5000265787584935,0.9998936906171685
5.65548,0.9072928683568846,0.5000265362150361,0.9998938607729225
5.65647,0.9073099228439117,0.5000264937396796,0.9998940306563302
5.6574599999999995,0.907326971041808,0.500026451332315,0.9998942002678274
5.65845,0.9073440129540609,0.5000264089928338,0.9998943696078493
5.65944,0.907361048584155,0.5000263667211271,0.9998945386768303
5.66043,0.9073780779355723,0.5000263245170863,0.9998947074752044
5.66142,0.9073951010117923,0.5000262823806032,0.9998948760034047
5.6624099999999995,0.9074121178162919,0.5000262403115697,0.9998950442618635
5.6634,0.9074291283525455,0.5000261983098778,0.9998952122510126
5.66439,0.9074461326240247,0.5000261563754196,0.9998953799712832
5.66538,0.9074631306341988,0.5000261145080874,0.9998955474231055
5.66637,0.9074801223865343,0.500026072707774,0.9998957146069092
5.6673599999999995,0.9074971078844953,0.5000260309743718,0.9998958815231233
5.66835,0.9075140871315432,0.500025989307774,0.999896048172176
5.66934,0.9075310601311372,0.5000259477078735,0.9998962145544951
5.67033,0.9075480268867332,0.5000259061745634,0.9998963806705073
5.67132,0.9075649874017854,0.5000258647077372,0.9998965465206391
5.6723099999999995,0.9075819416797448,0.5000258233072885,0.9998967121053159
5.6733,0.9075988897240602,0.5000257819731111,0.9998968774249626
5.67429,0.9076158315381778,0.5000257407050988,0.9998970424800034
5.67528,0.9076327671255411,0.5000256995031456,0.9998972072708618
5.67627,0.9076496964895913,0.5000256583671459,0.9998973717979607
5.6772599999999995,0.9076666196337667,0.500025617296994,0.9998975360617223
5.678249999999999,0.9076835365615035,0.5000255762925846,0.999897700062568
5.67924,0.9077004472762349,0.5000255353538123,0.9998978638009185
5.68023,0.907717351781392,0.5000254944805722,0.9998980272771942
5.68122,0.9077342500804032,0.5000254536727593,0.9998981904918145
5.6822099999999995,0.9077511421766943,0.5000254129302689,0.9998983534451981
5.683199999999999,0.9077680280736884,0.5000253722529964,0.9998985161377631
5.68419,0.9077849077748066,0.5000253316408372,0.9998986785699272
5.68518,0.907801781283467,0.5000252910936874,0.9998988407421069
5.68617,0.9078186486030854,0.5000252506114428,0.9998990026547185
5.6871599999999995,0.9078355097370749,0.5000252101939994,0.9998991643081774
5.688149999999999,0.9078523646888464,0.5000251698412534,0.9998993257028984
5.68914,0.9078692134618082,0.5000251295531015,0.9998994868392956
5.69013,0.9078860560593656,0.5000250893294401,0.9998996477177826
5.69112,0.907902892484922,0.500025049170166,0.999899808338772
5.69211,0.907919722741878,0.5000250090751761,0.9998999687026761
5.693099999999999,0.9079365468336319,0.5000249690443676,0.9999001288099063
5.69409,0.9079533647635794,0.5000249290776375,0.9999002886608734
5.69508,0.9079701765351134,0.5000248891748834,0.9999004482559878
5.69607,0.9079869821516247,0.500024849336003,0.9999006075956587
5.69706,0.9080037816165015,0.5000248095608938,0.999900766680295
5.698049999999999,0.9080205749331295,0.5000247698494539,0.9999009255103052
5.69904,0.9080373621048918,0.5000247302015811,0.9999010840860965
5.70003,0.9080541431351692,0.500024690617174,0.9999012424080759
5.70102,0.9080709180273399,0.5000246510961308,0.9999014004766497
5.70201,0.9080876867847795,0.50002461163835,0.9999015582922235
5.702999999999999,0.9081044494108613,0.5000245722437304,0.9999017158552022
5.70399,0.9081212059089562,0.500024532912171,0.9999018731659901
5.70498,0.9081379562824324,0.5000244936435707,0.9999020302249908
5.70597,0.9081547005346557,0.5000244544378287,0.9999021870326075
5.70696,0.9081714386689894,0.5000244152948444,0.9999023435892423
5.707949999999999,0.9081881706887945,0.5000243762145175,0.9999024998952971
5.70894,0.9082048965974294,0.5000243371967474,0.9999026559511729
5.70993,0.9082216163982499,0.5000242982414342,0.99990281175727
5.71092,0.9082383300946095,0.5000242593484777,0.9999029673139885
5.71191,0.9082550376898595,0.5000242205177783,0.9999031226217273
5.712899999999999,0.908271739187348,0.5000241817492362,0.9999032776808849
5.71389,0.9082884345904215,0.5000241430427519,0.9999034324918594
5.71488,0.9083051239024235,0.5000241043982261,0.9999035870550479
5.71587,0.9083218071266951,0.5000240658155596,0.9999037413708468
5.71686,0.908338484266575,0.5000240272946532,0.9999038954396524
5.717849999999999,0.9083551553253999,0.5000239888354083,0.9999040492618598
5.71884,0.9083718203065032,0.5000239504377261,0.9999042028378639
5.71983,0.9083884792132165,0.5000239121015079,0.9999043561680585
5.72082,0.9084051320488689,0.5000238738266555,0.9999045092528372
5.72181,0.9084217788167867,0.5000238356130705,0.9999046620925929
5.722799999999999,0.908438419520294,0.500023797460655,0.9999048146877176
5.72379,0.9084550541627128,0.5000237593693109,0.999904967038603
5.72478,0.9084716827473618,0.5000237213389406,0.9999051191456397
5.72577,0.9084883052775582,0.5000236833694462,0.9999052710092184
5.72676,0.9085049217566162,0.5000236454607306,0.9999054226297286
5.7277499999999995,0.9085215321878478,0.5000236076126963,0.9999055740075594
5.72874,0.9085381365745626,0.5000235698252462,0.9999057251430991
5.72973,0.9085547349200676,0.5000235320982833,0.9999058760367355
5.73072,0.9085713272276674,0.5000234944317107,0.9999060266888561
5.73171,0.9085879135006645,0.5000234568254319,0.9999061770998471
5.7326999999999995,0.9086044937423586,0.5000234192793502,0.9999063272700945
5.73369,0.9086210679560471,0.5000233817933695,0.9999064771999838
5.73468,0.9086376361450252,0.5000233443673933,0.9999066268898995
5.73567,0.9086541983125854,0.5000233070013255,0.999906776340226
5.73666,0.908670754462018,0.5000232696950704,0.9999069255513464
5.7376499999999995,0.9086873045966107,0.5000232324485322,0.9999070745236438
5.73864,0.908703848719649,0.5000231952616153,0.9999072232575005
5.73963,0.9087203868344159,0.5000231581342243,0.9999073717532979
5.74062,0.9087369189441921,0.5000231210662637,0.9999075200114174
5.74161,0.9087534450522557,0.5000230840576385,0.999907668032239
5.7425999999999995,0.9087699651618827,0.5000230471082537,0.9999078158161427
5.74359,0.9087864792763464,0.5000230102180145,0.9999079633635078
5.74458,0.9088029873989178,0.5000229733868262,0.9999081106747129
5.74557,0.9088194895328657,0.5000229366145944,0.9999082577501357
5.74656,0.9088359856814565,0.5000228999012245,0.999908404590154
5.7475499999999995,0.9088524758479539,0.5000228632466223,0.9999085511951442
5.74854,0.9088689600356195,0.5000228266506938,0.9999086975654827
5.74953,0.9088854382477124,0.5000227901133449,0.9999088437015451
5.75052,0.9089019104874895,0.5000227536344821,0.9999089896037062
5.75151,0.9089183767582051,0.5000227172140116,0.9999091352723405
5.7524999999999995,0.9089348370631114,0.50002268085184,0.9999092807078218
5.75349,0.9089512914054578,0.5000226445478738,0.9999094259105232
5.75448,0.9089677397884919,0.50002260830202,0.9999095708808173
5.75547,0.9089841822154584,0.5000225721141857,0.9999097156190762
5.75646,0.9090006186895999,0.5000225359842776,0.9999098601256711
5.7574499999999995,0.9090170492141567,0.5000224999122034,0.9999100044009729
5.75844,0.9090334737923668,0.5000224638978701,0.9999101484453518
5.75943,0.9090498924274654,0.5000224279411857,0.9999102922591773
5.76042,0.9090663051226858,0.5000223920420576,0.9999104358428186
5.76141,0.9090827118812589,0.5000223562003937,0.999910579196644
5.7623999999999995,0.909099112706413,0.5000223204161021,0.9999107223210214
5.76339,0.9091155076013743,0.5000222846890909,0.999910865216318
5.76438,0.9091318965693664,0.5000222490192685,0.9999110078829004
5.76537,0.9091482796136109,0.5000222134065433,0.9999111503211349
5.76636,0.9091646567373268,0.5000221778508238,0.9999112925313868
5.7673499999999995,0.909181027943731,0.5000221423520188,0.999911434514021
5.768339999999999,0.9091973932360378,0.5000221069100372,0.9999115762694019
5.76933,0.909213752617459,0.5000220715247882,0.9999117177978931
5.77032,0.9092301060912047,0.5000220361961806,0.999911859099858
5.77131,0.9092464536604822,0.500022000924124,0.999912000175659
5.7722999999999995,0.9092627953284965,0.5000219657085279,0.999912141025658
5.773289999999999,0.9092791310984505,0.5000219305493017,0.9999122816502166
5.77428,0.9092954609735445,0.5000218954463552,0.9999124220496955
5.77527,0.9093117849569767,0.5000218603995986,0.999912562224455
5.77626,0.909328103051943,0.5000218254089417,0.999912702174855
5.7772499999999996,0.9093444152616366,0.5000217904742946,0.9999128419012542
5.778239999999999,0.9093607215892489,0.5000217555955678,0.9999129814040113
5.77923,0.9093770220379686,0.5000217207726718,0.9999131206834844
5.78022,0.9093933166109823,0.5000216860055172,0.9999132597400308
5.78121,0.9094096053114742,0.5000216512940148,0.9999133985740071
5.7822,0.9094258881426264,0.5000216166380752,0.9999135371857698
5.783189999999999,0.9094421651076182,0.5000215820376099,0.9999136755756745
5.78418,0.9094584362096272,0.5000215474925298,0.9999138137440763
5.78517,0.9094747014518283,0.5000215130027463,0.9999139516913297
5.78616,0.9094909608373941,0.5000214785681709,0.9999140894177886
5.78715,0.9095072143694953,0.5000214441887154,0.9999142269238065
5.788139999999999,0.9095234620513,0.5000214098642913,0.9999143642097362
5.78913,0.9095397038859738,0.5000213755948105,0.9999145012759301
5.79012,0.9095559398766803,0.5000213413801853,0.9999146381227396
5.79111,0.909572170026581,0.5000213072203276,0.9999147747505162
5.7921,0.9095883943388345,0.5000212731151498,0.9999149111596102
5.793089999999999,0.9096046128165979,0.5000212390645645,0.9999150473503716
5.79408,0.9096208254630254,0.5000212050684842,0.9999151833231501
5.79507,0.909637032281269,0.5000211711268217,0.9999153190782945
5.79606,0.9096532332744789,0.5000211372394898,0.9999154546161529
5.79705,0.9096694284458023,0.5000211034064016,0.9999155899370735
5.798039999999999,0.9096856177983849,0.5000210696274702,0.9999157250414032
5.79903,0.9097018013353694,0.5000210359026089,0.9999158599294888
5.80002,0.9097179790598967,0.5000210022317313,0.9999159946016765
5.80101,0.9097341509751053,0.5000209686147509,0.9999161290583116
5.802,0.9097503170841315,0.5000209350515813,0.9999162632997393
5.802989999999999,0.9097664773901091,0.5000209015421364,0.999916397326304
5.80398,0.9097826318961699,0.5000208680863303,0.9999165311383497
5.80497,0.9097987806054434,0.500020834684077,0.9999166647362195
5.80596,0.9098149235210568,0.5000208013352909,0.9999167981202566
5.80695,0.9098310606461348,0.5000207680398864,0.999916931290803
5.807939999999999,0.9098471919838005,0.500020734797778,0.9999170642482003
5.80893,0.9098633175371741,0.5000207016088802,0.9999171969927898
5.80992,0.9098794373093737,0.5000206684731082,0.9999173295249122
5.81091,0.9098955513035154,0.5000206353903767,0.9999174618449074
5.8119,0.9099116595227129,0.5000206023606008,0.9999175939531151
5.8128899999999994,0.9099277619700775,0.5000205693836958,0.9999177258498742
5.81388,0.9099438586487186,0.500020536459577,0.999917857535523
5.81487,0.9099599495617432,0.5000205035881599,0.9999179890103995
5.81586,0.9099760347122557,0.5000204707693602,0.9999181202748412
5.81685,0.909992114103359,0.5000204380030936,0.9999182513291848
5.8178399999999995,0.9100081877381532,0.500020405289276,0.9999183821737665
5.81883,0.9100242556197363,0.5000203726278236,0.9999185128089221
5.81982,0.9100403177512042,0.5000203400186524,0.9999186432349868
5.82081,0.9100563741356504,0.5000203074616787,0.9999187734522954
5.8218,0.9100724247761665,0.5000202749568189,0.9999189034611818
5.8227899999999995,0.9100884696758412,0.5000202425039899,0.9999190332619797
5.82378,0.9101045088377618,0.5000202101031079,0.9999191628550221
5.82477,0.9101205422650129,0.5000201777540902,0.9999192922406418
5.82576,0.910136569960677,0.5000201454568536,0.9999194214191705
5.82675,0.9101525919278343,0.500020113211315,0.9999195503909396
5.8277399999999995,0.9101686081695629,0.500020081017392,0.9999196791562802
5.82873,0.9101846186889386,0.5000200488750018,0.9999198077155228
5.82972,0.9102006234890352,0.5000200167840619,0.9999199360689971
5.83071,0.910216622572924,0.5000199847444899,0.9999200642170326
5.8317,0.9102326159436742,0.5000199527562037,0.9999201921599579
5.8326899999999995,0.9102486036043529,0.500019920819121,0.9999203198981015
5.83368,0.9102645855580249,0.5000198889331601,0.999920447431791
5.83467,0.9102805618077529,0.5000198570982389,0.9999205747613538
5.83566,0.9102965323565971,0.5000198253142759,0.9999207018871165
5.83665,0.910312497207616,0.5000197935811893,0.9999208288094054
5.8376399999999995,0.9103284563638656,0.500019761898898,0.9999209555285461
5.83863,0.9103444098283997,0.5000197302673202,0.9999210820448637
5.83962,0.9103603576042698,0.5000196986863752,0.9999212083586829
5.84061,0.9103762996945257,0.5000196671559817,0.9999213344703279
5.8416,0.9103922361022145,0.5000196356760588,0.9999214603801222
5.8425899999999995,0.9104081668303814,0.5000196042465256,0.9999215860883889
5.84358,0.9104240918820692,0.5000195728673016,0.9999217115954505
5.84457,0.9104400112603188,0.5000195415383063,0.9999218369016292
5.84556,0.9104559249681686,0.5000195102594591,0.9999219620072463
5.84655,0.9104718330086552,0.5000194790306799,0.999922086912623
5.8475399999999995,0.9104877353848128,0.5000194478518886,0.9999222116180797
5.84853,0.9105036320996732,0.5000194167230049,0.9999223361239363
5.84952,0.9105195231562666,0.5000193856439491,0.9999224604305126
5.85051,0.9105354085576206,0.5000193546146414,0.9999225845381272
5.8515,0.9105512883067607,0.5000193236350021,0.9999227084470989
5.8524899999999995,0.9105671624067103,0.5000192927049519,0.9999228321577452
5.85348,0.9105830308604907,0.5000192618244111,0.9999229556703839
5.85447,0.910598893671121,0.5000192309933008,0.9999230789853318
5.85546,0.910614750841618,0.5000192002115416,0.9999232021029053
5.85645,0.9106306023749966,0.5000191694790546,0.9999233250234204
5.8574399999999995,0.9106464482742692,0.5000191387957609,0.9999234477471924
5.858429999999999,0.9106622885424464,0.5000191081615817,0.9999235702745363
5.85942,0.9106781231825365,0.5000190775764385,0.9999236926057664
5.86041,0.9106939521975456,0.5000190470402527,0.9999238147411966
5.8614,0.9107097755904777,0.500019016552946,0.9999239366811403
5.8623899999999995,0.9107255933643348,0.5000189861144401,0.9999240584259105
5.863379999999999,0.9107414055221164,0.5000189557246568,0.9999241799758195
5.86437,0.9107572120668203,0.5000189253835183,0.9999243013311792
5.86536,0.9107730130014418,0.5000188950909467,0.999924422492301
5.86635,0.9107888083289742,0.5000188648468641,0.9999245434594957
5.8673399999999996,0.9108045980524089,0.500018834651193,0.9999246642330738
5.868329999999999,0.9108203821747346,0.5000188045038558,0.9999247848133452
5.86932,0.9108361606989385,0.5000187744047753,0.9999249052006193
5.87031,0.9108519336280052,0.5000187443538741,0.9999250253952049
5.8713,0.9108677009649174,0.500018714351075,0.9999251453974105
5.87229,0.9108834627126557,0.5000186843963013,0.999925265207544
5.873279999999999,0.9108992188741984,0.5000186544894758,0.9999253848259129
5.87427,0.9109149694525219,0.5000186246305218,0.999925504252824
5.87526,0.9109307144506004,0.500018594819363,0.9999256234885838
5.87625,0.9109464538714057,0.5000185650559225,0.9999257425334983
5.87724,0.910962187717908,0.500018535340124,0.9999258613878729
5.878229999999999,0.910977915993075,0.5000185056718913,0.9999259800520126
5.87922,0.9109936386998725,0.5000184760511482,0.9999260985262218
5.88021,0.9110093558412639,0.5000184464778188,0.9999262168108047
5.8812,0.9110250674202108,0.5000184169518271,0.9999263349060646
5.88219,0.9110407734396727,0.5000183874730973,0.9999264528123046
5.883179999999999,0.9110564739026067,0.5000183580415538,0.9999265705298274
5.88417,0.9110721688119682,0.500018328657121,0.9999266880589347
5.88516,0.91108785817071,0.5000182993197236,0.9999268053999284
5.88615,0.9111035419817834,0.5000182700292862,0.9999269225531094
5.88714,0.911119220248137,0.5000182407857336,0.9999270395187784
5.888129999999999,0.9111348929727177,0.5000182115889908,0.9999271562972355
5.88912,0.9111505601584703,0.500018182438983,0.9999272728887804
5.89011,0.9111662218083371,0.5000181533356353,0.999927389293712
5.8911,0.911181877925259,0.5000181242788728,0.9999275055123295
5.89209,0.9111975285121741,0.5000180952686212,0.9999276215449306
5.893079999999999,0.9112131735720189,0.5000180663048058,0.9999277373918133
5.89407,0.9112288131077277,0.5000180373873525,0.9999278530532748
5.89506,0.9112444471222326,0.5000180085161869,0.9999279685296119
5.89605,0.9112600756184639,0.5000179796912352,0.9999280838211209
5.89704,0.9112756985993492,0.500017950912423,0.9999281989280975
5.898029999999999,0.9112913160678149,0.5000179221796767,0.9999283138508372
5.89902,0.9113069280267845,0.5000178934929225,0.9999284285896349
5.90001,0.91132253447918,0.5000178648520869,0.999928543144785
5.901,0.9113381354279211,0.5000178362570961,0.9999286575165813
5.90199,0.9113537308759254,0.500017807707877,0.9999287717053176
5.9029799999999994,0.9113693208261086,0.5000177792043561,0.9999288857112865
5.90397,0.911384905281384,0.5000177507464605,0.9999289995347806
5.90496,0.9114004842446634,0.5000177223341169,0.9999291131760923
5.90595,0.9114160577188558,0.5000176939672526,0.9999292266355129
5.90694,0.9114316257068689,0.5000176656457946,0.9999293399133335
5.9079299999999995,0.9114471882116079,0.5000176373696704,0.999929453009845
5.90892,0.9114627452359758,0.5000176091388073,0.9999295659253374
5.90991,0.9114782967828741,0.500017580953133,0.9999296786601005
5.9109,0.9114938428552016,0.5000175528125749,0.9999297912144236
5.91189,0.9115093834558556,0.5000175247170611,0.9999299035885955
5.9128799999999995,0.9115249185877311,0.5000174966665192,0.9999300157829044
5.91387,0.9115404482537209,0.5000174686608774,0.9999301277976383
5.91486,0.9115559724567163,0.5000174407000636,0.9999302396330847
5.91585,0.9115714911996057,0.5000174127840064,0.9999303512895305
5.91684,0.9115870044852762,0.5000173849126338,0.9999304627672622
5.9178299999999995,0.9116025123166126,0.5000173570858745,0.9999305740665657
5.91882,0.9116180146964977,0.5000173293036569,0.9999306851877269
5.91981,0.9116335116278121,0.50001730156591,0.9999307961310306
5.9208,0.9116490031134347,0.5000172738725623,0.9999309068967617
5.92179,0.911664489156242,0.5000172462235428,0.9999310174852044
5.9227799999999995,0.9116799697591086,0.5000172186187807,0.9999311278966423
5.92377,0.9116954449249072,0.500017191058205,0.9999312381313589
5.92476,0.9117109146565083,0.5000171635417449,0.9999313481896369
5.92575,0.9117263789567807,0.5000171360693298,0.9999314580717588
5.92674,0.9117418378285905,0.5000171086408896,0.9999315677780065
5.9277299999999995,0.9117572912748025,0.5000170812563534,0.9999316773086615
5.92872,0.9117727392982793,0.500017053915651,0.999931786664005
5.92971,0.911788181901881,0.5000170266187124,0.9999318958443173
5.9307,0.9118036190884663,0.5000169993654675,0.9999320048498788
5.93169,0.9118190508608915,0.5000169721558463,0.9999321136809691
5.9326799999999995,0.9118344772220113,0.500016944989779,0.9999322223378675
5.93367,0.9118498981746778,0.5000169178671959,0.9999323308208528
5.93466,0.9118653137217415,0.5000168907880274,0.9999324391302034
5.93565,0.9118807238660509,0.5000168637522038,0.999932547266197
5.93664,0.9118961286104522,0.500016836759656,0.9999326552291112
5.9376299999999995,0.91191152795779,0.5000168098103146,0.9999327630192232
5.93862,0.9119269219109065,0.5000167829041104,0.9999328706368094
5.93961,0.9119423104726423,0.5000167560409745,0.9999329780821459
5.9406,0.9119576936458356,0.5000167292208378,0.9999330853555085
5.94159,0.9119730714333227,0.5000167024436315,0.9999331924571725
5.9425799999999995,0.9119884438379383,0.5000166757092869,0.9999332993874126
5.943569999999999,0.9120038108625146,0.5000166490177353,0.9999334061465032
5.94456,0.9120191725098821,0.5000166223689084,0.9999335127347182
5.94555,0.9120345287828691,0.5000165957627376,0.9999336191523313
5.94654,0.912049879684302,0.5000165691991547,0.9999337253996153
5.9475299999999995,0.9120652252170054,0.5000165426780916,0.999933831476843
5.948519999999999,0.9120805653838018,0.5000165161994801,0.9999339373842865
5.94951,0.9120959001875114,0.5000164897632523,0.9999340431222176
5.9505,0.912111229630953,0.5000164633693404,0.9999341486909075
5.95149,0.912126553716943,0.5000164370176765,0.9999342540906273
5.9524799999999995,0.9121418724482959,0.5000164107081932,0.9999343593216472
5.953469999999999,0.9121571858278243,0.5000163844408229,0.9999344643842375
5.95446,0.9121724938583388,0.5000163582154981,0.9999345692786675
5.95545,0.9121877965426479,0.5000163320321516,0.9999346740052065
5.95644,0.9122030938835585,0.500016305890716,0.9999347785641233
5.95743,0.9122183858838749,0.5000162797911244,0.999934882955686
5.958419999999999,0.9122336725464002,0.5000162537333098,0.9999349871801626
5.95941,0.9122489538739349,0.5000162277172054,0.9999350912378204
5.9604,0.9122642298692778,0.5000162017427443,0.9999351951289266
5.96139,0.9122795005352259,0.5000161758098598,0.9999352988537475
5.96238,0.9122947658745739,0.5000161499184854,0.9999354024125496
5.963369999999999,0.9123100258901147,0.5000161240685548,0.9999355058055984
5.96436,0.9123252805846392,0.5000160982600015,0.9999356090331593
5.96535,0.9123405299609366,0.5000160724927591,0.999935712095497
5.96634,0.9123557740217937,0.5000160467667619,0.9999358149928762
5.96733,0.9123710127699957,0.5000160210819435,0.9999359177255607
5.968319999999999,0.9123862462083256,0.5000159954382382,0.9999360202938142
5.96931,0.912401474339565,0.50001596983558,0.9999361226979
5.9703,0.9124166971664925,0.5000159442739034,0.9999362249380807
5.97129,0.9124319146918859,0.5000159187531426,0.9999363270146187
5.97228,0.9124471269185204,0.5000158932732323,0.9999364289277758
5.973269999999999,0.9124623338491692,0.5000158678341069,0.9999365306778137
5.97426,0.912477535486604,0.5000158424357013,0.9999366322649934
5.97525,0.9124927318335944,0.5000158170779502,0.9999367336895756
5.97624,0.9125079228929077,0.5000157917607886,0.9999368349518205
5.97723,0.9125231086673099,0.5000157664841514,0.999936936051988
5.978219999999999,0.9125382891595645,0.5000157412479738,0.9999370369903374
5.97921,0.9125534643724333,0.5000157160521911,0.9999371377671278
5.9802,0.9125686343086763,0.5000156908967386,0.9999372383826177
5.98119,0.9125837989710512,0.5000156657815517,0.9999373388370654
5.98218,0.9125989583623143,0.500015640706566,0.9999374391307285
5.983169999999999,0.9126141124852196,0.500015615671717,0.9999375392638645
5.98416,0.9126292613425191,0.5000155906769407,0.9999376392367303
5.98515,0.9126444049369632,0.5000155657221727,0.9999377390495824
5.98614,0.9126595432713002,0.5000155408073492,0.9999378387026768
5.98713,0.9126746763482764,0.500015515932406,0.9999379381962694
5.988119999999999,0.9126898041706364,0.5000154910972795,0.9999380375306154
5.98911,0.9127049267411228,0.5000154663019057,0.9999381367059696
5.9901,0.9127200440624762,0.5000154415462214,0.9999382357225867
5.99109,0.9127351561374353,0.5000154168301625,0.9999383345807206
5.99208,0.9127502629687371,0.500015392153666,0.9999384332806249
5.9930699999999995,0.9127653645591164,0.5000153675166683,0.9999385318225531
5.99406,0.9127804609113062,0.5000153429191064,0.9999386302067578
5.99505,0.9127955520280377,0.5000153183609171,0.9999387284334916
5.99604,0.9128106379120401,0.5000152938420372,0.9999388265030066
5.99703,0.9128257185660408,0.5000152693624041,0.9999389244155542
5.9980199999999995,0.9128407939927651,0.5000152449219546,0.9999390221713859
5.99901,0.9128558641949366,0.5000152205206263,0.9999391197707522
6.0,0.9128709291752769,0.5000151961583564,0.999939217213904
