r[m],D_GR,D_SSZ
5965.745551775094,0.0995037190209984,0.6688741721854304
5970.460024323383,0.1033576557311484,0.6690491070482809
5975.174496871671,0.1070672040257385,0.6692238571714041
5979.88896941996,0.11064690034479208,0.669398422847287
5984.603441968247,0.11410897879245324,0.6695728043677993
5989.317914516536,0.11746385202658698,0.6697470020241951
5994.032387064824,0.12072047018623602,0.6699210161071149
5998.746859613113,0.12388659366383861,0.6700948469065865
6003.4613321614015,0.12696900373000353,0.6702684947120275
6008.17580470969,0.12997366749071917,0.6704419598122462
6012.890277257978,0.1329058687280758,0.6706152424954437
6017.604749806266,0.13577031287330468,0.6707883430492151
6022.319222354555,0.1385712121023879,0.6709612617605514
6027.033694902843,0.1413123549708412,0.6711339989158409
6031.748167451132,0.14399716388917394,0.6713065548008705
6036.46263999942,0.14662874293824874,0.6714789297008283
6041.177112547708,0.14920991793836655,0.6716511239003038
6045.891585095997,0.1517432702532502,0.6718231376832906
6050.606057644285,0.1542311654865317,0.6719949713331872
6055.320530192574,0.15667577798372698,0.6721666251327991
6060.035002740862,0.15907911186581,0.6723380993643399
6064.749475289151,0.16144301917644505,0.6725093943094331
6069.463947837439,0.1637692156128737,0.6726805102491138
6074.178420385727,0.16605929422259397,0.6728514474638297
6078.892892934015,0.16831473737850705,0.6730222062334434
6083.607365482304,0.17053692728994105,0.6731927868372332
6088.3218380305925,0.17272715526267357,0.6733631895538948
6093.036310578881,0.17488662988532985,0.6735334146615432
6097.75078312717,0.17701648429056052,0.6737034624377138
6102.465255675457,0.17911778261574107,0.6738733331593644
6107.179728223746,0.1811915257685343,0.6740430271028757
6111.894200772034,0.18323865658663696,0.674212544544054
6116.608673320323,0.1852600644677962,0.674381885758132
6121.323145868611,0.18725658953511254,0.6745510510197704
6126.0376184169,0.18922902639343475,0.6747200406030596
6130.752090965188,0.19117812752489124,0.6748888547815206
6135.466563513476,0.19310460636507018,0.6750574938281074
6140.181036061765,0.19500914009582895,0.6752259580152077
6144.895508610053,0.19689237218602176,0.6753942476146444
6149.609981158342,0.1987549147074232,0.6755623628976779
6154.32445370663,0.2005973504497092,0.6757303041350061
6159.038926254918,0.20242023485541663,0.6758980715967676
6163.753398803206,0.20422409779327422,0.6760656655525417
6168.467871351495,0.20600944518611763,0.6762330862713503
6173.1823438997835,0.207776760507714,0.6764003340216596
6177.896816448072,0.20952650616118185,0.6765674090713816
6182.611288996361,0.21125912475026207,0.6767343116878749
6187.325761544649,0.2129750402534587,0.6769010421379469
6192.040234092937,0.21467465910997446,0.6770676006878543
6196.754706641225,0.21635837122541265,0.6772339876033057
6201.469179189514,0.2180265509043806,0.677400203149462
6206.183651737802,0.2196795577163919,0.6775662475909381
6210.898124286091,0.22131773730081,0.6777321211918045
6215.6125968343795,0.2229414221160045,0.6778978242155888
6220.327069382667,0.22455093213737504,0.6780633569252764
6225.041541930956,0.2261465755084535,0.6782287195833129
6229.756014479244,0.2277286491488807,0.6783939124516046
6234.470487027533,0.22929743932270505,0.6785589357915205
6239.184959575821,0.2308532221701273,0.678723789863893
6243.89943212411,0.2323962642055227,0.6788884749290203
6248.613904672397,0.23392682278432358,0.6790529912466663
6253.328377220686,0.2354451465411153,0.6792173390760637
6258.0428497689745,0.23695147580107917,0.6793815186759143
6262.757322317263,0.2384460429667488,0.67954553030439
6267.471794865552,0.2399290728818639,0.6797093742191355
6272.18626741384,0.24140078317395902,0.679873050677268
6276.900739962128,0.2428613845771906,0.68003655993538
6281.615212510416,0.24431108123677892,0.68019990224954
6286.329685058705,0.24575007099632862,0.6803630778752936
6291.044157606993,0.24717854566919342,0.6805260870676654
6295.758630155282,0.2485966912949543,0.6806889300811595
6300.4731027035705,0.2500046883820023,0.6808516071697621
6305.187575251859,0.25140271213712917,0.6810141185869417
6309.902047800147,0.25279093268297564,0.6811764645856505
6314.616520348435,0.25416951526410775,0.6813386454183267
6319.330992896724,0.2555386204424436,0.6815006613368944
6324.045465445012,0.2568984042826958,0.6816625125927662
6328.759937993301,0.2582490185284474,0.6818241994368435
6333.474410541589,0.25959061076943246,0.6819857221195185
6338.188883089877,0.2609233246005556,0.6821470808906749
6342.9033556381655,0.2622472997731411,0.6823082759996899
6347.617828186454,0.2635626723388737,0.6824693076954348
6352.332300734743,0.26486957478685896,0.6826301762262765
6357.046773283031,0.26616813617419943,0.6827908818400794
6361.76124583132,0.26745848225045943,0.6829514247842053
6366.475718379608,0.26874073557636646,0.683111805305516
6371.190190927896,0.2700150156370692,0.6832720236503739
6375.904663476184,0.27128143895025764,0.6834320800646434
6380.619136024473,0.2725401191694259,0.6835919747936923
6385.3336085727615,0.2737911671825433,0.6837517080823928
6390.04808112105,0.2750346912063805,0.6839112801751229
6394.762553669338,0.2762707968767239,0.6840706913157675
6399.477026217626,0.2774995873346938,0.68422994174772
6404.191498765915,0.27872116330937086,0.6843890317138831
6408.905971314203,0.2799356231969241,0.6845479614566703
6413.620443862492,0.2811430631364175,0.6847067312180071
6418.33491641078,0.28234357708246677,0.6848653412393322
6423.049388959069,0.2835372568749018,0.6850237917615984
6427.7638615073565,0.2847241923055895,0.6851820830252748
6432.478334055645,0.28590447118255213,0.6853402152703468
6437.192806603934,0.28707817939151686,0.685498188736318
6441.907279152222,0.28824540095502144,0.6856560036622114
6446.621751700511,0.2894062180891935,0.6858136602865701
6451.336224248799,0.29056071125831373,0.6859711588474595
6456.050696797087,0.2917089592272684,0.6861284995824674
6460.765169345375,0.2928510391119918,0.6862856827287057
6465.479641893664,0.2939870264279894,0.6864427085228121
6470.1941144419525,0.2951169951370333,0.6865995772009499
6474.908586990241,0.2962410176921106,0.6867562889988107
6479.62305953853,0.29735916508070775,0.6869128441516147
6484.337532086818,0.29847150686650115,0.6870692428941119
6489.052004635106,0.29957811122953004,0.6872254854605837
6493.766477183394,0.30067904500491544,0.6873815720848441
6498.480949731683,0.30177437372018934,0.68753750300024
6503.195422279971,0.3028641616312973,0.6876932784396533
6507.90989482826,0.3039484717573295,0.6878488986355019
6512.6243673765475,0.3050273659140333,0.6880043638197403
6517.338839924836,0.3061009047461656,0.6881596742238614
6522.053312473125,0.30716914775872467,0.688314830078897
6526.767785021413,0.3082321533471169,0.6884698316154201
6531.482257569702,0.3092899788262976,0.6886246790635445
6536.19673011799,0.3103426804589308,0.688779372652927
6540.911202666279,0.3113903134826065,0.6889339126127685
6545.625675214566,0.3124329321361545,0.6890882991718142
6550.340147762855,0.31347058968509256,0.6892425325583563
6555.0546203111435,0.3145033384462406,0.6893966130002336
6559.769092859432,0.31553122981153664,0.6895505407248333
6564.483565407721,0.3165543142710853,0.6897043159590924
6569.198037956009,0.31757264143546815,0.689857938929498
6573.912510504297,0.31858626005734647,0.6900114098620895
6578.626983052585,0.31959521805238167,0.6901647289824585
6583.341455600874,0.3205995625195001,0.690317896515751
6588.055928149162,0.32159933976052896,0.6904709126866679
6592.770400697451,0.3225945952992251,0.6906237777194658
6597.484873245739,0.32358537389971964,0.6907764918379592
6602.199345794028,0.3245717195844018,0.6909290552655203
6606.913818342316,0.3255536756512609,0.691081468225081
6611.628290890604,0.3265312846907085,0.6912337309391337
6616.342763438893,0.3275045886018967,0.6913858436297322
6621.057235987181,0.32847362860855334,0.6915378065184928
6625.77170853547,0.32943844527435284,0.6916896198265963
6630.486181083757,0.3303990785178342,0.691841283774787
6635.200653632046,0.3313555676268878,0.6919927985833764
6639.9151261803345,0.33230795127282264,0.6921441644722418
6644.629598728623,0.33325626752403115,0.6922953816608294
6649.344071276912,0.33420055385926367,0.6924464503681537
6654.0585438252,0.33514084718052733,0.6925973708127999
6658.773016373489,0.33607718382562185,0.6927481432129239
6663.487488921777,0.3370095995803254,0.692898767786254
6668.201961470065,0.3379381296902409,0.6930492447500921
6672.916434018353,0.3388628088723166,0.6931995743213137
6677.630906566642,0.3397836713260485,0.6933497567163703
6682.34537911493,0.3407007507443796,0.6934997921512893
6687.059851663219,0.34161408032430174,0.6936496808416759
6691.774324211507,0.3425236927771734,0.6937994230027135
6696.488796759795,0.34342962033876034,0.693949018849165
6701.203269308084,0.34433189477900855,0.694098468595374
6705.917741856372,0.3452305474115603,0.6942477724552656
6710.632214404661,0.3461256091030184,0.6943969306423472
6715.346686952949,0.3470171102819683,0.69454594336971
6720.061159501238,0.34790508094776756,0.6946948108500298
6724.7756320495255,0.34878955067910544,0.6948435332955677
6729.490104597814,0.34967054864234537,0.6949921109181719
6734.204577146103,0.35054810359965183,0.695140543929278
6738.919049694391,0.35142224391691274,0.6952888325399099
6743.63352224268,0.3522929975714612,0.6954369769606815
6748.347994790968,0.3531603921596033,0.6955849774017974
6753.062467339256,0.354024454903958,0.6957328340730533
6757.776939887544,0.35488521266061546,0.6958805471838381
6762.491412435833,0.35574269192611696,0.6960281169431337
6767.205884984121,0.35659691884426603,0.6961755435595172
6771.92035753241,0.3574479192127716,0.6963228272411606
6776.6348300806985,0.3582957184897295,0.6964699681958331
6781.349302628987,0.3591403417999497,0.6966169666309008
6786.063775177275,0.35998181394112866,0.6967638227533287
6790.778247725563,0.3608201593898774,0.6969105367696811
6795.492720273852,0.3616554023076032,0.6970571088861228
6800.20719282214,0.3624875665462552,0.6972035393084199
6804.921665370429,0.36331667565393333,0.6973498282419409
6809.6361379187165,0.3641427528803662,0.6974959758916577
6814.350610467005,0.36496582118226245,0.6976419824621463
6819.065083015294,0.3657859032285379,0.697787848157588
6823.779555563582,0.3666030214054217,0.6979335731817703
6828.494028111871,0.36741719782144705,0.698079157738088
6833.208500660159,0.3682284543123272,0.6982246020295437
6837.922973208448,0.36903681244572095,0.698369906258749
6842.637445756735,0.3698422935258918,0.6985150706279257
6847.351918305024,0.3706449185982621,0.6986600953389065
6852.066390853312,0.3714447084538637,0.6988049805931354
6856.780863401601,0.372241683633694,0.6989497265916701
6861.4953359498895,0.37303586443297115,0.699094333535181
6866.209808498178,0.37382727090529966,0.6992388016239541
6870.924281046466,0.37461592286674167,0.69938313105789
6875.638753594754,0.3754018398998031,0.6995273220365064
6880.353226143043,0.37618504135732905,0.699671374758938
6885.067698691331,0.37696554636632024,0.6998152894239384
6889.78217123962,0.37774337383166307,0.6999590662298797
6894.496643787908,0.37851854243978433,0.7001027053747547
6899.211116336197,0.37929107066222395,0.7002462070561768
6903.925588884485,0.3800609767591362,0.7003895714713814
6908.640061432773,0.3808282787827149,0.7005327988172273
6913.354533981062,0.3815929945805478,0.7006758892901965
6918.06900652935,0.38235514179890007,0.7008188430863956
6922.783479077639,0.3831147378859319,0.7009616604015573
6927.497951625926,0.38387180009484695,0.70110434143104
6932.212424174215,0.38462634548697894,0.7012468863698299
6936.926896722503,0.38537839093481213,0.7013892954125416
6941.641369270792,0.3861279531249436,0.7015315687534182
6946.3558418190805,0.3868750485609822,0.7016737065863331
6951.070314367369,0.3876196935663922,0.701815709104791
6955.784786915658,0.3883619042872774,0.7019575765019275
6960.499259463945,0.3891016966951109,0.7020993089705114
6965.213732012234,0.38983908658941085,0.7022409067029449
6969.928204560522,0.3905740896003615,0.7023823698912645
6974.642677108811,0.391306721191385,0.7025236987271418
6979.357149657099,0.3920369966616606,0.7026648934018848
6984.071622205388,0.392764931148596,0.7028059541064381
6988.786094753676,0.3934905396302501,0.7029468810313846
6993.500567301964,0.39421383692770917,0.7030876743669454
6998.215039850253,0.39493483770741644,0.7032283343029814
7002.929512398541,0.3956535564834581,0.7033688610289938
7007.64398494683,0.3963700076198044,0.7035092547341251
7012.358457495118,0.39708420533250977,0.7036495156071599
7017.072930043407,0.39779616369186904,0.7037896438365256
7021.787402591694,0.3985058966245353,0.7039296396102935
7026.501875139983,0.3992134179155963,0.7040695031161794
7031.2163476882715,0.39991874121061277,0.7042092345415449
7035.93082023656,0.4006218800176188,0.7043488340733977
7040.645292784849,0.4013228477090843,0.7044883018983922
7045.359765333136,0.4020216575238431,0.7046276382028314
7050.074237881425,0.4027183225689834,0.7047668431726667
7054.788710429713,0.4034128558217048,0.7049059169934995
7059.503182978002,0.40410527013114184,0.7050448598505813
7064.21765552629,0.40479557822015305,0.7051836719288147
7068.932128074579,0.405483792687079,0.7053223534127551
7073.6466006228675,0.40616992600746826,0.7054609044866099
7078.361073171156,0.4068539905357719,0.7055993253342411
7083.075545719444,0.40753599850700817,0.7057376161391644
7087.790018267732,0.40821596203839844,0.7058757770845516
7092.504490816021,0.408893893130972,0.7060138083532304
7097.218963364309,0.4095698036711442,0.706151710127685
7101.933435912598,0.4102437054322671,0.7062894825900579
7106.647908460885,0.4109156100761516,0.70642712592215
7111.362381009174,0.4115855291545643,0.7065646403054217
7116.0768535574625,0.4122534741106973,0.7067020259209932
7120.791326105751,0.41291945628061355,0.706839282949646
7125.50579865404,0.41358348689466684,0.7069764115718233
7130.220271202328,0.41424557707889736,0.7071134119676307
7134.934743750617,0.4149057378564035,0.7072502843168373
7139.649216298904,0.4155639801486903,0.7073870287988762
7144.363688847193,0.41622031477699545,0.7075236455928452
7149.078161395481,0.41687475246359157,0.7076601348775085
7153.79263394377,0.41752730383306874,0.7077964968312959
7158.5071064920585,0.4181779794135929,0.7079327316323049
7163.221579040346,0.4188267896381457,0.7080688394583009
7167.936051588635,0.4194737448457421,0.7082048204867184
7172.650524136923,0.42011885528262877,0.7083406748946607
7177.364996685212,0.4207621311034613,0.7084764028589023
7182.0794692335,0.4214035823724643,0.7086120045558882
7186.793941781789,0.4220432190645703,0.7087474801617357
7191.508414330077,0.422681051066541,0.7088828298522343
7196.222886878366,0.4233170881780712,0.7090180538028471
7200.9373594266535,0.42395134011287205,0.7091531521887112
7205.651831974942,0.424583816499741,0.709288125184639
7210.366304523231,0.42521452688361,0.709422972965118
7215.080777071519,0.42584348072658035,0.7095576957043125
7219.795249619808,0.4264706874089398,0.7096922935760637
7224.509722168095,0.42709615623016245,0.7098267667538909
7229.224194716384,0.4277198964098952,0.7099611154109918
7233.938667264672,0.42834191708892605,0.710095339720244
7238.653139812961,0.4289622273301387,0.7102294398542046
7243.3676123612495,0.4295808361194521,0.7103634159851121
7248.082084909538,0.4301977523667448,0.710497268284886
7252.796557457827,0.430812984906765,0.7106309969251288
7257.511030006115,0.431426542500027,0.7107646020771256
7262.225502554403,0.4320384338336931,0.7108980839118456
7266.939975102691,0.43264866752244274,0.7110314425999424
7271.65444765098,0.43325725210932686,0.7111646783117549
7276.368920199268,0.4338641960666112,0.7112977912173081
7281.083392747556,0.4344695077966048,0.7114307814863132
7285.7978652958445,0.43507319563247815,0.7115636492881697
7290.512337844133,0.43567526783906557,0.7116963947919647
7295.226810392422,0.4362757326136596,0.7118290181664739
7299.94128294071,0.43687459808678986,0.7119615195801633
7304.655755488999,0.43747187232299295,0.7120938992011887
7309.370228037287,0.4380675633215686,0.7122261571973971
7314.084700585576,0.4386616790173265,0.7123582937363271
7318.799173133863,0.43925422728132096,0.7124903089852099
7323.513645682152,0.43984521592157505,0.7126222031109696
7328.2281182304405,0.4404346526837935,0.7127539762802243
7332.942590778729,0.4410225452520665,0.7128856286592867
7337.657063327018,0.4416089012495614,0.7130171604141646
7342.371535875305,0.44219372823920616,0.7131485717105618
7347.086008423594,0.4427770337243618,0.7132798627138787
7351.800480971882,0.44335882514948455,0.713411033589213
7356.514953520171,0.44393910990078006,0.7135420845013604
7361.229426068459,0.4445178953068474,0.7136730156148154
7365.943898616748,0.44509518863931274,0.713803827093772
7370.658371165036,0.4456709971134564,0.7139345191021241
7375.372843713325,0.44624532788882865,0.7140650918034662
7380.087316261613,0.4468181880698577,0.7141955453610946
7384.801788809901,0.44738958470644974,0.7143258799380077
7389.51626135819,0.4479595247945794,0.7144560956969065
7394.230733906478,0.4485280152768723,0.7145861928001955
7398.945206454766,0.4490950630431797,0.7147161714099834
7403.659679003054,0.44966067493114525,0.7148460316880841
7408.374151551343,0.45022485772676285,0.7149757737960164
7413.0886240996315,0.45078761816492796,0.7151053978950056
7417.80309664792,0.4513489629299807,0.7152349041459838
7422.517569196209,0.4519088986562416,0.7153642927095908
7427.232041744497,0.45246743192853983,0.7154935637461741
7431.946514292786,0.45302456928273416,0.7156227174157904
7436.660986841073,0.45358031720622727,0.7157517538782059
7441.375459389362,0.45413468213847297,0.715880673292897
7446.08993193765,0.4546876704714752,0.7160094758190504
7450.804404485939,0.4552392885502827,0.7161381616155651
7455.518877034227,0.45578954267347493,0.7162667308410515
7460.233349582515,0.456338439093642,0.716395183653833
7464.947822130804,0.4568859840178598,0.7165235202119468
7469.662294679092,0.4574321836081553,0.7166517406731434
7474.376767227381,0.4579770439819693,0.7167798451948888
7479.091239775669,0.4585205712126108,0.7169078339343639
7483.805712323958,0.45906277132970624,0.7170357070484656
7488.520184872246,0.4596036503196422,0.7171634646938078
7493.234657420535,0.46014321412600323,0.7172911070267214
7497.9491299688225,0.46068146865000287,0.717418634203255
7502.663602517111,0.4612184197509099,0.7175460463791764
7507.3780750654,0.4617540732464684,0.7176733437099723
7512.092547613688,0.46228843491331234,0.7178005263508487
7516.807020161977,0.4628215104873759,0.7179275944567328
7521.521492710264,0.46335330566429683,0.7180545481822724
7526.235965258553,0.4638838260998159,0.7181813876818375
7530.950437806841,0.46441307741017046,0.71830811310952
7535.66491035513,0.46494106517248346,0.7184347246191349
7540.379382903418,0.46546779492514706,0.7185612223642209
7545.093855451707,0.46599327216820186,0.7186876064980406
7549.8083279999955,0.46651750236371103,0.7188138771735817
7554.522800548283,0.46704049093612937,0.7189400345435573
7559.237273096572,0.4675622432726685,0.7190660787604065
7563.95174564486,0.4680827647236567,0.7191920099762951
7568.666218193149,0.46860206060289455,0.7193178283431161
7573.380690741437,0.4691201361880064,0.7194435340124906
7578.095163289725,0.46963699672078696,0.719569127135768
7582.8096358380135,0.47015264740754387,0.719694607864027
7587.524108386302,0.47066709341943563,0.7198199763480756
7592.238580934591,0.4711803398928064,0.7199452327384527
7596.953053482879,0.47169239192951506,0.7200703771854278
7601.667526031168,0.4722032545972617,0.7201954098390018
7606.381998579456,0.4727129329299093,0.7203203308489081
7611.096471127745,0.4732214319278018,0.7204451403646125
7615.810943676032,0.4737287565580777,0.7205698385353141
7620.525416224321,0.47423491175498134,0.7206944255099464
7625.239888772609,0.474739902420168,0.7208189014371766
7629.954361320898,0.475243733423008,0.7209432664654079
7634.6688338691865,0.4757464096008851,0.7210675207427785
7639.383306417474,0.476247935759492,0.7211916644171628
7644.097778965763,0.476748316673123,0.7213156976361729
7648.812251514051,0.4772475570849615,0.7214396205471574
7653.52672406234,0.47774566170736626,0.7215634332972036
7658.241196610628,0.47824263522215166,0.721687136033137
7662.955669158917,0.4787384822808677,0.7218107289015224
7667.670141707205,0.4792332075050734,0.7219342120486646
7672.384614255494,0.4797268154866099,0.7220575856206084
7677.099086803782,0.48021931078786795,0.7221808497631396
7681.81355935207,0.4807106979420548,0.7223040046217857
7686.528031900359,0.4812009814534549,0.7224270503418162
7691.242504448647,0.4816901657976903,0.722549987068243
7695.956976996935,0.48217825542197656,0.7226728149458216
7700.671449545223,0.48266525474537625,0.722795534119051
7705.385922093512,0.483151168159049,0.7229181447321745
7710.1003946418,0.48363600002649926,0.7230406469291806
7714.814867190089,0.48411975468382046,0.7231630408538031
7719.5293397383775,0.48460243643993767,0.7232853266495217
7724.243812286666,0.4850840495768458,0.7234075044595629
7728.958284834955,0.4855645983498466,0.7235295744269005
7733.672757383242,0.48604408698778157,0.7236515366942554
7738.387229931531,0.48652251969326393,0.7237733914040976
7743.101702479819,0.4869999006429059,0.7238951386986452
7747.816175028108,0.4874762339875452,0.7240167787198662
7752.530647576396,0.48795152385246815,0.7241383116094783
7757.245120124684,0.4884257743376299,0.7242597375089496
7761.959592672973,0.4888989895178739,0.7243810565594992
7766.674065221261,0.48937117344314623,0.7245022689020982
7771.38853776955,0.48984233013871,0.7246233746774694
7776.103010317838,0.490312463605356,0.7247443740260884
7780.817482866127,0.49078157781961146,0.7248652670881841
7785.531955414415,0.4912496767339468,0.7249860540037387
7790.246427962704,0.4917167642769788,0.7251067349124894
7794.960900510991,0.49218284435367343,0.7252273099539279
7799.67537305928,0.49264792084554526,0.7253477792673011
7804.3898456075685,0.49311199761085445,0.7254681429916119
7809.104318155857,0.49357507848480237,0.7255884012656199
7813.818790704145,0.4940371672797249,0.7257085542278413
7818.533263252433,0.4944982677852836,0.7258286020165501
7823.247735800722,0.494958383768654,0.7259485447697781
7827.96220834901,0.4954175189747133,0.7260683826253159
7832.676680897299,0.495875677126225,0.726188115720713
7837.391153445587,0.496332861924022,0.7263077441932786
7842.105625993876,0.4967890770471871,0.7264272681800819
7846.8200985421645,0.49724432615323283,0.7265466878179532
7851.534571090452,0.49769861287827794,0.7266660032434833
7856.249043638741,0.49815194083722303,0.7267852145930254
7860.963516187029,0.49860431362392366,0.7269043220026944
7865.677988735318,0.49905573481136195,0.7270233256083684
7870.392461283606,0.49950620795181655,0.7271422255456882
7875.106933831894,0.49995573657703024,0.7272610219500591
7879.821406380182,0.5004043241983763,0.7273797149566502
7884.535878928471,0.5008519743070232,0.7274983047003952
7889.2503514767595,0.5012986903740966,0.727616791315994
7893.964824025048,0.5017444758508408,0.7277351749379112
7898.679296573337,0.5021893341687783,0.7278534557003786
7903.393769121625,0.502633268739867,0.7279716337373944
7908.108241669914,0.5030762829566566,0.7280897091827244
7912.822714218201,0.5035183801924424,0.7282076821699021
7917.53718676649,0.5039595638014196,0.7283255528322292
7922.251659314778,0.5043998371188325,0.7284433213027767
7926.966131863067,0.5048392034611258,0.7285609877143847
7931.680604411355,0.5052776661260918,0.728678552199663
7936.395076959643,0.5057152283930182,0.7287960148909921
7941.109549507932,0.5061518935228316,0.7289133759205232
7945.82402205622,0.506587664758243,0.7290306354201787
7950.538494604509,0.5070225453238885,0.729147793521653
7955.252967152797,0.5074565384264709,0.7292648503564129
7959.967439701086,0.5078896472548988,0.7293818060556979
7964.681912249374,0.5083218749804248,0.7294986607505208
7969.396384797662,0.5087532247567815,0.7296154145716683
7974.1108573459505,0.5091836997203177,0.7297320676497016
7978.825329894239,0.509613302990131,0.7298486201149562
7983.539802442528,0.5100420376682013,0.7299650720975431
7988.254274990816,0.5104699068395214,0.7300814237273493
7992.968747539104,0.5108969135722272,0.7301976751340377
7997.683220087392,0.5113230609177263,0.7303138264470479
8002.397692635681,0.5117483519108247,0.7304298777955969
8007.112165183969,0.5121727895698542,0.7305458293086794
8011.826637732258,0.5125963768967958,0.7306616811150681
8016.5411102805465,0.513019116877404,0.7307774333433145
8021.255582828835,0.5134410124813292,0.730893086121749
8025.970055377124,0.5138620666622387,0.7310086395784816
8030.684527925412,0.5142822823579366,0.7311240938414024
8035.3990004737,0.5147016624904832,0.7312394490381824
8040.113473021988,0.5151202099663121,0.7313547052962729
8044.827945570277,0.5155379276763469,0.7314698627429072
8049.5424181185645,0.5159548184961165,0.7315849215051003
8054.256890666853,0.5163708852858699,0.7316998817096497
8058.9713632151415,0.5167861308906891,0.7318147434831358
8063.68583576343,0.5172005581406008,0.731929506951922
8068.400308311719,0.5176141698506879,0.7320441722421561
8073.114780860007,0.5180269688211995,0.7321587394797697
8077.829253408296,0.5184389578376597,0.732273208790479
8082.543725956584,0.5188501396709756,0.7323875802997859
8087.258198504873,0.5192605170775438,0.7325018541329774
8091.97267105316,0.5196700927993569,0.7326160304151271
8096.687143601449,0.5200788695641078,0.7327301092710948
8101.4016161497375,0.5204868500852935,0.7328440908255274
8106.116088698025,0.5208940370623184,0.732957975202859
8110.830561246314,0.5213004331805964,0.7330717625273121
8115.545033794602,0.5217060411116511,0.7331854529228976
8120.259506342891,0.5221108635132162,0.7332990465134146
8124.973978891179,0.522514903029335,0.7334125434224518
8129.688451439468,0.5229181622904577,0.7335259437733878
8134.402923987756,0.5233206439135394,0.733639247689391
8139.117396536045,0.5237223505021361,0.7337524552934208
8143.831869084333,0.5241232846465004,0.7338655667082274
8148.546341632622,0.5245234489236754,0.7339785820563526
8153.26081418091,0.5249228458975894,0.7340915014601297
8157.975286729198,0.5253214781191484,0.7342043250416851
8162.689759277487,0.5257193481263274,0.7343170529229376
8167.404231825774,0.5261164584442621,0.7344296852255993
8172.118704374063,0.5265128115853398,0.734542222071176
8176.833176922351,0.5269084100492878,0.7346546635809678
8181.54764947064,0.5273032563232626,0.7347670098760689
8186.2621220189285,0.5276973528819381,0.7348792610773691
8190.976594567217,0.5280907021875917,0.7349914173055535
8195.691067115506,0.5284833066901918,0.7351034786811026
8200.405539663794,0.5288751688274825,0.7352154453242935
8205.120012212083,0.5292662910250686,0.7353273173552004
8209.83448476037,0.5296566756964994,0.735439094893694
8214.54895730866,0.5300463252433525,0.7355507780594431
8219.263429856946,0.530435242055315,0.7356623669719142
8223.977902405237,0.5308234285102674,0.7357738617503726
8228.692374953524,0.531210886974362,0.735885262513882
8233.406847501812,0.5315976198021055,0.7359965693813058
8238.1213200501,0.5319836293364372,0.7361077824713065
8242.83579259839,0.5323689179088084,0.7362189019023477
8247.550265146678,0.5327534878392601,0.7363299277926928
8252.264737694966,0.5331373414365017,0.7364408602604063
8256.979210243255,0.5335204809979862,0.7365516994233544
8261.693682791543,0.5339029088099876,0.7366624453992048
8266.408155339832,0.5342846271476758,0.7367730983054275
8271.122627888119,0.5346656382751913,0.736883658259295
8275.837100436409,0.5350459444457202,0.7369941253778836
8280.551572984696,0.5354255479015662,0.7371044997780717
8285.266045532984,0.5358044508742251,0.7372147815765431
8289.980518081273,0.5361826555844562,0.7373249708897848
8294.694990629561,0.5365601642423538,0.7374350678340887
8299.40946317785,0.5369369790474184,0.7375450725255525
8304.123935726138,0.5373131021886277,0.7376549850800784
8308.838408274427,0.537688535844505,0.7377648056133754
8313.552880822715,0.5380632821831898,0.7378745342409583
8318.267353371004,0.5384373433625056,0.7379841710781487
8322.981825919293,0.538810721530028,0.7380937162400758
8327.696298467581,0.5391834188231521,0.7382031698416754
8332.410771015868,0.5395554373691599,0.7383125319976924
8337.125243564158,0.5399267792852861,0.7384218028226793
8341.839716112445,0.540297446678783,0.7385309824309976
8346.554188660733,0.5406674416469879,0.7386400709368177
8351.268661209022,0.541036766277385,0.7387490684541199
8355.98313375731,0.5414054226476717,0.738857975096694
8360.697606305599,0.5417734128258208,0.7389667909781409
8365.412078853888,0.5421407388701441,0.7390755162118713
8370.126551402176,0.5425074028293548,0.7391841509111076
8374.841023950465,0.542873406742629,0.7392926951888837
8379.555496498753,0.5432387526396676,0.7394011491580452
8384.269969047042,0.5436034425407572,0.7395095129312501
8388.98444159533,0.5439674784568304,0.7396177866209691
8393.698914143617,0.5443308623895249,0.739725970339486
8398.413386691907,0.5446935963312454,0.7398340641988981
8403.127859240194,0.5450556822652188,0.7399420683111164
8407.842331788483,0.5454171221655563,0.7400499827878664
8412.556804336771,0.5457779179973085,0.740157807740688
8417.27127688506,0.5461380717165246,0.7402655432809362
8421.985749433348,0.5464975852703091,0.7403731895197813
8426.700221981637,0.5468564605968776,0.7404807465682096
8431.414694529925,0.5472146996256135,0.7405882145370234
8436.129167078214,0.5475723042771237,0.7406955935368414
8440.843639626502,0.5479292764632934,0.7408028836780999
8445.558112174791,0.5482856180873408,0.7409100850710516
8450.27258472308,0.5486413310438717,0.7410171978257671
8454.987057271366,0.5489964172189332,0.7411242220521356
8459.701529819657,0.5493508784900673,0.7412311578598643
8464.416002367943,0.5497047167263627,0.7413380053584788
8469.130474916232,0.5500579337885092,0.741444764657325
8473.84494746452,0.5504105315288487,0.7415514358655674
8478.559420012809,0.5507625117914265,0.7416580190921908
8483.273892561097,0.5511138764120439,0.7417645144459999
8487.988365109386,0.5514646272183077,0.7418709220356207
8492.702837657675,0.5518147660296816,0.7419772419694998
8497.417310205963,0.5521642946575358,0.7420834743559053
8502.131782754252,0.5525132149051971,0.7421896193029269
8506.846255302538,0.5528615285679975,0.7422956769184769
8511.560727850829,0.553209237433324,0.7424016473102898
8516.275200399115,0.5535563432806656,0.7425075305859228
8520.989672947404,0.5539028478816637,0.7426133268527567
8525.704145495693,0.5542487530001574,0.7427190362179956
8530.418618043981,0.5545940603922327,0.7428246587886677
8535.13309059227,0.5549387718062682,0.7429301946716252
8539.847563140558,0.5552828889829828,0.7430356439735459
8544.562035688847,0.5556264136554809,0.7431410068009314
8549.276508237135,0.5559693475492994,0.7432462832601097
8553.990980785424,0.5563116923824523,0.7433514734572338
8558.705453333712,0.5566534498654764,0.7434565774982834
8563.419925882,0.5569946217014758,0.7435615954890644
8568.134398430288,0.5573352095861666,0.7436665275352093
8572.848870978578,0.5576752152079216,0.7437713737421783
8577.563343526865,0.5580146402478124,0.7438761342152588
8582.277816075153,0.5583534863796551,0.743980809059566
8586.992288623442,0.5586917552700515,0.7440853983800437
8591.70676117173,0.5590294485784331,0.7441899022814638
8596.421233720019,0.5593665679571029,0.7442943208684274
8601.135706268307,0.5597031150512781,0.744398654245365
8605.850178816596,0.5600390914991314,0.7445029025165365
8610.564651364884,0.5603744989318329,0.744607065786032
8615.279123913173,0.5607093389735909,0.7447111441577714
8619.993596461461,0.5610436132416933,0.7448151377355061
8624.70806900975,0.5613773233465474,0.7449190466228179
8629.422541558037,0.5617104708917212,0.7450228709231203
8634.137014106327,0.5620430574739825,0.745126610739658
8638.851486654614,0.5623750846833384,0.7452302661755081
8643.565959202902,0.5627065541030758,0.7453338373335806
8648.280431751191,0.5630374673097992,0.745437324316617
8652.99490429948,0.5633678258734706,0.7455407272271931
8657.709376847768,0.5636976313574463,0.7456440461677172
8662.423849396057,0.5640268853185172,0.7457472812404318
8667.138321944345,0.5643555893069453,0.7458504325474135
8671.852794492634,0.5646837448665013,0.7459535001905729
8676.567267040922,0.5650113535345032,0.7460564842716562
8681.28173958921,0.5653384168418513,0.7461593848922433
8685.9962121375,0.5656649363130672,0.7462622021537513
8690.710684685786,0.5659909134663286,0.7463649361574314
8695.425157234076,0.5663163498135068,0.7464675870043718
8700.139629782363,0.5666412468602013,0.7465701547954969
8704.854102330652,0.5669656061057772,0.746672639631568
8709.56857487894,0.5672894290433992,0.7467750416131833
8714.283047427229,0.5676127171600673,0.7468773608407783
8718.997519975517,0.5679354719366523,0.7469795974146265
8723.711992523806,0.5682576948479294,0.7470817514348393
8728.426465072094,0.5685793873626135,0.7471838230013665
8733.140937620383,0.5689005509433929,0.7472858122139967
8737.855410168671,0.5692211870469633,0.7473877191723575
8742.569882716958,0.5695412971240619,0.7474895439759157
8747.284355265248,0.5698608826195003,0.7475912867239782
8751.998827813535,0.5701799449721976,0.7476929475156916
8756.713300361826,0.5704984856152144,0.7477945264500427
8761.427772910112,0.5708165059757836,0.7478960236258593
8766.1422454584,0.5711340074753452,0.74799743914181
8770.85671800669,0.5714509915295766,0.7480987730964047
8775.571190554978,0.5717674595484256,0.748200025587995
8780.285663103266,0.572083412936142,0.7483011967147742
8785.000135651555,0.5723988530913091,0.7484022865747783
8789.714608199843,0.5727137814068751,0.7485032952658852
8794.429080748132,0.5730281992701842,0.7486042228858163
8799.14355329642,0.5733421080630073,0.7487050695321359
8803.858025844707,0.5736555091615727,0.748805835302252
8808.572498392998,0.5739684039365974,0.7489065202934163
8813.286970941284,0.5742807937533154,0.7490071246027243
8818.001443489573,0.5745926799715099,0.7491076483271166
8822.715916037861,0.5749040639455419,0.7492080915633782
8827.43038858615,0.5752149470243797,0.7493084544081393
8832.144861134439,0.575525330551629,0.7494087369578751
8836.859333682727,0.5758352158655613,0.7495089393089073
8841.573806231016,0.5761446042991439,0.7496090615574026
8846.288278779304,0.5764534971800673,0.7497091037993747
8851.002751327593,0.5767618958307751,0.7498090661306839
8855.717223875881,0.5770698015684913,0.7499089486470369
8860.43169642417,0.5773772157052497,0.7500087514439883
8865.146168972457,0.5776841395479202,0.7501084746169395
8869.860641520747,0.5779905743982386,0.7502081182611406
8874.575114069034,0.5782965215528322,0.7503076824716891
8879.289586617322,0.5786019823032487,0.7504071673435314
8884.00405916561,0.5789069579359827,0.7505065729714622
8888.7185317139,0.5792114497325027,0.7506058994501256
8893.433004262188,0.5795154589692786,0.7507051468740151
8898.147476810476,0.5798189869178073,0.7508043153374734
8902.861949358765,0.5801220348446403,0.7509034049346938
8907.576421907053,0.5804246040114087,0.751002415759719
8912.290894455342,0.5807266956748509,0.7511013479064431
8917.00536700363,0.5810283110868373,0.7512002014686106
8921.719839551919,0.5813294514943961,0.7512989765398171
8926.434312100206,0.5816301181397395,0.7513976732135095
8931.148784648496,0.5819303122602894,0.751496291582987
8935.863257196783,0.5822300350887009,0.7515948317414002
8940.577729745071,0.5825292878528893,0.7516932937817524
8945.29220229336,0.5828280717760539,0.7517916777968991
8950.006674841648,0.5831263880767035,0.7518899838795493
8954.721147389937,0.5834242379686797,0.7519882121222645
8959.435619938225,0.5837216226611828,0.7520863626174602
8964.150092486514,0.5840185433587947,0.7521844354574054
8968.864565034803,0.5843150012615039,0.7522824307342232
8973.579037583091,0.5846109975647293,0.752380348539891
8978.29351013138,0.5849065334593433,0.7524781889662413
8983.007982679668,0.5852016101316959,0.7525759521049604
8987.722455227955,0.5854962287636379,0.7526736380475911
8992.436927776245,0.5857903905325449,0.752771246885531
8997.151400324532,0.5860840966113388,0.7528687787100333
9001.86587287282,0.5863773481685127,0.7529662336122079
9006.580345421109,0.5866701463681524,0.7530636116830204
9011.294817969398,0.5869624923699592,0.7531609130132935
9016.009290517686,0.5872543873292732,0.7532581376937063
9020.723763065975,0.5875458323970946,0.7533552858147959
9025.438235614263,0.5878368287201067,0.753452357466956
9030.152708162552,0.5881273774406974,0.7535493527404385
9034.86718071084,0.588417479696982,0.7536462717253533
9039.581653259127,0.5887071366228236,0.7537431145116685
9044.296125807417,0.5889963493478562,0.753839881189211
9049.010598355704,0.5892851189975049,0.7539365718476662
9053.725070903993,0.5895734466930085,0.7540331865765789
9058.439543452281,0.5898613335514395,0.7541297254653534
9063.15401600057,0.5901487806857263,0.7542261886032535
9067.868488548858,0.5904357892046729,0.7543225760794031
9072.582961097147,0.590722360212981,0.7544188879827862
9077.297433645435,0.5910084948112698,0.7545151244022476
9082.011906193724,0.5912941940960968,0.7546112854264924
9086.726378742012,0.5915794591599782,0.7547073711440873
9091.440851290301,0.5918642910914091,0.75480338164346
9096.15532383859,0.592148690974884,0.7548993170128998
9100.869796386876,0.5924326598909158,0.7549951773405582
9105.584268935167,0.5927161989160574,0.7550909627144485
9110.298741483453,0.5929993091229192,0.7551866732224466
9115.013214031742,0.5932819915801912,0.755282308952291
9119.72768658003,0.5935642473526604,0.7553778699915833
9124.442159128319,0.5938460775012314,0.755473356427788
9129.156631676608,0.5941274830829452,0.7555687683482335
9133.871104224896,0.5944084651509983,0.7556641058401118
9138.585576773185,0.594689024754762,0.7557593689904786
9143.300049321473,0.5949691629398012,0.7558545578862543
9148.014521869762,0.5952488807478925,0.7559496726142237
9152.72899441805,0.5955281792170442,0.7560447132610366
9157.443466966339,0.5958070593815135,0.7561396799132074
9162.157939514625,0.5960855222718254,0.7562345726571162
9166.872412062916,0.5963635689147918,0.7563293915790089
9171.586884611203,0.596641200333528,0.7564241367649968
9176.301357159491,0.5969184175474724,0.7565188083010574
9181.01582970778,0.5971952215724033,0.7566134062730351
9185.730302256068,0.5974716134204576,0.7567079307666401
9190.444774804357,0.5977475941001479,0.7568023818674502
9195.159247352645,0.59802316461638,0.7568967596609102
9199.873719900934,0.5982983259704715,0.7569910642323319
9204.588192449222,0.5985730791601681,0.7570852956668954
9209.30266499751,0.5988474251796609,0.7571794540496483
9214.0171375458,0.5991213650196047,0.7572735394655065
9218.731610094088,0.5993948996671334,0.7573675519992545
9223.446082642375,0.5996680301058785,0.7574614917355452
9228.160555190665,0.5999407573159856,0.7575553587589007
9232.875027738952,0.60021308227413,0.7576491531537123
9237.58950028724,0.6004850059535347,0.7577428750042404
9242.303972835529,0.600756529323987,0.7578365243946156
9247.018445383817,0.6010276533518539,0.7579301014088381
9251.732917932106,0.601298379000099,0.7580236061307786
9256.447390480394,0.601568707228299,0.758117038644178
9261.161863028683,0.6018386389926595,0.7582103990326482
9265.876335576972,0.6021081752460317,0.7583036873796716
9270.59080812526,0.6023773169379268,0.7583969037686024
9275.305280673549,0.602646065014534,0.7584900482826656
9280.019753221837,0.6029144204187344,0.7585831210049587
9284.734225770124,0.6031823840901177,0.7586761220184505
9289.448698318414,0.6034499569649976,0.7587690514059823
9294.163170866701,0.603717139976427,0.7588619092502674
9298.87764341499,0.6039839340542135,0.7589546956338928
9303.592115963278,0.604250340124935,0.7590474106393172
9308.306588511567,0.6045163591119544,0.7591400543488734
9313.021061059855,0.6047819919354352,0.7592326268447674
9317.735533608144,0.6050472395123561,0.7593251282090786
9322.450006156432,0.6053121027565258,0.7594175585237604
9327.16447870472,0.6055765825785986,0.7595099178706406
9331.87895125301,0.6058406798860886,0.759602206331421
9336.593423801296,0.6061043955833839,0.7596944239876785
9341.307896349586,0.6063677305717626,0.7597865709208647
9346.022368897873,0.6066306857494055,0.7598786472123059
9350.736841446162,0.6068932620114118,0.7599706529432043
9355.45131399445,0.6071554602498129,0.7600625881946378
9360.165786542739,0.6074172813535867,0.7601544530475594
9364.880259091027,0.6076787262086718,0.7602462475827988
9369.594731639316,0.6079397956979813,0.7603379718810617
9374.309204187604,0.6082004907014171,0.7604296260229304
9379.023676735893,0.6084608120958839,0.7605212100888644
9383.738149284181,0.6087207607553022,0.7606127241591994
9388.45262183247,0.6089803375506232,0.7607041683141491
9393.167094380758,0.6092395433498414,0.7607955426338043
9397.881566929045,0.6094983790180089,0.7608868471981334
9402.596039477336,0.6097568454172485,0.7609780820869831
9407.310512025622,0.610014943406767,0.7610692473800782
9412.02498457391,0.6102726738428689,0.7611603431570216
9416.7394571222,0.6105300375789696,0.7612513694972953
9421.453929670488,0.6107870354656083,0.76134232648026
9426.168402218776,0.6110436683504611,0.7614332141851553
9430.882874767065,0.6112999370783546,0.7615240326911004
9435.597347315354,0.6115558424912778,0.7616147820770939
9440.311819863642,0.6118113854283961,0.7617054624220144
9445.02629241193,0.6120665667260632,0.7617960738046204
9449.74076496022,0.6123213872178346,0.7618866163035505
9454.455237508508,0.6125758477344794,0.7619770899973242
9459.169710056794,0.6128299491039934,0.7620674949643411
9463.884182605085,0.6130836921516117,0.7621578312828823
9468.598655153372,0.6133370776998208,0.7622480990311098
9473.31312770166,0.6135901065683712,0.7623382982870672
9478.027600249949,0.6138427795742891,0.7624284291286793
9482.742072798237,0.61409509753189,0.762518491633753
9487.456545346526,0.6143470612527888,0.7626084858799774
9492.171017894814,0.614598671545914,0.7626984119449236
9496.885490443103,0.614849929217518,0.7627882699060453
9501.599962991391,0.6151008350711902,0.762878059840679
9506.31443553968,0.6153513899078681,0.7629677818260442
9511.028908087968,0.6156015945258496,0.7630574359392434
9515.743380636257,0.6158514497208045,0.7631470222572625
9520.457853184544,0.6161009562857862,0.763236540856971
9525.172325732834,0.6163501150112434,0.7633259918151225
9529.88679828112,0.616598926685031,0.7634153752083543
9534.60127082941,0.6168473920924233,0.7635046911131884
9539.315743377698,0.617095512016123,0.7635939396060308
9544.030215925986,0.6173432872362744,0.7636831207631726
9548.744688474275,0.6175907185304739,0.7637722346607894
9553.459161022563,0.6178378066737813,0.7638612813749424
9558.173633570852,0.6180845524387311,0.7639502609815778
9562.88810611914,0.6183309565953434,0.7640391735565276
9567.602578667429,0.618577019911135,0.7641280191755097
9572.317051215716,0.6188227431511304,0.7642167979141274
9577.031523764006,0.619068127077873,0.7643055098478712
9581.745996312293,0.6193131724514347,0.764394155052117
9586.460468860583,0.6195578800294287,0.764482733602128
9591.17494140887,0.6198022505670183,0.764571245573054
9595.889413957158,0.620046284816929,0.764659691039932
9600.603886505447,0.6202899835294579,0.7647480700776863
9605.318359053736,0.6205333474524851,0.7648363827611285
9610.032831602024,0.6207763773314839,0.7649246291649582
9614.747304150313,0.6210190739095314,0.7650128093637625
9619.461776698601,0.621261437927318,0.765100923432017
9624.17624924689,0.6215034701231593,0.7651889714440855
9628.890721795178,0.6217451712330049,0.7652769534742204
9633.605194343465,0.6219865419904492,0.7653648695965627
9638.319666891755,0.6222275831267418,0.7654527198851427
9643.034139440042,0.6224682953707968,0.7655405044138793
9647.74861198833,0.6227086794492038,0.7656282232565815
9652.46308453662,0.622948736086237,0.7657158764869473
9657.177557084908,0.6231884660038658,0.7658034641785647
9661.892029633196,0.6234278699217639,0.7658909864049116
9666.606502181485,0.6236669485573202,0.7659784432393565
9671.320974729773,0.6239057026256474,0.7660658347551577
9676.035447278062,0.6241441328395925,0.7661531610254644
9680.74991982635,0.6243822399097461,0.7662404221233169
9685.464392374639,0.6246200245444523,0.7663276181216462
9690.178864922927,0.6248574874498176,0.7664147490932743
9694.893337471214,0.6250946293297214,0.7665018151109151
9699.607810019505,0.6253314508858243,0.766588816247174
9704.322282567791,0.6255679528175784,0.766675752574548
9709.03675511608,0.6258041358222363,0.7667626241654264
9713.751227664368,0.6260400005948603,0.7668494310920905
9718.465700212657,0.626275547828332,0.7669361734267143
9723.180172760945,0.6265107782133605,0.7670228512413642
9727.894645309234,0.6267456924384933,0.7671094646079994
9732.609117857523,0.6269802911901237,0.7671960135984726
9737.323590405811,0.6272145751525005,0.7672824982845289
9742.0380629541,0.6274485450077374,0.7673689187378077
9746.752535502388,0.6276822014358212,0.7674552750298415
9751.467008050677,0.6279155451146211,0.7675415672320566
9756.181480598963,0.6281485767198978,0.7676277954157738
9760.895953147254,0.6283812969253117,0.7677139596522076
9765.61042569554,0.6286137064024321,0.7678000600124669
9770.324898243829,0.6288458058207458,0.7678860965675558
9775.039370792118,0.6290775958476656,0.7679720693883727
9779.753843340406,0.6293090771485393,0.7680579785457109
9784.468315888695,0.6295402503866578,0.7681438241102595
9789.182788436983,0.629771116223264,0.7682296061526022
9793.897260985272,0.6300016753175611,0.7683153247432188
9798.61173353356,0.6302319283267211,0.7684009799524849
9803.326206081849,0.6304618759058933,0.7684865718506718
9808.040678630137,0.6306915187082124,0.768572100507947
9812.755151178426,0.6309208573848069,0.7686575659943745
9817.469623726713,0.6311498925848074,0.7687429683799146
9822.184096275003,0.631378624955355,0.768828307734425
9826.89856882329,0.6316070551416091,0.7689135841276591
9831.613041371578,0.6318351837867557,0.7689987976292687
9836.327513919867,0.6320630115320159,0.7690839483088021
9841.041986468155,0.6322905390166531,0.7691690362357052
9845.756459016444,0.6325177668779816,0.769254061479322
9850.470931564732,0.6327446957513744,0.7693390241088938
9855.185404113021,0.6329713262702714,0.7694239241935603
9859.89987666131,0.6331976590661866,0.7695087618023594
9864.614349209598,0.6334236947687171,0.7695935370042274
9869.328821757885,0.6336494340055491,0.7696782498679992
9874.043294306175,0.6338748774024678,0.7697629004624086
9878.757766854462,0.6341000255833633,0.7698474888560881
9883.47223940275,0.6343248791702396,0.7699320151175698
9888.186711951039,0.6345494387832212,0.7700164793152849
9892.901184499327,0.6347737050405615,0.7701008815175642
9897.615657047616,0.6349976785586496,0.770185221792638
9902.330129595905,0.6352213599520189,0.770269500208637
9907.044602144193,0.6354447498333535,0.7703537168335917
9911.759074692482,0.6356678488134961,0.7704378717354328
9916.47354724077,0.6358906575014553,0.7705219649819915
9921.188019789059,0.6361131765044137,0.770605996641
9925.902492337347,0.6363354064277336,0.7706899667800908
9930.616964885634,0.636557347874966,0.7707738754667978
9935.331437433924,0.6367790014478569,0.7708577227685557
9940.045909982211,0.6370003677463547,0.7709415087527011
9944.7603825305,0.6372214473686179,0.7710252334864718
9949.474855078788,0.6374422409110209,0.7711088970370071
9954.189327627077,0.6376627489681628,0.7711924994713489
9958.903800175365,0.6378829721328733,0.7712760408564406
9963.618272723654,0.6381029109962201,0.771359521259128
9968.332745271942,0.638322566147516,0.7714429407461595
9973.04721782023,0.6385419381743259,0.7715262993841859
9977.76169036852,0.6387610276624734,0.7716095972397611
9982.476162916808,0.638979835196048,0.7716928343793416
9987.190635465096,0.6391983613574117,0.7717760108692874
9991.905108013383,0.6394166067272061,0.7718591267758615
9996.619580561674,0.6396345718843595,0.7719421821652308
10001.33405310996,0.6398522574060923,0.7720251771034656
10006.048525658249,0.6400696638679255,0.77210811165654
10010.762998206537,0.6402867918436865,0.7721909858903326
10015.477470754826,0.6405036419055153,0.7722737998706256
10020.191943303114,0.6407202146238721,0.7723565536631058
10024.906415851403,0.6409365105675432,0.7724392473333649
10029.620888399691,0.6411525303036477,0.7725218809468987
10034.33536094798,0.6413682743976447,0.7726044545691085
10039.049833496269,0.6415837434133383,0.7726869682653001
10043.764306044557,0.6417989379128858,0.7727694221006851
10048.478778592846,0.6420138584568028,0.7728518161403802
10053.193251141132,0.6422285056039703,0.7729341504494078
10057.907723689423,0.6424428799116408,0.773016425092696
10062.62219623771,0.6426569819354448,0.7730986401350787
10067.336668786,0.6428708122293969,0.7731807956412963
10072.051141334287,0.6430843713459019,0.7732628916759949
10076.765613882575,0.6432976598357619,0.7733449283037278
10081.480086430864,0.6435106782481814,0.7734269055889541
10086.194558979152,0.6437234271307744,0.7735088235960402
10090.90903152744,0.6439359070295696,0.7735906823892592
10095.62350407573,0.6441481184890177,0.7736724820327914
10100.337976624018,0.6443600620519965,0.7737542225907246
10105.052449172304,0.6445717382598172,0.7738359041270536
10109.766921720595,0.6447831476522308,0.7739175267056813
10114.481394268882,0.6449942907674338,0.7739990903904178
10119.195866817172,0.6452051681420741,0.7740805952449819
10123.910339365459,0.6454157803112569,0.7741620413329996
10128.624811913747,0.6456261278085512,0.7742434287180061
10133.339284462036,0.645836211165995,0.7743247574634445
10138.053757010324,0.6460460309141012,0.7744060276326667
10142.768229558613,0.646255587581864,0.7744872392889334
10147.482702106901,0.646464881696764,0.7745683924954139
10152.19717465519,0.6466739137847743,0.7746494873151869
10156.911647203477,0.6468826843703667,0.7747305238112405
10161.626119751767,0.6470911939765164,0.7748115020464721
10166.340592300054,0.6472994431247084,0.7748924220836882
10171.055064848344,0.6475074323349432,0.7749732839856062
10175.76953739663,0.6477151621257419,0.7750540878148523
10180.484009944921,0.6479226330141522,0.7751348336339633
10185.198482493208,0.6481298455157541,0.7752155215053861
10189.912955041496,0.6483368001446653,0.775296151491478
10194.627427589785,0.6485434974135462,0.775376723654507
10199.341900138073,0.6487499378336063,0.7754572380566518
10204.056372686362,0.6489561219146093,0.7755376947600018
10208.77084523465,0.6491620501648782,0.7756180938265577
10213.48531778294,0.6493677230913011,0.775698435318231
10218.199790331226,0.6495731411993364,0.7757787192968449
10222.914262879516,0.649778304993019,0.7758589458241343
10227.628735427803,0.6499832149749636,0.7759391149617451
10232.343207976093,0.6501878716463727,0.7760192267712358
10237.05768052438,0.6503922755070394,0.7760992813140764
10241.77215307267,0.6505964270553547,0.7761792786516492
10246.486625620957,0.6508003267883109,0.7762592188452487
10251.201098169246,0.6510039752015087,0.7763391019560821
10255.915570717534,0.6512073727891607,0.776418928045269
10260.630043265823,0.6514105200440978,0.776498697173842
10265.344515814111,0.6516134174577735,0.7765784094027461
10270.0589883624,0.6518160655202694,0.7766580647928402
10274.773460910688,0.6520184647203007,0.7767376634048958
10279.487933458975,0.6522206155452199,0.776817205299598
10284.202406007265,0.652422518481024,0.7768966905375455
10288.916878555552,0.652624174012357,0.7769761191792507
10293.631351103842,0.6528255826225174,0.7770554912851397
10298.34582365213,0.653026744793461,0.7771348069155528
10303.06029620042,0.6532276610058076,0.7772140661307445
10307.774768748706,0.6534283317388444,0.7772932689908831
10312.489241296995,0.6536287574705324,0.7773724155560523
10317.203713845283,0.6538289386775099,0.7774515058862496
10321.918186393572,0.6540288758350984,0.7775305400413876
10326.63265894186,0.6542285694173069,0.7776095180812936
10331.347131490149,0.6544280198968369,0.7776884400657107
10336.061604038438,0.6546272277450869,0.777767306054296
10340.776076586724,0.6548261934321578,0.7778461161066232
10345.490549135015,0.6550249174268573,0.7779248702821807
10350.205021683301,0.6552234001967039,0.7780035686403728
10354.919494231592,0.6554216422079332,0.77808221124052
10359.633966779878,0.6556196439255011,0.7781607981418582
10364.348439328167,0.6558174058130891,0.7782393294035397
10369.062911876455,0.6560149283331091,0.778317805084633
10373.777384424744,0.6562122119467076,0.7783962252441232
10378.491856973033,0.6564092571137706,0.7784745899409118
10383.206329521321,0.6566060642929279,0.778552899233817
10387.92080206961,0.6568026339415581,0.7786311531815737
10392.635274617898,0.6569989665157926,0.7787093518428345
10397.349747166187,0.6571950624705205,0.7787874952761682
10402.064219714473,0.6573909222593928,0.7788655835400615
10406.778692262764,0.6575865463348274,0.7789436166929188
10411.49316481105,0.6577819351480126,0.779021594793061
10416.20763735934,0.657977089148913,0.7790995178987278
10420.922109907628,0.6581720087862717,0.7791773860680764
10425.636582455916,0.6583666945076174,0.7792551993591822
10430.351055004205,0.6585611467592665,0.7793329578300382
10435.065527552493,0.6587553659863288,0.7794106615385566
10439.780000100782,0.6589493526327108,0.7794883105425673
10444.49447264907,0.6591431071411215,0.779565904899819
10449.208945197359,0.6593366299530747,0.7796434446679797
10453.923417745646,0.6595299215088951,0.7797209299046354
10458.637890293936,0.6597229822477216,0.7797983606672916
10463.352362842223,0.6599158126075114,0.7798757370133729
10468.066835390513,0.6601084130250452,0.7799530590002236
10472.7813079388,0.6603007839359298,0.7800303266851066
10477.49578048709,0.6604929257746045,0.7801075401252053
10482.210253035377,0.6606848389743425,0.7801846993776225
10486.924725583665,0.6608765239672577,0.7802618044993801
10491.639198131954,0.661067981184307,0.7803388555474216
10496.353670680242,0.6612592110552951,0.7804158525786092
10501.068143228531,0.6614502140088787,0.7804927956497264
10505.78261577682,0.6616409904725704,0.7805696848174765
10510.497088325108,0.6618315408727423,0.7806465201384836
10515.211560873395,0.6620218656346311,0.7807233016692926
10519.926033421685,0.6622119651823408,0.7808000294663693
10524.640505969972,0.6624018399388478,0.7808767035861002
10529.354978518262,0.6625914903260045,0.7809533240847933
10534.069451066549,0.6627809167645425,0.7810298910186775
10538.78392361484,0.6629701196740784,0.7811064044439034
10543.498396163126,0.6631590994731151,0.7811828644165432
10548.212868711415,0.6633478565790486,0.7812592709925902
10552.927341259703,0.6635363914081693,0.7813356242279604
10557.641813807992,0.6637247043756677,0.7814119241784909
10562.35628635628,0.6639127958956372,0.7814881708999417
10567.070758904569,0.6641006663810786,0.7815643644479945
10571.785231452857,0.6642883162439033,0.7816405048782534
10576.499704001144,0.6644757458949376,0.781716592246245
10581.214176549434,0.6646629557439264,0.7817926266074188
10585.928649097721,0.6648499461995365,0.7818686080171467
10590.643121646011,0.6650367176693612,0.781944536530724
10595.357594194298,0.6652232705599234,0.7820204122033686
10600.072066742589,0.6654096052766791,0.7820962350902215
10604.786539290875,0.6655957222240219,0.7821720052463474
10609.501011839164,0.6657816218052863,0.7822477227267342
10614.215484387452,0.6659673044227513,0.7823233875862934
10618.92995693574,0.6661527704776437,0.7823989998798603
10623.64442948403,0.6663380203701426,0.7824745596621937
10628.358902032318,0.6665230544993822,0.782550066987977
10633.073374580606,0.6667078732634563,0.782625521911817
10637.787847128893,0.6668924770594205,0.7827009244882451
10642.502319677184,0.6670768662832975,0.7827762747717173
10647.21679222547,0.6672610413300794,0.7828515728166136
10651.93126477376,0.6674450025937315,0.7829268186772388
10656.645737322047,0.6676287504671959,0.7830020124078224
10661.360209870336,0.6678122853423956,0.7830771540625192
10666.074682418624,0.6679956076102369,0.7831522436954085
10670.789154966913,0.6681787176606139,0.7832272813604949
10675.503627515202,0.6683616158824109,0.7833022671117084
10680.21810006349,0.6685443026635073,0.7833772010029042
10684.932572611779,0.6687267783907794,0.7834520830878633
10689.647045160067,0.6689090434501053,0.783526913420292
10694.361517708356,0.6690910982263671,0.7836016920538229
10699.075990256642,0.6692729431034553,0.783676419042014
10703.790462804933,0.6694545784642714,0.7837510944383498
10708.50493535322,0.6696360046907316,0.7838257182962405
10713.21940790151,0.6698172221637704,0.7839002906690229
10717.933880449797,0.6699982312633431,0.7839748116099603
10722.648352998085,0.6701790323684303,0.7840492811722422
10727.362825546374,0.6703596258570405,0.7841236994089852
10732.077298094662,0.670540012106213,0.7841980663732324
10736.79177064295,0.6707201914920221,0.7842723821179541
10741.50624319124,0.6709001643895797,0.7843466466960474
10746.220715739528,0.6710799311730392,0.7844208601603369
10750.935188287815,0.6712594922155976,0.7844950225635737
10755.649660836105,0.6714388478895003,0.7845691339584377
10760.364133384392,0.6716179985660424,0.7846431943975352
10765.078605932682,0.671796944615574,0.7847172039334006
10769.793078480969,0.6719756864075018,0.7847911626184961
10774.507551029259,0.6721542243102927,0.784865070505212
10779.222023577546,0.6723325586914773,0.7849389276458664
10783.936496125834,0.6725106899176527,0.7850127340927056
10788.650968674123,0.6726886183544857,0.7850864898979042
10793.365441222411,0.672866344366716,0.7851601951135655
10798.0799137707,0.6730438683181591,0.7852338497917211
10802.794386318988,0.6732211905717097,0.7853074539843311
10807.508858867277,0.6733983114893445,0.7853810077432849
10812.223331415564,0.6735752314321253,0.7854545111204003
10816.937803963854,0.6737519507602023,0.7855279641674247
10821.65227651214,0.673928469832817,0.7856013669360338
10826.366749060431,0.6741047890083048,0.7856747194778335
10831.081221608718,0.6742809086440986,0.7857480218443585
10835.795694157008,0.674456829096732,0.7858212740870734
10840.510166705295,0.6746325507218411,0.7858944762573721
10845.224639253584,0.6748080738741689,0.7859676284065785
10849.939111801872,0.6749833989075672,0.7860407305859463
10854.65358435016,0.6751585261750003,0.7861137828466591
10859.36805689845,0.6753334560285472,0.7861867852398309
10864.082529446738,0.6755081888194053,0.7862597378165058
10868.797001995026,0.6756827248978929,0.7863326406276581
10873.511474543313,0.6758570646134519,0.7864054937241926
10878.225947091603,0.676031208314651,0.7864782971569451
10882.94041963989,0.6762051563491887,0.7865510509766815
10887.65489218818,0.6763789090638958,0.7866237552340991
10892.369364736467,0.6765524668047382,0.7866964099798259
10897.083837284756,0.6767258299168207,0.7867690152644209
10901.798309833044,0.6768989987443882,0.7868415711383743
10906.512782381333,0.67707197363083,0.7869140776521077
10911.227254929621,0.6772447549186819,0.786986534855974
10915.94172747791,0.6774173429496287,0.787058942800258
10920.656200026198,0.6775897380645081,0.7871313015351755
10925.370672574487,0.6777619406033122,0.7872036111108747
10930.085145122775,0.6779339509051909,0.7872758715774353
10934.799617671062,0.6781057693084549,0.7873480829848689
10939.514090219353,0.6782773961505778,0.7874202453831198
10944.22856276764,0.6784488317681993,0.787492358822064
10948.94303531593,0.6786200764971275,0.7875644233515101
10953.657507864216,0.6787911306723421,0.787636439021199
10958.371980412505,0.6789619946279968,0.7877084058808042
10963.086452960793,0.6791326686974221,0.7877803239799319
10967.800925509082,0.6793031532131275,0.7878521933681212
10972.51539805737,0.6794734485068049,0.787924014094844
10977.229870605659,0.6796435549093311,0.7879957862095055
10981.944343153948,0.6798134727507699,0.7880675097614435
10986.658815702234,0.6799832023603749,0.7881391847999295
10991.373288250525,0.6801527440665929,0.7882108113741683
10996.087760798811,0.6803220981970652,0.788282389533298
11000.802233347102,0.6804912650786317,0.7883539193263905
11005.516705895388,0.6806602450373317,0.7884254008024514
11010.231178443679,0.6808290383984081,0.7884968340104199
11014.945650991966,0.6809976454863093,0.7885682189991693
11019.660123540254,0.6811660666246915,0.788639555817507
11024.374596088543,0.6813343021364215,0.7887108445141744
11029.089068636831,0.6815023523435797,0.7887820851378472
11033.80354118512,0.6816702175674615,0.7888532777371356
11038.518013733408,0.6818378981285809,0.7889244223605841
11043.232486281697,0.6820053943466726,0.788995519056672
11047.946958829983,0.6821727065406942,0.789066567873813
11052.661431378274,0.6823398350288292,0.7891375688603559
11057.37590392656,0.682506780128489,0.7892085220645843
11062.090376474851,0.6826735421563158,0.7892794275347169
11066.804849023138,0.6828401214281847,0.7893502853189074
11071.519321571428,0.6830065182592066,0.7894210954652451
11076.233794119715,0.6831727329637295,0.789491858021754
11080.948266668003,0.6833387658553427,0.7895625730363944
11085.662739216292,0.6835046172468776,0.7896332405570616
11090.37721176458,0.6836702874504111,0.7897038606315867
11095.091684312869,0.6838357767772677,0.7897744333077368
11099.806156861157,0.6840010855380213,0.7898449586332146
11104.520629409446,0.6841662140424988,0.7899154366556588
11109.235101957733,0.6843311625997811,0.7899858674226446
11113.949574506023,0.6844959315182069,0.7900562509816833
11118.66404705431,0.6846605211053735,0.7901265873802223
11123.3785196026,0.6848249316681405,0.7901968766656454
11128.092992150887,0.6849891635126311,0.7902671188852733
11132.807464699177,0.6851532169442351,0.790337314086363
11137.521937247464,0.6853170922676111,0.7904074623161086
11142.236409795752,0.6854807897866882,0.7904775636216407
11146.950882344041,0.6856443098046696,0.7905476180500273
11151.66535489233,0.685807652624033,0.7906176256482729
11156.379827440618,0.6859708185465347,0.7906875864633195
11161.094299988907,0.6861338078732108,0.7907575005420464
11165.808772537195,0.6862966209043796,0.7908273679312705
11170.523245085482,0.6864592579396444,0.7908971886777457
11175.237717633772,0.6866217192778948,0.7909669628281639
11179.952190182059,0.68678400521731,0.7910366904291544
11184.66666273035,0.68694611605536,0.7911063715272845
11189.381135278636,0.6871080520888085,0.7911760061690593
11194.095607826925,0.687269813613715,0.791245594400922
11198.810080375213,0.6874314009254366,0.791315136269254
11203.524552923502,0.6875928143186307,0.7913846318203747
11208.23902547179,0.687754054087257,0.7914540811005418
11212.953498020079,0.6879151205245791,0.7915234841559516
11217.667970568367,0.688076013923168,0.791592841032739
11222.382443116656,0.6882367345749026,0.7916621517769772
11227.096915664944,0.6883972827709733,0.7917314164346785
11231.811388213231,0.6885576588018831,0.7918006350517937
11236.525860761521,0.6887178629574505,0.7918698076742128
11241.240333309808,0.6888778955268108,0.7919389343477645
11245.954805858099,0.689037756798419,0.7920080151182172
11250.669278406385,0.6891974470600514,0.7920770500312779
11255.383750954674,0.689356966598808,0.7921460391325933
11260.098223502962,0.6895163157011143,0.7922149824677494
11264.81269605125,0.6896754946527235,0.792283880082272
11269.52716859954,0.6898345037387188,0.7923527320216263
11274.241641147828,0.689993343243515,0.7924215383312171
11278.956113696117,0.690152013450861,0.7924902990563891
11283.670586244403,0.6903105146438414,0.7925590142424274
11288.385058792694,0.6904688471048792,0.7926276839345568
11293.09953134098,0.690627011115737,0.7926963081779419
11297.81400388927,0.6907850069575198,0.7927648870176882
11302.528476437557,0.6909428349106761,0.7928334204988408
11307.242948985848,0.6911004952550012,0.7929019086663861
11311.957421534134,0.6912579882696378,0.7929703515652502
11316.671894082423,0.6914153142330791,0.7930387492403002
11321.386366630712,0.6915724734231703,0.7931071017363442
11326.100839179,0.6917294661171101,0.7931754090981306
11330.815311727289,0.691886292591454,0.793243671370349
11335.529784275577,0.6920429531221146,0.79331188859763
11340.244256823866,0.6921994479843651,0.7933800608245455
11344.958729372152,0.69235577745284,0.7934481880956079
11349.673201920443,0.6925119418015382,0.7935162704552721
11354.38767446873,0.6926679413038235,0.7935843079479332
11359.10214701702,0.692823776232428,0.7936523006179286
11363.816619565307,0.6929794468594529,0.7937202485095369
11368.531092113597,0.6931349534563714,0.7937881516669788
11373.245564661884,0.6932902962940295,0.7938560101344162
11377.960037210172,0.6934454756426488,0.7939238239559536
11382.67450975846,0.6936004917718278,0.7939915931756366
11387.38898230675,0.6937553449505443,0.794059317837454
11392.103454855038,0.6939100354471567,0.7941269979853356
11396.817927403326,0.6940645635294065,0.7941946336631545
11401.532399951615,0.6942189294644197,0.7942622249147252
11406.246872499902,0.6943731335187083,0.7943297717838056
11410.961345048192,0.6945271759581736,0.7943972743140956
11415.675817596479,0.6946810570481061,0.7944647325492376
11420.39029014477,0.6948347770531889,0.7945321465328173
11425.104762693056,0.6949883362374984,0.7945995163083629
11429.819235241346,0.6951417348645076,0.7946668419193454
11434.533707789633,0.6952949731970856,0.7947341234091793
11439.248180337921,0.6954480514975017,0.7948013608212213
11443.96265288621,0.6956009700274259,0.7948685541987727
11448.677125434499,0.6957537290479313,0.7949357035850769
11453.391597982787,0.6959063288194952,0.795002809023321
11458.106070531076,0.6960587696020016,0.7950698705566359
11462.820543079364,0.6962110516547427,0.795136888228096
11467.53501562765,0.6963631752364202,0.7952038620807188
11472.249488175941,0.6965151406051483,0.7952707921574667
11476.963960724228,0.6966669480184536,0.7953376785012446
11481.678433272518,0.6968185977332789,0.7954045211549025
11486.392905820805,0.696970090005983,0.7954713201612336
11491.107378369094,0.6971214250923441,0.7955380755629758
11495.821850917382,0.6972726032475604,0.7956047874028112
11500.53632346567,0.6974236247262522,0.7956714557233656
11505.25079601396,0.6975744897824635,0.7957380805672098
11509.965268562248,0.6977251986696643,0.7958046619768592
11514.679741110536,0.6978757516407513,0.7958711999947733
11519.394213658823,0.6980261489480503,0.7959376946633563
11524.108686207113,0.6981763908433177,0.7960041460249578
11528.8231587554,0.698326477577742,0.7960705541218714
11533.53763130369,0.698476409401946,0.7961369189963363
11538.252103851977,0.6986261865659877,0.7962032406905364
11542.966576400268,0.6987758093193628,0.7962695192466006
11547.681048948554,0.6989252779110052,0.7963357547066037
11552.395521496843,0.6990745925892905,0.796401947112565
11557.109994045131,0.6992237536020356,0.7964680965064496
11561.82446659342,0.6993727611965014,0.796534202930168
11566.538939141708,0.6995216156193946,0.7966002664255762
11571.253411689997,0.6996703171168689,0.7966662870344761
11575.967884238285,0.6998188659345267,0.7967322647986148
11580.682356786572,0.6999672623174206,0.796798199759686
11585.396829334863,0.7001155065100555,0.796864091959329
11590.11130188315,0.7002635987563894,0.7969299414391285
11594.82577443144,0.700411539299836,0.7969957482406163
11599.540246979726,0.7005593283832652,0.7970615124052696
11604.254719528017,0.7007069662490059,0.7971272339745126
11608.969192076303,0.7008544531388459,0.7971929129897147
11613.683664624592,0.7010017892940353,0.7972585494921933
11618.39813717288,0.7011489749552873,0.7973241435232109
11623.112609721169,0.7012960103627792,0.7973896951239777
11627.827082269458,0.7014428957561548,0.7974552043356498
11632.541554817746,0.7015896313745253,0.7975206711993307
11637.256027366035,0.7017362174564715,0.79758609575607
11641.970499914321,0.7018826542400449,0.7976514780468651
11646.684972462612,0.7020289419627693,0.7977168181126603
11651.399445010898,0.7021750808616422,0.7977821159943465
11656.113917559189,0.7023210711731367,0.7978473717327623
11660.828390107476,0.7024669131332028,0.7979125853686934
11665.542862655766,0.7026126069772688,0.7979777569428729
11670.257335204053,0.7027581529402428,0.7980428864959815
11674.971807752341,0.7029035512565147,0.7981079740686473
11679.68628030063,0.7030488021599569,0.7981730197014464
11684.400752848918,0.7031939058839263,0.7982380234349018
11689.115225397207,0.703338862661266,0.7983029853094853
11693.829697945495,0.7034836727243059,0.7983679053656159
11698.544170493784,0.7036283363048652,0.7984327836436611
11703.25864304207,0.7037728536342532,0.7984976201839359
11707.973115590361,0.703917224943271,0.7985624150267038
11712.687588138648,0.7040614504622128,0.7986271682121766
11717.402060686938,0.7042055304208679,0.7986918797805141
11722.116533235225,0.704349465048521,0.7987565497718248
11726.831005783513,0.7044932545739551,0.7988211782261654
11731.545478331802,0.7046368992254517,0.7988857651835415
11736.25995088009,0.7047803992307929,0.7989503106839068
11740.974423428379,0.7049237548172629,0.7990148147671644
11745.688895976667,0.7050669662116485,0.7990792774731658
11750.403368524956,0.7052100336402419,0.7991436988417112
11755.117841073245,0.7053529573288412,0.7992080789125505
11759.832313621533,0.7054957375027516,0.7992724177253819
11764.54678616982,0.7056383743867879,0.799336715319853
11769.26125871811,0.7057808682052749,0.7994009717355608
11773.975731266397,0.7059232191820487,0.7994651870120513
11778.690203814687,0.7060654275404592,0.7995293611888202
11783.404676362974,0.7062074935033702,0.7995934943053122
11788.119148911263,0.7063494172931616,0.7996575864009221
11792.833621459551,0.7064911991317308,0.7997216375149939
11797.54809400784,0.706632839240493,0.7997856476868214
11802.262566556128,0.706774337840384,0.7998496169556483
11806.977039104417,0.7069156951518607,0.7999135453606678
11811.691511652705,0.7070569113949028,0.799977432941024
11816.405984200992,0.7071979867890136,0.8000412797358096
11821.120456749282,0.7073389215532223,0.8001050857840687
11825.834929297569,0.7074797159060842,0.8001688511247947
11830.54940184586,0.7076203700656832,0.8002325757969317
11835.263874394146,0.707760884249632,0.8002962598393741
11839.978346942436,0.7079012586750746,0.8003599032909665
11844.692819490723,0.708041493558686,0.8004235061905044
11849.407292039012,0.7081815891166756,0.8004870685767334
11854.1217645873,0.7083215455647867,0.8005505904883498
11858.836237135589,0.708461363118299,0.8006140719640013
11863.550709683877,0.7086010419920289,0.8006775130422855
11868.265182232166,0.7087405824003317,0.8007409137617516
11872.979654780454,0.7088799845571022,0.8008042741608995
11877.694127328741,0.7090192486757767,0.8008675942781799
11882.408599877032,0.7091583749693338,0.800930874151995
11887.123072425318,0.7092973636502949,0.8009941138206981
11891.837544973609,0.7094362149307281,0.8010573133225936
11896.552017521895,0.7095749290222457,0.8011204726959376
11901.266490070186,0.709713506136009,0.8011835919789372
11905.980962618472,0.7098519464827271,0.8012466712097513
11910.695435166761,0.7099902502726596,0.8013097104264906
11915.40990771505,0.710128417715617,0.8013727096672169
11920.124380263338,0.7102664490209626,0.801435668969944
11924.838852811627,0.710404344397613,0.8014985883726378
11929.553325359915,0.7105421040540402,0.8015614679132158
11934.267797908204,0.7106797281982721,0.8016243076295474
11938.98227045649,0.7108172170378942,0.8016871075594543
11943.69674300478,0.7109545707800506,0.80174986774071
11948.411215553067,0.7110917896314451,0.8018125882110404
11953.125688101358,0.7112288737983431,0.801875269008124
11957.840160649645,0.7113658234865716,0.8019379101695909
11962.554633197935,0.7115026389015217,0.8020005117330243
11967.269105746222,0.7116393202481488,0.8020630737359595
11971.98357829451,0.7117758677309746,0.8021255962158845
11976.698050842799,0.7119122815540875,0.80218807921024
11981.412523391087,0.7120485619211446,0.8022505227564196
11986.126995939376,0.7121847090353725,0.8023129268917693
11990.841468487664,0.712320723099568,0.8023752916535879
11995.555941035953,0.7124566043161003,0.8024376170791278
12000.27041358424,0.7125923528869111,0.8024999032055936
12004.98488613253,0.7127279690135173,0.802562150070144
12009.699358680817,0.7128634528970098,0.8026243577098898
12014.413831229107,0.7129988047380573,0.8026865261618957
12019.128303777394,0.7131340247369053,0.8027486554631796
12023.842776325682,0.7132691130933788,0.8028107456507128
12028.55724887397,0.7134040700068823,0.8028727967614196
12033.27172142226,0.7135388956764019,0.8029348088321788
12037.986193970548,0.7136735903005058,0.8029967818998219
12042.700666518836,0.7138081540773455,0.8030587160011347
12047.415139067125,0.7139425872046573,0.8031206111728562
12052.129611615412,0.7140768898797633,0.8031824674516794
12056.844084163702,0.7142110622995721,0.8032442848742518
12061.558556711989,0.7143451046605805,0.8033060634771741
12066.27302926028,0.7144790171588747,0.8033678032970016
12070.987501808566,0.7146127999901304,0.8034295043702431
12075.701974356856,0.7147464533496152,0.803491166733362
12080.416446905143,0.7148799774321886,0.8035527904227762
12085.130919453431,0.7150133724323045,0.8036143754748573
12089.84539200172,0.7151466385440104,0.8036759219259317
12094.559864550009,0.7152797759609504,0.8037374298122805
12099.274337098297,0.7154127848763651,0.8037988991701387
12103.988809646586,0.7155456654830928,0.8038603300356967
12108.703282194874,0.7156784179735711,0.803921722445099
12113.417754743161,0.7158110425398377,0.8039830764344447
12118.132227291451,0.7159435393735316,0.8040443920397885
12122.846699839738,0.7160759086658934,0.8041056692971394
12127.561172388028,0.7162081506077679,0.8041669082424616
12132.275644936315,0.7163402653896037,0.8042281089116743
12136.990117484605,0.7164722532014552,0.8042892713406518
12141.704590032892,0.7166041142329831,0.8043503955652234
12146.41906258118,0.7167358486734556,0.804411481621174
12151.13353512947,0.7168674567117501,0.8044725295442438
12155.848007677758,0.7169989385363531,0.8045335393701281
12160.562480226046,0.717130294335362,0.8045945111344777
12165.276952774335,0.7172615242964862,0.8046554448728991
12169.991425322623,0.7173926286070473,0.8047163406209544
12174.70589787091,0.7175236074539818,0.8047771984141614
12179.4203704192,0.7176544610238402,0.8048380182879933
12184.134842967487,0.7177851895027894,0.8048988002778797
12188.849315515778,0.7179157930766129,0.8049595444192056
12193.563788064064,0.7180462719307127,0.8050202507473118
12198.278260612355,0.718176626250109,0.8050809192974959
12202.992733160641,0.718306856219443,0.8051415501050108
12207.70720570893,0.7184369620229762,0.8052021432050658
12212.421678257218,0.7185669438445923,0.8052626986328265
12217.136150805507,0.7186968018677984,0.8053232164234149
12221.850623353796,0.718826536275725,0.8053836966119088
12226.565095902084,0.7189561472511282,0.8054441392333432
12231.279568450373,0.7190856349763901,0.8055045443227091
12235.99404099866,0.7192149996335194,0.8055649119149542
12240.70851354695,0.7193442414041535,0.8056252420449826
12245.422986095236,0.7194733604695582,0.8056855347476555
12250.137458643527,0.7196023570106299,0.8057457900577906
12254.851931191813,0.7197312312078953,0.8058060080101622
12259.566403740102,0.7198599832415135,0.8058661886395022
12264.28087628839,0.7199886132912766,0.8059263319804987
12268.99534883668,0.7201171215366103,0.8059864380677972
12273.709821384968,0.7202455081565754,0.8060465069360003
12278.424293933256,0.7203737733298685,0.8061065386196679
12283.138766481545,0.7205019172348229,0.8061665331533164
12287.853239029833,0.72062994004941,0.8062264905714205
12292.567711578122,0.7207578419512393,0.8062864109084117
12297.282184126409,0.7208856231175604,0.8063462941986788
12301.996656674699,0.7210132837252636,0.8064061404765686
12306.711129222986,0.7211408239508803,0.8064659497763847
12311.425601771276,0.7212682439705851,0.8065257221323892
12316.140074319563,0.7213955439601953,0.8065854575788012
12320.854546867851,0.7215227240951729,0.8066451561497979
12325.56901941614,0.7216497845506256,0.8067048178795143
12330.283491964428,0.7217767255013066,0.8067644428020431
12334.997964512717,0.7219035471216165,0.8068240309514352
12339.712437061005,0.7220302495856047,0.8068835823616991
12344.426909609294,0.7221568330669685,0.8069430970668018
12349.14138215758,0.722283297739056,0.8070025751006683
12353.855854705871,0.7224096437748657,0.8070620164971817
12358.570327254158,0.722535871347048,0.8071214212901836
12363.284799802448,0.722661980627906,0.8071807895134738
12367.999272350735,0.7227879717893962,0.8072401212008103
12372.713744899025,0.72291384500313,0.80729941638591
12377.428217447312,0.7230396004403737,0.8073586751024479
12382.1426899956,0.7231652382720501,0.8074178973840578
12386.857162543889,0.723290758668739,0.8074770832643321
12391.571635092178,0.7234161618006788,0.8075362327768221
12396.286107640466,0.7235414478377662,0.8075953459550376
12401.000580188755,0.7236666169495579,0.8076544228324474
12405.715052737043,0.7237916693052716,0.8077134634424791
12410.42952528533,0.7239166050737864,0.8077724678185194
12415.14399783362,0.7240414244236439,0.807831435993914
12419.858470381907,0.7241661275230492,0.8078903680019676
12424.572942930197,0.7242907145398713,0.8079492638759442
12429.287415478484,0.7244151856416444,0.8080081236490669
12434.001888026774,0.7245395409955692,0.8080669473545182
12438.716360575061,0.7246637807685122,0.8081257350254399
12443.43083312335,0.7247879051270085,0.8081844866949331
12448.145305671638,0.7249119142372615,0.8082432023960585
12452.859778219927,0.7250358082651437,0.8083018821618364
12457.574250768215,0.7251595873761981,0.8083605260252462
12462.288723316504,0.7252832517356388,0.8084191340192279
12467.003195864792,0.7254068015083518,0.8084777061766802
12471.717668413079,0.7255302368588958,0.8085362425304622
12476.43214096137,0.7256535579515033,0.8085947431133929
12481.146613509656,0.7257767649500814,0.8086532079582505
12485.861086057947,0.725899858018212,0.8087116370977739
12490.575558606233,0.7260228373191535,0.808770030564662
12495.290031154524,0.7261457030158415,0.8088283883915733
12500.00450370281,0.7262684552708887,0.8088867106111267
12504.718976251099,0.7263910942465872,0.8089449972559014
12509.433448799387,0.7265136201049082,0.8090032483584366
12514.147921347676,0.7266360330075029,0.8090614639512322
12518.862393895964,0.7267583331157041,0.8091196440667482
12523.576866444253,0.7268805205905262,0.8091777887374052
12528.291338992542,0.7270025955926663,0.809235897995584
12533.005811540828,0.7271245582825053,0.8092939718736266
12537.720284089119,0.727246408820108,0.8093520104038351
12542.434756637405,0.7273681473652247,0.8094100136184723
12547.149229185696,0.7274897740772915,0.8094679815497621
12551.863701733982,0.7276112891154314,0.8095259142298887
12556.578174282271,0.7277326926384544,0.8095838116909979
12561.29264683056,0.7278539848048595,0.8096416739651956
12566.007119378848,0.7279751657728345,0.8096995010845491
12570.721591927137,0.7280962357002572,0.809757293081087
12575.436064475425,0.7282171947446958,0.8098150499867985
12580.150537023714,0.7283380430634105,0.8098727718336344
12584.865009572002,0.7284587808133534,0.8099304586535061
12589.57948212029,0.7285794081511698,0.8099881104782872
12594.293954668577,0.7286999252331987,0.8100457273398117
12599.008427216868,0.7288203322154738,0.810103309269876
12603.722899765155,0.728940629253724,0.8101608563002368
12608.437372313445,0.7290608165033747,0.8102183684626132
12613.151844861732,0.729180894119548,0.8102758457886854
12617.86631741002,0.7293008622570634,0.8103332883100958
12622.580789958309,0.7294207210704393,0.8103906960584477
12627.295262506597,0.7295404707138929,0.810448069065307
12632.009735054886,0.7296601113413419,0.8105054073622003
12636.724207603174,0.7297796431064041,0.8105627109806175
12641.438680151463,0.7298990661623989,0.810619979952009
12646.15315269975,0.730018380662348,0.8106772143077884
12650.86762524804,0.7301375867589767,0.8107344140793302
12655.582097796327,0.7302566846047126,0.8107915792979721
12660.296570344617,0.7303756743516889,0.810848709995013
12665.011042892904,0.7304945561517437,0.8109058062017146
12669.725515441194,0.7306133301564212,0.8109628679493007
12674.43998798948,0.7307319965169714,0.8110198952689573
12679.15446053777,0.7308505553843528,0.8110768881918332
12683.868933086058,0.7309690069092316,0.8111338467490389
12688.583405634346,0.7310873512419828,0.8111907709716479
12693.297878182635,0.7312055885326908,0.8112476608906966
12698.012350730924,0.7313237189311509,0.811304516537183
12702.726823279212,0.731441742586869,0.8113613379420688
12707.441295827499,0.7315596596490627,0.8114181251362776
12712.15576837579,0.7316774702666626,0.8114748781506964
12716.870240924076,0.7317951745883118,0.8115315970161745
12721.584713472366,0.7319127727623681,0.8115882817635246
12726.299186020653,0.732030264936903,0.8116449324235219
12731.013658568943,0.7321476512597043,0.811701549026905
12735.72813111723,0.7322649318782749,0.811758131604375
12740.442603665519,0.7323821069398354,0.8118146801865967
12745.157076213807,0.7324991765913231,0.8118711948041978
12749.871548762096,0.7326161409793938,0.8119276754877691
12754.586021310384,0.7327330002504221,0.811984122267865
12759.300493858673,0.7328497545505022,0.8120405351750026
12764.014966406961,0.7329664040254483,0.8120969142396635
12768.729438955248,0.7330829488207959,0.8121532594922914
12773.443911503538,0.7331993890818019,0.8122095709632946
12778.158384051825,0.7333157249534457,0.8122658486830444
12782.872856600115,0.7334319565804293,0.8123220926818757
12787.587329148402,0.7335480841071788,0.8123783029900872
12792.301801696693,0.7336641076778445,0.8124344796379412
12797.01627424498,0.7337800274363019,0.812490622655664
12801.730746793268,0.733895843526152,0.8125467320734454
12806.445219341556,0.7340115560907222,0.8126028079214394
12811.159691889845,0.7341271652730672,0.8126588502297637
12815.874164438133,0.7342426712159694,0.8127148590284999
12820.588636986422,0.7343580740619395,0.8127708343476941
12825.30310953471,0.7344733739532172,0.8128267762173561
12830.017582082997,0.7345885710317723,0.8128826846674597
12834.732054631288,0.7347036654393049,0.8129385597279433
12839.446527179574,0.7348186573172456,0.8129944014287093
12844.160999727865,0.7349335468067576,0.8130502097996246
12848.875472276151,0.7350483340487359,0.8131059848705201
12853.58994482444,0.7351630191838091,0.8131617266711916
12858.304417372728,0.7352776023523389,0.8132174352313989
12863.018889921017,0.7353920836944217,0.8132731105808666
12867.733362469306,0.7355064633498886,0.813328752749284
12872.447835017594,0.7356207414583068,0.8133843617663046
12877.162307565883,0.7357349181589795,0.8134399376615467
12881.87678011417,0.735848993590947,0.8134954804645936
12886.59125266246,0.735962967892987,0.8135509902049932
12891.305725210746,0.7360768412036155,0.8136064669122582
12896.020197759037,0.7361906136610876,0.8136619106158662
12900.734670307324,0.7363042854033973,0.8137173213452598
12905.449142855614,0.7364178565682793,0.8137726991298465
12910.1636154039,0.7365313272932089,0.813828043998999
12914.87808795219,0.7366446977154026,0.8138833559820547
12919.592560500478,0.7367579679718194,0.8139386351083168
12924.307033048766,0.7368711381991603,0.8139938814070532
12929.021505597055,0.73698420853387,0.814049094907497
12933.735978145343,0.7370971791121371,0.8141042756388469
12938.450450693632,0.7372100500698945,0.8141594236302668
12943.164923241919,0.7373228215428201,0.814214538910886
12947.879395790209,0.7374354936663383,0.8142696215097996
12952.593868338496,0.737548066575619,0.8143246714560675
12957.308340886786,0.7376605404055796,0.8143796887787157
12962.022813435073,0.7377729152908848,0.8144346735067354
12966.737285983363,0.7378851913659479,0.8144896256690843
12971.45175853165,0.7379973687649304,0.8145445452946846
12976.166231079938,0.7381094476217437,0.8145994324124252
12980.880703628227,0.7382214280700491,0.8146542870511605
12985.595176176515,0.7383333102432585,0.8147091092397105
12990.309648724804,0.738445094274535,0.8147638990068617
12995.024121273093,0.7385567802967935,0.8148186563813662
12999.738593821381,0.7386683684427015,0.8148733813919419
13004.453066369668,0.738779858844679,0.814928074067273
13009.167538917958,0.7388912516349004,0.8149827344360101
13013.882011466245,0.7390025469452937,0.8150373625267695
13018.596484014535,0.7391137449075419,0.8150919583681339
13023.310956562822,0.7392248456530833,0.8151465219886522
13028.025429111112,0.7393358493131122,0.8152010534168398
13032.739901659399,0.7394467560185796,0.8152555526811782
13037.454374207688,0.7395575659001932,0.8153100198101155
13042.168846755976,0.7396682790884189,0.8153644548320663
13046.883319304265,0.7397788957134808,0.8154188577754113
13051.597791852553,0.7398894159053614,0.8154732286684986
13056.312264400842,0.7399998397938035,0.8155275675396418
13061.02673694913,0.7401101675083088,0.8155818744171222
13065.741209497417,0.7402203991781408,0.8156361493291869
13070.455682045707,0.7403305349323233,0.8156903923040507
13075.170154593994,0.740440574899642,0.8157446033698945
13079.884627142284,0.7405505192086455,0.815798782554866
13084.599099690571,0.7406603679876441,0.8158529298870805
13089.31357223886,0.7407701213647127,0.8159070453946197
13094.028044787148,0.7408797794676896,0.8159611291055321
13098.742517335437,0.7409893424241777,0.8160151810478339
13103.456989883725,0.7410988103615451,0.8160692012495079
13108.171462432014,0.7412081834069255,0.8161231897385043
13112.885934980302,0.741317461687219,0.8161771465427404
13117.600407528591,0.7414266453290924,0.8162310716901007
13122.31488007688,0.7415357344589796,0.8162849652084371
13127.029352625166,0.7416447292030827,0.8163388271255685
13131.743825173457,0.741753629687372,0.8163926574692819
13136.458297721743,0.7418624360375872,0.8164464562673309
13141.172770270034,0.7419711483792367,0.8165002235474372
13145.88724281832,0.7420797668376001,0.8165539593372897
13150.601715366609,0.7421882915377267,0.8166076636645451
13155.316187914897,0.7422967226044371,0.8166613365568273
13160.030660463186,0.7424050601623243,0.8167149780417284
13164.745133011475,0.7425133043357526,0.816768588146808
13169.459605559763,0.7426214552488597,0.8168221668995933
13174.174078108052,0.7427295130255562,0.8168757143275797
13178.888550656338,0.7428374777895269,0.8169292304582298
13183.603023204629,0.742945349664231,0.816982715318975
13188.317495752915,0.7430531287729021,0.8170361689372141
13193.031968301206,0.7431608152385497,0.8170895913403137
13197.746440849493,0.7432684091839591,0.8171429825556088
13202.460913397783,0.7433759107316923,0.8171963426104025
13207.17538594607,0.7434833200040879,0.8172496715319661
13211.889858494358,0.7435906371232623,0.8173029693475388
13216.604331042647,0.7436978622111101,0.8173562360843282
13221.318803590935,0.7438049953893042,0.8174094717695101
13226.033276139224,0.7439120367792966,0.8174626764302286
13230.747748687512,0.7440189865023191,0.8175158500935965
13235.4622212358,0.7441258446793837,0.8175689927866948
13240.176693784088,0.7442326114312825,0.8176221045365727
13244.891166332378,0.7443392868785896,0.8176751853702482
13249.605638880665,0.74444587114166,0.8177282353147077
13254.320111428955,0.7445523643406313,0.8177812543969066
13259.034583977242,0.7446587665954236,0.8178342426437684
13263.749056525532,0.7447650780257403,0.8178872000821857
13268.463529073819,0.7448712987510684,0.8179401267390196
13273.178001622107,0.7449774288906792,0.8179930226411
13277.892474170396,0.7450834685636286,0.8180458878152258
13282.606946718684,0.7451894178887578,0.8180987222881645
13287.321419266973,0.7452952769846937,0.8181515260866528
13292.035891815261,0.7454010459698491,0.8182042992373963
13296.75036436355,0.7455067249624241,0.8182570417670695
13301.464836911837,0.7456123140804053,0.8183097537023158
13306.179309460127,0.7457178134415676,0.8183624350697483
13310.893782008414,0.7458232231634735,0.8184150858959485
13315.608254556704,0.7459285433634747,0.8184677062074676
13320.322727104991,0.7460337741587116,0.8185202960308258
13325.037199653281,0.7461389156661148,0.8185728553925127
13329.751672201568,0.7462439680024043,0.8186253843189871
13334.466144749857,0.7463489312840914,0.8186778828366774
13339.180617298145,0.746453805627478,0.8187303509719811
13343.895089846434,0.7465585911486579,0.8187827887512651
13348.609562394722,0.7466632879635168,0.8188351962008665
13353.32403494301,0.7467678961877329,0.818887573347091
13358.0385074913,0.7468724159367777,0.8189399202162145
13362.752980039586,0.7469768473259158,0.8189922368344824
13367.467452587876,0.7470811904702062,0.8190445232281095
13372.181925136163,0.7471854454845018,0.819096779423281
13376.896397684453,0.7472896124834512,0.819149005446151
13381.61087023274,0.7473936915814974,0.8192012013228439
13386.325342781029,0.7474976828928801,0.8192533670794541
13391.039815329317,0.7476015865316352,0.8193055027420454
13395.754287877606,0.7477054026115949,0.8193576083366517
13400.468760425894,0.7478091312463891,0.8194096838892774
13405.183232974183,0.7479127725494453,0.8194617294258962
13409.897705522471,0.7480163266339893,0.8195137449724523
13414.612178070758,0.7481197936130453,0.8195657305548597
13419.326650619048,0.7482231735994369,0.8196176861990029
13424.041123167335,0.7483264667057872,0.8196696119307365
13428.755595715626,0.7484296730445191,0.8197215077758849
13433.470068263912,0.7485327927278563,0.8197733737602435
13438.184540812203,0.7486358258678234,0.8198252099095775
13442.89901336049,0.7487387725762462,0.8198770162496226
13447.613485908778,0.7488416329647525,0.819928792806085
13452.327958457066,0.7489444071447723,0.8199805396046415
13457.042431005355,0.7490470952275385,0.8200322566709388
13461.756903553643,0.7491496973240872,0.8200839440305947
13466.471376101932,0.7492522135452581,0.8201356017091975
13471.18584865022,0.7493546440016949,0.8201872297323058
13475.900321198507,0.749456988803846,0.8202388281254495
13480.614793746798,0.7495592480619647,0.8202903969141284
13485.329266295084,0.7496614218861098,0.8203419361238135
13490.043738843375,0.749763510386146,0.8203934457799467
13494.758211391661,0.749865513671744,0.8204449259079403
13499.472683939952,0.7499674318523819,0.8204963765331779
13504.187156488239,0.7500692650373443,0.8205477976810137
13508.901629036527,0.7501710133357237,0.8205991893767732
13513.616101584816,0.7502726768564209,0.8206505516457527
13518.330574133104,0.7503742557081449,0.8207018845132195
13523.045046681393,0.7504757499994137,0.8207531880044118
13527.759519229681,0.7505771598385548,0.8208044621445394
13532.47399177797,0.7506784853337052,0.8208557069587828
13537.188464326257,0.7507797265928124,0.8209069224722941
13541.902936874547,0.7508808837236346,0.8209581087101965
13546.617409422834,0.7509819568337409,0.821009265697584
13551.331881971124,0.7510829460305118,0.821060393459523
13556.04635451941,0.75118385142114,0.82111149202105
13560.760827067701,0.7512846731126305,0.821162561407174
13565.475299615988,0.7513854112118008,0.821213601642875
13570.189772164276,0.751486065825282,0.8212646127531041
13574.904244712565,0.7515866370595187,0.8213155947627847
13579.618717260853,0.7516871250207693,0.8213665476968113
13584.333189809142,0.751787529815107,0.82141747158005
13589.04766235743,0.7518878515484195,0.8214683664373386
13593.762134905719,0.7519880903264102,0.8215192322934869
13598.476607454006,0.7520882462545978,0.8215700691732758
13603.191080002296,0.7521883194383177,0.8216208771014588
13607.905552550583,0.7522883099827209,0.8216716561027605
13612.620025098873,0.7523882179927762,0.8217224062018778
13617.33449764716,0.7524880435732694,0.8217731274234791
13622.048970195448,0.7525877868288039,0.8218238197922051
13626.763442743737,0.7526874478638017,0.8218744833326682
13631.477915292026,0.7527870267825031,0.8219251180694531
13636.192387840314,0.7528865236889671,0.8219757240271164
13640.906860388603,0.7529859386870728,0.8220263012301866
13645.621332936891,0.7530852718805183,0.8220768497031649
13650.33580548518,0.7531845233728224,0.8221273694705239
13655.050278033468,0.7532836932673244,0.8221778605567088
13659.764750581755,0.7533827816671841,0.8222283229861375
13664.479223130045,0.7534817886753837,0.8222787567831994
13669.193695678332,0.7535807143947263,0.8223291619722566
13673.908168226622,0.7536795589278373,0.8223795385776435
13678.622640774909,0.7537783223771651,0.8224298866236671
13683.337113323198,0.7538770048449807,0.8224802061346069
13688.051585871486,0.7539756064333784,0.8225304971347142
13692.766058419775,0.7540741272442767,0.8225807596482136
13697.480530968063,0.7541725673794177,0.8226309936993023
13702.195003516352,0.7542709269403685,0.8226811993121492
13706.90947606464,0.7543692060285208,0.8227313765108968
13711.623948612927,0.7544674047450916,0.8227815253196598
13716.338421161217,0.7545655231911239,0.8228316457625257
13721.052893709504,0.7546635614674865,0.8228817378635548
13725.767366257794,0.754761519674875,0.8229318016467804
13730.481838806081,0.7548593979138114,0.822981837136208
13735.196311354372,0.7549571962846453,0.8230318443558169
13739.910783902658,0.7550549148875535,0.8230818233295583
13744.625256450947,0.7551525538225414,0.8231317740813573
13749.339728999235,0.7552501131894422,0.8231816966351113
13754.054201547524,0.7553475930879182,0.823231591014691
13758.768674095812,0.7554449936174608,0.8232814572439401
13763.483146644101,0.7555423148773907,0.8233312953466757
13768.19761919239,0.7556395569668587,0.8233811053466874
13772.912091740676,0.7557367199848456,0.8234308872677386
13777.626564288967,0.7558338040301633,0.8234806411335658
13782.341036837253,0.7559308092014543,0.8235303669678783
13787.055509385544,0.7560277355971924,0.8235800647943592
13791.76998193383,0.7561245833156836,0.8236297346366646
13796.48445448212,0.7562213524550655,0.8236793765184243
13801.198927030408,0.7563180431133085,0.8237289904632411
13805.913399578696,0.7564146553882158,0.8237785764946919
13810.627872126985,0.7565111893774239,0.8238281346363262
13815.342344675273,0.7566076451784024,0.8238776649116676
13820.056817223562,0.7567040228884557,0.8239271673442131
13824.77128977185,0.7568003226047216,0.8239766419574333
13829.485762320139,0.7568965444241732,0.8240260887747723
13834.200234868425,0.7569926884436183,0.8240755078196483
13838.914707416716,0.7570887547597005,0.8241248991154527
13843.629179965003,0.7571847434688984,0.8241742626855508
13848.343652513293,0.7572806546675275,0.8242235985532818
13853.05812506158,0.7573764884517393,0.8242729067419585
13857.77259760987,0.7574722449175224,0.8243221872748677
13862.487070158157,0.7575679241607023,0.8243714401752702
13867.201542706445,0.7576635262769421,0.8244206654664004
13871.916015254734,0.7577590513617432,0.8244698631714669
13876.630487803022,0.7578544995104445,0.8245190333136522
13881.34496035131,0.7579498708182242,0.8245681759161129
13886.0594328996,0.7580451653800989,0.8246172910019794
13890.773905447888,0.7581403832909251,0.8246663785943568
13895.488377996175,0.7582355246453981,0.8247154387163237
13900.202850544465,0.758330589538054,0.8247644713909333
13904.917323092752,0.7584255780632688,0.8248134766412129
13909.631795641042,0.7585204903152593,0.8248624544901637
13914.346268189329,0.7586153263880832,0.8249114049607618
13919.060740737617,0.7587100863756397,0.8249603280759573
13923.775213285906,0.7588047703716698,0.8250092238586744
13928.489685834194,0.7588993784697566,0.8250580923318122
13933.204158382483,0.7589939107633251,0.8251069335182439
13937.918630930772,0.7590883673456437,0.8251557474408174
13942.63310347906,0.7591827483098232,0.8252045341223548
13947.347576027349,0.7592770537488187,0.8252532935856528
13952.062048575637,0.7593712837554282,0.8253020258534829
13956.776521123924,0.7594654384222943,0.825350730948591
13961.490993672214,0.7595595178419038,0.825399408893698
13966.205466220501,0.7596535221065882,0.8254480597114987
13970.919938768791,0.7597474513085246,0.8254966834246634
13975.634411317078,0.7598413055397348,0.8255452800558367
13980.348883865367,0.759935084892087,0.8255938496276382
13985.063356413655,0.7600287894572952,0.8256423921626622
13989.777828961944,0.7601224193269198,0.825690907683478
13994.492301510232,0.760215974592368,0.8257393962126293
13999.20677405852,0.7603094553448941,0.8257878577726355
14003.92124660681,0.7604028616756,0.8258362923859905
14008.635719155096,0.760496193675435,0.8258847000751631
14013.350191703386,0.7605894514351966,0.8259330808625975
14018.064664251673,0.7606826350455308,0.8259814347707124
14022.779136799963,0.7607757445969324,0.8260297618219024
14027.49360934825,0.7608687801797449,0.8260780620385362
14032.20808189654,0.7609617418841614,0.8261263354429588
14036.922554444827,0.7610546298002246,0.8261745820574893
14041.637026993116,0.7611474440178273,0.826222801904423
14046.351499541404,0.7612401846267127,0.8262709950060296
14051.065972089693,0.7613328517164745,0.8263191613845549
14055.780444637981,0.7614254453765572,0.8263673010622196
14060.49491718627,0.7615179656962572,0.8264154140612195
14065.209389734558,0.7616104127647216,0.8264635004037265
14069.923862282845,0.7617027866709504,0.8265115601118878
14074.638334831136,0.7617950875037949,0.8265595932078253
14079.352807379422,0.7618873153519596,0.8266075997136373
14084.067279927713,0.761979470304002,0.8266555796513971
14088.781752476,0.7620715524483319,0.8267035330431538
14093.49622502429,0.7621635618732135,0.8267514599109324
14098.210697572576,0.7622554986667643,0.826799360276733
14102.925170120865,0.762347362916956,0.8268472341625316
14107.639642669154,0.7624391547116148,0.8268950815902798
14112.354115217442,0.7625308741384217,0.8269429025819053
14117.06858776573,0.7626225212849125,0.8269906971593111
14121.78306031402,0.7627140962384785,0.8270384653443764
14126.497532862308,0.7628055990863667,0.8270862071589561
14131.212005410594,0.76289702991568,0.827133922624881
14135.926477958885,0.7629883888133774,0.8271816117639575
14140.640950507172,0.7630796758662748,0.8272292745979686
14145.355423055462,0.7631708911610446,0.8272769111486724
14150.069895603749,0.7632620347842167,0.8273245214378039
14154.784368152039,0.7633531068221785,0.8273721054870737
14159.498840700326,0.7634441073611746,0.8274196633181685
14164.213313248616,0.7635350364873082,0.8274671949527511
14168.927785796903,0.763625894286541,0.8275147004124603
14173.64225834519,0.7637166808446928,0.8275621797189116
14178.35673089348,0.7638073962474431,0.827609632893696
14183.071203441767,0.7638980405803298,0.8276570599583812
14187.785675990057,0.7639886139287512,0.8277044609345112
14192.500148538344,0.764079116377965,0.827751835843606
14197.214621086634,0.7641695480130889,0.8277991847071622
14201.92909363492,0.7642599089191017,0.8278465075466526
14206.643566183211,0.7643501991808422,0.8278938043835266
14211.358038731498,0.7644404188830106,0.8279410752392098
14216.072511279788,0.7645305681101687,0.8279883201351044
14220.786983828075,0.7646206469467394,0.828035539092589
14225.501456376365,0.7647106554770077,0.8280827321330191
14230.215928924652,0.7648005937851207,0.8281298992777262
14234.930401472939,0.7648904619550883,0.8281770405480187
14239.644874021229,0.7649802600707829,0.8282241559651816
14244.359346569516,0.7650699882159402,0.8282712455504766
14249.073819117806,0.7651596464741588,0.8283183093251423
14253.788291666093,0.7652492349289014,0.8283653473103934
14258.502764214383,0.7653387536634944,0.8284123595274218
14263.21723676267,0.7654282027611283,0.8284593459973961
14267.93170931096,0.7655175823048584,0.828506306741462
14272.646181859247,0.7656068923776045,0.8285532417807415
14277.360654407537,0.7656961330621517,0.828600151136334
14282.075126955824,0.76578530444115,0.8286470348293153
14286.789599504114,0.7658744065971155,0.8286938928807388
14291.504072052401,0.7659634396124297,0.8287407253116343
14296.218544600688,0.766052403569341,0.8287875321430088
14300.933017148978,0.7661412985499634,0.8288343133958463
14305.647489697265,0.7662301246362782,0.8288810690911081
14310.361962245555,0.7663188819101334,0.8289277992497326
14315.076434793842,0.7664075704532446,0.8289745038926347
14319.790907342132,0.7664961903471946,0.8290211830407072
14324.50537989042,0.7665847416734344,0.8290678367148199
14329.21985243871,0.7666732245132828,0.8291144649358196
14333.934324986996,0.7667616389479269,0.8291610677245307
14338.648797535287,0.766849985058423,0.8292076451017545
14343.363270083573,0.7669382629256956,0.8292541970882701
14348.07774263186,0.767026472630539,0.8293007237048332
14352.79221518015,0.7671146142536168,0.829347224972178
14357.506687728437,0.767202687875462,0.829393700911015
14362.221160276727,0.7672906935764781,0.829440151542033
14366.935632825014,0.7673786314369385,0.8294865768858976
14371.650105373305,0.7674665015369874,0.8295329769632521
14376.364577921591,0.7675543039566395,0.8295793517947179
14381.079050469882,0.7676420387757812,0.8296257014008933
14385.793523018168,0.7677297060741693,0.8296720258023541
14390.507995566459,0.7678173059314332,0.8297183250196545
14395.222468114745,0.7679048384270734,0.8297645990733256
14399.936940663036,0.767992303640463,0.8298108479838764
14404.651413211323,0.7680797016508472,0.8298570717717941
14409.36588575961,0.7681670325373441,0.8299032704575429
14414.0803583079,0.7682542963789447,0.8299494440615652
14418.794830856186,0.7683414932545131,0.8299955926042811
14423.509303404477,0.7684286232427867,0.8300417161060888
14428.223775952763,0.768515686422377,0.8300878145873638
14432.938248501054,0.7686026828717691,0.8301338880684602
14437.65272104934,0.7686896126693225,0.8301799365697095
14442.36719359763,0.7687764758932711,0.8302259601114211
14447.081666145918,0.7688632726217237,0.8302719587138832
14451.796138694208,0.768950002932664,0.8303179323973608
14456.510611242495,0.7690366669039508,0.830363881182098
14461.225083790785,0.7691232646133186,0.8304098050883164
14465.939556339072,0.7692097961383777,0.830455704136216
14470.654028887358,0.7692962615566142,0.8305015783459748
14475.368501435649,0.7693826609453909,0.8305474277377488
14480.082973983936,0.7694689943819464,0.8305932523316725
14484.797446532226,0.7695552619433967,0.8306390521478586
14489.511919080513,0.7696414637067348,0.8306848272063979
14494.226391628803,0.7697275997488305,0.8307305775273593
14498.94086417709,0.7698136701464318,0.8307763031307908
14503.65533672538,0.7698996749761639,0.8308220040367177
14508.369809273667,0.7699856143145302,0.8308676802651442
14513.084281821957,0.7700714882379126,0.8309133318360533
14517.798754370244,0.7701572968225712,0.8309589587694055
14522.513226918534,0.7702430401446452,0.8310045610851408
14527.227699466821,0.7703287182801524,0.8310501388031766
14531.942172015108,0.7704143313049903,0.8310956919434097
14536.656644563398,0.7704998792949357,0.8311412205257153
14541.371117111685,0.770585362325645,0.8311867245699467
14546.085589659975,0.7706707804726551,0.831232204095936
14550.800062208262,0.7707561338113826,0.8312776591234944
14555.514534756552,0.7708414224171248,0.8313230896724111
14560.229007304839,0.7709266463650597,0.8313684957624545
14564.94347985313,0.7710118057302465,0.8314138774133716
14569.657952401416,0.7710969005876251,0.8314592346448877
14574.372424949706,0.7711819310120174,0.8315045674767076
14579.086897497993,0.7712668970781267,0.8315498759285143
14583.801370046283,0.7713517988605382,0.8315951600199701
14588.51584259457,0.7714366364337194,0.8316404197707157
14593.230315142857,0.7715214098720201,0.8316856552003712
14597.944787691147,0.771606119249673,0.8317308663285351
14602.659260239434,0.7716907646407932,0.8317760531747853
14607.373732787724,0.7717753461193796,0.8318212157586784
14612.088205336011,0.7718598637593136,0.8318663540997502
14616.802677884301,0.771944317634361,0.8319114682175152
14621.517150432588,0.7720287078181707,0.8319565581314672
14626.231622980878,0.7721130343842765,0.8320016238610791
14630.946095529165,0.7721972974060956,0.8320466654258032
14635.660568077456,0.7722814969569304,0.8320916828450703
14640.375040625742,0.7723656331099678,0.8321366761382907
14645.089513174029,0.7724497059382794,0.8321816453248538
14649.80398572232,0.7725337155148227,0.8322265904241288
14654.518458270606,0.77261766191244,0.8322715114554632
14659.232930818896,0.7727015452038596,0.8323164084381846
14663.947403367183,0.7727853654616956,0.8323612813915992
14668.661875915474,0.7728691227584484,0.8324061303349932
14673.37634846376,0.7729528171665045,0.832450955287632
14678.09082101205,0.7730364487581375,0.83249575626876
14682.805293560337,0.773120017605507,0.8325405332976015
14687.519766108628,0.7732035237806604,0.83258528639336
14692.234238656914,0.7732869673555318,0.8326300155752184
14696.948711205205,0.7733703484019436,0.8326747208623394
14701.663183753491,0.773453666991605,0.832719402273865
14706.377656301778,0.7735369231961138,0.8327640598289168
14711.092128850069,0.7736201170869555,0.8328086935465961
14715.806601398355,0.7737032487355044,0.8328533034459837
14720.521073946646,0.7737863182130233,0.8328978895461402
14725.235546494932,0.7738693255906637,0.8329424518661054
14729.950019043223,0.7739522709394663,0.8329869904248993
14734.66449159151,0.774035154330361,0.8330315052415215
14739.3789641398,0.7741179758341674,0.8330759963349512
14744.093436688087,0.7742007355215944,0.8331204637241477
14748.807909236377,0.7742834334632414,0.8331649074280497
14753.522381784664,0.7743660697295973,0.8332093274655759
14758.236854332954,0.7744486443910424,0.8332537238556249
14762.95132688124,0.7745311575178464,0.8332980966170752
14767.665799429527,0.7746136091801705,0.8333424457687851
14772.380271977818,0.7746959994480671,0.8333867713295929
14777.094744526104,0.7747783283914792,0.833431073318317
14781.809217074395,0.7748605960802419,0.8334753517537553
14786.523689622682,0.7749428025840817,0.8335196066546865
14791.238162170972,0.7750249479726167,0.8335638380398688
14795.952634719259,0.7751070323153578,0.8336080459280403
14800.667107267549,0.7751890556817077,0.8336522303379199
14805.381579815836,0.7752710181409618,0.8336963912882058
14810.096052364126,0.7753529197623082,0.8337405287975772
14814.810524912413,0.775434760614828,0.8337846428846927
14819.524997460703,0.7755165407674955,0.8338287335681914
14824.23947000899,0.7755982602891784,0.8338728008666928
14828.953942557277,0.7756799192486379,0.8339168447987966
14833.668415105567,0.7757615177145291,0.8339608653830825
14838.382887653854,0.7758430557554009,0.8340048626381107
14843.097360202144,0.7759245334396969,0.8340488365824219
14847.81183275043,0.7760059508357545,0.8340927872345368
14852.526305298721,0.7760873080118065,0.8341367146129569
14857.240777847008,0.7761686050359797,0.8341806187361638
14861.955250395298,0.7762498419762967,0.8342244996226195
14866.669722943585,0.7763310189006747,0.8342683572907666
14871.384195491875,0.776412135876927,0.8343121917590285
14876.098668040162,0.7764931929727622,0.8343560030458085
14880.813140588449,0.7765741902557848,0.8343997911694905
14885.52761313674,0.7766551277934955,0.8344435561484399
14890.242085685026,0.7767360056532913,0.8344872980010012
14894.956558233316,0.7768168239024655,0.8345310167455008
14899.671030781603,0.7768975826082083,0.8345747124002452
14904.385503329893,0.7769782818376068,0.8346183849835214
14909.09997587818,0.7770589216576448,0.8346620345135976
14913.81444842647,0.7771395021352041,0.834705661008722
14918.528920974757,0.7772200233370633,0.8347492644871244
14923.243393523047,0.7773004853298994,0.8347928449670149
14927.957866071334,0.7773808881802865,0.8348364024665841
14932.672338619624,0.7774612319546975,0.834879937004004
14937.386811167911,0.7775415167195032,0.8349234485974272
14942.101283716198,0.7776217425409732,0.834966937264987
14946.815756264488,0.7777019094852755,0.8350104030247982
14951.530228812775,0.7777820176184771,0.8350538458949557
14956.244701361065,0.7778620670065441,0.8350972658935361
14960.959173909352,0.7779420577153421,0.835140663038596
14965.673646457642,0.778021989810636,0.835184037348174
14970.38811900593,0.77810186335809,0.8352273888402896
14975.10259155422,0.778181678423269,0.8352707175329425
14979.817064102506,0.7782614350716373,0.8353140234441144
14984.531536650797,0.7783411333685598,0.8353573065917679
14989.246009199083,0.7784207733793017,0.835400566993846
14993.960481747374,0.7785003551690289,0.8354438046682738
14998.67495429566,0.7785798788028083,0.8354870196329574
15003.389426843947,0.7786593443456076,0.8355302119057834
15008.103899392238,0.7787387518622959,0.8355733815046203
15012.818371940524,0.7788181014176436,0.8356165284473177
15017.532844488815,0.778897393076323,0.8356596527517064
15022.247317037101,0.7789766269029076,0.8357027544355983
15026.961789585392,0.7790558029618737,0.8357458335167872
15031.676262133678,0.7791349213175991,0.8357888900130475
15036.390734681969,0.7792139820343644,0.8358319239421356
15041.105207230255,0.7792929851763526,0.8358749353217888
15045.819679778546,0.7793719308076495,0.8359179241697263
15050.534152326833,0.7794508189922438,0.8359608905036483
15055.248624875123,0.7795296497940274,0.8360038343412367
15059.96309742341,0.7796084232767954,0.8360467557001549
15064.677569971696,0.7796871395042465,0.8360896545980475
15069.392042519987,0.779765798539983,0.8361325310525413
15074.106515068273,0.7798444004475114,0.8361753850812438
15078.820987616564,0.7799229452902418,0.8362182167017448
15083.53546016485,0.7800014331314886,0.8362610259316156
15088.24993271314,0.7800798640344712,0.8363038127884086
15092.964405261428,0.7801582380623129,0.8363465772896584
15097.678877809718,0.7802365552780423,0.8363893194528811
15102.393350358005,0.7803148157445924,0.8364320392955747
15107.107822906295,0.7803930195248022,0.8364747368352187
15111.822295454582,0.7804711666814155,0.8365174120892742
15116.536768002872,0.7805492572770817,0.8365600650751843
15121.251240551159,0.7806272913743559,0.8366026958103742
15125.965713099446,0.7807052690356991,0.8366453043122503
15130.680185647736,0.7807831903234786,0.8366878905982013
15135.394658196023,0.7808610552999676,0.8367304546855976
15140.109130744313,0.780938864027346,0.8367729965917915
15144.8236032926,0.7810166165677002,0.8368155163341172
15149.53807584089,0.7810943129830233,0.836858013929891
15154.252548389177,0.7811719533352157,0.836900489396411
15158.967020937467,0.7812495376860845,0.8369429427509575
15163.681493485754,0.7813270660973446,0.8369853740107925
15168.395966034044,0.781404538630618,0.83702778319316
15173.110438582331,0.7814819553474345,0.8370701703152866
15177.824911130618,0.7815593163092319,0.8371125353943806
15182.539383678908,0.781636621577356,0.8371548784476323
15187.253856227195,0.7817138712130606,0.8371971994922142
15191.968328775485,0.7817910652775082,0.8372394985452813
15196.682801323772,0.7818682038317695,0.8372817756239702
15201.397273872062,0.7819452869368242,0.8373240307454002
15206.111746420349,0.782022314653561,0.8373662639266726
15210.82621896864,0.7820992870427773,0.837408475184871
15215.540691516926,0.7821762041651801,0.8374506645370612
15220.255164065216,0.7822530660813857,0.8374928320002912
15224.969636613503,0.7823298728519198,0.8375349775915917
15229.684109161793,0.7824066245372184,0.8375771013279754
15234.39858171008,0.7824833211976269,0.8376192032264371
15239.113054258367,0.782559962893401,0.837661283303955
15243.827526806657,0.782636549684707,0.8377033415774885
15248.541999354944,0.782713081631621,0.83774537806398
15253.256471903234,0.7827895587941305,0.8377873927803545
15257.970944451521,0.7828659812321331,0.8378293857435193
15262.685416999811,0.7829423490054378,0.8378713569703641
15267.399889548098,0.7830186621737646,0.8379133064777611
15272.114362096389,0.7830949207967448,0.8379552342825654
15276.828834644675,0.7831711249339212,0.8379971404016141
15281.543307192966,0.7832472746447481,0.8380390248517275
15286.257779741252,0.7833233699885916,0.8380808876497079
15290.972252289543,0.7833994110247305,0.8381227288123408
15295.68672483783,0.7834753978123544,0.838164548356394
15300.401197386116,0.7835513304105665,0.8382063462986182
15305.115669934406,0.7836272088783814,0.8382481226557466
15309.830142482693,0.7837030332747275,0.8382898774444948
15314.544615030984,0.7837788036584447,0.838331610681562
15319.25908757927,0.7838545200882868,0.8383733223836297
15323.97356012756,0.7839301826229206,0.8384150125673622
15328.688032675847,0.7840057913209257,0.8384566812494062
15333.402505224138,0.7840813462407957,0.838498328446392
15338.116977772424,0.7841568474409376,0.8385399541749323
15342.831450320715,0.7842322949796723,0.8385815584516229
15347.545922869002,0.7843076889152343,0.8386231412930422
15352.260395417292,0.7843830293057726,0.8386647027157517
15356.974867965579,0.7844583162093504,0.8387062427362958
15361.689340513865,0.7845335496839451,0.838747761371202
15366.403813062156,0.784608729787449,0.8387892586369807
15371.118285610442,0.7846838565776688,0.8388307345501252
15375.832758158733,0.7847589301123266,0.838872189127112
15380.54723070702,0.784833950449059,0.8389136223844006
15385.26170325531,0.7849089176454183,0.8389550343384334
15389.976175803597,0.7849838317588718,0.8389964250056362
15394.690648351887,0.7850586928468027,0.8390377944024177
15399.405120900174,0.7851335009665098,0.8390791425451698
15404.119593448464,0.7852082561752076,0.8391204694502677
15408.83406599675,0.7852829585300268,0.8391617751340694
15413.548538545041,0.7853576080880144,0.8392030596129165
15418.263011093328,0.7854322049061331,0.8392443229031337
15422.977483641615,0.7855067490412629,0.8392855650210288
15427.691956189905,0.7855812405502002,0.8393267859828932
15432.406428738192,0.7856556794896579,0.8393679858050013
15437.120901286482,0.785730065916266,0.8394091645036108
15441.835373834769,0.7858043998865719,0.839450322094963
15446.549846383059,0.7858786814570401,0.8394914585952821
15451.264318931346,0.785952910684052,0.8395325740207763
15455.978791479636,0.7860270876239076,0.8395736683876368
15460.693264027923,0.7861012123328237,0.839614741712038
15465.407736576213,0.7861752848669357,0.8396557940101383
15470.1222091245,0.7862493052822964,0.8396968252980792
15474.836681672787,0.7863232736348773,0.8397378355919858
15479.551154221077,0.786397189980568,0.8397788249079666
15484.265626769364,0.7864710543751765,0.8398197932621138
15488.980099317654,0.7865448668744297,0.8398607406705026
15493.69457186594,0.7866186275339733,0.8399016671491928
15498.409044414231,0.7866923364093715,0.8399425727142269
15503.123516962518,0.7867659935561082,0.8399834573816313
15507.837989510808,0.7868395990295862,0.8400243211674161
15512.552462059095,0.7869131528851276,0.8400651640875748
15517.266934607385,0.7869866551779746,0.840105986158085
15521.981407155672,0.7870601059632885,0.8401467873949073
15526.695879703962,0.7871335052961504,0.8401875678139872
15531.41035225225,0.787206853231562,0.8402283274312525
15536.124824800536,0.7872801498244447,0.8402690662626157
15540.839297348826,0.7873533951296403,0.8403097843239729
15545.553769897113,0.787426589201911,0.8403504816312035
15550.268242445403,0.7874997320959397,0.8403911582001715
15554.98271499369,0.7875728238663297,0.8404318140467245
15559.69718754198,0.7876458645676057,0.8404724491866935
15564.411660090267,0.787718854254213,0.8405130636358937
15569.126132638557,0.787791792980518,0.8405536574101244
15573.840605186844,0.7878646808008091,0.8405942305251685
15578.555077735135,0.7879375177692954,0.840634782996793
15583.269550283421,0.7880103039401078,0.8406753148407486
15587.984022831712,0.7880830393672993,0.8407158260727705
15592.698495379998,0.7881557241048444,0.8407563167085773
15597.412967928285,0.7882283582066397,0.8407967867638723
15602.127440476575,0.7883009417265041,0.840837236254342
15606.841913024862,0.788373474718179,0.8408776651956577
15611.556385573153,0.7884459572353277,0.8409180736034745
15616.27085812144,0.7885183893315367,0.8409584614934316
15620.98533066973,0.7885907710603149,0.8409988288811522
15625.699803218016,0.7886631024750943,0.8410391757822437
15630.414275766307,0.7887353836292297,0.841079502212298
15635.128748314593,0.7888076145759992,0.8411198081868907
15639.843220862884,0.7888797953686044,0.8411600937215818
15644.55769341117,0.78895192606017,0.8412003588319157
15649.27216595946,0.7890240067037447,0.8412406035334208
15653.986638507748,0.7890960373523005,0.8412808278416096
15658.701111056034,0.7891680180587336,0.8413210317719797
15663.415583604325,0.7892399488758642,0.8413612153400118
15668.130056152611,0.7893118298564366,0.8414013785611719
15672.844528700902,0.7893836610531191,0.84144152145091
15677.559001249188,0.7894554425185049,0.8414816440246603
15682.273473797479,0.7895271743051115,0.8415217462978415
15686.987946345766,0.7895988564653814,0.8415618282858568
15691.702418894056,0.7896704890516816,0.8416018900040938
15696.416891442343,0.7897420721163041,0.8416419314679245
15701.131363990633,0.7898136057114663,0.8416819526927053
15705.84583653892,0.7898850898893106,0.841721953693777
15710.560309087206,0.7899565247019049,0.8417619344864654
15715.274781635497,0.7900279102012429,0.84180189508608
15719.989254183783,0.7900992464392431,0.8418418355079158
15724.703726732074,0.790170533467751,0.8418817557672514
15729.41819928036,0.790241771338537,0.8419216558793507
15734.132671828651,0.7903129601032983,0.8419615358594618
15738.847144376938,0.7903840998136578,0.8420013957228175
15743.561616925228,0.790455190521165,0.8420412354846354
15748.276089473515,0.7905262322772957,0.8420810551601176
15752.990562021805,0.7905972251334525,0.8421208547644509
15757.705034570092,0.7906681691409649,0.8421606343128069
15762.419507118382,0.7907390643510888,0.8422003938203415
15767.133979666669,0.7908099108150073,0.8422401333021958
15771.848452214956,0.7908807085838306,0.8422798527734957
15776.562924763246,0.7909514577085967,0.8423195522493515
15781.277397311533,0.79102215824027,0.8423592317448585
15785.991869859823,0.7910928102297434,0.8423988912750967
15790.70634240811,0.7911634137278368,0.8424385308551311
15795.4208149564,0.7912339687852983,0.8424781505000113
15800.135287504687,0.7913044754528037,0.8425177502247722
15804.849760052977,0.7913749337809569,0.8425573300444329
15809.564232601264,0.79144534382029,0.8425968899739982
15814.278705149554,0.7915157056212635,0.842636430028457
15818.993177697841,0.7915860192342663,0.842675950222784
15823.707650246131,0.7916562847096158,0.8427154505719382
15828.422122794418,0.7917265020975581,0.8427549310908637
15833.136595342705,0.7917966714482684,0.8427943917944899
15837.851067890995,0.7918667928118505,0.842833832697731
15842.565540439282,0.7919368662383373,0.8428732538154862
15847.280012987572,0.7920068917776913,0.8429126551626399
15851.994485535859,0.7920768694798042,0.8429520367540614
15856.70895808415,0.7921467993944967,0.8429913986046054
15861.423430632436,0.7922166815715197,0.843030740729111
15866.137903180726,0.7922865160605537,0.8430700631424035
15870.852375729013,0.7923563029112086,0.8431093658592924
15875.566848277304,0.792426042173025,0.8431486488945729
15880.28132082559,0.7924957338954731,0.8431879122630253
15884.99579337388,0.7925653781279535,0.8432271559794148
15889.710265922167,0.792634974919797,0.8432663800584922
15894.424738470454,0.792704524320265,0.8433055845149933
15899.139211018744,0.7927740263785495,0.8433447693636394
15903.853683567031,0.7928434811437735,0.843383934619137
15908.568156115321,0.7929128886649902,0.8434230802961775
15913.282628663608,0.7929822489911845,0.8434622064094383
15917.997101211899,0.7930515621712718,0.8435013129735814
15922.711573760185,0.793120828254099,0.843540400003255
15927.426046308476,0.7931900472884446,0.8435794675130919
15932.140518856762,0.7932592193230179,0.8436185155177106
15936.854991405053,0.7933283444064605,0.8436575440317151
15941.56946395334,0.7933974225873452,0.8436965530696946
15946.28393650163,0.7934664539141771,0.8437355426462241
15950.998409049917,0.7935354384353929,0.8437745127758635
15955.712881598203,0.7936043761993612,0.8438134634731587
15960.427354146494,0.7936732672543835,0.8438523947526407
15965.14182669478,0.793742111648693,0.8438913066288266
15969.85629924307,0.7938109094304555,0.8439301991162185
15974.570771791357,0.7938796606477694,0.8439690722293041
15979.285244339648,0.793948365348666,0.8440079259825567
15983.999716887934,0.794017023581109,0.8440467603904354
15988.714189436225,0.7940856353929954,0.8440855754673846
15993.428661984512,0.7941542008321548,0.8441243712278348
15998.143134532802,0.7942227199463504,0.8441631476862015
16002.857607081089,0.7942911927832784,0.8442019048568865
16007.572079629375,0.7943596193905688,0.8442406427542766
16012.286552177666,0.7944279998157844,0.844279361392745
16017.001024725952,0.7944963341064222,0.8443180607866501
16021.715497274243,0.7945646223099131,0.8443567409503362
16026.42996982253,0.794632864473621,0.8443954018981333
16031.14444237082,0.794701060644845,0.8444340436443574
16035.858914919107,0.7947692108708172,0.8444726662033099
16040.573387467397,0.7948373151987046,0.8445112695892784
16045.287860015684,0.7949053736756083,0.8445498538165359
16050.002332563974,0.7949733863485638,0.8445884188993416
16054.71680511226,0.7950413532645415,0.8446269648519402
16059.431277660551,0.795109274470446,0.8446654916885629
16064.145750208838,0.795177150013117,0.8447039994234259
16068.860222757125,0.7952449799393291,0.844742488070732
16073.574695305415,0.7953127642957918,0.8447809576446698
16078.289167853702,0.79538050312915,0.8448194081594135
16083.003640401992,0.7954481964859836,0.8448578396291238
16087.718112950279,0.795515844412808,0.8448962520679465
16092.43258549857,0.7955834469560742,0.8449346454900146
16097.147058046856,0.7956510041621684,0.8449730199094461
16101.861530595146,0.795718516077413,0.8450113753403456
16106.576003143433,0.795785982748066,0.8450497117968033
16111.290475691723,0.7958534042203214,0.8450880292928962
16116.00494824001,0.7959207805403089,0.8451263278426863
16120.7194207883,0.7959881117540953,0.8451646074602226
16125.433893336587,0.7960553979076825,0.8452028681595398
16130.148365884874,0.7961226390470096,0.845241109954659
16134.862838433164,0.7961898352179523,0.845279332859587
16139.57731098145,0.7962569864663219,0.8453175368883173
16144.291783529741,0.7963240928378678,0.8453557220548292
16149.006256078028,0.796391154378275,0.8453938883730884
16153.720728626318,0.7964581711331665,0.8454320358570467
16158.435201174605,0.7965251431481015,0.8454701645206422
16163.149673722895,0.796592070468577,0.8455082743777993
16167.864146271182,0.796658953140027,0.8455463654424282
16172.578618819472,0.7967257912078227,0.8455844377284263
16177.29309136776,0.7967925847172733,0.8456224912496765
16182.00756391605,0.7968593337136252,0.8456605260200485
16186.722036464336,0.7969260382420627,0.8456985420533977
16191.436509012623,0.7969926983477077,0.8457365393635669
16196.150981560913,0.7970593140756205,0.8457745179643841
16200.8654541092,0.7971258854707991,0.8458124778696645
16205.57992665749,0.7971924125781797,0.8458504190932095
16210.294399205777,0.7972588954426367,0.8458883416488067
16215.008871754068,0.7973253341089831,0.8459262455502303
16219.723344302354,0.7973917286219702,0.8459641308112412
16224.437816850645,0.797458079026288,0.8460019974455862
16229.152289398931,0.7975243853665648,0.8460398454669992
16233.866761947222,0.7975906476873684,0.8460776748892
16238.581234495508,0.7976568660332051,0.8461154857258953
16243.295707043795,0.79772304044852,0.8461532779907784
16248.010179592085,0.7977891709776977,0.846191051697529
16252.724652140372,0.797855257665062,0.8462288068598132
16257.439124688663,0.7979213005548758,0.846266543491284
16262.15359723695,0.7979872996913415,0.8463042616055809
16266.86806978524,0.7980532551186014,0.8463419612163299
16271.582542333526,0.7981191668807367,0.8463796423371437
16276.297014881817,0.7981850350217693,0.8464173049816216
16281.011487430103,0.79825085958566,0.84645494916335
16285.725959978394,0.7983166406163104,0.8464925748959011
16290.44043252668,0.7983823781575615,0.8465301821928348
16295.15490507497,0.798448072253195,0.8465677710676968
16299.869377623258,0.7985137229469325,0.8466053415340202
16304.583850171544,0.7985793302824361,0.8466428936053247
16309.298322719835,0.7986448943033084,0.8466804272951164
16314.012795268121,0.7987104150530928,0.8467179426168887
16318.727267816412,0.7987758925752728,0.8467554395841214
16323.441740364698,0.7988413269132734,0.8467929182102814
16328.156212912989,0.79890671811046,0.8468303785088223
16332.870685461276,0.798972066210139,0.8468678204931843
16337.585158009566,0.7990373712555585,0.8469052441767949
16342.299630557853,0.7991026332899068,0.8469426495730683
16347.014103106143,0.7991678523563144,0.8469800366954054
16351.72857565443,0.7992330284978527,0.8470174055571944
16356.44304820272,0.7992981617575348,0.8470547561718103
16361.157520751007,0.7993632521783153,0.8470920885526144
16365.871993299294,0.7994282998030905,0.8471294027129562
16370.586465847584,0.7994933046746987,0.847166698666171
16375.30093839587,0.79955826683592,0.8472039764255817
16380.015410944161,0.7996231863294764,0.8472412360044981
16384.729883492448,0.799688063198032,0.8472784774162171
16389.444356040738,0.7997528974841934,0.8473157006740222
16394.158828589025,0.799817689230509,0.8473529057911847
16398.873301137315,0.7998824384794702,0.8473900927809622
16403.587773685602,0.7999471452735103,0.8474272616565999
16408.302246233892,0.8000118096550057,0.84746441243133
16413.01671878218,0.8000764316662753,0.8475015451183716
16417.73119133047,0.8001410113495808,0.8475386597309312
16422.445663878756,0.8002055487471267,0.8475757562822023
16427.160136427043,0.8002700439010606,0.8476128347853654
16431.874608975333,0.8003344968534734,0.8476498952535887
16436.58908152362,0.8003989076463988,0.8476869377000271
16441.30355407191,0.800463276321814,0.8477239621378229
16446.018026620197,0.8005276029216395,0.8477609685801053
16450.732499168487,0.8005918874877396,0.8477979570399915
16455.446971716774,0.8006561300619215,0.8478349275305852
16460.161444265064,0.8007203306859368,0.8478718800649778
16464.87591681335,0.8007844894014805,0.8479088146562477
16469.59038936164,0.8008486062501917,0.847945731317461
16474.304861909928,0.800912681273653,0.8479826300616705
16479.01933445822,0.8009767145133916,0.8480195109019171
16483.733807006505,0.8010407060108785,0.8480563738512283
16488.448279554792,0.8011046558075291,0.8480932189226197
16493.162752103082,0.8011685639447033,0.8481300461290935
16497.87722465137,0.8012324304637048,0.8481668554836397
16502.59169719966,0.8012962554057829,0.848203646999236
16507.306169747946,0.8013600388121306,0.848240420688847
16512.020642296236,0.801423780723886,0.8482771765654251
16516.735114844523,0.801487481182132,0.8483139146419097
16521.449587392814,0.8015511402278964,0.8483506349312284
16526.1640599411,0.801614757902152,0.8483873374462956
16530.87853248939,0.8016783342458167,0.8484240222000137
16535.593005037677,0.8017418692997537,0.848460689205272
16540.307477585964,0.8018053631047712,0.8484973384749479
16545.021950134254,0.8018688157016233,0.8485339700219063
16549.73642268254,0.8019322271310089,0.8485705838589994
16554.45089523083,0.801995597433573,0.8486071799990673
16559.16536777912,0.802058926649906,0.8486437584549371
16563.87984032741,0.8021222148205444,0.8486803192394241
16568.594312875695,0.8021854619859697,0.8487168623653311
16573.308785423986,0.8022486681866106,0.8487533878454483
16578.023257972272,0.8023118334628407,0.8487898956925537
16582.737730520563,0.8023749578549803,0.8488263859194132
16587.45220306885,0.8024380414032957,0.8488628585387799
16592.16667561714,0.8025010841479996,0.8488993135633949
16596.881148165427,0.8025640861292512,0.848935751005987
16601.595620713713,0.8026270473871558,0.8489721708792727
16606.310093262004,0.802689967961766,0.849008573195956
16611.02456581029,0.80275284789308,0.8490449579687291
16615.73903835858,0.8028156872210437,0.8490813252102717
16620.453510906867,0.8028784859855493,0.8491176749332514
16625.167983455158,0.8029412442264364,0.8491540071503233
16629.882456003445,0.8030039619834911,0.8491903218741308
16634.596928551735,0.8030666392964471,0.8492266191173047
16639.31140110002,0.8031292762049848,0.8492628988924636
16644.025873648312,0.8031918727487323,0.8492991612122147
16648.7403461966,0.803254428967265,0.8493354060891523
16653.45481874489,0.8033169449001055,0.8493716335358586
16658.169291293176,0.8033794205867246,0.849407843564904
16662.883763841462,0.8034418560665398,0.849444036188847
16667.598236389753,0.8035042513789173,0.8494802114202334
16672.31270893804,0.8035666065631705,0.8495163692715978
16677.02718148633,0.8036289216585608,0.8495525097554619
16681.741654034617,0.8036911967042979,0.8495886328843357
16686.456126582907,0.8037534317395392,0.8496247386707176
16691.170599131194,0.8038156268033905,0.8496608271270932
16695.885071679484,0.8038777819349059,0.849696898265937
16700.59954422777,0.8039398971730877,0.8497329520997107
16705.31401677606,0.8040019725568867,0.8497689886408647
16710.028489324348,0.8040640081252022,0.849805007901837
16714.74296187264,0.804126003916882,0.8498410098950538
16719.457434420925,0.8041879599707231,0.8498769946329299
16724.17190696921,0.8042498763254704,0.8499129621278673
16728.886379517502,0.8043117530198187,0.8499489123922569
16733.60085206579,0.8043735900924108,0.8499848454384769
16738.31532461408,0.8044353875818392,0.8500207612788947
16743.029797162366,0.8044971455266452,0.8500566599258651
16747.744269710656,0.8045588639653193,0.8500925413917314
16752.458742258943,0.8046205429363014,0.8501284056888248
16757.173214807233,0.804682182477981,0.8501642528294648
16761.88768735552,0.8047437826286963,0.8502000828259594
16766.60215990381,0.804805343426736,0.8502358956906045
16771.316632452097,0.8048668649103381,0.8502716914356845
16776.031105000387,0.8049283471176898,0.8503074700734718
16780.745577548674,0.8049897900869287,0.8503432316162272
16785.46005009696,0.805051193856142,0.8503789760761999
16790.17452264525,0.8051125584633673,0.8504147034656272
16794.888995193538,0.8051738839465915,0.8504504137967346
16799.60346774183,0.8052351703437522,0.8504861070817364
16804.317940290115,0.8052964176927372,0.8505217833328349
16809.032412838405,0.8053576260313842,0.8505574425622209
16813.746885386692,0.8054187953974817,0.8505930847820733
16818.461357934983,0.8054799258287685,0.8506287100045598
16823.17583048327,0.8055410173629339,0.850664318241836
16827.89030303156,0.8056020700376179,0.8506999095060463
16832.604775579846,0.8056630838904112,0.8507354838093236
16837.319248128133,0.8057240589588552,0.8507710411637889
16842.033720676423,0.8057849952804425,0.8508065815815518
16846.74819322471,0.8058458928926161,0.8508421050747103
16851.462665773,0.8059067518327706,0.8508776116553509
16856.177138321287,0.8059675721382514,0.850913101335549
16860.891610869578,0.8060283538463552,0.8509485741273678
16865.606083417864,0.8060890969943298,0.8509840300428597
16870.320555966155,0.8061498016193749,0.8510194690940648
16875.03502851444,0.8062104677586409,0.8510548912930128
16879.74950106273,0.8062710954492301,0.8510902966517212
16884.46397361102,0.8063316847281966,0.851125685182196
16889.17844615931,0.806392235632546,0.8511610568964327
16893.892918707596,0.8064527481992354,0.8511964118064143
16898.607391255882,0.8065132224651741,0.8512317499241129
16903.321863804173,0.8065736584672233,0.8512670712614897
16908.03633635246,0.8066340562421959,0.8513023758304936
16912.75080890075,0.8066944158268573,0.8513376636430628
16917.465281449036,0.8067547372579247,0.8513729347111242
16922.179753997327,0.8068150205720678,0.8514081890465929
16926.894226545613,0.8068752658059085,0.851443426661373
16931.608699093904,0.8069354729960212,0.8514786475673575
16936.32317164219,0.8069956421789325,0.8515138517764278
16941.03764419048,0.8070557733911217,0.8515490393004542
16945.752116738768,0.807115866669021,0.8515842101512956
16950.466589287058,0.8071759220490151,0.8516193643408001
16955.181061835345,0.8072359395674413,0.8516545018808036
16959.89553438363,0.80729591926059,0.8516896227831322
16964.61000693192,0.8073558611647045,0.8517247270595996
16969.32447948021,0.8074157653159811,0.8517598147220089
16974.0389520285,0.8074756317505694,0.8517948857821519
16978.753424576786,0.8075354605045716,0.851829940251809
16983.467897125076,0.8075952516140439,0.8518649781427501
16988.182369673363,0.8076550051149952,0.8518999994667333
16992.896842221653,0.8077147210433884,0.851935004235506
16997.61131476994,0.8077743994351392,0.8519699924608043
17002.32578731823,0.8078340403261174,0.852004964154353
17007.040259866517,0.8078936437521462,0.8520399193278665
17011.754732414807,0.8079532097490028,0.8520748579930473
17016.469204963094,0.8080127383524176,0.8521097801615876
17021.18367751138,0.8080722295980755,0.8521446858451681
17025.89815005967,0.8081316835216148,0.8521795750554585
17030.612622607958,0.8081911001586283,0.8522144478041177
17035.327095156248,0.8082504795446627,0.8522493041027935
17040.041567704535,0.8083098217152186,0.8522841439631227
17044.756040252825,0.8083691267057511,0.8523189673967311
17049.470512801112,0.8084283945516698,0.8523537744152335
17054.184985349402,0.8084876252883383,0.852388565030234
17058.89945789769,0.8085468189510748,0.8524233392533254
17063.61393044598,0.8086059755751522,0.8524580970960897
17068.328402994266,0.808665095195798,0.8524928385700983
17073.042875542553,0.8087241778481938,0.8525275636869112
17077.757348090843,0.8087832235674771,0.8525622724580779
17082.47182063913,0.808842232388739,0.8525969648951371
17087.18629318742,0.8089012043470264,0.8526316410096163
17091.900765735707,0.8089601394773407,0.8526663008130321
17096.615238283997,0.8090190378146387,0.8527009443168907
17101.329710832284,0.8090778993938319,0.8527355715326872
17106.044183380574,0.8091367242497876,0.852770182471906
17110.75865592886,0.8091955124173276,0.8528047771460203
17115.47312847715,0.8092542639312297,0.8528393555664935
17120.18760102544,0.8093129788262269,0.852873917744777
17124.90207357373,0.8093716571370078,0.8529084636923124
17129.616546122015,0.809430298898216,0.85294299342053
17134.331018670302,0.8094889041444516,0.8529775069408498
17139.045491218592,0.8095474729102701,0.8530120042646807
17143.75996376688,0.8096060052301822,0.853046485403421
17148.47443631517,0.8096645011386553,0.8530809503684585
17153.188908863456,0.8097229606701121,0.8531153991711701
17157.903381411747,0.8097813838589317,0.853149831822922
17162.617853960033,0.8098397707394491,0.85318424833507
17167.332326508324,0.8098981213459555,0.853218648718959
17172.04679905661,0.8099564357126983,0.8532530329859235
17176.7612716049,0.8100147138738809,0.8532874011472872
17181.475744153187,0.8100729558636635,0.8533217532143633
17186.190216701478,0.8101311617161624,0.8533560891984541
17190.904689249764,0.8101893314654506,0.8533904091108521
17195.61916179805,0.8102474651455576,0.8534247129628381
17200.33363434634,0.8103055627904695,0.8534590007656833
17205.04810689463,0.810363624434129,0.853493272530648
17209.76257944292,0.8104216501104358,0.8535275282689819
17214.477051991205,0.8104796398532462,0.8535617679919244
17219.191524539496,0.8105375936963737,0.853595991710704
17223.905997087782,0.8105955116735885,0.8536301994365392
17228.620469636073,0.810653393818618,0.8536643911806377
17233.33494218436,0.8107112401651467,0.8536985669541967
17238.04941473265,0.8107690507468163,0.8537327267684032
17242.763887280937,0.8108268255972257,0.8537668706344336
17247.478359829227,0.8108845647499313,0.8538009985634537
17252.192832377514,0.8109422682384466,0.8538351105666192
17256.9073049258,0.8109999360962428,0.8538692066550752
17261.62177747409,0.8110575683567487,0.8539032868399564
17266.336250022377,0.8111151650533504,0.8539373511323873
17271.050722570668,0.8111727262193918,0.8539713995434818
17275.765195118955,0.8112302518881748,0.8540054320843432
17280.479667667245,0.8112877420929586,0.8540394487660654
17285.19414021553,0.8113451968669608,0.8540734495997309
17289.908612763822,0.8114026162433566,0.8541074345964126
17294.62308531211,0.8114600002552793,0.8541414037671725
17299.3375578604,0.8115173489358205,0.8541753571230627
17304.052030408686,0.8115746623180294,0.8542092946751251
17308.766502956976,0.8116319404349139,0.8542432164343908
17313.480975505263,0.8116891833194402,0.8542771224118813
17318.19544805355,0.8117463910045323,0.8543110126186073
17322.90992060184,0.8118035635230731,0.8543448870655695
17327.624393150127,0.8118607009079041,0.8543787457637586
17332.338865698417,0.8119178031918249,0.8544125887241546
17337.053338246704,0.811974870407594,0.8544464159577274
17341.767810794994,0.8120319025879282,0.8544802274754372
17346.48228334328,0.8120888997655038,0.8545140232882334
17351.19675589157,0.8121458619729552,0.8545478034070555
17355.911228439858,0.8122027892428758,0.8545815678428329
17360.62570098815,0.8122596816078184,0.8546153166064848
17365.340173536435,0.8123165391002941,0.8546490497089201
17370.05464608472,0.8123733617527736,0.8546827671610379
17374.769118633012,0.8124301495976867,0.8547164689737269
17379.4835911813,0.8124869026674222,0.8547501551578659
17384.19806372959,0.8125436209943281,0.8547838257243234
17388.912536277876,0.8126003046107121,0.8548174806839581
17393.627008826166,0.8126569535488409,0.8548511200476183
17398.341481374453,0.8127135678409411,0.8548847438261427
17403.055953922743,0.8127701475191982,0.8549183520303595
17407.77042647103,0.8128266926157579,0.8549519446710871
17412.48489901932,0.8128832031627254,0.8549855217591339
17417.199371567607,0.8129396791921654,0.8550190833052981
17421.913844115898,0.8129961207361025,0.8550526293203682
17426.628316664184,0.8130525278265212,0.8550861598151225
17431.34278921247,0.8131089004953659,0.8551196748003295
17436.05726176076,0.8131652387745409,0.8551531742867475
17440.771734309048,0.8132215426959107,0.855186658285125
17445.48620685734,0.8132778122912997,0.8552201268062006
17450.200679405625,0.8133340475924926,0.8552535798607029
17454.915151953915,0.8133902486312343,0.8552870174593507
17459.629624502202,0.81344641543923,0.8553204396128528
17464.344097050493,0.8135025480481453,0.8553538463319078
17469.05856959878,0.813558646489606,0.855387237627205
17473.77304214707,0.8136147107951985,0.8554206135094239
17478.487514695356,0.8136707409964701,0.8554539739892333
17483.201987243647,0.813726737124928,0.8554873190772927
17487.916459791933,0.8137826992120407,0.855520648784252
17492.63093234022,0.8138386272892372,0.8555539631207509
17497.34540488851,0.8138945213879072,0.8555872620974194
17502.059877436797,0.8139503815394012,0.8556205457248779
17506.774349985088,0.8140062077750311,0.8556538140137364
17511.488822533374,0.8140620001260691,0.8556870669745958
17516.203295081665,0.8141177586237489,0.855720304618047
17520.91776762995,0.8141734832992652,0.855753526954671
17525.63224017824,0.8142291741837737,0.8557867339950392
17530.34671272653,0.8142848313083916,0.8558199257497133
17535.06118527482,0.8143404547041971,0.8558531022292452
17539.775657823106,0.8143960444022301,0.8558862634441772
17544.490130371396,0.8144516004334915,0.8559194094050414
17549.204602919683,0.814507122828944,0.8559525401223611
17553.91907546797,0.8145626116195115,0.8559856556066492
17558.63354801626,0.81461806683608,0.8560187558684094
17563.348020564546,0.8146734885094964,0.8560518409181352
17568.062493112837,0.81472887667057,0.8560849107663111
17572.776965661124,0.8147842313500717,0.8561179654234116
17577.491438209414,0.814839552578734,0.8561510048999014
17582.2059107577,0.8148948403872515,0.856184029206236
17586.92038330599,0.8149500948062806,0.856217038352861
17591.634855854278,0.8150053158664397,0.8562500323502128
17596.349328402568,0.8150605035983097,0.8562830112087176
17601.063800950855,0.8151156580324329,0.8563159749387927
17605.77827349914,0.8151707791993145,0.8563489235508454
17610.492746047432,0.8152258671294215,0.8563818570552736
17615.20721859572,0.8152809218531832,0.8564147754624657
17619.92169114401,0.8153359434009917,0.8564476787828005
17624.636163692296,0.815390931803201,0.8564805670266471
17629.350636240586,0.8154458870901279,0.8565134402043657
17634.065108788873,0.8155008092920516,0.8565462983263066
17638.779581337163,0.815555698439214,0.8565791414028103
17643.49405388545,0.8156105545618196,0.8566119694442086
17648.20852643374,0.8156653776900357,0.8566447824608232
17652.922998982027,0.8157201678539922,0.8566775804629666
17657.637471530317,0.8157749250837819,0.8567103634609421
17662.351944078604,0.8158296494094608,0.8567431314650429
17667.06641662689,0.8158843408610473,0.8567758844855535
17671.78088917518,0.8159389994685234,0.8568086225327486
17676.495361723468,0.8159936252618336,0.8568413456168937
17681.209834271758,0.8160482182708861,0.8568740537482449
17685.924306820045,0.8161027785255516,0.8569067469370486
17690.638779368335,0.8161573060556646,0.8569394251935425
17695.353251916622,0.8162118008910229,0.856972088527954
17700.067724464912,0.816266263061387,0.8570047369505023
17704.7821970132,0.8163206925964818,0.8570373704713963
17709.49666956149,0.8163750895259948,0.8570699891008362
17714.211142109776,0.8164294538795774,0.8571025928490124
17718.925614658066,0.8164837856868448,0.8571351817261066
17723.640087206353,0.8165380849773752,0.8571677557422905
17728.35455975464,0.8165923517807113,0.8572003149077272
17733.06903230293,0.8166465861263589,0.8572328592325702
17737.783504851217,0.8167007880437878,0.8572653887269638
17742.497977399507,0.8167549575624319,0.8572979034010428
17747.212449947794,0.8168090947116886,0.8573304032649334
17751.926922496084,0.8168631995209198,0.857362888328752
17756.64139504437,0.816917272019451,0.8573953586026057
17761.35586759266,0.8169713122365717,0.8574278140965932
17766.07034014095,0.8170253202015361,0.8574602548208032
17770.78481268924,0.8170792959435621,0.8574926807853154
17775.499285237525,0.8171332394918321,0.8575250920002007
17780.213757785816,0.8171871508754928,0.8575574884755204
17784.928230334102,0.817241030123655,0.8575898702213268
17789.64270288239,0.8172948772653942,0.8576222372476633
17794.35717543068,0.8173486923297504,0.8576545895645638
17799.071647978966,0.817402475345728,0.8576869271820532
17803.786120527257,0.817456226342296,0.8577192501101473
17808.500593075543,0.817509945348388,0.8577515583588531
17813.215065623834,0.8175636323929022,0.857783851938168
17817.92953817212,0.8176172875047021,0.8578161308580806
17822.64401072041,0.8176709107126153,0.8578483951285706
17827.358483268697,0.8177245020454347,0.8578806447596081
17832.072955816988,0.8177780615319179,0.8579128797611549
17836.787428365275,0.8178315892007876,0.857945100143163
17841.501900913565,0.8178850850807314,0.8579773059155763
17846.21637346185,0.8179385492004021,0.8580094970883283
17850.93084601014,0.8179919815884175,0.8580416736713451
17855.64531855843,0.8180453822733608,0.8580738356745424
17860.359791106715,0.8180987512837801,0.8581059831078282
17865.074263655006,0.818152088648189,0.8581381159811002
17869.788736203293,0.8182053943950666,0.8581702343042482
17874.503208751583,0.8182586685528571,0.8582023380871526
17879.21768129987,0.8183119111499703,0.8582344273396849
17883.93215384816,0.8183651222147813,0.8582665020717077
17888.646626396447,0.8184183017756312,0.8582985622930746
17893.361098944737,0.8184714498608262,0.8583306080136301
17898.075571493024,0.8185245664986386,0.8583626392432105
17902.79004404131,0.818577651717306,0.8583946559916424
17907.5045165896,0.8186307055450323,0.8584266582687441
17912.218989137888,0.8186837280099866,0.8584586460843245
17916.933461686178,0.8187367191403042,0.8584906194481841
17921.647934234465,0.8187896789640865,0.8585225783701145
17926.362406782755,0.8188426075094005,0.8585545228598979
17931.07687933104,0.8188955048042794,0.8585864529273086
17935.791351879332,0.8189483708767227,0.858618368582111
17940.50582442762,0.8190012057546954,0.8586502698340619
17945.22029697591,0.8190540094661296,0.858682156692908
17949.934769524196,0.8191067820389227,0.8587140291683883
17954.649242072486,0.8191595235009392,0.8587458872702325
17959.363714620773,0.8192122338800093,0.8587777310081615
17964.07818716906,0.81926491320393,0.8588095603918875
17968.79265971735,0.8193175615004646,0.858841375431114
17973.507132265637,0.819370178797343,0.8588731761355359
17978.221604813927,0.8194227651222613,0.8589049625148392
17982.936077362214,0.8194753205028825,0.8589367345787008
17987.650549910504,0.8195278449668364,0.8589684923367896
17992.36502245879,0.819580338541719,0.8590002357987656
17997.07949500708,0.8196328012550935,0.8590319649742796
18001.793967555368,0.8196852331344898,0.8590636798729739
18006.50844010366,0.8197376342074044,0.8590953805044831
18011.222912651945,0.8197900045013011,0.8591270668784317
18015.937385200235,0.8198423440436103,0.8591587390044363
18020.651857748522,0.8198946528617297,0.8591903968921047
18025.36633029681,0.8199469309830236,0.8592220405510363
18030.0808028451,0.8199991784348241,0.8592536699908215
18034.795275393386,0.8200513952444297,0.8592852852210423
18039.509747941676,0.8201035814391066,0.8593168862512719
18044.224220489963,0.8201557370460881,0.8593484730910754
18048.938693038253,0.820207862092575,0.8593800457500087
18053.65316558654,0.8202599566057349,0.8594116042376194
18058.36763813483,0.8203120206127034,0.8594431485634466
18063.082110683117,0.8203640541405833,0.8594746787370205
18067.796583231408,0.8204160572164448,0.8595061947678634
18072.511055779694,0.820468029867326,0.8595376966654884
18077.225528327985,0.8205199721202321,0.8595691844394004
18081.94000087627,0.8205718840021364,0.8596006580990957
18086.654473424558,0.8206237655399796,0.8596321176540621
18091.36894597285,0.8206756167606705,0.8596635631137789
18096.083418521135,0.820727437691085,0.8596949944877168
18100.797891069426,0.8207792283580678,0.8597264117853386
18105.512363617712,0.8208309887884305,0.8597578150160975
18110.226836166003,0.8208827190089537,0.8597892041894392
18114.94130871429,0.8209344190463849,0.8598205793148005
18119.65578126258,0.8209860889274405,0.8598519404016102
18124.370253810866,0.8210377286788045,0.8598832874592879
18129.084726359157,0.8210893383271293,0.8599146204972455
18133.799198907443,0.8211409178990352,0.8599459395248864
18138.51367145573,0.821192467421111,0.859977244551605
18143.22814400402,0.8212439869199137,0.860008535586788
18147.942616552307,0.8212954764219685,0.8600398126398132
18152.657089100598,0.8213469359537693,0.8600710757200504
18157.371561648884,0.8213983655417779,0.8601023248368607
18162.086034197175,0.8214497652124252,0.8601335599995971
18166.80050674546,0.82150113499211,0.8601647812176042
18171.514979293752,0.8215524749072003,0.8601959885002182
18176.22945184204,0.821603784984032,0.8602271818567668
18180.94392439033,0.8216550652489102,0.8602583612965699
18185.658396938616,0.8217063157281086,0.8602895268289383
18190.372869486906,0.8217575364478694,0.8603206784631754
18195.087342035193,0.8218087274344041,0.8603518162085756
18199.80181458348,0.8218598887138925,0.8603829400744253
18204.51628713177,0.8219110203124838,0.8604140500700024
18209.230759680057,0.8219621222562954,0.860445146204577
18213.945232228347,0.8220131945714146,0.8604762284874105
18218.659704776634,0.8220642372838972,0.8605072969277563
18223.374177324924,0.8221152504197682,0.8605383515348592
18228.08864987321,0.8221662340050216,0.8605693923179565
18232.8031224215,0.8222171880656209,0.8606004192862764
18237.517594969788,0.8222681126274984,0.8606314324490395
18242.232067518078,0.8223190077165561,0.8606624318154579
18246.946540066365,0.8223698733586647,0.8606934173947357
18251.661012614655,0.8224207095796652,0.8607243891960685
18256.375485162942,0.8224715164053672,0.8607553472286442
18261.08995771123,0.8225222938615497,0.8607862915016422
18265.80443025952,0.8225730419739621,0.8608172220242338
18270.518902807806,0.8226237607683223,0.8608481388055821
18275.233375356096,0.8226744502703185,0.8608790418548422
18279.947847904383,0.822725110505608,0.8609099311811609
18284.662320452673,0.8227757414998184,0.8609408067936772
18289.37679300096,0.8228263432785463,0.8609716687015215
18294.09126554925,0.8228769158673588,0.8610025169138166
18298.805738097537,0.8229274592917922,0.8610333514396766
18303.520210645827,0.822977973577353,0.8610641722882083
18308.234683194114,0.8230284587495177,0.8610949794685098
18312.949155742404,0.8230789148337323,0.8611257729896712
18317.66362829069,0.8231293418554133,0.8611565528607749
18322.378100838978,0.8231797398399467,0.8611873190908949
18327.09257338727,0.8232301088126893,0.8612180716890974
18331.807045935555,0.8232804487989673,0.8612488106644403
18336.521518483845,0.8233307598240776,0.8612795360259736
18341.235991032132,0.823381041913287,0.8613102477827395
18345.950463580422,0.8234312950918327,0.861340945943772
18350.66493612871,0.8234815193849222,0.8613716305180968
18355.379408677,0.8235317148177335,0.8614023015147323
18360.093881225286,0.8235818814154144,0.8614329589426883
18364.808353773577,0.823632019203084,0.861463602810967
18369.522826321863,0.8236821282058313,0.8614942331285624
18374.237298870154,0.823732208448716,0.8615248499044608
18378.95177141844,0.8237822599567682,0.8615554531476403
18383.666243966727,0.8238322827549889,0.8615860428670712
18388.380716515017,0.8238822768683497,0.8616166190717157
18393.095189063304,0.8239322423217927,0.8616471817705286
18397.809661611594,0.823982179140231,0.8616777309724561
18402.52413415988,0.8240320873485482,0.8617082666864371
18407.23860670817,0.8240819669715989,0.8617387889214022
18411.95307925646,0.8241318180342087,0.8617692976862741
18416.66755180475,0.8241816405611738,0.861799792989968
18421.382024353035,0.8242314345772618,0.861830274841391
18426.096496901326,0.8242812001072108,0.8618607432494421
18430.810969449612,0.8243309371757302,0.8618911982230129
18435.5254419979,0.8243806458075008,0.8619216397709871
18440.23991454619,0.824430326027174,0.8619520679022403
18444.954387094476,0.8244799778593725,0.8619824826256404
18449.668859642767,0.8245296013286906,0.8620128839500474
18454.383332191053,0.8245791964596932,0.8620432718843138
18459.097804739344,0.8246287632769173,0.8620736464372842
18463.81227728763,0.8246783018048705,0.862104007617795
18468.52674983592,0.8247278120680321,0.8621343554346753
18473.241222384208,0.8247772940908532,0.8621646898967462
18477.955694932498,0.8248267478977557,0.8621950110128213
18482.670167480785,0.8248761735131335,0.8622253187917058
18487.384640029075,0.8249255709613518,0.8622556132421981
18492.09911257736,0.8249749402667474,0.8622858943730881
18496.81358512565,0.8250242814536289,0.8623161621931584
18501.52805767394,0.8250735945462768,0.8623464167111835
18506.242530222225,0.8251228795689426,0.8623766579359307
18510.957002770516,0.8251721365458503,0.862406885876159
18515.671475318803,0.8252213655011953,0.8624371005406203
18520.385947867093,0.8252705664591449,0.8624673019380583
18525.10042041538,0.8253197394438385,0.8624974900772093
18529.81489296367,0.8253688844793872,0.862527664966802
18534.529365511957,0.8254180015898741,0.8625578266155572
18539.243838060247,0.8254670907993544,0.8625879750321883
18543.958310608534,0.8255161521318555,0.8626181102254009
18548.672783156824,0.8255651856113765,0.8626482322038928
18553.38725570511,0.8256141912618888,0.8626783409763545
18558.101728253398,0.8256631691073364,0.8627084365514688
18562.816200801688,0.8257121191716348,0.8627385189379109
18567.530673349975,0.8257610414786724,0.8627685881443481
18572.245145898265,0.8258099360523092,0.8627986441794404
18576.95961844655,0.8258588029163785,0.8628286870518403
18581.674090994842,0.825907642094685,0.8628587167701925
18586.38856354313,0.8259564536110066,0.8628887333431342
18591.10303609142,0.826005237489093,0.862918736779295
18595.817508639706,0.8260539937526671,0.8629487270872972
18600.531981187996,0.8261027224254236,0.8629787042757552
18605.246453736283,0.8261514235310304,0.8630086683532759
18609.960926284573,0.8262000970931278,0.8630386193284592
18614.67539883286,0.8262487431353285,0.8630685572098965
18619.389871381147,0.8262973616812184,0.8630984820061728
18624.104343929437,0.8263459527543559,0.8631283937258647
18628.818816477724,0.8263945163782719,0.8631582923775419
18633.533289026014,0.8264430525764708,0.8631881779697662
18638.2477615743,0.8264915613724291,0.8632180505110921
18642.96223412259,0.8265400427895967,0.863247910010067
18647.676706670878,0.8265884968513965,0.8632777564752299
18652.39117921917,0.8266369235812239,0.8633075899151134
18657.105651767455,0.8266853230024477,0.8633374103382421
18661.820124315745,0.8267336951384098,0.8633672177531329
18666.534596864032,0.8267820400124248,0.8633970121682958
18671.249069412323,0.8268303576477811,0.8634267935922333
18675.96354196061,0.8268786480677396,0.8634565620334401
18680.678014508896,0.8269269112955349,0.8634863175004042
18685.392487057186,0.8269751473543745,0.8635160600016054
18690.106959605473,0.8270233562674394,0.8635457895455165
18694.821432153763,0.8270715380578839,0.8635755061406032
18699.53590470205,0.8271196927488356,0.8636052097953232
18704.25037725034,0.8271678203633958,0.8636349005181274
18708.964849798627,0.8272159209246388,0.8636645783174588
18713.679322346918,0.8272639944556127,0.8636942432017538
18718.393794895204,0.8273120409793391,0.8637238951794407
18723.108267443495,0.8273600605188131,0.8637535342589407
18727.82273999178,0.8274080530970033,0.8637831604486681
18732.537212540068,0.827456018736852,0.8638127737570294
18737.25168508836,0.8275039574612755,0.8638423741924237
18741.966157636645,0.8275518692931634,0.8638719617632434
18746.680630184936,0.8275997542553792,0.863901536477873
18751.395102733222,0.8276476123707603,0.8639310983446901
18756.109575281513,0.8276954436621179,0.8639606473720648
18760.8240478298,0.8277432481522368,0.86399018356836
18765.53852037809,0.827791025863876,0.8640197069419313
18770.252992926376,0.8278387768197684,0.8640492175011272
18774.967465474667,0.8278865010426208,0.8640787152542889
18779.681938022954,0.8279341985551142,0.8641082002097502
18784.396410571244,0.8279818693799035,0.8641376723758377
18789.11088311953,0.8280295135396175,0.8641671317608711
18793.825355667817,0.8280771310568598,0.8641965783731624
18798.539828216108,0.8281247219542074,0.8642260122210169
18803.254300764394,0.8281722862542119,0.8642554333127321
18807.968773312685,0.8282198239793991,0.8642848416565991
18812.68324586097,0.8282673351522691,0.8643142372609011
18817.397718409262,0.8283148197952965,0.8643436201339142
18822.11219095755,0.8283622779309298,0.8643729902839078
18826.82666350584,0.8284097095815922,0.8644023477191439
18831.541136054126,0.8284571147696814,0.8644316924478771
18836.255608602416,0.8285044935175693,0.8644610244783553
18840.970081150703,0.8285518458476024,0.8644903438188187
18845.684553698993,0.8285991717821021,0.8645196504775011
18850.39902624728,0.8286464713433638,0.8645489444626286
18855.113498795567,0.8286937445536579,0.8645782257824204
18859.827971343857,0.8287409914352294,0.8646074944450884
18864.542443892144,0.8287882120102977,0.8646367504588378
18869.256916440434,0.8288354063010576,0.8646659938318664
18873.97138898872,0.8288825743296778,0.8646952245723648
18878.68586153701,0.8289297161183025,0.8647244426885172
18883.400334085298,0.8289768316890502,0.8647536481884996
18888.114806633588,0.8290239210640148,0.8647828410804823
18892.829279181875,0.8290709842652647,0.8648120213726272
18897.543751730165,0.8291180213148432,0.8648411890730902
18902.258224278452,0.829165032234769,0.8648703441900194
18906.972696826742,0.8292120170470355,0.8648994867315568
18911.68716937503,0.8292589757736111,0.8649286167058363
18916.401641923316,0.8293059084364396,0.8649577341209853
18921.116114471606,0.8293528150574395,0.8649868389851245
18925.830587019893,0.8293996956585048,0.8650159313063671
18930.545059568183,0.8294465502615046,0.8650450110928195
18935.25953211647,0.8294933788882832,0.8650740783525812
18939.97400466476,0.8295401815606601,0.8651031330937445
18944.688477213047,0.82958695830043,0.865132175324395
18949.402949761337,0.8296337091293635,0.8651612050526112
18954.117422309624,0.8296804340692059,0.8651902222864645
18958.831894857914,0.8297271331416782,0.8652192270340194
18963.5463674062,0.8297738063684766,0.8652482193033341
18968.260839954488,0.8298204537712734,0.8652771991024589
18972.97531250278,0.829867075371716,0.8653061664394377
18977.689785051065,0.8299136711914268,0.8653351213223073
18982.404257599355,0.8299602412520048,0.8653640637590979
18987.118730147642,0.830006785575024,0.8653929937578324
18991.833202695932,0.8300533041820343,0.8654219113265269
18996.54767524422,0.8300997970945608,0.865450816473191
19001.26214779251,0.8301462643341051,0.8654797092058271
19005.976620340796,0.830192705922144,0.8655085895324305
19010.691092889087,0.8302391218801302,0.8655374574609901
19015.405565437373,0.8302855122294922,0.8655663129994874
19020.120037985664,0.8303318769916346,0.8655951561558978
19024.83451053395,0.8303782161879375,0.8656239869381892
19029.548983082237,0.8304245298397573,0.865652805354323
19034.263455630527,0.830470817968426,0.8656816114122534
19038.977928178814,0.8305170805952521,0.8657104051199285
19043.692400727105,0.8305633177415195,0.8657391864852887
19048.40687327539,0.8306095294284885,0.8657679555162685
19053.12134582368,0.8306557156773957,0.8657967122207947
19057.83581837197,0.8307018765094534,0.8658254566067878
19062.55029092026,0.8307480119458502,0.8658541886821617
19067.264763468545,0.8307941220077514,0.865882908454823
19071.979236016836,0.8308402067162977,0.865911615932672
19076.693708565123,0.8308862660926064,0.8659403111236019
19081.408181113413,0.8309323001577714,0.8659689940354995
19086.1226536617,0.8309783089328627,0.8659976646762445
19090.837126209986,0.8310242924389266,0.86602632305371
19095.551598758277,0.8310702506969858,0.8660549691757624
19100.266071306563,0.8311161837280397,0.8660836030502614
19104.980543854854,0.8311620915530638,0.8661122246850598
19109.69501640314,0.8312079741930102,0.8661408340880038
19114.40948895143,0.8312538316688077,0.8661694312669329
19119.123961499718,0.8312996640013616,0.8661980162296802
19123.838434048008,0.8313454712115538,0.8662265889840715
19128.552906596295,0.8313912533202427,0.8662551495379262
19133.267379144585,0.8314370103482636,0.8662836978990571
19137.98185169287,0.8314827423164282,0.8663122340752706
19142.696324241162,0.8315284492455252,0.8663407580743658
19147.41079678945,0.8315741311563198,0.8663692699041355
19152.125269337736,0.8316197880695545,0.8663977695723659
19156.839741886026,0.8316654200059481,0.8664262570868366
19161.554214434313,0.8317110269861964,0.8664547324553201
19166.268686982603,0.8317566090309723,0.8664831956855831
19170.98315953089,0.8318021661609253,0.8665116467853847
19175.69763207918,0.8318476983966822,0.8665400857624782
19180.412104627467,0.8318932057588466,0.8665685126246099
19185.126577175757,0.8319386882679991,0.8665969273795195
19189.841049724044,0.8319841459446975,0.8666253300349406
19194.555522272334,0.8320295788094767,0.8666537205985992
19199.26999482062,0.8320749868828483,0.8666820990782157
19203.98446736891,0.8321203701853018,0.8667104654815034
19208.698939917198,0.8321657287373032,0.8667388198161694
19213.413412465485,0.8322110625592962,0.8667671620899138
19218.127885013775,0.8322563716717014,0.8667954923104307
19222.84235756206,0.8323016560949169,0.8668238104854071
19227.556830110352,0.8323469158493181,0.8668521166225238
19232.27130265864,0.8323921509552575,0.8668804107294549
19236.98577520693,0.8324373614330653,0.8669086928138682
19241.700247755216,0.8324825473030492,0.8669369628834247
19246.414720303506,0.8325277085854937,0.8669652209457791
19251.129192851793,0.8325728453006617,0.8669934670085795
19255.843665400083,0.8326179574687926,0.8670217010794679
19260.55813794837,0.8326630451101042,0.8670499231660788
19265.272610496657,0.8327081082447915,0.8670781332760414
19269.987083044947,0.8327531468930269,0.8671063314169778
19274.701555593234,0.8327981610749609,0.8671345175965035
19279.416028141524,0.8328431508107212,0.867162691822228
19284.13050068981,0.8328881161204135,0.8671908541017543
19288.8449732381,0.8329330570241211,0.8672190044426784
19293.559445786388,0.8329779735419054,0.8672471428525904
19298.27391833468,0.8330228656938048,0.8672752693390738
19302.988390882965,0.8330677334998362,0.8673033839097057
19307.702863431256,0.8331125769799943,0.8673314865720568
19312.417335979542,0.8331573961542513,0.8673595773336913
19317.131808527833,0.8332021910425577,0.8673876562021672
19321.84628107612,0.8332469616648416,0.8674157231850356
19326.560753624406,0.8332917080410094,0.8674437782898418
19331.275226172696,0.8333364301909454,0.8674718215241244
19335.989698720983,0.8333811281345118,0.8674998528954158
19340.704171269274,0.833425801891549,0.8675278724112419
19345.41864381756,0.8334704514818756,0.8675558800791221
19350.13311636585,0.8335150769252879,0.8675838759065697
19354.847588914137,0.8335596782415609,0.8676118599010916
19359.562061462428,0.8336042554504474,0.8676398320701882
19364.276534010714,0.8336488085716786,0.8676677924213537
19368.991006559005,0.8336933376249638,0.8676957409620761
19373.70547910729,0.8337378426299907,0.8677236776998367
19378.419951655582,0.8337823236064256,0.8677516026421108
19383.13442420387,0.8338267805739124,0.8677795157963673
19387.848896752155,0.833871213552074,0.8678074171700686
19392.563369300446,0.8339156225605115,0.8678353067706712
19397.277841848732,0.8339600076188044,0.8678631846056248
19401.992314397023,0.8340043687465108,0.8678910506823735
19406.70678694531,0.834048705963167,0.8679189050083544
19411.4212594936,0.8340930192882879,0.867946747590999
19416.135732041887,0.8341373087413675,0.8679745784377317
19420.850204590177,0.8341815743418776,0.8680023975559715
19425.564677138464,0.8342258161092687,0.8680302049531309
19430.279149686754,0.8342700340629706,0.8680580006366155
19434.99362223504,0.8343142282223912,0.8680857846138257
19439.70809478333,0.8343583986069172,0.868113556892155
19444.422567331618,0.8344025452359142,0.8681413174789906
19449.137039879904,0.834446668128726,0.8681690663817143
19453.851512428195,0.8344907673046763,0.8681968036077006
19458.56598497648,0.8345348427830662,0.8682245291643184
19463.280457524772,0.834578894583177,0.8682522430589303
19467.99493007306,0.8346229227242679,0.8682799452988931
19472.70940262135,0.8346669272255772,0.8683076358915566
19477.423875169636,0.8347109081063226,0.8683353148442647
19482.138347717926,0.8347548653857004,0.8683629821643559
19486.852820266213,0.8347987990828858,0.8683906378591614
19491.567292814503,0.8348427092170332,0.868418281936007
19496.28176536279,0.834886595807276,0.8684459144022119
19500.996237911077,0.8349304588727268,0.8684735352650893
19505.710710459367,0.834974298432477,0.8685011445319467
19510.425183007654,0.8350181145055973,0.8685287422100848
19515.139655555944,0.8350619071111378,0.8685563283067982
19519.85412810423,0.8351056762681274,0.8685839028293761
19524.56860065252,0.8351494219955745,0.868611465785101
19529.283073200808,0.8351931443124666,0.8686390171812493
19533.9975457491,0.8352368432377707,0.8686665570250913
19538.712018297385,0.8352805187904327,0.8686940853238915
19543.426490845675,0.8353241709893782,0.8687216020849079
19548.140963393962,0.8353677998535118,0.8687491073153929
19552.855435942252,0.8354114054017182,0.8687766010225922
19557.56990849054,0.8354549876528607,0.8688040832137462
19562.284381038826,0.8354985466257825,0.8688315538960885
19566.998853587116,0.8355420823393063,0.8688590130768473
19571.713326135403,0.8355855948122339,0.8688864607632439
19576.427798683693,0.8356290840633472,0.8689138969624944
19581.14227123198,0.8356725501114072,0.8689413216818088
19585.85674378027,0.8357159929751549,0.8689687349283902
19590.571216328557,0.8357594126733104,0.8689961367094365
19595.285688876847,0.8358028092245741,0.8690235270321396
19600.000161425134,0.8358461826476254,0.8690509059036848
19604.714633973424,0.8358895329611239,0.8690782733312522
19609.42910652171,0.8359328601837087,0.8691056293220148
19614.14357907,0.8359761643339987,0.8691329738831406
19618.85805161829,0.8360194454305926,0.8691603070217913
19623.572524166575,0.8360627034920689,0.8691876287451223
19628.286996714865,0.8361059385369859,0.8692149390602836
19633.001469263152,0.836149150583882,0.8692422379744187
19637.715941811442,0.8361923396512752,0.8692695254946654
19642.43041435973,0.8362355057576634,0.8692968016281556
19647.14488690802,0.8362786489215249,0.869324066382015
19651.859359456306,0.8363217691613174,0.8693513197633636
19656.573832004597,0.836364866495479,0.8693785617793154
19661.288304552883,0.8364079409424277,0.8694057924369782
19666.002777101174,0.8364509925205617,0.8694330117434546
19670.71724964946,0.8364940212482589,0.8694602197058402
19675.43172219775,0.8365370271438778,0.8694874163312257
19680.146194746038,0.8365800102257566,0.8695146016266954
19684.860667294324,0.8366229705122141,0.8695417755993275
19689.575139842615,0.836665908021549,0.8695689382561949
19694.2896123909,0.8367088227720403,0.8695960896043641
19699.00408493919,0.8367517147819473,0.8696232296508959
19703.71855748748,0.8367945840695096,0.8696503584028453
19708.43303003577,0.836837430652947,0.8696774758672614
19713.147502584055,0.8368802545504596,0.8697045820511871
19717.861975132346,0.836923055780228,0.8697316769616601
19722.576447680633,0.8369658343604129,0.8697587606057117
19727.290920228923,0.8370085903091561,0.8697858329903674
19732.00539277721,0.837051323644579,0.8698128941226473
19736.7198653255,0.837094034384784,0.869839944009565
19741.434337873787,0.8371367225478538,0.8698669826581289
19746.148810422073,0.8371793881518516,0.8698940100753412
19750.863282970364,0.8372220312148211,0.8699210262681984
19755.57775551865,0.8372646517547869,0.8699480312436912
19760.29222806694,0.8373072497897539,0.8699750250088044
19765.006700615228,0.8373498253377075,0.8700020075705173
19769.721173163518,0.8373923784166142,0.8700289789358029
19774.435645711805,0.8374349090444207,0.8700559391116287
19779.150118260095,0.8374774172390548,0.8700828881049566
19783.86459080838,0.8375199030184247,0.8701098259227424
19788.579063356672,0.8375623664004195,0.8701367525719366
19793.29353590496,0.8376048074029092,0.8701636680594832
19798.008008453246,0.8376472260437444,0.870190572392321
19802.722481001536,0.8376896223407567,0.870217465577383
19807.436953549823,0.8377319963117583,0.8702443476215962
19812.151426098113,0.8377743479745429,0.8702712185318823
19816.8658986464,0.837816677346884,0.8702980783151567
19821.58037119469,0.8378589844465374,0.8703249269783295
19826.294843742977,0.8379012692912388,0.8703517645283051
19831.009316291267,0.8379435318987053,0.8703785909719817
19835.723788839554,0.8379857722866352,0.8704054063162522
19840.438261387844,0.8380279904727074,0.870432210568004
19845.15273393613,0.8380701864745821,0.8704590037341183
19849.86720648442,0.8381123603099008,0.8704857858214708
19854.581679032708,0.8381545119962855,0.8705125568369319
19859.296151580995,0.8381966415513402,0.8705393167873654
19864.010624129285,0.8382387489926495,0.8705660656796304
19868.725096677572,0.8382808343377789,0.8705928035205798
19873.439569225862,0.8383228976042761,0.8706195303170611
19878.15404177415,0.8383649388096691,0.8706462460759159
19882.86851432244,0.8384069579714677,0.8706729508039802
19887.582986870726,0.8384489551071628,0.8706996445080843
19892.297459419016,0.8384909302342266,0.8707263271950536
19897.011931967303,0.8385328833701127,0.8707529988717064
19901.726404515593,0.8385748145322561,0.870779659544857
19906.44087706388,0.8386167237380733,0.8708063092213126
19911.15534961217,0.8386586110049618,0.8708329479078762
19915.869822160457,0.838700476350301,0.8708595756113439
19920.584294708744,0.8387423197914516,0.870886192338507
19925.298767257034,0.8387841413457557,0.8709127980961511
19930.01323980532,0.8388259410305373,0.8709393928910557
19934.72771235361,0.8388677188631014,0.8709659767299954
19939.442184901898,0.8389094748607347,0.870992549619739
19944.15665745019,0.8389512090407061,0.8710191115670494
19948.871129998475,0.8389929214202653,0.8710456625786843
19953.585602546766,0.839034612016644,0.8710722026613956
19958.300075095052,0.8390762808470555,0.8710987318219301
19963.014547643343,0.8391179279286953,0.8711252500670283
19967.72902019163,0.8391595532787397,0.8711517574034257
19972.44349273992,0.8392011569143474,0.8711782538378522
19977.157965288206,0.8392427388526587,0.8712047393770318
19981.872437836493,0.8392842991107955,0.8712312140276836
19986.586910384784,0.8393258377058619,0.8712576777965206
19991.30138293307,0.8393673546549435,0.8712841306902508
19996.01585548136,0.839408849975108,0.8713105727155761
20000.730328029647,0.8394503236834048,0.8713370038791932
20005.444800577938,0.8394917757968654,0.8713634241877934
20010.159273126224,0.8395332063325031,0.8713898336480624
20014.873745674515,0.8395746153073131,0.8714162322666805
20019.5882182228,0.8396160027382727,0.8714426200503222
20024.302690771092,0.8396573686423414,0.8714689970056569
20029.01716331938,0.8396987130364603,0.8714953631393485
20033.73163586767,0.839740035937553,0.871521718458055
20038.446108415956,0.8397813373625246,0.8715480629684295
20043.160580964242,0.839822617328263,0.8715743966771191
20047.875053512533,0.8398638758516379,0.8716007195907661
20052.58952606082,0.839905112949501,0.8716270317160069
20057.30399860911,0.8399463286386865,0.8716533330594723
20062.018471157397,0.8399875229360104,0.8716796236277883
20066.732943705687,0.8400286958582714,0.8717059034275748
20071.447416253974,0.8400698474222502,0.8717321724654468
20076.161888802264,0.8401109776447097,0.8717584307480134
20080.87636135055,0.840152086542395,0.8717846782818788
20085.59083389884,0.8401931741320341,0.8718109150736414
20090.305306447128,0.8402342404303367,0.8718371411298944
20095.019778995415,0.8402752854539951,0.8718633564572256
20099.734251543705,0.840316309219684,0.8718895610622173
20104.44872409199,0.8403573117440607,0.8719157549514462
20109.163196640282,0.8403982930437646,0.8719419381314845
20113.87766918857,0.8404392531354176,0.871968110608898
20118.59214173686,0.8404801920356244,0.8719942723902477
20123.306614285146,0.8405211097609719,0.872020423482089
20128.021086833436,0.8405620063280298,0.8720465638909722
20132.735559381723,0.84060288175335,0.8720726936234419
20137.450031930013,0.8406437360534672,0.8720988126860375
20142.1645044783,0.8406845692448986,0.8721249210852934
20146.87897702659,0.8407253813441443,0.872151018827738
20151.593449574877,0.8407661723676867,0.8721771059198953
20156.307922123164,0.8408069423319909,0.8722031823682829
20161.022394671454,0.8408476912535051,0.8722292481794138
20165.73686721974,0.8408884191486596,0.8722553033597953
20170.45133976803,0.8409291260338679,0.8722813479159299
20175.165812316318,0.8409698119255261,0.8723073818543146
20179.88028486461,0.8410104768400131,0.8723334051814403
20184.594757412895,0.8410511207936906,0.8723594179037939
20189.309229961185,0.8410917438029031,0.8723854200278561
20194.023702509472,0.841132345883978,0.8724114115601029
20198.738175057762,0.8411729270532255,0.8724373925070046
20203.45264760605,0.841213487326939,0.8724633628750262
20208.16712015434,0.8412540267213942,0.8724893226706281
20212.881592702626,0.8412945452528504,0.8725152719002645
20217.596065250913,0.8413350429375495,0.8725412105703851
20222.310537799203,0.8413755197917164,0.8725671386874339
20227.02501034749,0.8414159758315591,0.8725930562578499
20231.73948289578,0.841456411073269,0.8726189632880665
20236.453955444067,0.8414968255330195,0.8726448597845127
20241.168427992357,0.8415372192269682,0.8726707457536115
20245.882900540644,0.8415775921712553,0.8726966212017806
20250.597373088935,0.841617944382004,0.872722486135433
20255.31184563722,0.8416582758753209,0.8727483405609764
20260.02631818551,0.8416985866672959,0.872774184484813
20264.7407907338,0.8417388767740016,0.8728000179133402
20269.45526328209,0.8417791462114941,0.8728258408529497
20274.169735830375,0.8418193949958128,0.8728516533100282
20278.884208378662,0.8418596231429802,0.8728774552909577
20283.598680926953,0.8418998306690023,0.8729032468021145
20288.31315347524,0.8419400175898681,0.8729290278498697
20293.02762602353,0.8419801839215502,0.8729547984405894
20297.742098571816,0.8420203296800043,0.8729805585806345
20302.456571120107,0.8420604548811695,0.873006308276361
20307.171043668393,0.8421005595409686,0.8730320475341193
20311.885516216684,0.8421406436753074,0.8730577763602548
20316.59998876497,0.8421807073000753,0.8730834947611081
20321.31446131326,0.8422207504311453,0.8731092027430141
20326.028933861548,0.8422607730843736,0.8731349003123028
20330.743406409834,0.8423007752756001,0.8731605874752995
20335.457878958125,0.8423407570206481,0.8731862642383236
20340.17235150641,0.8423807183353246,0.87321193060769
20344.8868240547,0.84242065923542,0.8732375865897081
20349.60129660299,0.8424605797367081,0.8732632321906826
20354.31576915128,0.8425004798549468,0.8732888674169128
20359.030241699566,0.8425403596058773,0.8733144922746928
20363.744714247856,0.8425802190052244,0.873340106770312
20368.459186796143,0.8426200580686968,0.8733657109100544
20373.173659344433,0.8426598768119867,0.8733913047001991
20377.88813189272,0.8426996752507702,0.8734168881470198
20382.60260444101,0.8427394534007069,0.8734424612567856
20387.317076989297,0.8427792112774403,0.8734680240357601
20392.031549537583,0.8428189488965975,0.8734935764902022
20396.746022085874,0.8428586662737898,0.8735191186263654
20401.46049463416,0.8428983634246118,0.8735446504504988
20406.17496718245,0.8429380403646423,0.8735701719688456
20410.889439730738,0.8429776971094438,0.8735956831876444
20415.603912279028,0.8430173336745629,0.8736211841131286
20420.318384827315,0.8430569500755297,0.873646674751527
20425.032857375605,0.8430965463278587,0.8736721551090629
20429.74732992389,0.8431361224470478,0.8736976251919548
20434.461802472182,0.8431756784485795,0.8737230850064162
20439.17627502047,0.8432152143479197,0.8737485345586553
20443.89074756876,0.8432547301605187,0.8737739738548757
20448.605220117046,0.8432942259018106,0.8737994029012757
20453.319692665333,0.8433337015872135,0.8738248217040488
20458.034165213623,0.8433731572321301,0.8738502302693836
20462.74863776191,0.8434125928519466,0.8738756286034632
20467.4631103102,0.8434520084620334,0.8739010167124666
20472.177582858487,0.8434914040777451,0.8739263946025667
20476.892055406777,0.8435307797144208,0.8739517622799324
20481.606527955064,0.8435701353873832,0.8739771197507273
20486.321000503354,0.8436094711119394,0.8740024670211098
20491.03547305164,0.8436487869033811,0.8740278040972337
20495.74994559993,0.8436880827769836,0.8740531309852477
20500.464418148218,0.8437273587480069,0.8740784476912954
20505.17889069651,0.8437666148316951,0.874103754221516
20509.893363244795,0.8438058510432767,0.8741290505820429
20514.607835793082,0.8438450673979642,0.8741543367790056
20519.322308341372,0.843884263910955,0.8741796128185276
20524.03678088966,0.8439234405974303,0.8742048787067286
20528.75125343795,0.8439625974725562,0.8742301344497222
20533.465725986236,0.8440017345514826,0.8742553800536181
20538.180198534526,0.8440408518493443,0.8742806155245206
20542.894671082813,0.8440799493812604,0.8743058408685292
20547.609143631104,0.8441190271623344,0.8743310560917386
20552.32361617939,0.8441580852076542,0.8743562612002382
20557.03808872768,0.8441971235322926,0.8743814562001132
20561.752561275967,0.8442361421513063,0.8744066410974434
20566.467033824258,0.8442751410797371,0.8744318158983037
20571.181506372544,0.8443141203326109,0.8744569806087643
20575.89597892083,0.8443530799249387,0.8744821352348909
20580.61045146912,0.8443920198717154,0.8745072797827438
20585.32492401741,0.8444309401879213,0.8745324142583785
20590.0393965657,0.8444698408885208,0.8745575386678457
20594.753869113985,0.8445087219884633,0.8745826530171916
20599.468341662276,0.8445475835026824,0.8746077573124571
20604.182814210562,0.8445864254460969,0.8746328515596787
20608.897286758853,0.8446252478336099,0.8746579357648875
20613.61175930714,0.8446640506801097,0.8746830099341101
20618.32623185543,0.8447028340004691,0.8747080740733686
20623.040704403717,0.8447415978095455,0.8747331281886797
20627.755176952003,0.8447803421221814,0.8747581722860553
20632.469649500294,0.844819066953204,0.8747832063715034
20637.18412204858,0.8448577723174253,0.874808230451026
20641.89859459687,0.8448964582296423,0.8748332445306208
20646.613067145157,0.8449351247046365,0.8748582486162811
20651.327539693448,0.8449737717571749,0.8748832427139949
20656.042012241734,0.8450123994020088,0.8749082268297456
20660.756484790025,0.8450510076538749,0.8749332009695117
20665.47095733831,0.8450895965274945,0.8749581651392669
20670.185429886602,0.8451281660375741,0.8749831193449806
20674.89990243489,0.8451667161988052,0.8750080635926168
20679.61437498318,0.8452052470258642,0.8750329978881352
20684.328847531466,0.8452437585334125,0.8750579222374905
20689.043320079752,0.8452822507360966,0.8750828366466327
20693.757792628043,0.8453207236485483,0.8751077411215069
20698.47226517633,0.8453591772853839,0.8751326356680541
20703.18673772462,0.8453976116612055,0.8751575202922098
20707.901210272907,0.8454360267905998,0.8751823949999051
20712.615682821197,0.8454744226881391,0.8752072597970664
20717.330155369484,0.8455127993683804,0.8752321146896151
20722.044627917774,0.8455511568458661,0.8752569596834685
20726.75910046606,0.8455894951351239,0.8752817947845386
20731.47357301435,0.8456278142506666,0.8753066199987328
20736.188045562638,0.8456661142069921,0.8753314353319541
20740.90251811093,0.8457043950185841,0.8753562407901003
20745.616990659215,0.8457426566999108,0.8753810363790651
20750.3314632075,0.8457808992654263,0.8754058221047369
20755.045935755792,0.8458191227295697,0.8754305979729999
20759.76040830408,0.8458573271067658,0.8754553639897334
20764.47488085237,0.8458955124114241,0.8754801201608122
20769.189353400656,0.8459336786579402,0.8755048664921062
20773.903825948946,0.8459718258606946,0.8755296029894806
20778.618298497233,0.8460099540340535,0.8755543296587963
20783.332771045523,0.8460480631923684,0.8755790465059092
20788.04724359381,0.8460861533499761,0.8756037535366707
20792.7617161421,0.8461242245211992,0.8756284507569273
20797.476188690387,0.8461622767203454,0.8756531381725216
20802.190661238677,0.8462003099617083,0.8756778157892904
20806.905133786964,0.8462383242595666,0.875702483613067
20811.61960633525,0.8462763196281848,0.8757271416496794
20816.33407888354,0.8463142960818133,0.8757517899049511
20821.048551431828,0.8463522536346871,0.875776428384701
20825.76302398012,0.8463901923010281,0.8758010570947435
20830.477496528405,0.8464281120950423,0.8758256760408883
20835.191969076695,0.8464660130309228,0.8758502852289407
20839.906441624982,0.8465038951228474,0.8758748846647009
20844.620914173272,0.8465417583849799,0.8758994743539649
20849.33538672156,0.8465796028314697,0.8759240543025238
20854.04985926985,0.846617428476452,0.875948624516165
20858.764331818136,0.8466552353340477,0.8759731850006698
20863.478804366423,0.8466930234183633,0.8759977357618165
20868.193276914713,0.8467307927434914,0.8760222768053776
20872.907749463,0.8467685433235098,0.8760468081371217
20877.62222201129,0.8468062751724827,0.8760713297628127
20882.336694559577,0.84684398830446,0.8760958416882095
20887.051167107868,0.8468816827334769,0.8761203439190677
20891.765639656154,0.846919358473555,0.8761448364611365
20896.480112204445,0.8469570155387018,0.8761693193201624
20901.19458475273,0.8469946539429103,0.876193792501886
20905.90905730102,0.8470322737001597,0.8762182560120438
20910.62352984931,0.8470698748244149,0.8762427098563683
20915.3380023976,0.8471074573296269,0.8762671540405866
20920.052474945885,0.8471450212297328,0.8762915885704217
20924.766947494172,0.8471825665386551,0.8763160134515923
20929.481420042463,0.8472200932703031,0.8763404286898121
20934.19589259075,0.8472576014385715,0.8763648342907907
20938.91036513904,0.8472950910573412,0.8763892302602329
20943.624837687326,0.8473325621404793,0.8764136166038392
20948.339310235617,0.8473700147018388,0.8764379933273055
20953.053782783903,0.8474074487552586,0.8764623604363233
20957.768255332194,0.8474448643145642,0.8764867179365796
20962.48272788048,0.8474822613935669,0.8765110658337565
20967.19720042877,0.8475196400060641,0.8765354041335325
20971.911672977058,0.8475570001658392,0.8765597328415807
20976.626145525348,0.8475943418866624,0.8765840519635701
20981.340618073635,0.8476316651822894,0.8766083615051656
20986.05509062192,0.8476689700664625,0.8766326614720272
20990.76956317021,0.84770625655291,0.8766569518698106
20995.4840357185,0.8477435246553466,0.8766812327041666
21000.19850826679,0.8477807743874733,0.8767055039807424
21004.912980815076,0.8478180057629772,0.8767297657051801
21009.627453363366,0.8478552187955316,0.8767540178831177
21014.341925911653,0.8478924134987965,0.8767782605201885
21019.056398459943,0.847929589886418,0.8768024936220215
21023.77087100823,0.8479667479720283,0.8768267171942412
21028.48534355652,0.8480038877692464,0.8768509312424679
21033.199816104807,0.8480410092916775,0.8768751357723172
21037.914288653097,0.8480781125529131,0.8768993307894006
21042.628761201384,0.8481151975665311,0.8769235162993247
21047.34323374967,0.848152264346096,0.8769476923076923
21052.05770629796,0.8481893129051589,0.8769718588201013
21056.772178846248,0.8482263432572568,0.8769960158421454
21061.486651394538,0.8482633554159136,0.8770201633794141
21066.201123942825,0.8483003493946396,0.8770443014374921
21070.915596491115,0.8483373252069316,0.87706843002196
21075.630069039402,0.8483742828662729,0.877092549138394
21080.344541587692,0.8484112223861338,0.8771166587923658
21085.05901413598,0.8484481437799701,0.8771407589894428
21089.77348668427,0.8484850470612254,0.8771648497351882
21094.487959232556,0.8485219322433291,0.8771889310351604
21099.202431780846,0.8485587993396975,0.8772130028949141
21103.916904329133,0.8485956483637334,0.8772370653199989
21108.63137687742,0.8486324793288265,0.8772611183159607
21113.34584942571,0.8486692922483529,0.8772851618883405
21118.060321973997,0.8487060871356754,0.8773091960426754
21122.774794522287,0.8487428640041439,0.877333220784498
21127.489267070574,0.8487796228670944,0.8773572361193366
21132.203739618864,0.8488163637378502,0.8773812420527151
21136.91821216715,0.8488530866297208,0.877405238590153
21141.63268471544,0.8488897915560031,0.8774292257371655
21146.347157263728,0.84892647852998,0.8774532034992638
21151.06162981202,0.8489631475649221,0.8774771718819545
21155.776102360305,0.848999798674086,0.8775011308907399
21160.490574908592,0.8490364318707156,0.8775250805311182
21165.205047456882,0.8490730471680418,0.877549020808583
21169.91952000517,0.8491096445792816,0.8775729517286239
21174.63399255346,0.8491462241176397,0.877596873296726
21179.348465101746,0.8491827857963073,0.8776207855183699
21184.062937650036,0.8492193296284628,0.8776446883990325
21188.777410198323,0.849255855627271,0.8776685819441862
21193.491882746614,0.8492923638058841,0.8776924661592987
21198.2063552949,0.8493288541774413,0.8777163410498342
21202.92082784319,0.8493653267550684,0.877740206621252
21207.635300391477,0.8494017815518785,0.8777640628790071
21212.349772939768,0.8494382185809716,0.877787909828551
21217.064245488054,0.8494746378554346,0.8778117474753301
21221.77871803634,0.8495110393883419,0.877835575824787
21226.49319058463,0.8495474231927546,0.87785939488236
21231.20766313292,0.8495837892817207,0.8778832046534829
21235.92213568121,0.8496201376682759,0.8779070051435856
21240.636608229495,0.8496564683654424,0.8779307963580937
21245.351080777786,0.8496927813862297,0.8779545783024285
21250.065553326072,0.8497290767436346,0.8779783509820069
21254.780025874363,0.849765354450641,0.8780021144022422
21259.49449842265,0.8498016145202201,0.8780258685685424
21264.20897097094,0.8498378569653297,0.8780496134863125
21268.923443519227,0.8498740817989155,0.8780733491609525
21273.637916067517,0.8499102890339103,0.8780970755978584
21278.352388615804,0.8499464786832336,0.8781207928024221
21283.06686116409,0.8499826507597928,0.8781445007800311
21287.78133371238,0.8500188052764824,0.8781681995360693
21292.495806260667,0.8500549422461839,0.8781918890759153
21297.210278808958,0.8500910616817664,0.8782155694049446
21301.924751357245,0.8501271635960862,0.878239240528528
21306.639223905535,0.850163248001987,0.8782629024520321
21311.35369645382,0.8501993149122995,0.8782865551808196
21316.068169002112,0.8502353643398425,0.8783101987202488
21320.7826415504,0.8502713962974214,0.878333833075674
21325.49711409869,0.8503074107978296,0.8783574582524452
21330.211586646976,0.8503434078538473,0.8783810742559082
21334.926059195266,0.8503793874782428,0.878404681091405
21339.640531743553,0.8504153496837714,0.878428278764273
21344.35500429184,0.8504512944831759,0.8784518672798456
21349.06947684013,0.8504872218891868,0.8784754466434525
21353.783949388417,0.8505231319145218,0.8784990168604184
21358.498421936707,0.8505590245718861,0.8785225779360649
21363.212894484994,0.850594899873973,0.8785461298757083
21367.927367033284,0.8506307578334624,0.878569672684662
21372.64183958157,0.8506665984630225,0.8785932063682343
21377.35631212986,0.8507024217753087,0.8786167309317301
21382.070784678148,0.8507382277829642,0.8786402463804497
21386.78525722644,0.8507740164986195,0.8786637527196892
21391.499729774725,0.850809787934893,0.8786872499547413
21396.214202323015,0.8508455421043908,0.8787107380908941
21400.928674871302,0.8508812790197061,0.8787342171334311
21405.64314741959,0.8509169986934204,0.8787576870876329
21410.35761996788,0.8509527011381025,0.8787811479587754
21415.072092516166,0.850988386366309,0.8788045997521301
21419.786565064456,0.8510240543905842,0.8788280424729646
21424.501037612743,0.8510597052234599,0.8788514761265431
21429.215510161033,0.851095338877456,0.8788749007181247
21433.92998270932,0.8511309553650801,0.8788983162529652
21438.64445525761,0.8511665546988274,0.8789217227363157
21443.358927805897,0.8512021368911807,0.878945120173424
21448.073400354187,0.8512377019546111,0.8789685085695331
21452.787872902474,0.8512732499015772,0.8789918879298826
21457.50234545076,0.8513087807445252,0.8790152582597074
21462.21681799905,0.8513442944958896,0.879038619564239
21466.931290547338,0.8513797911680925,0.8790619718487044
21471.64576309563,0.8514152707735441,0.8790853151183267
21476.360235643915,0.8514507333246419,0.8791086493783248
21481.074708192205,0.851486178833772,0.8791319746339143
21485.789180740492,0.8515216073133081,0.8791552908903058
21490.503653288783,0.8515570187756117,0.8791785981527064
21495.21812583707,0.8515924132330326,0.8792018964263189
21499.93259838536,0.8516277906979082,0.8792251857163428
21504.647070933646,0.8516631511825639,0.8792484660279726
21509.361543481937,0.8516984946993134,0.8792717373663995
21514.076016030223,0.8517338212604582,0.8792949997368104
21518.79048857851,0.8517691308782877,0.8793182531443884
21523.5049611268,0.8518044235650795,0.8793414975943123
21528.219433675087,0.8518396993330992,0.8793647330917572
21532.933906223378,0.8518749581946006,0.879387959641894
21537.648378771664,0.8519102001618252,0.8794111772498897
21542.362851319955,0.851945425247003,0.8794343859209076
21547.07732386824,0.8519806334623519,0.8794575856601066
21551.79179641653,0.852015824820078,0.8794807764726417
21556.50626896482,0.8520509993323754,0.8795039583636641
21561.22074151311,0.8520861570114264,0.8795271313383212
21565.935214061396,0.8521212978694016,0.879550295401756
21570.649686609686,0.8521564219184599,0.8795734505591077
21575.364159157973,0.8521915291707476,0.8795965968155118
21580.07863170626,0.8522266196384002,0.8796197341760994
21584.79310425455,0.852261693333541,0.8796428626459984
21589.507576802836,0.8522967502682813,0.8796659822303317
21594.222049351127,0.8523317904547212,0.879689092934219
21598.936521899413,0.8523668139049484,0.8797121947627763
21603.650994447704,0.8524018206310394,0.8797352877211149
21608.36546699599,0.852436810645059,0.8797583718143425
21613.07993954428,0.8524717839590599,0.8797814470475632
21617.794412092568,0.8525067405850834,0.8798045134258768
21622.508884640858,0.8525416805351591,0.8798275709543792
21627.223357189145,0.8525766038213048,0.8798506196381627
21631.937829737435,0.8526115104555271,0.8798736594823153
21636.65230228572,0.8526464004498204,0.8798966904919214
21641.36677483401,0.8526812738161679,0.8799197126720614
21646.0812473823,0.852716130566541,0.8799427260278119
21650.795719930586,0.8527509707128998,0.8799657305642451
21655.510192478876,0.8527857942671925,0.8799887262864301
21660.224665027163,0.8528206012413557,0.8800117131994316
21664.939137575453,0.852855391647315,0.8800346913083106
21669.65361012374,0.8528901654969839,0.8800576606181242
21674.36808267203,0.8529249228022647,0.8800806211339255
21679.082555220317,0.852959663575048,0.8801035728607637
21683.797027768607,0.8529943878272133,0.8801265158036847
21688.511500316894,0.853029095570628,0.8801494499677298
21693.22597286518,0.8530637868171487,0.8801723753579368
21697.94044541347,0.8530984615786202,0.8801952919793397
21702.654917961758,0.8531331198668759,0.8802181998369684
21707.369390510048,0.8531677616937381,0.8802410989358491
21712.083863058335,0.853202387071017,0.8802639892810042
21716.798335606625,0.8532369960105124,0.8802868708774525
21721.512808154912,0.8532715885240117,0.8803097437302082
21726.227280703202,0.8533061646232918,0.8803326078442826
21730.94175325149,0.8533407243201176,0.8803554632246823
21735.65622579978,0.8533752676262434,0.8803783098764109
21740.370698348066,0.8534097945534111,0.8804011478044674
21745.085170896356,0.8534443051133527,0.8804239770138478
21749.799643444643,0.8534787993177875,0.8804467975095435
21754.51411599293,0.8535132771784247,0.8804696092965425
21759.22858854122,0.8535477387069614,0.880492412379829
21763.943061089507,0.8535821839150841,0.8805152067643834
21768.657533637797,0.8536166128144674,0.880537992455182
21773.372006186084,0.8536510254167753,0.8805607694571979
21778.086478734374,0.8536854217336602,0.8805835377753995
21782.80095128266,0.8537198017767637,0.8806062974147526
21787.51542383095,0.8537541655577155,0.880629048380218
21792.22989637924,0.8537885130881351,0.8806517906767538
21796.94436892753,0.8538228443796299,0.8806745243093135
21801.658841475815,0.8538571594437968,0.880697249282847
21806.373314024106,0.8538914582922215,0.8807199656023009
21811.087786572392,0.8539257409364782,0.8807426732726177
21815.80225912068,0.8539600073881306,0.8807653722987359
21820.51673166897,0.8539942576587308,0.8807880626855905
21825.231204217256,0.8540284917598201,0.8808107444381129
21829.945676765547,0.8540627097029285,0.8808334175612306
21834.660149313833,0.8540969114995753,0.8808560820598671
21839.374621862124,0.8541310971612687,0.8808787379389424
21844.08909441041,0.8541652666995053,0.8809013852033729
21848.8035669587,0.8541994201257717,0.8809240238580712
21853.518039506987,0.8542335574515427,0.8809466539079457
21858.232512055278,0.8542676786882826,0.8809692753579017
21862.946984603564,0.8543017838474442,0.8809918882128406
21867.661457151855,0.85433587294047,0.8810144924776596
21872.37592970014,0.854369945978791,0.8810370881572529
21877.09040224843,0.8544040029738278,0.8810596752565104
21881.80487479672,0.8544380439369896,0.8810822537803187
21886.519347345005,0.854472068879675,0.8811048237335607
21891.233819893296,0.8545060778132717,0.881127385121115
21895.948292441582,0.8545400707491563,0.8811499379478572
21900.662764989873,0.8545740476986948,0.8811724822186588
21905.37723753816,0.8546080086732423,0.8811950179383878
21910.09171008645,0.8546419536841429,0.8812175451119083
21914.806182634737,0.85467588274273,0.8812400637440809
21919.520655183027,0.8547097958603262,0.8812625738397627
21924.235127731314,0.8547436930482434,0.8812850754038064
21928.949600279604,0.8547775743177827,0.8813075684410618
21933.66407282789,0.854811439680234,0.8813300529563749
21938.378545376177,0.8548452891468771,0.8813525289545874
21943.093017924468,0.8548791227289806,0.881374996440538
21947.807490472755,0.8549129404378026,0.8813974554190616
21952.521963021045,0.8549467422845904,0.8814199058949892
21957.23643556933,0.8549805282805807,0.8814423478731482
21961.950908117622,0.8550142984369993,0.8814647813583628
21966.66538066591,0.8550480527650614,0.881487206355453
21971.3798532142,0.8550817912759715,0.8815096228692354
21976.094325762486,0.8551155139809238,0.8815320309045227
21980.808798310776,0.8551492208911012,0.8815544304661244
21985.523270859063,0.8551829120176767,0.881576821558846
21990.23774340735,0.8552165873718122,0.8815992041874896
21994.95221595564,0.8552502469646591,0.8816215783568534
21999.666688503927,0.8552838908073582,0.8816439440717324
22004.381161052217,0.85531751891104,0.8816663013369176
22009.095633600504,0.855351131286824,0.8816886501571962
22013.810106148794,0.8553847279458194,0.8817109905373525
22018.52457869708,0.8554183088991248,0.8817333224821666
22023.23905124537,0.8554518741578284,0.8817556459964151
22027.953523793658,0.8554854237330076,0.881777961084871
22032.66799634195,0.8555189576357297,0.881800267752304
22037.382468890235,0.8555524758770512,0.8818225660034799
22042.096941438525,0.8555859784680181,0.8818448558431607
22046.811413986812,0.8556194654196662,0.8818671372761053
22051.5258865351,0.8556529367430206,0.8818894103070687
22056.24035908339,0.8556863924490961,0.8819116749408024
22060.954831631676,0.855719832548897,0.8819339311820542
22065.669304179966,0.8557532570534173,0.8819561790355684
22070.383776728253,0.8557866659736406,0.881978418506086
22075.098249276543,0.8558200593205398,0.8820006495983442
22079.81272182483,0.8558534371050779,0.8820228723170764
22084.52719437312,0.8558867993382072,0.8820450866670128
22089.241666921407,0.8559201460308696,0.8820672926528795
22093.956139469698,0.8559534771939972,0.8820894902794
22098.670612017984,0.8559867928385109,0.8821116795512933
22103.385084566275,0.8560200929753221,0.8821338604732754
22108.09955711456,0.8560533776153313,0.8821560330500584
22112.814029662848,0.8560866467694292,0.8821781972863512
22117.52850221114,0.8561199004484961,0.8822003531868587
22122.242974759425,0.8561531386634016,0.8822225007562827
22126.957447307715,0.8561863614250056,0.8822446399993216
22131.671919856002,0.8562195687441574,0.8822667709206696
22136.386392404293,0.8562527606316963,0.8822888935250179
22141.10086495258,0.8562859370984512,0.8823110078170541
22145.81533750087,0.8563190981552411,0.8823331138014618
22150.529810049156,0.8563522438128744,0.8823552114829221
22155.244282597447,0.8563853740821497,0.8823773008661115
22159.958755145733,0.8564184889738549,0.8823993819557038
22164.673227694024,0.8564515884987685,0.8824214547563686
22169.38770024231,0.856484672667658,0.8824435192727724
22174.102172790597,0.8565177414912817,0.8824655755095784
22178.816645338888,0.8565507949803869,0.8824876234714457
22183.531117887174,0.8565838331457114,0.8825096631630306
22188.245590435465,0.8566168559979827,0.8825316945889855
22192.96006298375,0.8566498635479181,0.882553717753959
22197.67453553204,0.8566828558062248,0.8825757326625971
22202.38900808033,0.8567158327836004,0.8825977393195413
22207.10348062862,0.856748794490732,0.8826197377294305
22211.817953176906,0.8567817409382966,0.8826417278968993
22216.532425725196,0.8568146721369616,0.8826637098265799
22221.246898273483,0.8568475880973841,0.8826856835230998
22225.96137082177,0.8568804888302112,0.882707648991084
22230.67584337006,0.8569133743460801,0.8827296062351535
22235.390315918346,0.8569462446556179,0.8827515552599261
22240.104788466637,0.8569790997694419,0.882773496070016
22244.819261014924,0.8570119396981591,0.8827954286700341
22249.533733563214,0.8570447644523673,0.8828173530645876
22254.2482061115,0.8570775740426536,0.8828392692582805
22258.96267865979,0.8571103684795955,0.8828611772557133
22263.677151208078,0.8571431477737605,0.8828830770614828
22268.391623756368,0.8571759119357065,0.8829049686801826
22273.106096304655,0.857208660975981,0.8829268521164034
22277.820568852945,0.8572413949051222,0.8829487273747313
22282.535041401232,0.8572741137336578,0.8829705944597497
22287.24951394952,0.8573068174721064,0.8829924533760387
22291.96398649781,0.857339506130976,0.8830143041281746
22296.678459046096,0.8573721797207654,0.8830361467207304
22301.392931594386,0.8574048382519632,0.8830579811582757
22306.107404142673,0.8574374817350484,0.8830798074453768
22310.821876690963,0.8574701101804901,0.8831016255865964
22315.53634923925,0.8575027235987476,0.8831234355864941
22320.25082178754,0.8575353220002706,0.8831452374496256
22324.965294335827,0.8575679053954989,0.8831670311805435
22329.679766884117,0.8576004737948626,0.8831888167837971
22334.394239432404,0.8576330272087819,0.8832105942639324
22339.108711980694,0.8576655656476676,0.8832323636254915
22343.82318452898,0.8576980891219205,0.8832541248730135
22348.537657077268,0.857730597641932,0.883275878011034
22353.252129625558,0.8577630912180835,0.8832976230440855
22357.966602173845,0.8577955698607468,0.8833193599766965
22362.681074722135,0.8578280335802843,0.8833410888133929
22367.395547270422,0.8578604823870483,0.8833628095586966
22372.110019818712,0.8578929162913819,0.8833845222171264
22376.824492367,0.8579253353036183,0.8834062267931978
22381.538964915286,0.8579577394340809,0.8834279232914227
22386.253437463576,0.8579901286930841,0.88344961171631
22390.967910011863,0.8580225030909323,0.8834712920723647
22395.682382560153,0.8580548626379202,0.8834929643640893
22400.39685510844,0.8580872073443331,0.8835146285959818
22405.11132765673,0.8581195372204468,0.8835362847725381
22409.825800205017,0.8581518522765272,0.8835579328982498
22414.540272753307,0.8581841525228313,0.8835795729776056
22419.254745301594,0.8582164379696061,0.8836012050150907
22423.969217849884,0.858248708627089,0.8836228290151871
22428.68369039817,0.8582809645055082,0.8836444449823733
22433.398162946458,0.8583132056150822,0.8836660529211247
22438.11263549475,0.8583454319660202,0.8836876528359133
22442.827108043035,0.8583776435685216,0.8837092447312076
22447.541580591325,0.8584098404327767,0.883730828611473
22452.256053139612,0.8584420225689662,0.8837524044811715
22456.970525687902,0.8584741899872613,0.883773972344762
22461.68499823619,0.8585063426978239,0.8837955322066994
22466.39947078448,0.8585384807108063,0.8838170840714361
22471.113943332766,0.8585706040363515,0.8838386279434208
22475.828415881057,0.8586027126845932,0.8838601638270992
22480.542888429343,0.8586348066656556,0.8838816917269131
22485.257360977634,0.8586668859896534,0.8839032116473017
22489.97183352592,0.8586989506666921,0.8839247235927005
22494.686306074207,0.8587310007068679,0.8839462275675417
22499.400778622497,0.8587630361202676,0.8839677235762545
22504.115251170784,0.8587950569169687,0.8839892116232645
22508.829723719075,0.8588270631070392,0.8840106917129944
22513.54419626736,0.8588590547005377,0.8840321638498632
22518.25866881565,0.8588910317075141,0.8840536280382867
22522.97314136394,0.8589229941380084,0.8840750842826778
22527.68761391223,0.8589549420020517,0.8840965325874458
22532.402086460515,0.8589868753096654,0.8841179729569969
22537.116559008806,0.8590187940708625,0.8841394053957338
22541.831031557093,0.8590506982956455,0.8841608299080562
22546.545504105383,0.8590825879940087,0.8841822464983605
22551.25997665367,0.8591144631759369,0.8842036551710399
22555.974449201956,0.8591463238514053,0.8842250559304842
22560.688921750247,0.8591781700303806,0.8842464487810797
22565.403394298533,0.8592100017228195,0.8842678337272101
22570.117866846824,0.8592418189386701,0.8842892107732554
22574.83233939511,0.8592736216878715,0.8843105799235927
22579.5468119434,0.8593054099803528,0.8843319411825954
22584.261284491688,0.8593371838260346,0.884353294554634
22588.975757039978,0.8593689432348284,0.884374640044076
22593.690229588265,0.8594006882166362,0.884395977655285
22598.404702136555,0.8594324187813512,0.8844173073926218
22603.11917468484,0.8594641349388573,0.8844386292604441
22607.833647233132,0.8594958366990294,0.8844599432631063
22612.54811978142,0.8595275240717332,0.8844812494049594
22617.262592329706,0.8595591970668255,0.8845025476903513
22621.977064877996,0.8595908556941539,0.8845238381236267
22626.691537426283,0.859622499963557,0.8845451207091273
22631.406009974573,0.8596541298848643,0.8845663954511909
22636.12048252286,0.8596857454678964,0.8845876623541531
22640.83495507115,0.8597173467224649,0.8846089214223456
22645.549427619437,0.859748933658372,0.8846301726600972
22650.263900167727,0.8597805062854114,0.8846514160717335
22654.978372716014,0.8598120646133673,0.8846726516615767
22659.692845264304,0.8598436086520157,0.8846938794339458
22664.40731781259,0.8598751384111226,0.8847150993931573
22669.12179036088,0.859906653900446,0.8847363115435236
22673.836262909168,0.8599381551297341,0.8847575158893543
22678.550735457455,0.8599696421087271,0.884778712434956
22683.265208005745,0.8600011148471552,0.8847999011846323
22687.97968055403,0.8600325733547407,0.8848210821426826
22692.694153102322,0.8600640176411963,0.8848422553134047
22697.40862565061,0.860095447716226,0.8848634207010917
22702.1230981989,0.8601268635895253,0.8848845783100346
22706.837570747186,0.8601582652707799,0.8849057281445211
22711.552043295476,0.8601896527696675,0.8849268702088351
22716.266515843763,0.8602210260958567,0.8849480045072581
22720.980988392053,0.8602523852590072,0.8849691310440679
22725.69546094034,0.8602837302687696,0.8849902498235397
22730.409933488627,0.8603150611347861,0.8850113608499452
22735.124406036917,0.8603463778666899,0.885032464127553
22739.838878585204,0.8603776804741055,0.8850535596606286
22744.553351133494,0.8604089689666483,0.8850746474534343
22749.26782368178,0.8604402433539253,0.8850957275102296
22753.98229623007,0.8604715036455345,0.8851167998352705
22758.696768778358,0.8605027498510651,0.8851378644328098
22763.41124132665,0.8605339819800978,0.8851589213070977
22768.125713874935,0.8605652000422042,0.8851799704623808
22772.840186423226,0.8605964040469474,0.885201011902903
22777.554658971512,0.8606275940038817,0.8852220456329043
22782.269131519803,0.8606587699225527,0.8852430716566226
22786.98360406809,0.8606899318124974,0.8852640899782923
22791.698076616376,0.8607210796832439,0.8852851006021443
22796.412549164666,0.8607522135443116,0.8853061035324068
22801.127021712953,0.8607833334052117,0.885327098773305
22805.841494261243,0.8608144392754461,0.8853480863290608
22810.55596680953,0.8608455311645082,0.8853690662038932
22815.27043935782,0.8608766090818831,0.8853900384020176
22819.984911906107,0.8609076730370471,0.8854110029276469
22824.699384454398,0.8609387230394676,0.8854319597849907
22829.413857002684,0.8609697590986035,0.8854529089782556
22834.128329550975,0.8610007812239056,0.8854738505116448
22838.84280209926,0.8610317894248152,0.8854947843893589
22843.557274647552,0.8610627837107658,0.8855157106155952
22848.27174719584,0.861093764091182,0.8855366291945479
22852.986219744125,0.8611247305754798,0.885557540130408
22857.700692292416,0.8611556831730668,0.885578443427364
22862.415164840702,0.8611866218933417,0.8855993390896005
22867.129637388993,0.8612175467456952,0.8856202271212997
22871.84410993728,0.8612484577395091,0.8856411075266407
22876.55858248557,0.8612793548841566,0.885661980309799
22881.273055033857,0.8613102381890028,0.8856828454749479
22885.987527582147,0.861341107663404,0.8857037030262569
22890.702000130434,0.861371963316708,0.8857245529678927
22895.416472678724,0.8614028051582541,0.8857453953040191
22900.13094522701,0.8614336331973733,0.885766230038797
22904.8454177753,0.8614644474433883,0.8857870571763836
22909.559890323588,0.8614952479056129,0.8858078767209341
22914.274362871874,0.8615260345933525,0.8858286886765994
22918.988835420165,0.8615568075159047,0.8858494930475285
22923.70330796845,0.8615875666825578,0.8858702898378669
22928.417780516742,0.8616183121025922,0.8858910790517569
22933.13225306503,0.86164904378528,0.8859118606933383
22937.84672561332,0.8616797617398845,0.8859326347667472
22942.561198161606,0.8617104659756609,0.8859534012761174
22947.275670709896,0.861741156501856,0.8859741602255791
22951.990143258183,0.8617718333277081,0.8859949116192599
22956.704615806473,0.8618024964624473,0.8860156554612842
22961.41908835476,0.8618331459152953,0.8860363917557736
22966.133560903047,0.8618637816954654,0.8860571205068463
22970.848033451337,0.8618944038121626,0.8860778417186179
22975.562505999624,0.8619250122745838,0.886098555395201
22980.276978547914,0.8619556070919172,0.8861192615407046
22984.9914510962,0.8619861882733432,0.8861399601592356
22989.70592364449,0.8620167558280332,0.8861606512548972
22994.420396192778,0.862047309765151,0.8861813348317901
22999.13486874107,0.8620778500938517,0.8862020108940118
23003.849341289355,0.8621083768232826,0.8862226794456571
23008.563813837645,0.8621388899625823,0.8862433404908172
23013.278286385932,0.8621693895208812,0.8862639940335808
23017.992758934222,0.8621998755073017,0.8862846400780334
23022.70723148251,0.862230347930958,0.8863052786282581
23027.421704030796,0.8622608068009557,0.8863259096883342
23032.136176579086,0.8622912521263927,0.8863465332623388
23036.850649127373,0.8623216839163581,0.8863671493543454
23041.565121675663,0.8623521021799335,0.886387757968425
23046.27959422395,0.862382506926192,0.8864083591086455
23050.99406677224,0.8624128981641983,0.8864289527790714
23055.708539320527,0.8624432759030093,0.8864495389837654
23060.423011868817,0.8624736401516735,0.8864701177267861
23065.137484417104,0.8625039909192315,0.8864906890121897
23069.851956965394,0.8625343282147157,0.8865112528440294
23074.56642951368,0.8625646520471502,0.8865318092263553
23079.28090206197,0.8625949624255511,0.8865523581632148
23083.99537461026,0.8626252593589264,0.8865728996586524
23088.709847158545,0.8626555428562763,0.8865934337167092
23093.424319706835,0.8626858129265924,0.8866139603414238
23098.138792255122,0.8627160695788585,0.8866344795368319
23102.853264803412,0.8627463128220502,0.8866549913069661
23107.5677373517,0.8627765426651353,0.8866754956558561
23112.28220989999,0.8628067591170733,0.886695992587529
23116.996682448276,0.8628369621868158,0.8867164821060083
23121.711154996567,0.8628671518833064,0.8867369642153153
23126.425627544853,0.8628973282154805,0.886757438919468
23131.140100093144,0.8629274911922654,0.8867779062224815
23135.85457264143,0.862957640822581,0.8867983661283682
23140.56904518972,0.8629877771153386,0.8868188186411377
23145.283517738008,0.8630179000794416,0.8868392637647959
23149.997990286294,0.8630480097237857,0.8868597015033469
23154.712462834585,0.8630781060572583,0.8868801318607913
23159.42693538287,0.8631081890887393,0.8869005548411267
23164.14140793116,0.8631382588271002,0.8869209704483486
23168.85588047945,0.8631683152812046,0.8869413786864483
23173.57035302774,0.8631983584599086,0.8869617795594155
23178.284825576025,0.8632283883720597,0.8869821730712362
23182.999298124316,0.8632584050264982,0.8870025592258941
23187.713770672603,0.8632884084320559,0.8870229380273694
23192.428243220893,0.8633183985975572,0.88704330947964
23197.14271576918,0.8633483755318182,0.8870636735866807
23201.85718831747,0.8633783392436474,0.8870840303524632
23206.571660865757,0.8634082897418452,0.8871043797809568
23211.286133414043,0.8634382270352045,0.8871247218761276
23216.000605962334,0.86346815113251,0.887145056641939
23220.71507851062,0.8634980620425385,0.8871653840823513
23225.42955105891,0.8635279597740595,0.8871857042013226
23230.144023607198,0.8635578443358342,0.8872060170028073
23234.858496155488,0.8635877157366159,0.8872263224907575
23239.572968703775,0.8636175739851505,0.8872466206691222
23244.287441252065,0.8636474190901758,0.8872669115418477
23249.00191380035,0.8636772510604221,0.8872871951128775
23253.716386348642,0.8637070699046117,0.887307471386152
23258.43085889693,0.863736875631459,0.887327740365609
23263.145331445216,0.8637666682496707,0.8873480020551835
23267.859803993506,0.8637964477679463,0.8873682564588075
23272.574276541793,0.8638262141949767,0.8873885035804103
23277.288749090083,0.8638559675394457,0.8874087434239183
23282.00322163837,0.863885707810029,0.8874289759932551
23286.71769418666,0.8639154350153947,0.8874492012923417
23291.432166734947,0.8639451491642033,0.8874694193250956
23296.146639283237,0.8639748502651076,0.8874896300954325
23300.861111831524,0.8640045383267523,0.8875098336072641
23305.575584379814,0.864034213357775,0.8875300298645006
23310.2900569281,0.8640638753668052,0.8875502188710483
23315.00452947639,0.864093524362465,0.8875704006308112
23319.719002024678,0.8641231603533687,0.8875905751476907
23324.433474572965,0.8641527833481228,0.8876107424255846
23329.147947121255,0.8641823933553267,0.8876309024683886
23333.862419669542,0.8642119903835713,0.8876510552799958
23338.576892217832,0.8642415744414408,0.8876712008642959
23343.29136476612,0.8642711455375112,0.8876913392251758
23348.00583731441,0.8643007036803511,0.8877114703665203
23352.720309862696,0.8643302488785212,0.8877315942922104
23357.434782410986,0.8643597811405752,0.8877517110061254
23362.149254959273,0.8643893004750586,0.8877718205121413
23366.863727507563,0.8644188068905099,0.8877919228141311
23371.57820005585,0.8644483003954594,0.8878120179159651
23376.29267260414,0.8644777809984303,0.8878321058215115
23381.007145152427,0.8645072487079384,0.8878521865346347
23385.721617700714,0.8645367035324912,0.8878722600591973
23390.436090249004,0.8645661454805895,0.8878923263990586
23395.15056279729,0.8645955745607262,0.8879123855580747
23399.86503534558,0.8646249907813867,0.8879324375401002
23404.579507893868,0.8646543941510488,0.8879524823489857
23409.29398044216,0.864683784678183,0.8879725199885798
23414.008452990445,0.8647131623712523,0.8879925504627282
23418.722925538736,0.8647425272387119,0.8880125737752733
23423.437398087022,0.86477187928901,0.8880325899300557
23428.151870635313,0.8648012185305869,0.8880525989309124
23432.8663431836,0.864830544971876,0.8880726007816782
23437.58081573189,0.8648598586213024,0.8880925954861849
23442.295288280176,0.8648891594872847,0.8881125830482619
23447.009760828463,0.8649184475782333,0.8881325634717351
23451.724233376754,0.8649477229025517,0.8881525367604284
23456.43870592504,0.8649769854686359,0.8881725029181631
23461.15317847333,0.865006235284874,0.8881924619487568
23465.867651021617,0.8650354723596473,0.8882124138560256
23470.582123569908,0.8650646967013296,0.8882323586437816
23475.296596118194,0.8650939083182869,0.8882522963158352
23480.011068666485,0.8651231072188784,0.8882722268759939
23484.72554121477,0.8651522934114556,0.8882921503280622
23489.440013763062,0.8651814669043627,0.8883120666758418
23494.15448631135,0.8652106277059365,0.8883319759231321
23498.86895885964,0.8652397758245065,0.8883518780737293
23503.583431407926,0.8652689112683949,0.8883717731314276
23508.297903956212,0.8652980340459167,0.8883916611000175
23513.012376504503,0.8653271441653793,0.8884115419832879
23517.72684905279,0.8653562416350828,0.888431415785024
23522.44132160108,0.8653853264633204,0.8884512825090094
23527.155794149367,0.8654143986583777,0.8884711421590237
23531.870266697657,0.8654434582285327,0.8884909947388449
23536.584739245944,0.8654725051820569,0.8885108402522479
23541.299211794234,0.865501539527214,0.8885306787030046
23546.01368434252,0.8655305612722604,0.8885505100948847
23550.72815689081,0.8655595704254454,0.8885703344316552
23555.442629439098,0.8655885669950112,0.88859015171708
23560.157101987385,0.8656175509891924,0.8886099619549208
23564.871574535675,0.8656465224162168,0.8886297651489362
23569.58604708396,0.8656754812843046,0.8886495613028826
23574.300519632252,0.865704427601669,0.8886693504205131
23579.01499218054,0.8657333613765159,0.8886891325055789
23583.72946472883,0.8657622826170441,0.8887089075618279
23588.443937277116,0.8657911913314452,0.8887286755930055
23593.158409825406,0.8658200875279034,0.8887484366028547
23597.872882373693,0.8658489712145959,0.8887681905951157
23602.587354921983,0.865877842399693,0.8887879375735259
23607.30182747027,0.8659067010913574,0.88880767754182
23612.01630001856,0.8659355472977447,0.8888274105037303
23616.730772566847,0.8659643810270037,0.8888471364629865
23621.445245115134,0.8659932022872757,0.8888668554233152
23626.159717663424,0.8660220110866952,0.888886567388441
23630.87419021171,0.8660508074333891,0.8889062723620851
23635.58866276,0.8660795913354778,0.8889259703479668
23640.303135308288,0.8661083628010743,0.8889456613498022
23645.01760785658,0.8661371218382842,0.8889653453713052
23649.732080404865,0.8661658684552066,0.8889850224161868
23654.446552953155,0.866194602659933,0.8890046924881555
23659.161025501442,0.8662233244605483,0.889024355590917
23663.875498049732,0.8662520338651298,0.8890440117281745
23668.58997059802,0.8662807308817485,0.8890636609036284
23673.30444314631,0.8663094155184674,0.8890833031209772
23678.018915694596,0.8663380877833433,0.8891029383839154
23682.733388242883,0.8663667476844253,0.8891225666961363
23687.447860791173,0.8663953952297562,0.8891421880613299
23692.16233333946,0.8664240304273712,0.8891618024831835
23696.87680588775,0.8664526532852984,0.8891814099653823
23701.591278436037,0.8664812638115595,0.889201010511608
23706.305750984327,0.8665098620141689,0.8892206041255408
23711.020223532614,0.8665384479011338,0.8892401908108575
23715.734696080905,0.8665670214804546,0.8892597705712326
23720.44916862919,0.8665955827601248,0.889279343410338
23725.16364117748,0.866624131748131,0.8892989093318429
23729.87811372577,0.8666526684524526,0.8893184683394139
23734.59258627406,0.8666811928810622,0.8893380204367153
23739.307058822345,0.8667097050419253,0.8893575656274084
23744.021531370632,0.8667382049430007,0.8893771039151521
23748.736003918923,0.8667666925922403,0.8893966353036028
23753.45047646721,0.8667951679975887,0.8894161597964142
23758.1649490155,0.8668236311669841,0.8894356773972376
23762.879421563786,0.8668520821083574,0.8894551881097214
23767.593894112077,0.8668805208296327,0.8894746919375115
23772.308366660363,0.8669089473387274,0.8894941888842517
23777.022839208654,0.8669373616435517,0.8895136789535825
23781.73731175694,0.8669657637520093,0.8895331621491424
23786.45178430523,0.8669941536719967,0.889552638474567
23791.166256853518,0.8670225314114038,0.8895721079334896
23795.880729401804,0.8670508969781134,0.8895915705295409
23800.595201950095,0.8670792503800018,0.8896110262663486
23805.30967449838,0.867107591624938,0.8896304751475383
23810.02414704667,0.8671359207207845,0.8896499171767333
23814.73861959496,0.867164237675397,0.8896693523575534
23819.45309214325,0.8671925424966243,0.8896887806936169
23824.167564691536,0.8672208351923082,0.8897082021885389
23828.882037239826,0.8672491157702842,0.8897276168459318
23833.596509788113,0.8672773842383804,0.8897470246694066
23838.310982336403,0.8673056406044186,0.8897664256625702
23843.02545488469,0.8673338848762137,0.889785819829028
23847.73992743298,0.8673621170615735,0.8898052071723828
23852.454399981267,0.8673903371682996,0.8898245876962341
23857.168872529553,0.8674185452041865,0.8898439614041799
23861.883345077844,0.8674467411770218,0.889863328299815
23866.59781762613,0.8674749250945869,0.8898826883867319
23871.31229017442,0.867503096964656,0.8899020416685203
23876.026762722708,0.8675312567949965,0.889921388148768
23880.741235270998,0.8675594045933697,0.8899407278310595
23885.455707819285,0.8675875403675295,0.8899600607189776
23890.170180367575,0.8676156641252235,0.8899793868161017
23894.88465291586,0.8676437758741926,0.8899987061260092
23899.599125464152,0.8676718756221707,0.8900180186522751
23904.31359801244,0.8676999633768854,0.8900373243984717
23909.02807056073,0.8677280391460573,0.8900566233681688
23913.742543109016,0.8677561029374007,0.8900759155649338
23918.457015657303,0.8677841547586228,0.8900952009923311
23923.171488205593,0.8678121946174245,0.8901144796539232
23927.88596075388,0.8678402225215001,0.89013375155327
23932.60043330217,0.8678682384785367,0.8901530166939288
23937.314905850457,0.8678962424962154,0.8901722750794543
23942.029378398747,0.8679242345822106,0.8901915267133987
23946.743850947034,0.8679522147441896,0.8902107715993122
23951.458323495324,0.8679801829898136,0.8902300097407417
23956.17279604361,0.8680081393267371,0.8902492411412323
23960.8872685919,0.8680360837626079,0.8902684658043263
23965.601741140188,0.868064016305067,0.8902876837335635
23970.31621368848,0.8680919369617494,0.8903068949324814
23975.030686236765,0.8681198457402829,0.8903260994046149
23979.745158785052,0.8681477426482892,0.8903452971534964
23984.459631333342,0.8681756276933832,0.890364488182656
23989.17410388163,0.8682035008831734,0.8903836724956211
23993.88857642992,0.8682313622252615,0.8904028500959167
23998.603048978206,0.8682592117272431,0.8904220209870656
24003.317521526496,0.8682870493967066,0.8904411851725875
24008.031994074783,0.8683148752412346,0.8904603426560003
24012.746466623074,0.8683426892684029,0.8904794934408192
24017.46093917136,0.8683704914857805,0.890498637530557
24022.17541171965,0.8683982819009304,0.8905177749287237
24026.889884267937,0.8684260605214086,0.8905369056388274
24031.604356816228,0.8684538273547651,0.8905560296643733
24036.318829364514,0.868481582408543,0.8905751470088644
24041.0333019128,0.8685093256902793,0.8905942576758009
24045.74777446109,0.8685370572075042,0.8906133616686812
24050.46224700938,0.8685647769677418,0.8906324589910007
24055.17671955767,0.8685924849785092,0.8906515496462526
24059.891192105955,0.8686201812473177,0.8906706336379276
24064.605664654246,0.8686478657816716,0.8906897109695138
24069.320137202532,0.8686755385890693,0.8907087816444973
24074.034609750823,0.8687031996770024,0.8907278456663612
24078.74908229911,0.868730849052956,0.8907469030385866
24083.4635548474,0.8687584867244091,0.8907659537646523
24088.178027395687,0.8687861126988341,0.890784997848034
24092.892499943973,0.8688137269836972,0.8908040352922058
24097.606972492264,0.868841329586458,0.8908230661006383
24102.32144504055,0.8688689205145697,0.8908420902768012
24107.03591758884,0.8688964997754792,0.8908611078241604
24111.750390137127,0.8689240673766273,0.8908801187461801
24116.464862685418,0.8689516233254481,0.8908991230463217
24121.179335233704,0.8689791676293691,0.8909181207280445
24125.893807781995,0.8690067002958121,0.8909371117948056
24130.60828033028,0.8690342213321921,0.8909560962500589
24135.322752878572,0.869061730745918,0.8909750740972566
24140.03722542686,0.8690892285443922,0.8909940453398483
24144.75169797515,0.8691167147350107,0.8910130099812811
24149.466170523436,0.8691441893251636,0.8910319680249997
24154.180643071722,0.8691716523222343,0.8910509194744465
24158.895115620013,0.8691991037336,0.8910698643330617
24163.6095881683,0.8692265435666316,0.8910888026042826
24168.32406071659,0.8692539718286938,0.8911077342915447
24173.038533264877,0.869281388527145,0.8911266593982804
24177.753005813167,0.8693087936693371,0.8911455779279205
24182.467478361454,0.8693361872626161,0.8911644898838929
24187.181950909744,0.8693635693143215,0.8911833952696232
24191.89642345803,0.8693909398317864,0.8912022940885347
24196.61089600632,0.8694182988223381,0.8912211863440482
24201.325368554608,0.8694456462932973,0.8912400720395826
24206.0398411029,0.8694729822519787,0.8912589511785538
24210.754313651185,0.8695003067056903,0.8912778237643754
24215.46878619947,0.8695276196617346,0.8912966898004591
24220.183258747762,0.8695549211274075,0.8913155492902137
24224.89773129605,0.8695822111099984,0.8913344022370462
24229.61220384434,0.869609489616791,0.8913532486443607
24234.326676392626,0.8696367566550626,0.8913720885155592
24239.041148940916,0.8696640122320842,0.891390921854041
24243.755621489203,0.8696912563551209,0.8914097486632039
24248.470094037493,0.8697184890314313,0.8914285689464422
24253.18456658578,0.8697457102682682,0.891447382707149
24257.89903913407,0.8697729200728779,0.891466189948714
24262.613511682357,0.8698001184525005,0.8914849906745254
24267.327984230647,0.8698273054143704,0.8915037848879682
24272.042456778934,0.8698544809657155,0.8915225725924261
24276.75692932722,0.8698816451137577,0.8915413537912794
24281.47140187551,0.8699087978657125,0.8915601284879069
24286.185874423798,0.8699359392287898,0.8915788966856847
24290.90034697209,0.869963069210193,0.8915976583879862
24295.614819520375,0.8699901878171192,0.8916164135981833
24300.329292068665,0.8700172950567601,0.8916351623196449
24305.043764616952,0.8700443909363005,0.8916539045557377
24309.758237165242,0.8700714754629197,0.8916726403098262
24314.47270971353,0.8700985486437908,0.8916913695852727
24319.18718226182,0.8701256104860804,0.8917100923854366
24323.901654810106,0.8701526609969495,0.8917288087136759
24328.616127358393,0.8701797001835531,0.8917475185733453
24333.330599906683,0.8702067280530397,0.891766221967798
24338.04507245497,0.870233744612552,0.891784918900384
24342.75954500326,0.8702607498692267,0.8918036093744521
24347.474017551547,0.8702877438301945,0.891822293393348
24352.188490099838,0.8703147265025797,0.891840970960415
24356.902962648124,0.8703416978935011,0.8918596420789946
24361.617435196415,0.8703686580100711,0.8918783067524257
24366.3319077447,0.8703956068593962,0.8918969649840451
24371.04638029299,0.870422544448577,0.8919156167771871
24375.76085284128,0.870449470784708,0.8919342621351835
24380.47532538957,0.8704763858748776,0.8919529010613645
24385.189797937855,0.8705032897261684,0.8919715335590571
24389.904270486142,0.8705301823456569,0.8919901596315868
24394.618743034433,0.8705570637404139,0.8920087792822764
24399.33321558272,0.8705839339175037,0.8920273925144464
24404.04768813101,0.8706107928839851,0.8920459993314152
24408.762160679296,0.8706376406469107,0.8920645997364985
24413.476633227587,0.8706644772133275,0.8920831937330106
24418.191105775873,0.8706913025902759,0.8921017813242623
24422.905578324164,0.8707181167847912,0.8921203625135631
24427.62005087245,0.8707449198039019,0.89213893730422
24432.33452342074,0.8707717116546313,0.8921575056995373
24437.048995969028,0.8707984923439964,0.8921760677028175
24441.763468517318,0.8708252618790083,0.8921946233173605
24446.477941065605,0.8708520202666724,0.8922131725464644
24451.19241361389,0.8708787675139881,0.8922317153934243
24455.90688616218,0.8709055036279487,0.8922502518615337
24460.62135871047,0.870932228615542,0.8922687819540835
24465.33583125876,0.8709589424837496,0.8922873056743625
24470.050303807046,0.8709856452395475,0.892305823025657
24474.764776355336,0.8710123368899054,0.8923243340112513
24479.479248903623,0.8710390174417877,0.8923428386344274
24484.193721451913,0.8710656869021525,0.8923613368984648
24488.9081940002,0.8710923452779522,0.892379828806641
24493.62266654849,0.8711189925761335,0.8923983143622314
24498.337139096777,0.871145628803637,0.8924167935685086
24503.051611645067,0.8711722539673977,0.8924352664287433
24507.766084193354,0.8711988680743447,0.8924537329462041
24512.48055674164,0.8712254711314011,0.892472193124157
24517.19502928993,0.8712520631454844,0.8924906469658662
24521.909501838218,0.8712786441235064,0.8925090944745934
24526.623974386508,0.8713052140723729,0.8925275356535977
24531.338446934795,0.8713317729989838,0.8925459705061366
24536.052919483085,0.8713583209102335,0.8925643990354651
24540.767392031372,0.8713848578130104,0.8925828212448359
24545.481864579662,0.8714113837141974,0.8926012371374996
24550.19633712795,0.871437898620671,0.8926196467167045
24554.91080967624,0.8714644025393029,0.8926380499856966
24559.625282224526,0.8714908954769581,0.8926564469477196
24564.339754772816,0.8715173774404966,0.8926748376060155
24569.054227321103,0.8715438484367721,0.8926932219638235
24573.76869986939,0.871570308472633,0.8927116000243808
24578.48317241768,0.8715967575549214,0.8927299717909224
24583.197644965967,0.8716231956904743,0.8927483372666809
24587.912117514257,0.8716496228861227,0.8927666964548872
24592.626590062544,0.8716760391486917,0.8927850493587693
24597.341062610834,0.8717024444850012,0.8928033959815532
24602.05553515912,0.8717288389018647,0.8928217363264634
24606.77000770741,0.8717552224060907,0.8928400703967211
24611.484480255698,0.8717815950044815,0.8928583981955459
24616.19895280399,0.8718079567038339,0.8928767197261552
24620.913425352275,0.8718343075109392,0.892895034991764
24625.627897900562,0.8718606474325826,0.8929133439955854
24630.342370448852,0.8718869764755443,0.8929316467408299
24635.05684299714,0.8719132946465978,0.8929499432307061
24639.77131554543,0.8719396019525122,0.8929682334684201
24644.485788093716,0.87196589840005,0.8929865174571764
24649.200260642006,0.8719921839959685,0.8930047952001767
24653.914733190293,0.8720184587470191,0.8930230667006207
24658.629205738584,0.8720447226599478,0.8930413319617062
24663.34367828687,0.8720709757414948,0.8930595909866285
24668.05815083516,0.872097217998395,0.8930778437785807
24672.772623383447,0.8721234494373773,0.8930960903407539
24677.487095931738,0.872149670065165,0.8931143306763368
24682.201568480024,0.8721758798884762,0.8931325647885162
24686.91604102831,0.872202078914023,0.8931507926804767
24691.6305135766,0.8722282671485122,0.8931690143554004
24696.34498612489,0.8722544445986448,0.8931872298164675
24701.05945867318,0.8722806112711162,0.893205439066856
24705.773931221465,0.8723067671726163,0.8932236421097419
24710.488403769756,0.8723329123098298,0.8932418389482986
24715.202876318042,0.8723590466894351,0.8932600295856977
24719.917348866333,0.8723851703181056,0.8932782140251085
24724.63182141462,0.872411283202509,0.8932963922696983
24729.34629396291,0.8724373853493075,0.8933145643226317
24734.060766511197,0.8724634767651576,0.893332730187072
24738.775239059487,0.8724895574567104,0.8933508898661798
24743.489711607774,0.8725156274306116,0.8933690433631135
24748.20418415606,0.8725416866935011,0.8933871906810296
24752.91865670435,0.8725677352520134,0.8934053318230823
24757.633129252637,0.8725937731127774,0.8934234667924237
24762.347601800928,0.8726198002824169,0.8934415955922038
24767.062074349215,0.8726458167675498,0.8934597182255704
24771.776546897505,0.8726718225747886,0.8934778346956691
24776.49101944579,0.8726978177107402,0.8934959450056438
24781.205491994082,0.8727238021820064,0.8935140491586353
24785.91996454237,0.872749775995183,0.8935321471577832
24790.63443709066,0.8727757391568609,0.8935502390062248
24795.348909638946,0.8728016916736251,0.8935683247070947
24800.063382187236,0.8728276335520553,0.8935864042635259
24804.777854735523,0.8728535647987257,0.8936044776786494
24809.49232728381,0.872879485420205,0.8936225449555933
24814.2067998321,0.8729053954230569,0.8936406060974847
24818.921272380387,0.8729312948138389,0.8936586611074474
24823.635744928677,0.8729571835991038,0.893676709988604
24828.350217476964,0.8729830617853985,0.8936947527440746
24833.064690025254,0.8730089293792648,0.8937127893769771
24837.77916257354,0.8730347863872387,0.8937308198904274
24842.49363512183,0.8730606328158512,0.8937488442875392
24847.208107670118,0.8730864686716278,0.8937668625714242
24851.92258021841,0.8731122939610884,0.893784874745192
24856.637052766695,0.8731381086907475,0.8938028808119501
24861.351525314985,0.8731639128671147,0.8938208807748038
24866.065997863272,0.8731897064966937,0.8938388746368563
24870.78047041156,0.8732154895859829,0.8938568624012088
24875.49494295985,0.8732412621414757,0.8938748440709602
24880.209415508136,0.8732670241696597,0.8938928196492074
24884.923888056426,0.8732927756770174,0.8939107891390453
24889.638360604713,0.8733185166700257,0.893928752543567
24894.352833153003,0.8733442471551567,0.8939467098658626
24899.06730570129,0.8733699671388764,0.8939646611090205
24903.78177824958,0.8733956766276461,0.8939826062761279
24908.496250797867,0.8734213756279214,0.8940005453702686
24913.210723346157,0.8734470641461528,0.8940184783945252
24917.925195894444,0.8734727421887852,0.8940364053519775
24922.63966844273,0.8734984097622587,0.8940543262457041
24927.35414099102,0.8735240668730074,0.8940722410787806
24932.068613539308,0.8735497135274608,0.8940901498542813
24936.7830860876,0.8735753497320426,0.8941080525752778
24941.497558635885,0.8736009754931714,0.89412594924484
24946.212031184175,0.8736265908172606,0.8941438398660356
24950.926503732462,0.873652195710718,0.8941617244419301
24955.640976280753,0.8736777901799465,0.8941796029755874
24960.35544882904,0.8737033742313435,0.8941974754700689
24965.06992137733,0.8737289478713014,0.8942153419284338
24969.784393925616,0.873754511106207,0.8942332023537396
24974.498866473907,0.873780063942442,0.8942510567490419
24979.213339022193,0.873805606386383,0.8942689051173934
24983.92781157048,0.8738311384444011,0.8942867474618457
24988.64228411877,0.8738566601228622,0.8943045837854479
24993.356756667057,0.8738821714281274,0.8943224140912468
24998.071229215348,0.8739076723665519,0.8943402383822875
25002.785701763634,0.873933162944486,0.8943580566616132
25007.500174311925,0.8739586431682751,0.8943758689322644
25012.21464686021,0.8739841130442587,0.8943936751972804
25016.9291194085,0.8740095725787719,0.8944114754596977
25021.64359195679,0.8740350217781439,0.8944292697225511
25026.35806450508,0.8740604606486991,0.8944470579888733
25031.072537053366,0.8740858891967566,0.8944648402616951
25035.787009601656,0.8741113074286303,0.8944826165440449
25040.501482149943,0.8741367153506291,0.8945003868389496
25045.21595469823,0.8741621129690562,0.8945181511494334
25049.93042724652,0.8741875002902105,0.8945359094785192
25054.644899794806,0.874212877320385,0.8945536618292271
25059.359372343097,0.8742382440658678,0.8945714082045758
25064.073844891383,0.8742636005329418,0.8945891486075814
25068.788317439674,0.874288946727885,0.8946068830412587
25073.50278998796,0.87431428265697,0.8946246115086197
25078.21726253625,0.8743396083264643,0.894642334012675
25082.931735084538,0.8743649237426302,0.8946600505564326
25087.646207632828,0.8743902289117251,0.894677761142899
25092.360680181115,0.8744155238400012,0.8946954657750784
25097.075152729405,0.8744408085337055,0.894713164455973
25101.78962527769,0.87446608299908,0.8947308571885831
25106.50409782598,0.8744913472423614,0.8947485439759069
25111.21857037427,0.8745166012697816,0.8947662248209406
25115.933042922556,0.8745418450875672,0.8947838997266782
25120.647515470846,0.8745670787019397,0.8948015686961118
25125.361988019133,0.8745923021191158,0.8948192317322319
25130.076460567423,0.8746175153453066,0.8948368888380266
25134.79093311571,0.8746427183867187,0.8948545400164818
25139.505405664,0.8746679112495532,0.8948721852705817
25144.219878212287,0.8746930939400065,0.8948898246033083
25148.934350760577,0.8747182664642696,0.8949074580176423
25153.648823308864,0.8747434288285287,0.8949250855165612
25158.36329585715,0.8747685810389647,0.8949427071030414
25163.07776840544,0.874793723101754,0.8949603227800571
25167.792240953728,0.8748188550230671,0.8949779325505803
25172.506713502018,0.8748439768090702,0.8949955364175813
25177.221186050305,0.8748690884659244,0.8950131343840281
25181.935658598595,0.8748941899997854,0.8950307264528868
25186.650131146882,0.8749192814168041,0.8950483126271219
25191.364603695172,0.8749443627231265,0.8950658929096954
25196.07907624346,0.8749694339248935,0.8950834673035675
25200.79354879175,0.8749944950282408,0.8951010358116964
25205.508021340036,0.8750195460392994,0.8951185984370383
25210.222493888326,0.8750445869641954,0.8951361551825479
25214.936966436613,0.8750696178090495,0.895153706051177
25219.6514389849,0.8750946385799777,0.8951712510458759
25224.36591153319,0.8751196492830912,0.8951887901695933
25229.080384081477,0.8751446499244956,0.8952063234252753
25233.794856629767,0.8751696405102922,0.8952238508158664
25238.509329178054,0.875194621046577,0.8952413723443091
25243.223801726344,0.8752195915394412,0.8952588880135436
25247.93827427463,0.875244551994971,0.8952763978265086
25252.65274682292,0.8752695024192476,0.8952939017861407
25257.36721937121,0.8752944428183473,0.8953113998953741
25262.0816919195,0.8753193731983415,0.895328892157142
25266.796164467785,0.8753442935652966,0.8953463785743744
25271.510637016076,0.8753692039252742,0.8953638591500005
25276.225109564362,0.8753941042843308,0.8953813338869466
25280.93958211265,0.8754189946485184,0.8953988027881377
25285.65405466094,0.8754438750238832,0.8954162658564966
25290.368527209226,0.8754687454164677,0.8954337230949443
25295.082999757517,0.8754936058323085,0.8954511745063993
25299.797472305803,0.8755184562774379,0.8954686200937793
25304.511944854094,0.8755432967578829,0.8954860598599985
25309.22641740238,0.875568127279666,0.8955034938079706
25313.94088995067,0.8755929478488047,0.8955209219406064
25318.655362498957,0.8756177584713114,0.8955383442608151
25323.369835047248,0.8756425591531938,0.8955557607715042
25328.084307595534,0.8756673499004549,0.8955731714755789
25332.798780143825,0.8756921307190926,0.8955905763759425
25337.51325269211,0.8757169016151001,0.8956079754754964
25342.2277252404,0.8757416625944654,0.8956253687771402
25346.94219778869,0.8757664136631723,0.8956427562837715
25351.656670336975,0.8757911548271994,0.8956601379982859
25356.371142885266,0.8758158860925203,0.8956775139235773
25361.085615433552,0.8758406074651038,0.8956948840625372
25365.800087981843,0.8758653189509145,0.8957122484180555
25370.51456053013,0.8758900205559113,0.8957296069930204
25375.22903307842,0.8759147122860487,0.8957469597903178
25379.943505626707,0.8759393941472765,0.8957643068128316
25384.657978174997,0.8759640661455396,0.8957816480634442
25389.372450723284,0.875988728286778,0.8957989835450357
25394.086923271574,0.8760133805769271,0.8958163132604846
25398.80139581986,0.8760380230219174,0.8958336372126673
25403.515868368147,0.8760626556276743,0.8958509554044584
25408.230340916438,0.876087278400119,0.8958682678387301
25412.944813464725,0.8761118913451678,0.8958855745183537
25417.659286013015,0.8761364944687317,0.8959028754461975
25422.3737585613,0.8761610877767175,0.8959201706251286
25427.088231109592,0.8761856712750272,0.8959374600580119
25431.80270365788,0.8762102449695578,0.8959547437477106
25436.51717620617,0.8762348088662015,0.8959720216970857
25441.231648754456,0.8762593629708462,0.8959892939089965
25445.946121302746,0.8762839072893744,0.8960065603863006
25450.660593851033,0.8763084418276647,0.8960238211318531
25455.37506639932,0.8763329665915902,0.896041076148508
25460.08953894761,0.8763574815870195,0.8960583254391168
25464.804011495897,0.8763819868198168,0.896075569006529
25469.518484044187,0.8764064822958412,0.8960928068535929
25474.232956592474,0.8764309680209473,0.8961100389831543
25478.947429140764,0.8764554440009849,0.8961272653980575
25483.66190168905,0.8764799102417988,0.8961444861011447
25488.37637423734,0.87650436674923,0.8961617010952563
25493.090846785628,0.8765288135291138,0.8961789103832305
25497.80531933392,0.8765532505872814,0.896196113967904
25502.519791882205,0.8765776779295591,0.8962133118521117
25507.234264430495,0.8766020955617685,0.8962305040386863
25511.948736978782,0.8766265034897267,0.8962476905304588
25516.66320952707,0.8766509017192461,0.8962648713302582
25521.37768207536,0.8766752902561342,0.8962820464409118
25526.092154623646,0.8766996691061941,0.896299215865245
25530.806627171936,0.8767240382752242,0.896316379606081
25535.521099720223,0.876748397769018,0.8963335376662416
25540.235572268513,0.8767727475933648,0.8963506900485466
25544.9500448168,0.8767970877540487,0.8963678367558137
25549.66451736509,0.8768214182568499,0.896384977790859
25554.378989913377,0.8768457391075432,0.8964021131564964
25559.093462461668,0.8768700503118991,0.8964192428555384
25563.807935009954,0.8768943518756838,0.8964363668907955
25568.522407558245,0.8769186438046582,0.8964534852650762
25573.23688010653,0.8769429261045794,0.8964705979811871
25577.951352654818,0.876967198781199,0.896487705041933
25582.66582520311,0.8769914618402648,0.896504806450117
25587.380297751395,0.8770157152875194,0.8965219022085401
25592.094770299685,0.8770399591287011,0.8965389923200019
25596.809242847972,0.8770641933695437,0.8965560767872995
25601.523715396263,0.8770884180157762,0.8965731556132288
25606.23818794455,0.8771126330731231,0.8965902288005831
25610.95266049284,0.8771368385473043,0.8966072963521549
25615.667133041126,0.8771610344440351,0.8966243582707338
25620.381605589417,0.8771852207690265,0.8966414145591081
25625.096078137703,0.8772093975279844,0.8966584652200642
25629.810550685994,0.8772335647266107,0.8966755102563869
25634.52502323428,0.8772577223706025,0.8966925496708587
25639.239495782567,0.8772818704656523,0.8967095834662602
25643.953968330858,0.877306009017448,0.8967266116453709
25648.668440879144,0.8773301380316733,0.8967436342109677
25653.382913427435,0.877354257514007,0.8967606511658262
25658.09738597572,0.8773783674701235,0.8967776625127195
25662.81185852401,0.8774024679056928,0.8967946682544199
25667.5263310723,0.87742655882638,0.8968116683936969
25672.24080362059,0.8774506402378462,0.8968286629333186
25676.955276168876,0.8774747121457478,0.8968456518760514
25681.669748717166,0.8774987745557363,0.8968626352246595
25686.384221265453,0.8775228274734593,0.8968796129819058
25691.09869381374,0.8775468709045595,0.8968965851505507
25695.81316636203,0.8775709048546754,0.8969135517333536
25700.527638910316,0.8775949293294405,0.8969305127330713
25705.242111458607,0.8776189443344844,0.8969474681524592
25709.956584006894,0.8776429498754319,0.896964417994271
25714.671056555184,0.8776669459579034,0.8969813622612581
25719.38552910347,0.8776909325875148,0.8969983009561706
25724.10000165176,0.8777149097698778,0.8970152340817567
25728.814474200048,0.877738877510599,0.8970321616407623
25733.528946748338,0.877762835815281,0.8970490836359323
25738.243419296625,0.8777867846895221,0.8970660000700091
25742.957891844915,0.8778107241389159,0.8970829109457338
25747.672364393202,0.8778346541690514,0.8970998162658452
25752.38683694149,0.8778585747855134,0.8971167160330806
25757.10130948978,0.8778824859938825,0.8971336102501759
25761.815782038066,0.8779063877997341,0.8971504989198642
25766.530254586356,0.87793028020864,0.8971673820448777
25771.244727134643,0.8779541632261669,0.8971842596279466
25775.959199682933,0.8779780368578778,0.8972011316717987
25780.67367223122,0.8780019011093306,0.897217998179161
25785.38814477951,0.8780257559860792,0.897234859152758
25790.102617327797,0.878049601493673,0.8972517145953127
25794.817089876087,0.8780734376376569,0.8972685645095463
25799.531562424374,0.8780972644235714,0.897285408898178
25804.246034972664,0.8781210818569529,0.8973022477639254
25808.96050752095,0.8781448899433331,0.8973190811095044
25813.674980069238,0.8781686886882393,0.8973359089376289
25818.389452617528,0.8781924780971947,0.8973527312510112
25823.103925165815,0.8782162581757178,0.8973695480523618
25827.818397714105,0.8782400289293231,0.8973863593443894
25832.532870262392,0.8782637903635203,0.8974031651298007
25837.247342810682,0.8782875424838151,0.897419965411301
25841.96181535897,0.8783112852957087,0.8974367601915936
25846.67628790726,0.8783350188046979,0.8974535494733802
25851.390760455546,0.8783587430162751,0.8974703332593605
25856.105233003836,0.8783824579359288,0.8974871115522326
25860.819705552123,0.8784061635691425,0.8975038843546927
25865.534178100414,0.8784298599213957,0.8975206516694356
25870.2486506487,0.8784535469981636,0.8975374134991537
25874.963123196987,0.8784772248049171,0.8975541698465382
25879.677595745277,0.8785008933471227,0.8975709207142785
25884.392068293564,0.8785245526302424,0.8975876661050617
25889.106540841854,0.8785482026597342,0.8976044060215737
25893.82101339014,0.8785718434410517,0.8976211404664987
25898.53548593843,0.8785954749796441,0.8976378694425186
25903.24995848672,0.8786190972809563,0.8976545929523139
25907.96443103501,0.878642710350429,0.8976713109985633
25912.678903583295,0.8786663141934985,0.8976880235839442
25917.393376131586,0.8786899088155969,0.8977047307111312
25922.107848679872,0.8787134942221521,0.8977214323827981
25926.822321228163,0.8787370704185874,0.8977381286016164
25931.53679377645,0.8787606374103222,0.8977548193702565
25936.251266324736,0.8787841952027713,0.897771504691386
25940.965738873027,0.8788077438013455,0.8977881845676721
25945.680211421313,0.8788312832114512,0.8978048590017791
25950.394683969604,0.8788548134384906,0.8978215279963699
25955.10915651789,0.8788783344878616,0.897838191554106
25959.82362906618,0.8789018463649577,0.8978548496776471
25964.538101614467,0.8789253490751685,0.8978715023696509
25969.252574162758,0.8789488426238791,0.8978881496327731
25973.967046711045,0.8789723270164704,0.8979047914696685
25978.681519259335,0.8789958022583193,0.8979214278829897
25983.39599180762,0.879019268354798,0.8979380588753871
25988.11046435591,0.8790427253112748,0.8979546844495105
25992.8249369042,0.879066173133114,0.8979713046080069
25997.539409452485,0.8790896118256749,0.8979879193535222
26002.253882000776,0.8791130413943136,0.8980045286887002
26006.968354549062,0.8791364618443812,0.8980211326161832
26011.682827097353,0.8791598731812249,0.898037731138612
26016.39729964564,0.8791832754101877,0.898054324258625
26021.11177219393,0.8792066685366084,0.8980709119788598
26025.826244742217,0.8792300525658217,0.8980874943019512
26030.540717290507,0.8792534275031577,0.8981040712305335
26035.255189838794,0.8792767933539429,0.8981206427672382
26039.969662387084,0.8793001501234993,0.8981372089146956
26044.68413493537,0.8793234978171446,0.8981537696755346
26049.398607483658,0.8793468364401925,0.8981703250523814
26054.113080031948,0.8793701659979528,0.8981868750478617
26058.827552580235,0.8793934864957306,0.8982034196645987
26063.542025128525,0.8794167979388271,0.8982199589052141
26068.25649767681,0.8794401003325394,0.8982364927723279
26072.970970225102,0.8794633936821604,0.8982530212685583
26077.68544277339,0.8794866779929789,0.8982695443965221
26082.39991532168,0.8795099532702795,0.8982860621588341
26087.114387869966,0.8795332195193425,0.8983025745581074
26091.828860418256,0.8795564767454443,0.8983190815969538
26096.543332966543,0.8795797249538572,0.8983355832779829
26101.257805514833,0.8796029641498492,0.8983520796038029
26105.97227806312,0.8796261943386843,0.8983685705770201
26110.686750611407,0.8796494155256221,0.8983850562002393
26115.401223159697,0.8796726277159187,0.8984015364760638
26120.115695707984,0.8796958309148254,0.8984180114070945
26124.830168256274,0.8797190251275897,0.8984344809959314
26129.54464080456,0.8797422103594553,0.8984509452451722
26134.25911335285,0.8797653866156612,0.8984674041574136
26138.973585901138,0.8797885539014425,0.8984838577352499
26143.68805844943,0.8798117122220308,0.898500305981274
26148.402530997715,0.8798348615826526,0.8985167488980775
26153.117003546005,0.8798580019885311,0.8985331864882496
26157.831476094292,0.8798811334448852,0.8985496187543784
26162.545948642583,0.8799042559569297,0.8985660456990501
26167.26042119087,0.879927369529875,0.8985824673248493
26171.974893739156,0.8799504741689281,0.8985988836343587
26176.689366287446,0.8799735698792915,0.8986152946301599
26181.403838835733,0.8799966566661638,0.8986317003148319
26186.118311384023,0.8800197345347393,0.8986481006909527
26190.83278393231,0.8800428034902086,0.8986644957610989
26195.5472564806,0.8800658635377578,0.8986808855278445
26200.261729028887,0.8800889146825697,0.8986972699937626
26204.976201577178,0.8801119569298222,0.8987136491614245
26209.690674125464,0.8801349902846897,0.8987300230333994
26214.405146673755,0.8801580147523426,0.8987463916122557
26219.11961922204,0.8801810303379467,0.898762754900559
26223.83409177033,0.8802040370466646,0.8987791129008743
26228.54856431862,0.8802270348836542,0.8987954656157645
26233.263036866905,0.8802500238540698,0.8988118130477907
26237.977509415196,0.8802730039630615,0.8988281551995124
26242.691981963482,0.8802959752157755,0.8988444920734876
26247.406454511773,0.8803189376173537,0.8988608236722726
26252.12092706006,0.8803418911729345,0.8988771499984222
26256.83539960835,0.8803648358876519,0.8988934710544892
26261.549872156636,0.8803877717666361,0.8989097868430248
26266.264344704927,0.8804106988150131,0.8989260973665791
26270.978817253213,0.8804336170379053,0.8989424026276998
26275.693289801504,0.8804565264404307,0.8989587026289333
26280.40776234979,0.8804794270277038,0.8989749973728245
26285.122234898077,0.8805023188048344,0.8989912868619165
26289.836707446368,0.8805252017769292,0.8990075710987506
26294.551179994654,0.8805480759490902,0.8990238500858672
26299.265652542945,0.880570941326416,0.8990401238258037
26303.98012509123,0.8805937979140008,0.8990563923210971
26308.69459763952,0.8806166457169352,0.8990726555742824
26313.40907018781,0.8806394847403056,0.8990889135878927
26318.1235427361,0.8806623149891947,0.8991051663644599
26322.838015284386,0.8806851364686809,0.8991214139065137
26327.552487832676,0.8807079491838388,0.8991376562165827
26332.266960380963,0.8807307531397394,0.8991538932971936
26336.981432929253,0.8807535483414495,0.8991701251508716
26341.69590547754,0.8807763347940317,0.8991863517801403
26346.410378025827,0.8807991125025453,0.8992025731875215
26351.124850574117,0.880821881472045,0.8992187893755356
26355.839323122404,0.8808446417075823,0.899235000346701
26360.553795670694,0.8808673932142042,0.8992512061035348
26365.26826821898,0.8808901359969539,0.8992674066485526
26369.98274076727,0.8809128700608709,0.8992836019842682
26374.697213315558,0.880935595410991,0.8992997921131937
26379.411685863848,0.8809583120523454,0.8993159770378394
26384.126158412135,0.880981019989962,0.8993321567607145
26388.840630960425,0.8810037192288647,0.8993483312843266
26393.555103508712,0.8810264097740732,0.899364500611181
26398.269576057002,0.8810490916306039,0.899380664743782
26402.98404860529,0.8810717648034687,0.8993968236846321
26407.698521153576,0.8810944292976761,0.8994129774362323
26412.412993701866,0.8811170851182305,0.8994291260010816
26417.127466250153,0.8811397322701325,0.8994452693816779
26421.841938798443,0.8811623707583788,0.8994614075805174
26426.55641134673,0.8811850005879622,0.8994775406000943
26431.27088389502,0.8812076217638719,0.8994936684429018
26435.985356443307,0.8812302342910929,0.8995097911114309
26440.699828991597,0.8812528381746066,0.8995259086081715
26445.414301539884,0.8812754334193904,0.8995420209356116
26450.128774088174,0.881298020030418,0.8995581280962377
26454.84324663646,0.8813205980126592,0.8995742300925348
26459.55771918475,0.8813431673710798,0.899590326926986
26464.27219173304,0.8813657281106422,0.8996064186020731
26468.986664281325,0.8813882802363044,0.8996225051202763
26473.701136829615,0.8814108237530213,0.8996385864840741
26478.415609377902,0.8814333586657432,0.8996546626959434
26483.130081926192,0.8814558849794173,0.8996707337583596
26487.84455447448,0.8814784026989864,0.8996867996737964
26492.55902702277,0.8815009118293898,0.8997028604447262
26497.273499571056,0.881523412375563,0.8997189160736195
26501.987972119347,0.8815459043424376,0.899734966562945
26506.702444667633,0.8815683877349415,0.8997510119151707
26511.416917215924,0.8815908625579987,0.8997670521327622
26516.13138976421,0.8816133288165295,0.8997830872181838
26520.845862312497,0.8816357865154505,0.8997991171738982
26525.560334860787,0.8816582356596744,0.8998151420023665
26530.274807409074,0.8816806762541098,0.8998311617060482
26534.989279957364,0.8817031083036623,0.8998471762874015
26539.70375250565,0.881725531813233,0.8998631857488827
26544.41822505394,0.8817479467877197,0.8998791900929467
26549.13269760223,0.8817703532320162,0.8998951893220468
26553.84717015052,0.8817927511510126,0.8999111834386345
26558.561642698805,0.8818151405495953,0.8999271724451601
26563.276115247096,0.8818375214326468,0.8999431563440723
26567.990587795382,0.881859893805046,0.8999591351378179
26572.705060343673,0.8818822576716682,0.8999751088288424
26577.41953289196,0.8819046130373844,0.8999910774195897
26582.134005440246,0.8819269599070626,0.9000070409125023
26586.848477988537,0.8819492982855665,0.9000229993100206
26591.562950536823,0.8819716281777562,0.9000389526145842
26596.277423085114,0.8819939495884883,0.9000549008286306
26600.9918956334,0.8820162625226154,0.9000708439545958
26605.70636818169,0.8820385669849867,0.9000867819949145
26610.420840729977,0.8820608629804474,0.9001027149520197
26615.135313278268,0.882083150513839,0.9001186428283428
26619.849785826555,0.8821054295899994,0.9001345656263136
26624.564258374845,0.8821277002137629,0.9001504833483603
26629.27873092313,0.8821499623899597,0.9001663959969101
26633.993203471422,0.8821722161234169,0.900182303574388
26638.70767601971,0.8821944614189572,0.9001982060832178
26643.422148567995,0.8822166982814004,0.9002141035258214
26648.136621116286,0.8822389267155618,0.9002299959046199
26652.851093664573,0.8822611467262537,0.900245883222032
26657.565566212863,0.8822833583182843,0.9002617654804753
26662.28003876115,0.8823055614964582,0.9002776426823659
26666.99451130944,0.8823277562655766,0.900293514830118
26671.708983857727,0.8823499426304368,0.9003093819261448
26676.423456406017,0.8823721205958321,0.9003252439728575
26681.137928954304,0.8823942901665529,0.900341100972666
26685.852401502594,0.8824164513473853,0.9003569529279787
26690.56687405088,0.8824386041431121,0.9003727998412023
26695.28134659917,0.8824607485585124,0.9003886417147421
26699.995819147458,0.8824828845983613,0.9004044785510017
26704.710291695745,0.8825050122674307,0.9004203103523833
26709.424764244035,0.8825271315704889,0.900436137121288
26714.13923679232,0.8825492425122999,0.9004519588601142
26718.853709340612,0.8825713450976249,0.90046777557126
26723.5681818889,0.8825934393312209,0.9004835872571213
26728.28265443719,0.8826155252178416,0.900499393920093
26732.997126985476,0.8826376027622368,0.9005151955625676
26737.711599533766,0.882659671969153,0.9005309921869372
26742.426072082053,0.8826817328433327,0.9005467837955914
26747.140544630343,0.8827037853895151,0.900562570390919
26751.85501717863,0.8827258296124357,0.9005783519753068
26756.56948972692,0.8827478655168264,0.90059412855114
26761.283962275207,0.8827698931074154,0.900609900120803
26765.998434823494,0.8827919123889274,0.9006256666866781
26770.712907371784,0.8828139233660834,0.9006414282511461
26775.42737992007,0.8828359260436012,0.9006571848165864
26780.14185246836,0.8828579204261942,0.9006729363853772
26784.856325016648,0.8828799065185731,0.9006886829598945
26789.57079756494,0.8829018843254446,0.9007044245425134
26794.285270113225,0.8829238538515116,0.9007201611356073
26798.999742661515,0.8829458151014739,0.9007358927415481
26803.714215209802,0.8829677680800275,0.9007516193627059
26808.428687758093,0.8829897127918647,0.90076734100145
26813.14316030638,0.8830116492416745,0.9007830576601474
26817.857632854666,0.8830335774341421,0.9007987693411641
26822.572105402956,0.8830554973739494,0.9008144760468646
26827.286577951243,0.8830774090657746,0.9008301777796116
26832.001050499533,0.8830993125142921,0.9008458745417668
26836.71552304782,0.8831212077241731,0.9008615663356896
26841.42999559611,0.8831430947000853,0.9008772531637387
26846.144468144397,0.8831649734466926,0.9008929350282711
26850.858940692688,0.8831868439686557,0.9009086119316418
26855.573413240974,0.8832087062706311,0.900924283876205
26860.287885789265,0.8832305603572725,0.9009399508643132
26865.00235833755,0.8832524062332296,0.9009556128983174
26869.71683088584,0.8832742439031491,0.9009712699805668
26874.43130343413,0.8832960733716735,0.9009869221134092
26879.145775982415,0.8833178946434422,0.9010025692991918
26883.860248530706,0.8833397077230911,0.9010182115402589
26888.574721078992,0.8833615126152524,0.9010338488389542
26893.289193627283,0.883383309324555,0.90104948119762
26898.00366617557,0.8834050978556239,0.9010651086185966
26902.71813872386,0.8834268782130812,0.9010807311042232
26907.432611272146,0.883448650401545,0.9010963486568373
26912.147083820437,0.8834704144256301,0.9011119612787752
26916.861556368724,0.8834921702899479,0.9011275689723715
26921.576028917014,0.8835139179991061,0.9011431717399592
26926.2905014653,0.883535657557709,0.9011587695838703
26931.00497401359,0.8835573889703575,0.9011743625064349
26935.719446561878,0.8835791122416491,0.9011899505099817
26940.433919110164,0.8836008273761774,0.9012055335968381
26945.148391658455,0.8836225343785331,0.9012211117693297
26949.86286420674,0.883644233253303,0.9012366850297812
26954.577336755032,0.8836659240050706,0.9012522533805152
26959.29180930332,0.8836876066384158,0.9012678168238534
26964.00628185161,0.8837092811579155,0.9012833753621156
26968.720754399896,0.8837309475681425,0.9012989289976204
26973.435226948186,0.8837526058736667,0.9013144777326848
26978.149699496473,0.8837742560790539,0.9013300215696244
26982.864172044763,0.8837958981888674,0.9013455605107533
26987.57864459305,0.8838175322076661,0.9013610945583842
26992.29311714134,0.8838391581400062,0.9013766237148283
26997.007589689627,0.8838607759904401,0.9013921479823954
27001.722062237914,0.8838823857635166,0.9014076673633937
27006.436534786204,0.8839039874637814,0.9014231818601303
27011.15100733449,0.8839255810957767,0.9014386914749102
27015.86547988278,0.8839471666640413,0.9014541962100376
27020.579952431068,0.8839687441731104,0.901469696067815
27025.294424979358,0.8839903136275159,0.9014851910505436
27030.008897527645,0.8840118750317865,0.9015006811605225
27034.723370075935,0.8840334283904471,0.9015161664000504
27039.437842624222,0.8840549737080194,0.9015316467714238
27044.152315172512,0.8840765109890217,0.901547122276938
27048.8667877208,0.8840980402379689,0.9015625929188866
27053.581260269086,0.8841195614593725,0.9015780586995624
27058.295732817376,0.8841410746577405,0.9015935196212561
27063.010205365663,0.8841625798375777,0.9016089756862572
27067.724677913953,0.8841840770033853,0.9016244268968538
27072.43915046224,0.8842055661596614,0.9016398732553325
27077.15362301053,0.8842270473109004,0.9016553147639786
27081.868095558817,0.8842485204615935,0.9016707514250759
27086.582568107107,0.8842699856162285,0.9016861832409063
27091.297040655394,0.8842914427792898,0.9017016102137513
27096.011513203684,0.8843128919552585,0.9017170323458901
27100.72598575197,0.8843343331486123,0.9017324496396004
27105.44045830026,0.8843557663638255,0.9017478620971594
27110.15493084855,0.8843771916053692,0.9017632697208419
27114.869403396835,0.8843986088777107,0.9017786725129215
27119.583875945125,0.8844200181853147,0.9017940704756712
27124.298348493412,0.8844414195326418,0.9018094636113612
27129.012821041702,0.8844628129241496,0.9018248519222611
27133.72729358999,0.8844841983642925,0.9018402354106393
27138.44176613828,0.8845055758575212,0.9018556140787621
27143.156238686566,0.8845269454082834,0.9018709879288949
27147.870711234857,0.8845483070210233,0.9018863569633014
27152.585183783143,0.8845696607001816,0.9019017211842438
27157.299656331434,0.8845910064501962,0.9019170805939833
27162.01412887972,0.8846123442755011,0.9019324351947795
27166.72860142801,0.8846336741805273,0.9019477849888904
27171.443073976297,0.8846549961697023,0.9019631299785726
27176.157546524584,0.8846763102474505,0.9019784701660818
27180.872019072875,0.884697616418193,0.9019938055536713
27185.58649162116,0.8847189146863473,0.902009136143594
27190.30096416945,0.8847402050563278,0.9020244619381008
27195.01543671774,0.8847614875325455,0.9020397829394414
27199.72990926603,0.8847827621194082,0.902055099149864
27204.444381814315,0.8848040288213205,0.9020704105716156
27209.158854362606,0.8848252876426834,0.9020857172069418
27213.873326910893,0.8848465385878949,0.9021010190580859
27218.587799459183,0.8848677816613496,0.9021163161272915
27223.30227200747,0.8848890168674387,0.9021316084167992
27228.01674455576,0.8849102442105504,0.9021468959288489
27232.731217104047,0.8849314636950694,0.9021621786656792
27237.445689652333,0.8849526753253771,0.9021774566295271
27242.160162200624,0.8849738791058519,0.9021927298226281
27246.87463474891,0.8849950750408686,0.9022079982472168
27251.5891072972,0.885016263134799,0.9022232619055257
27256.303579845488,0.8850374433920114,0.9022385207997863
27261.018052393778,0.885058615816871,0.9022537749322287
27265.732524942065,0.8850797804137397,0.9022690243050817
27270.446997490355,0.8851009371869761,0.9022842689205725
27275.16147003864,0.8851220861409358,0.902299508780927
27279.875942586932,0.8851432272799709,0.9023147438883696
27284.59041513522,0.8851643606084302,0.9023299742451234
27289.30488768351,0.8851854861306594,0.9023451998534103
27294.019360231796,0.8852066038510011,0.9023604207154506
27298.733832780083,0.8852277137737943,0.9023756368334633
27303.448305328373,0.8852488159033751,0.9023908482096658
27308.16277787666,0.8852699102440762,0.9024060548462745
27312.87725042495,0.885290996800227,0.902421256745504
27317.591722973237,0.8853120755761541,0.9024364539095678
27322.306195521527,0.8853331465761803,0.9024516463406781
27327.020668069814,0.8853542098046256,0.9024668340410456
27331.735140618104,0.8853752652658066,0.9024820170128793
27336.44961316639,0.8853963129640368,0.9024971952583872
27341.16408571468,0.8854173529036262,0.9025123687797763
27345.878558262968,0.8854383850888822,0.9025275375792512
27350.593030811255,0.8854594095241083,0.9025427016590161
27355.307503359545,0.8854804262136053,0.9025578610212732
27360.02197590783,0.8855014351616707,0.9025730156682236
27364.736448456122,0.8855224363725985,0.9025881656020671
27369.45092100441,0.8855434298506799,0.902603310825002
27374.1653935527,0.8855644156002028,0.9026184513392252
27378.879866100986,0.8855853936254519,0.9026335871469323
27383.594338649276,0.8856063639307086,0.9026487182503177
27388.308811197563,0.8856273265202511,0.902663844651574
27393.023283745853,0.8856482813983548,0.9026789663528927
27397.73775629414,0.8856692285692916,0.9026940833564644
27402.45222884243,0.8856901680373302,0.9027091956644774
27407.166701390717,0.8857110998067365,0.9027243032791191
27411.881173939004,0.8857320238817726,0.9027394062025761
27416.595646487294,0.8857529402666982,0.9027545044370325
27421.31011903558,0.8857738489657692,0.9027695979846718
27426.02459158387,0.8857947499832387,0.9027846868476762
27430.739064132158,0.8858156433233566,0.9027997710282264
27435.45353668045,0.8858365289903697,0.9028148505285014
27440.168009228735,0.8858574069885212,0.9028299253506791
27444.882481777026,0.8858782773220519,0.9028449954969365
27449.596954325312,0.885899139995199,0.9028600609694485
27454.311426873603,0.8859199950121964,0.9028751217703889
27459.02589942189,0.8859408423772754,0.9028901779019305
27463.74037197018,0.8859616820946639,0.9029052293662444
27468.454844518466,0.8859825141685864,0.9029202761655005
27473.169317066753,0.8860033386032647,0.9029353183018671
27477.883789615043,0.8860241554029175,0.9029503557775115
27482.59826216333,0.8860449645717597,0.9029653885945995
27487.31273471162,0.8860657661140041,0.9029804167552955
27492.027207259907,0.8860865600338595,0.9029954402617628
27496.741679808198,0.8861073463355321,0.9030104591161632
27501.456152356484,0.8861281250232249,0.9030254733206567
27506.170624904775,0.8861488961011376,0.9030404828774032
27510.88509745306,0.8861696595734669,0.9030554877885597
27515.599570001352,0.8861904154444067,0.903070488056283
27520.31404254964,0.8862111637181473,0.9030854836827285
27525.02851509793,0.8862319043988763,0.9031004746700494
27529.742987646216,0.886252637490778,0.9031154610203982
27534.457460194502,0.8862733629980336,0.9031304427359264
27539.171932742793,0.8862940809248214,0.9031454198187838
27543.88640529108,0.8863147912753164,0.9031603922711184
27548.60087783937,0.8863354940536908,0.9031753600950776
27553.315350387657,0.8863561892641134,0.9031903232928071
27558.029822935947,0.8863768769107503,0.9032052818664517
27562.744295484234,0.886397556997764,0.9032202358181538
27567.458768032524,0.8864182295293144,0.9032351851500562
27572.17324058081,0.8864388945095582,0.9032501298642986
27576.8877131291,0.8864595519426489,0.9032650699630206
27581.602185677388,0.8864802018327372,0.9032800054483598
27586.316658225678,0.8865008441839707,0.903294936322453
27591.031130773965,0.8865214790004935,0.9033098625874351
27595.74560332225,0.8865421062864473,0.9033247842454402
27600.460075870542,0.8865627260459703,0.9033397012986008
27605.17454841883,0.8865833382831979,0.9033546137490482
27609.88902096712,0.8866039430022623,0.9033695215989126
27614.603493515406,0.8866245402072928,0.9033844248503222
27619.317966063696,0.8866451299024155,0.9033993235054045
27624.032438611983,0.8866657120917536,0.9034142175662857
27628.746911160273,0.8866862867794273,0.9034291070350902
27633.46138370856,0.8867068539695536,0.9034439919139412
27638.17585625685,0.8867274136662466,0.9034588722049615
27642.890328805137,0.8867479658736174,0.9034737479102712
27647.604801353424,0.8867685105957739,0.9034886190319903
27652.319273901714,0.8867890478368212,0.9035034855722365
27657.03374645,0.8868095776008614,0.9035183475331268
27661.74821899829,0.8868300998919934,0.9035332049167769
27666.462691546578,0.886850614714313,0.9035480577253009
27671.17716409487,0.8868711220719135,0.9035629059608118
27675.891636643155,0.8868916219688847,0.9035777496254211
27680.606109191445,0.8869121144093136,0.9035925887212393
27685.320581739732,0.8869325993972842,0.9036074232503755
27690.035054288022,0.8869530769368774,0.9036222532149372
27694.74952683631,0.8869735470321713,0.903637078617031
27699.4639993846,0.8869940096872408,0.9036518994587622
27704.178471932886,0.887014464906158,0.9036667157422346
27708.892944481173,0.887034912692992,0.9036815274695505
27713.607417029463,0.8870553530518086,0.9036963346428115
27718.32188957775,0.8870757859866711,0.9037111372641173
27723.03636212604,0.8870962115016395,0.9037259353355668
27727.750834674327,0.8871166296007709,0.9037407288592574
27732.465307222617,0.8871370402881196,0.903755517837285
27737.179779770904,0.8871574435677366,0.9037703022717446
27741.894252319194,0.8871778394436702,0.9037850821647297
27746.60872486748,0.8871982279199657,0.9037998575183326
27751.32319741577,0.8872186090006654,0.9038146283346443
27756.03766996406,0.8872389826898086,0.9038293946157543
27760.75214251235,0.8872593489914318,0.903844156363751
27765.466615060635,0.8872797079095682,0.9038589135807218
27770.181087608922,0.8873000594482486,0.9038736662687522
27774.895560157212,0.8873204036115003,0.903888414429927
27779.6100327055,0.8873407404033481,0.9039031580663294
27784.32450525379,0.8873610698278136,0.9039178971800412
27789.038977802076,0.8873813918889154,0.9039326317731433
27793.753450350367,0.8874017065906694,0.9039473618477153
27798.467922898653,0.8874220139370886,0.9039620874058352
27803.182395446944,0.8874423139321826,0.9039768084495798
27807.89686799523,0.8874626065799588,0.9039915249810249
27812.61134054352,0.887482891884421,0.9040062370022448
27817.325813091808,0.8875031698495706,0.9040209445153125
27822.040285640098,0.8875234404794055,0.9040356475222999
27826.754758188385,0.8875437037779212,0.9040503460252775
27831.46923073667,0.8875639597491103,0.9040650400263145
27836.18370328496,0.8875842083969621,0.9040797295274791
27840.89817583325,0.8876044497254633,0.9040944145308376
27845.61264838154,0.8876246837385975,0.904109095038456
27850.327120929825,0.8876449104403454,0.9041237710523984
27855.041593478116,0.8876651298346852,0.9041384425747275
27859.756066026403,0.8876853419255916,0.9041531096075052
27864.470538574693,0.8877055467170367,0.9041677721527919
27869.18501112298,0.8877257442129899,0.9041824302126464
27873.89948367127,0.8877459344174176,0.904197083789127
27878.613956219557,0.8877661173342828,0.9042117328842904
27883.328428767843,0.8877862929675464,0.9042263775001916
27888.042901316134,0.887806461321166,0.904241017638885
27892.75737386442,0.8878266223990963,0.9042556533024234
27897.47184641271,0.8878467762052893,0.9042702844928585
27902.186318960998,0.8878669227436939,0.9042849112122405
27906.900791509288,0.8878870620182565,0.9042995334626187
27911.615264057575,0.8879071940329202,0.9043141512460406
27916.329736605865,0.8879273187916256,0.9043287645645534
27921.04420915415,0.88794743629831,0.9043433734202018
27925.758681702442,0.8879675465569083,0.9043579778150305
27930.47315425073,0.8879876495713523,0.9043725777510818
27935.18762679902,0.8880077453455711,0.9043871732303977
27939.902099347306,0.8880278338834908,0.9044017642550184
27944.616571895593,0.8880479151890346,0.9044163508269831
27949.331044443883,0.888067989266123,0.9044309329483297
27954.04551699217,0.8880880561186736,0.9044455106210946
27958.75998954046,0.8881081157506011,0.9044600838473135
27963.474462088747,0.8881281681658175,0.9044746526290203
27968.188934637037,0.8881482133682319,0.9044892169682481
27972.903407185324,0.8881682513617505,0.9045037768670285
27977.617879733614,0.8881882821502768,0.904518332327392
27982.3323522819,0.8882083057377113,0.9045328833513674
27987.04682483019,0.8882283221279517,0.9045474299409832
27991.761297378478,0.8882483313248929,0.9045619720982659
27996.47576992677,0.8882683333324274,0.9045765098252407
28001.190242475055,0.888288328154444,0.9045910431239325
28005.904715023342,0.8883083157948295,0.9046055719963636
28010.619187571632,0.8883282962574673,0.9046200964445562
28015.33366011992,0.8883482695462386,0.9046346164705308
28020.04813266821,0.8883682356650212,0.9046491320763066
28024.762605216496,0.8883881946176905,0.9046636432639018
28029.477077764786,0.8884081464081187,0.9046781500353333
28034.191550313073,0.8884280910401756,0.9046926523926166
28038.906022861363,0.8884480285177281,0.9047071503377664
28043.62049540965,0.88846795884464,0.9047216438727955
28048.33496795794,0.8884878820247728,0.9047361329997161
28053.049440506227,0.8885077980619849,0.9047506177205389
28057.763913054518,0.8885277069601318,0.9047650980372732
28062.478385602804,0.8885476087230666,0.9047795739519277
28067.19285815109,0.8885675033546392,0.9047940454665092
28071.90733069938,0.888587390858697,0.9048085125830235
28076.621803247668,0.8886072712390846,0.9048229753034756
28081.33627579596,0.8886271444996438,0.9048374336298685
28086.050748344245,0.8886470106442134,0.9048518875642044
28090.765220892536,0.8886668696766297,0.9048663371084847
28095.479693440822,0.8886867216007261,0.9048807822647089
28100.194165989113,0.8887065664203336,0.9048952230348755
28104.9086385374,0.8887264041392797,0.9049096594209817
28109.62311108569,0.8887462347613898,0.9049240914250241
28114.337583633976,0.8887660582904863,0.9049385190489974
28119.052056182267,0.8887858747303887,0.904952942294895
28123.766528730554,0.888805684084914,0.9049673611647097
28128.48100127884,0.8888254863578764,0.9049817756604326
28133.19547382713,0.8888452815530871,0.9049961857840542
28137.909946375417,0.888865069674355,0.9050105915375628
28142.624418923708,0.8888848507254858,0.9050249929229466
28147.338891471994,0.8889046247102826,0.9050393899421917
28152.053364020285,0.8889243916325462,0.9050537825972833
28156.76783656857,0.8889441514960741,0.9050681708902056
28161.482309116862,0.888963904304661,0.9050825548229418
28166.19678166515,0.8889836500620995,0.9050969343974727
28170.91125421344,0.8890033887721789,0.9051113096157797
28175.625726761726,0.8890231204386859,0.9051256804798412
28180.340199310012,0.8890428450654048,0.9051400469916359
28185.054671858303,0.8890625626561167,0.9051544091531403
28189.76914440659,0.8890822732146004,0.9051687669663301
28194.48361695488,0.8891019767446317,0.9051831204331797
28199.198089503167,0.8891216732499836,0.9051974695556627
28203.912562051457,0.8891413627344268,0.9052118143357507
28208.627034599744,0.8891610452017291,0.905226154775415
28213.341507148034,0.8891807206556553,0.905240490876625
28218.05597969632,0.889200389099968,0.9052548226413493
28222.77045224461,0.8892200505384267,0.905269150071555
28227.484924792898,0.8892397049747883,0.9052834731692085
28232.199397341188,0.8892593524128074,0.9052977919362746
28236.913869889475,0.889278992856235,0.905312106374717
28241.62834243776,0.8892986263088204,0.9053264164864983
28246.342814986052,0.8893182527743096,0.9053407222735798
28251.05728753434,0.8893378722564462,0.9053550237379219
28255.77176008263,0.8893574847589709,0.9053693208814831
28260.486232630916,0.8893770902856218,0.9053836137062218
28265.200705179206,0.8893966888401346,0.9053979022140941
28269.915177727493,0.8894162804262415,0.9054121864070557
28274.629650275783,0.8894358650476732,0.9054264662870608
28279.34412282407,0.8894554427081569,0.9054407418560626
28284.05859537236,0.8894750134114172,0.9054550131160128
28288.773067920647,0.8894945771611763,0.9054692800688624
28293.487540468937,0.8895141339611536,0.9054835427165607
28298.202013017224,0.8895336838150659,0.9054978010610562
28302.91648556551,0.8895532267266274,0.9055120551042959
28307.6309581138,0.8895727626995492,0.905526304848226
28312.345430662088,0.8895922917375404,0.9055405502947913
28317.05990321038,0.8896118138443069,0.9055547914459355
28321.774375758665,0.8896313290235522,0.9055690283036012
28326.488848306955,0.8896508372789773,0.9055832608697295
28331.203320855242,0.8896703386142802,0.9055974891462606
28335.917793403532,0.8896898330331566,0.9056117131351336
28340.63226595182,0.8897093205392993,0.9056259328382864
28345.34673850011,0.8897288011363985,0.9056401482576555
28350.061211048396,0.8897482748281419,0.9056543593951764
28354.775683596687,0.8897677416182144,0.9056685662527832
28359.490156144973,0.8897872015102984,0.9056827688324097
28364.20462869326,0.8898066545080737,0.9056969671359872
28368.91910124155,0.8898261006152173,0.9057111611654471
28373.633573789837,0.8898455398354036,0.9057253509227186
28378.348046338127,0.8898649721723048,0.9057395364097304
28383.062518886414,0.8898843976295896,0.9057537176284097
28387.776991434705,0.889903816210925,0.9057678945806831
28392.49146398299,0.8899232279199748,0.9057820672684753
28397.20593653128,0.8899426327604004,0.9057962356937102
28401.92040907957,0.8899620307358608,0.9058103998583105
28406.63488162786,0.8899814218500119,0.9058245597641978
28411.349354176145,0.8900008061065073,0.9058387154132925
28416.063826724432,0.890020183508998,0.9058528668075139
28420.778299272723,0.8900395540611324,0.90586701394878
28425.49277182101,0.8900589177665562,0.9058811568390076
28430.2072443693,0.8900782746289125,0.9058952954801128
28434.921716917586,0.8900976246518418,0.9059094298740101
28439.636189465877,0.8901169678389823,0.905923560022613
28444.350662014163,0.8901363041939693,0.9059376859278337
28449.065134562454,0.8901556337204355,0.9059518075915836
28453.77960711074,0.890174956422011,0.9059659250157727
28458.49407965903,0.8901942723023237,0.9059800382023097
28463.208552207318,0.8902135813649985,0.9059941471531026
28467.923024755608,0.8902328836136578,0.9060082518700578
28472.637497303895,0.8902521790519217,0.9060223523550811
28477.35196985218,0.8902714676834071,0.9060364486100764
28482.06644240047,0.8902907495117293,0.906050540636947
28486.78091494876,0.8903100245405,0.9060646284375949
28491.49538749705,0.8903292927733291,0.9060787120139211
28496.209860045336,0.8903485542138234,0.9060927913678255
28500.924332593626,0.8903678088655876,0.9061068665012064
28505.638805141913,0.8903870567322235,0.9061209374159613
28510.353277690203,0.8904062978173305,0.906135004113987
28515.06775023849,0.8904255321245054,0.906149066597178
28519.78222278678,0.8904447596573424,0.9061631248674289
28524.496695335067,0.8904639804194332,0.9061771789266324
28529.211167883357,0.8904831944143671,0.9061912287766802
28533.925640431644,0.8905024016457306,0.9062052744194634
28538.64011297993,0.8905216021171076,0.906219315856871
28543.35458552822,0.8905407958320799,0.9062333530907918
28548.069058076508,0.8905599827942264,0.9062473861231127
28552.783530624798,0.8905791630071235,0.9062614149557202
28557.498003173085,0.890598336474345,0.9062754395904992
28562.212475721375,0.8906175031994625,0.9062894600293335
28566.92694826966,0.8906366631860447,0.9063034762741059
28571.641420817952,0.890655816437658,0.9063174883266981
28576.35589336624,0.8906749629578662,0.9063314961889904
28581.07036591453,0.8906941027502304,0.9063454998628625
28585.784838462816,0.8907132358183095,0.9063594993501923
28590.499311011106,0.8907323621656598,0.9063734946528571
28595.213783559393,0.8907514817958347,0.906387485772733
28599.92825610768,0.8907705947123856,0.9064014727116949
28604.64272865597,0.8907897009188613,0.9064154554716163
28609.357201204257,0.8908088004188078,0.90642943405437
28614.071673752547,0.8908278932157688,0.9064434084618279
28618.786146300834,0.8908469793132855,0.9064573786958599
28623.500618849124,0.8908660587148964,0.9064713447583354
28628.21509139741,0.8908851314241379,0.9064853066511226
28632.9295639457,0.8909041974445435,0.9064992643760887
28637.644036493988,0.8909232567796445,0.9065132179350998
28642.35850904228,0.8909423094329691,0.9065271673300203
28647.072981590565,0.8909613554080441,0.9065411125627141
28651.787454138856,0.8909803947083929,0.906555053635044
28656.501926687142,0.8909994273375365,0.9065689905488712
28661.21639923543,0.8910184532989938,0.9065829233060564
28665.93087178372,0.8910374725962811,0.9065968519084586
28670.645344332006,0.8910564852329119,0.9066107763579361
28675.359816880296,0.8910754912123978,0.9066246966563459
28680.074289428583,0.8910944905382473,0.9066386128055443
28684.788761976874,0.8911134832139668,0.9066525248073857
28689.50323452516,0.89113246924306,0.9066664326637239
28694.21770707345,0.8911514486290285,0.9066803363764119
28698.932179621737,0.8911704213753711,0.9066942359473008
28703.646652170028,0.8911893874855842,0.9067081313782412
28708.361124718314,0.8912083469631618,0.9067220226710827
28713.0755972666,0.8912272998115953,0.9067359098276732
28717.79006981489,0.8912462460343739,0.9067497928498599
28722.50454236318,0.891265185634984,0.9067636717394889
28727.21901491147,0.8912841186169099,0.9067775464984051
28731.933487459755,0.8913030449836332,0.9067914171284522
28736.647960008046,0.8913219647386332,0.9068052836314732
28741.362432556332,0.8913408778853866,0.9068191460093096
28746.076905104623,0.8913597844273679,0.9068330042638018
28750.79137765291,0.8913786843680487,0.9068468583967896
28755.5058502012,0.8913975777108986,0.906860708410111
28760.220322749487,0.8914164644593845,0.9068745543056035
28764.934795297777,0.8914353446169712,0.9068883960851032
28769.649267846064,0.8914542181871206,0.9069022337504451
28774.36374039435,0.8914730851732924,0.9069160673034633
28779.07821294264,0.8914919455789441,0.9069298967459906
28783.792685490927,0.8915107994075303,0.9069437220798591
28788.507158039218,0.8915296466625034,0.906957543306899
28793.221630587504,0.8915484873473136,0.9069713604289403
28797.936103135795,0.8915673214654083,0.9069851734478115
28802.65057568408,0.8915861490202327,0.9069989823653402
28807.365048232372,0.8916049700152293,0.9070127871833525
28812.07952078066,0.8916237844538388,0.9070265879036737
28816.79399332895,0.8916425923394988,0.9070403845281281
28821.508465877236,0.8916613936756449,0.9070541770585391
28826.222938425526,0.8916801884657101,0.9070679654967281
28830.937410973813,0.891698976713125,0.9070817498445166
28835.6518835221,0.891717758421318,0.9070955301037243
28840.36635607039,0.8917365335937149,0.9071093062761703
28845.080828618677,0.891755302233739,0.9071230783636718
28849.795301166967,0.8917740643448115,0.9071368463680457
28854.509773715254,0.8917928199303511,0.9071506102911077
28859.224246263544,0.891811568993774,0.907164370134672
28863.93871881183,0.8918303115384939,0.9071781259005524
28868.65319136012,0.8918490475679225,0.9071918775905609
28873.367663908408,0.8918677770854687,0.9072056252065087
28878.0821364567,0.8918865000945393,0.9072193687502065
28882.796609004985,0.8919052165985386,0.907233108223463
28887.511081553275,0.8919239266008685,0.9072468436280864
28892.225554101562,0.8919426301049285,0.9072605749658836
28896.94002664985,0.8919613271141158,0.9072743022386606
28901.65449919814,0.8919800176318253,0.9072880254482223
28906.368971746426,0.8919987016614492,0.9073017445963723
28911.083444294716,0.8920173792063777,0.9073154596849133
28915.797916843003,0.8920360502699984,0.9073291707156472
28920.512389391293,0.8920547148556968,0.9073428776903744
28925.22686193958,0.8920733729668555,0.9073565806108943
28929.94133448787,0.8920920246068553,0.9073702794790055
28934.655807036157,0.8921106697790743,0.9073839742965055
28939.370279584447,0.8921293084868883,0.9073976650651903
28944.084752132734,0.8921479407336711,0.9074113517868554
28948.79922468102,0.8921665665227936,0.9074250344632947
28953.51369722931,0.8921851858576244,0.9074387130963019
28958.228169777598,0.8922037987415303,0.9074523876876686
28962.94264232589,0.8922224051778753,0.9074660582391859
28967.657114874175,0.8922410051700209,0.9074797247526438
28972.371587422465,0.8922595987213269,0.9074933872298312
28977.086059970752,0.8922781858351498,0.9075070456725362
28981.800532519042,0.8922967665148447,0.9075207000825452
28986.51500506733,0.892315340763764,0.9075343504616438
28991.22947761562,0.8923339085852574,0.9075479968116174
28995.943950163906,0.8923524699826728,0.9075616391342488
29000.658422712197,0.8923710249593557,0.907575277431321
29005.372895260483,0.8923895735186488,0.9075889117046159
29010.08736780877,0.892408115663893,0.9076025419559132
29014.80184035706,0.8924266513984267,0.9076161681869928
29019.516312905347,0.8924451807255858,0.9076297903996328
29024.230785453638,0.8924637036487042,0.9076434085956108
29028.945258001924,0.8924822201711131,0.9076570227767029
29033.659730550215,0.8925007302961417,0.9076706329446844
29038.3742030985,0.8925192340271169,0.9076842391013294
29043.08867564679,0.8925377313673629,0.9076978412484111
29047.80314819508,0.8925562223202019,0.9077114393877017
29052.51762074337,0.8925747068889539,0.907725033520972
29057.232093291655,0.8925931850769362,0.9077386236499922
29061.946565839946,0.8926116568874641,0.9077522097765311
29066.661038388233,0.8926301223238505,0.9077657919023567
29071.37551093652,0.8926485813894061,0.9077793700292361
29076.08998348481,0.8926670340874391,0.9077929441589349
29080.804456033096,0.8926854804212554,0.9078065142932177
29085.518928581387,0.8927039203941589,0.9078200804338487
29090.233401129673,0.892722354009451,0.9078336425825903
29094.947873677964,0.8927407812704307,0.9078472007412043
29099.66234622625,0.8927592021803948,0.9078607549114512
29104.37681877454,0.892777616742638,0.9078743050950909
29109.091291322828,0.8927960249604525,0.9078878512938818
29113.805763871118,0.8928144268371283,0.9079013935095815
29118.520236419405,0.892832822375953,0.9079149317439464
29123.234708967695,0.892851211580212,0.907928465998732
29127.94918151598,0.8928695944531885,0.907941996275693
29132.66365406427,0.8928879709981632,0.9079555225765825
29137.37812661256,0.892906341218415,0.9079690449031531
29142.092599160846,0.8929247051172198,0.9079825632571559
29146.807071709136,0.8929430626978518,0.9079960776403414
29151.521544257423,0.8929614139635829,0.908009588054459
29156.236016805713,0.8929797589176823,0.9080230945012566
29160.950489354,0.8929980975634175,0.908036596982482
29165.66496190229,0.8930164299040534,0.9080500954998808
29170.379434450577,0.8930347559428526,0.9080635900551987
29175.093906998867,0.8930530756830757,0.9080770806501794
29179.808379547154,0.8930713891279808,0.9080905672865666
29184.522852095444,0.8930896962808237,0.908104049966102
29189.23732464373,0.8931079971448582,0.9081175286905268
29193.951797192018,0.8931262917233359,0.908131003461581
29198.666269740308,0.8931445800195057,0.9081444742810041
29203.380742288595,0.8931628620366148,0.9081579411505334
29208.095214836885,0.8931811377779076,0.9081714040719067
29212.809687385172,0.8931994072466267,0.9081848630468593
29217.524159933462,0.8932176704460123,0.9081983180771267
29222.23863248175,0.8932359273793024,0.9082117691644426
29226.95310503004,0.8932541780497326,0.9082252163105399
29231.667577578326,0.8932724224605364,0.9082386595171507
29236.382050126616,0.8932906606149452,0.9082520987860059
29241.096522674903,0.8933088925161878,0.9082655341188353
29245.81099522319,0.8933271181674913,0.908278965517368
29250.52546777148,0.8933453375720799,0.9082923929833316
29255.239940319767,0.8933635507331762,0.9083058165184532
29259.954412868057,0.8933817576540003,0.9083192361244584
29264.668885416344,0.89339995833777,0.9083326518030723
29269.383357964634,0.893418152787701,0.9083460635560188
29274.09783051292,0.8934363410070068,0.9083594713850203
29278.81230306121,0.8934545229988984,0.9083728752917991
29283.526775609498,0.8934726987665852,0.9083862752780758
29288.24124815779,0.8934908683132737,0.9083996713455701
29292.955720706075,0.8935090316421687,0.908413063496001
29297.670193254366,0.8935271887564725,0.9084264517310864
29302.384665802652,0.8935453396593853,0.9084398360525425
29307.09913835094,0.893563484354105,0.9084532164620858
29311.81361089923,0.8935816228438275,0.9084665929614307
29316.528083447516,0.8935997551317464,0.908479965552291
29321.242555995806,0.8936178812210529,0.9084933342363797
29325.957028544093,0.8936360011149362,0.9085066990154083
29330.671501092384,0.8936541148165835,0.9085200598910879
29335.38597364067,0.8936722223291793,0.9085334168651279
29340.10044618896,0.8936903236559065,0.9085467699392372
29344.814918737247,0.8937084187999452,0.9085601191151239
29349.529391285538,0.8937265077644739,0.9085734643944944
29354.243863833824,0.8937445905526684,0.9085868057790548
29358.958336382115,0.8937626671677028,0.9086001432705095
29363.6728089304,0.8937807376127485,0.9086134768705627
29368.38728147869,0.893798801890975,0.9086268065809171
29373.10175402698,0.8938168600055498,0.9086401324032743
29377.816226575265,0.893834911959638,0.9086534543393355
29382.530699123556,0.8938529577564024,0.9086667723908003
29387.245171671842,0.893870997399004,0.9086800865593674
29391.959644220133,0.8938890308906012,0.9086933968467349
29396.67411676842,0.8939070582343505,0.9087067032545997
29401.38858931671,0.8939250794334063,0.9087200057846574
29406.103061864997,0.8939430944909206,0.908733304438603
29410.817534413287,0.8939611034100433,0.9087465992181304
29415.532006961574,0.8939791061939223,0.9087598901249326
29420.246479509864,0.8939971028457032,0.9087731771607015
29424.96095205815,0.8940150933685295,0.908786460327128
29429.675424606437,0.8940330777655424,0.9087997396259019
29434.389897154728,0.8940510560398811,0.9088130150587125
29439.104369703015,0.8940690281946827,0.9088262866272474
29443.818842251305,0.8940869942330819,0.9088395543331939
29448.53331479959,0.8941049541582116,0.9088528181782378
29453.247787347882,0.8941229079732022,0.9088660781640645
29457.96225989617,0.8941408556811822,0.9088793342923576
29462.67673244446,0.8941587972852777,0.9088925865648003
29467.391204992746,0.8941767327886131,0.908905834983075
29472.105677541036,0.8941946621943101,0.9089190795488624
29476.820150089323,0.8942125855054889,0.908932320263843
29481.534622637613,0.8942305027252669,0.9089455571296958
29486.2490951859,0.8942484138567598,0.908958790148099
29490.963567734187,0.8942663189030812,0.9089720193207299
29495.678040282477,0.8942842178673421,0.9089852446492646
29500.392512830764,0.894302110752652,0.9089984661353784
29505.106985379054,0.8943199975621179,0.9090116837807457
29509.82145792734,0.8943378782988446,0.9090248975870396
29514.53593047563,0.8943557529659351,0.9090381075559327
29519.250403023918,0.8943736215664898,0.9090513136890962
29523.96487557221,0.8943914841036077,0.9090645159882008
29528.679348120495,0.8944093405803848,0.9090777144549156
29533.393820668785,0.8944271909999159,0.9090909090909091
