object,M_true_kg,r_obs_m,M_rec_kg,rel_err
Elektron,9.10938356E-31,1.0945634625413836795736636983851130109193420637640166677567311016291260750689407100197427388210594562769023502931847628771294766692446794739157260103963186314273107212114432823332077867788285998792881E-57,9.10938356E-31,0
Mond,7.342E+22,0.000093112782431423285923554186742162695999575222823121001173829046011377758450638394621052218232426366185228085916399665644877327085290642845116819920129001194490841441353642423259204924846221800210026544,7.342E+22,0
Erde,5.97219E+24,0.0072911742760279982761951503539759022318687772664031979787670187787422384625548383893235035436166244671126127622122557062485685553203542950871985039837794149665955885473692338858358955005024357004507269,5.97219E+24,0
Sonne,1.98847E+30,2431.4938230200168113032706246644281202657960784712108525787226988286950118758537737437686887847201382320063167986296334704211779364667138182219478502620016245222958552596653591685556273031828445457360,1.98847E+30,0
Sagittarius A*,8.54445559E+36,10468059481.387632361874563126523908489999471271833524809177593163441352061320762366465610048635507347034277955899067228996176315915142129933309308353120473514781225626670483802708208783004432377111047,8.54445559E+36,0
