{
  "N_pairs": 127,
  "N_Seg_better": 82,
  "share_Seg_better": 0.6456692913385826,
  "binom_two_sided_p": 0.0013073851235000232
}
